idx,ref_img_path,dis_img_path,score,mos_label
0,i01.bmp,i01_01_1.bmp,0.9223357439041138,5.5143
1,i01.bmp,i01_01_2.bmp,0.8941431045532227,5.5676
2,i01.bmp,i01_01_3.bmp,0.8624143004417419,4.9444
3,i01.bmp,i01_01_4.bmp,0.8272850513458252,4.3784
4,i01.bmp,i01_01_5.bmp,0.7915959358215332,3.8649
5,i01.bmp,i01_02_1.bmp,0.941291093826294,6.0286
6,i01.bmp,i01_02_2.bmp,0.9192863702774048,6.1081
7,i01.bmp,i01_02_3.bmp,0.889596700668335,5.3889
8,i01.bmp,i01_02_4.bmp,0.8592920899391174,4.7143
9,i01.bmp,i01_02_5.bmp,0.8271214365959167,4.3611
10,i01.bmp,i01_03_1.bmp,0.8604835867881775,4.7714
11,i01.bmp,i01_03_2.bmp,0.8270086646080017,4.2703
12,i01.bmp,i01_03_3.bmp,0.7921898365020752,3.7027
13,i01.bmp,i01_03_4.bmp,0.7555398941040039,3.1944
14,i01.bmp,i01_03_5.bmp,0.7175574898719788,2.7143
15,i01.bmp,i01_04_1.bmp,0.9792275428771973,5.9714
16,i01.bmp,i01_04_2.bmp,0.9716490507125854,5.7568
17,i01.bmp,i01_04_3.bmp,0.9592491388320923,5.2703
18,i01.bmp,i01_04_4.bmp,0.9430968761444092,5.2432
19,i01.bmp,i01_04_5.bmp,0.9155280590057373,4.7143
20,i01.bmp,i01_05_1.bmp,0.9535969495773315,5.9189
21,i01.bmp,i01_05_2.bmp,0.9344216585159302,5.7027
22,i01.bmp,i01_05_3.bmp,0.8903101086616516,5.0833
23,i01.bmp,i01_05_4.bmp,0.8331077098846436,4.1389
24,i01.bmp,i01_05_5.bmp,0.7670592665672302,3.1389
25,i01.bmp,i01_06_1.bmp,0.9289299249649048,4.0
26,i01.bmp,i01_06_2.bmp,0.899918794631958,3.8919
27,i01.bmp,i01_06_3.bmp,0.8668241500854492,3.7297
28,i01.bmp,i01_06_4.bmp,0.829150915145874,3.4857
29,i01.bmp,i01_06_5.bmp,0.7904372215270996,2.9444
30,i01.bmp,i01_07_1.bmp,0.9190757870674133,5.0833
31,i01.bmp,i01_07_2.bmp,0.8846521973609924,4.75
32,i01.bmp,i01_07_3.bmp,0.8528841733932495,4.0
33,i01.bmp,i01_07_4.bmp,0.8178366422653198,3.2222
34,i01.bmp,i01_07_5.bmp,0.7704755067825317,2.1944
35,i01.bmp,i01_08_1.bmp,0.9590411186218262,5.1892
36,i01.bmp,i01_08_2.bmp,0.9200481176376343,4.4722
37,i01.bmp,i01_08_3.bmp,0.8449649810791016,3.4865
38,i01.bmp,i01_08_4.bmp,0.7467095255851746,3.0
39,i01.bmp,i01_08_5.bmp,0.6670157313346863,2.1111
40,i01.bmp,i01_09_1.bmp,0.8998749256134033,6.0833
41,i01.bmp,i01_09_2.bmp,0.8614253401756287,5.1667
42,i01.bmp,i01_09_3.bmp,0.7957695722579956,4.4286
43,i01.bmp,i01_09_4.bmp,0.7195247411727905,2.8108
44,i01.bmp,i01_09_5.bmp,0.6516449451446533,1.5405
45,i01.bmp,i01_10_1.bmp,0.9341989159584045,5.973
46,i01.bmp,i01_10_2.bmp,0.9002107381820679,5.9459
47,i01.bmp,i01_10_3.bmp,0.8354970812797546,4.9167
48,i01.bmp,i01_10_4.bmp,0.7372434139251709,3.2162
49,i01.bmp,i01_10_5.bmp,0.6750957369804382,2.0811
50,i01.bmp,i01_11_1.bmp,0.9294167160987854,5.9143
51,i01.bmp,i01_11_2.bmp,0.8918054103851318,5.6757
52,i01.bmp,i01_11_3.bmp,0.847689151763916,4.6944
53,i01.bmp,i01_11_4.bmp,0.7342740297317505,3.6757
54,i01.bmp,i01_11_5.bmp,0.6421074867248535,1.4595
55,i01.bmp,i01_12_1.bmp,0.9411987066268921,5.9459
56,i01.bmp,i01_12_2.bmp,0.945022702217102,5.8649
57,i01.bmp,i01_12_3.bmp,0.872856855392456,4.2162
58,i01.bmp,i01_12_4.bmp,0.8113670349121094,3.8333
59,i01.bmp,i01_12_5.bmp,0.7433738708496094,3.4324
60,i01.bmp,i01_13_1.bmp,0.9374732971191406,5.4595
61,i01.bmp,i01_13_2.bmp,0.875879168510437,3.9143
62,i01.bmp,i01_13_3.bmp,0.7950986623764038,3.2778
63,i01.bmp,i01_13_4.bmp,0.7750511169433594,3.1667
64,i01.bmp,i01_13_5.bmp,0.780327558517456,3.1081
65,i01.bmp,i01_14_1.bmp,0.9650169610977173,5.6944
66,i01.bmp,i01_14_2.bmp,0.9720743894577026,6.0541
67,i01.bmp,i01_14_3.bmp,0.9393129944801331,5.7568
68,i01.bmp,i01_14_4.bmp,0.9087465405464172,5.5556
69,i01.bmp,i01_14_5.bmp,0.8766841888427734,4.4706
70,i01.bmp,i01_15_1.bmp,0.908847987651825,2.8333
71,i01.bmp,i01_15_2.bmp,0.9241617918014526,2.8286
72,i01.bmp,i01_15_3.bmp,0.9355182647705078,3.1081
73,i01.bmp,i01_15_4.bmp,0.9550942182540894,3.5833
74,i01.bmp,i01_15_5.bmp,0.9779269695281982,3.8919
75,i01.bmp,i01_16_1.bmp,0.9913507699966431,5.8056
76,i01.bmp,i01_16_2.bmp,0.985586941242218,6.0541
77,i01.bmp,i01_16_3.bmp,0.9677676558494568,4.8889
78,i01.bmp,i01_16_4.bmp,0.9607076644897461,5.0278
79,i01.bmp,i01_16_5.bmp,0.9271777868270874,4.1944
80,i01.bmp,i01_17_1.bmp,0.9778786897659302,5.3514
81,i01.bmp,i01_17_2.bmp,0.9645808935165405,6.6216
82,i01.bmp,i01_17_3.bmp,0.9449858665466309,4.0811
83,i01.bmp,i01_17_4.bmp,0.9261634349822998,6.2432
84,i01.bmp,i01_17_5.bmp,0.8720120191574097,2.9714
85,i01.bmp,i01_18_1.bmp,0.9587621688842773,4.6216
86,i01.bmp,i01_18_2.bmp,0.9450841546058655,4.2222
87,i01.bmp,i01_18_3.bmp,0.9221614599227905,3.7714
88,i01.bmp,i01_18_4.bmp,0.8860052824020386,3.4722
89,i01.bmp,i01_18_5.bmp,0.8686419725418091,3.4167
90,i01.bmp,i01_19_1.bmp,0.9318106174468994,5.9444
91,i01.bmp,i01_19_2.bmp,0.9040260314941406,5.4722
92,i01.bmp,i01_19_3.bmp,0.8700929880142212,5.0811
93,i01.bmp,i01_19_4.bmp,0.8345977067947388,4.5278
94,i01.bmp,i01_19_5.bmp,0.7978101968765259,3.9444
95,i01.bmp,i01_20_1.bmp,0.956264317035675,5.8571
96,i01.bmp,i01_20_2.bmp,0.9364172220230103,5.8333
97,i01.bmp,i01_20_3.bmp,0.9030033349990845,6.0278
98,i01.bmp,i01_20_4.bmp,0.8412389755249023,5.0833
99,i01.bmp,i01_20_5.bmp,0.7585703134536743,4.3333
100,i01.bmp,i01_21_1.bmp,0.9040235280990601,5.7027
101,i01.bmp,i01_21_2.bmp,0.8718259334564209,5.2778
102,i01.bmp,i01_21_3.bmp,0.8242506384849548,4.6757
103,i01.bmp,i01_21_4.bmp,0.7731088399887085,4.0571
104,i01.bmp,i01_21_5.bmp,0.7113727331161499,3.0541
105,i01.bmp,i01_22_1.bmp,0.927807092666626,5.5556
106,i01.bmp,i01_22_2.bmp,0.892256498336792,5.1892
107,i01.bmp,i01_22_3.bmp,0.8617284297943115,4.3056
108,i01.bmp,i01_22_4.bmp,0.8262043595314026,3.1622
109,i01.bmp,i01_22_5.bmp,0.7235198616981506,2.1944
110,i01.bmp,i01_23_1.bmp,0.9425758123397827,6.2857
111,i01.bmp,i01_23_2.bmp,0.9057713747024536,5.6111
112,i01.bmp,i01_23_3.bmp,0.8743029832839966,5.7778
113,i01.bmp,i01_23_4.bmp,0.8138817548751831,4.8056
114,i01.bmp,i01_23_5.bmp,0.6825699806213379,2.4054
115,i01.bmp,i01_24_1.bmp,0.9093738794326782,5.7027
116,i01.bmp,i01_24_2.bmp,0.8669273853302002,5.5833
117,i01.bmp,i01_24_3.bmp,0.8071267604827881,5.1081
118,i01.bmp,i01_24_4.bmp,0.7208701372146606,3.0811
119,i01.bmp,i01_24_5.bmp,0.6476889848709106,0.45946
120,i02.bmp,i02_01_1.bmp,0.8924624919891357,5.7429
121,i02.bmp,i02_01_2.bmp,0.856893002986908,5.3429
122,i02.bmp,i02_01_3.bmp,0.8139996528625488,5.2222
123,i02.bmp,i02_01_4.bmp,0.7699718475341797,4.1944
124,i02.bmp,i02_01_5.bmp,0.7290836572647095,3.973
125,i02.bmp,i02_02_1.bmp,0.9294838309288025,6.0556
126,i02.bmp,i02_02_2.bmp,0.9013674855232239,6.0541
127,i02.bmp,i02_02_3.bmp,0.8632981777191162,5.8889
128,i02.bmp,i02_02_4.bmp,0.8222705721855164,5.2973
129,i02.bmp,i02_02_5.bmp,0.7761236429214478,4.3889
130,i02.bmp,i02_03_1.bmp,0.8174796104431152,4.8
131,i02.bmp,i02_03_2.bmp,0.7735920548439026,4.4324
132,i02.bmp,i02_03_3.bmp,0.7302590608596802,3.8378
133,i02.bmp,i02_03_4.bmp,0.6939065456390381,3.5278
134,i02.bmp,i02_03_5.bmp,0.6644521951675415,2.9189
135,i02.bmp,i02_04_1.bmp,0.970350980758667,6.2857
136,i02.bmp,i02_04_2.bmp,0.9586690068244934,6.1622
137,i02.bmp,i02_04_3.bmp,0.9397194385528564,5.1944
138,i02.bmp,i02_04_4.bmp,0.91023850440979,4.7429
139,i02.bmp,i02_04_5.bmp,0.8674535751342773,4.2857
140,i02.bmp,i02_05_1.bmp,0.9343679547309875,6.1177
141,i02.bmp,i02_05_2.bmp,0.9072322845458984,6.1111
142,i02.bmp,i02_05_3.bmp,0.8466488122940063,5.4324
143,i02.bmp,i02_05_4.bmp,0.7755781412124634,4.3784
144,i02.bmp,i02_05_5.bmp,0.7056587338447571,3.4167
145,i02.bmp,i02_06_1.bmp,0.8970524668693542,4.5556
146,i02.bmp,i02_06_2.bmp,0.8618866205215454,4.2778
147,i02.bmp,i02_06_3.bmp,0.8149616718292236,3.7297
148,i02.bmp,i02_06_4.bmp,0.7645015120506287,3.4857
149,i02.bmp,i02_06_5.bmp,0.7195142507553101,3.1081
150,i02.bmp,i02_07_1.bmp,0.8816771507263184,5.9143
151,i02.bmp,i02_07_2.bmp,0.829755425453186,5.5833
152,i02.bmp,i02_07_3.bmp,0.79531329870224,3.7647
153,i02.bmp,i02_07_4.bmp,0.7639847993850708,3.7568
154,i02.bmp,i02_07_5.bmp,0.7302592396736145,2.8571
155,i02.bmp,i02_08_1.bmp,0.9590858817100525,6.1081
156,i02.bmp,i02_08_2.bmp,0.9223862886428833,5.1667
157,i02.bmp,i02_08_3.bmp,0.8536269664764404,4.5429
158,i02.bmp,i02_08_4.bmp,0.7599982023239136,3.8378
159,i02.bmp,i02_08_5.bmp,0.678632378578186,3.027
160,i02.bmp,i02_09_1.bmp,0.8429042100906372,6.0
161,i02.bmp,i02_09_2.bmp,0.8067585229873657,5.5143
162,i02.bmp,i02_09_3.bmp,0.7539356350898743,4.5278
163,i02.bmp,i02_09_4.bmp,0.6928157210350037,3.6486
164,i02.bmp,i02_09_5.bmp,0.6446409225463867,2.4167
165,i02.bmp,i02_10_1.bmp,0.9036259651184082,6.0
166,i02.bmp,i02_10_2.bmp,0.858262836933136,5.9722
167,i02.bmp,i02_10_3.bmp,0.7704833745956421,5.4324
168,i02.bmp,i02_10_4.bmp,0.6832428574562073,3.5
169,i02.bmp,i02_10_5.bmp,0.6501877903938293,2.7143
170,i02.bmp,i02_11_1.bmp,0.8472279906272888,5.9167
171,i02.bmp,i02_11_2.bmp,0.7464344501495361,4.8056
172,i02.bmp,i02_11_3.bmp,0.6590101718902588,2.973
173,i02.bmp,i02_11_4.bmp,0.6325675249099731,1.9189
174,i02.bmp,i02_11_5.bmp,0.627386748790741,1.2778
175,i02.bmp,i02_12_1.bmp,0.895723819732666,5.3056
176,i02.bmp,i02_12_2.bmp,0.8456069827079773,4.4324
177,i02.bmp,i02_12_3.bmp,0.7573822736740112,3.0811
178,i02.bmp,i02_12_4.bmp,0.6797928214073181,2.6757
179,i02.bmp,i02_12_5.bmp,0.641431987285614,2.3714
180,i02.bmp,i02_13_1.bmp,0.798345685005188,4.4722
181,i02.bmp,i02_13_2.bmp,0.807085394859314,4.0
182,i02.bmp,i02_13_3.bmp,0.7278043627738953,3.3889
183,i02.bmp,i02_13_4.bmp,0.6655754446983337,2.8919
184,i02.bmp,i02_13_5.bmp,0.7879538536071777,3.6111
185,i02.bmp,i02_14_1.bmp,0.9095053672790527,5.75
186,i02.bmp,i02_14_2.bmp,0.9634832739830017,6.0811
187,i02.bmp,i02_14_3.bmp,0.9247889518737793,5.1143
188,i02.bmp,i02_14_4.bmp,0.9014915227890015,5.3143
189,i02.bmp,i02_14_5.bmp,0.8644088506698608,4.2162
190,i02.bmp,i02_15_1.bmp,0.9036563634872437,3.4
191,i02.bmp,i02_15_2.bmp,0.9175243377685547,3.6216
192,i02.bmp,i02_15_3.bmp,0.927979588508606,3.8333
193,i02.bmp,i02_15_4.bmp,0.9421350955963135,3.8378
194,i02.bmp,i02_15_5.bmp,0.9621292948722839,4.2
195,i02.bmp,i02_16_1.bmp,0.9872457981109619,5.9459
196,i02.bmp,i02_16_2.bmp,0.9788175821304321,6.0833
197,i02.bmp,i02_16_3.bmp,0.9522222280502319,5.3243
198,i02.bmp,i02_16_4.bmp,0.9454739093780518,5.1389
199,i02.bmp,i02_16_5.bmp,0.8940860033035278,4.5676
200,i02.bmp,i02_17_1.bmp,0.9727420210838318,5.9167
201,i02.bmp,i02_17_2.bmp,0.9546923637390137,5.6857
202,i02.bmp,i02_17_3.bmp,0.9319427013397217,4.8378
203,i02.bmp,i02_17_4.bmp,0.9092713594436646,4.7714
204,i02.bmp,i02_17_5.bmp,0.8425558805465698,3.9167
205,i02.bmp,i02_18_1.bmp,0.9714264273643494,5.9722
206,i02.bmp,i02_18_2.bmp,0.9651067852973938,5.5946
207,i02.bmp,i02_18_3.bmp,0.9532828330993652,4.8286
208,i02.bmp,i02_18_4.bmp,0.9356412887573242,4.9189
209,i02.bmp,i02_18_5.bmp,0.9108899831771851,4.5429
210,i02.bmp,i02_19_1.bmp,0.8948096632957458,5.7778
211,i02.bmp,i02_19_2.bmp,0.857597827911377,5.4324
212,i02.bmp,i02_19_3.bmp,0.8161466121673584,4.8333
213,i02.bmp,i02_19_4.bmp,0.7721444368362427,4.2222
214,i02.bmp,i02_19_5.bmp,0.7307255864143372,3.7568
215,i02.bmp,i02_20_1.bmp,0.9142500162124634,6.0541
216,i02.bmp,i02_20_2.bmp,0.8524872660636902,6.1714
217,i02.bmp,i02_20_3.bmp,0.7582178711891174,5.3056
218,i02.bmp,i02_20_4.bmp,0.6785696148872375,4.0
219,i02.bmp,i02_20_5.bmp,0.6335785388946533,2.8056
220,i02.bmp,i02_21_1.bmp,0.8420742154121399,5.973
221,i02.bmp,i02_21_2.bmp,0.7842574119567871,5.2973
222,i02.bmp,i02_21_3.bmp,0.7237020134925842,4.6
223,i02.bmp,i02_21_4.bmp,0.6720105409622192,3.2778
224,i02.bmp,i02_21_5.bmp,0.6316356062889099,2.3611
225,i02.bmp,i02_22_1.bmp,0.9048491716384888,5.5135
226,i02.bmp,i02_22_2.bmp,0.8550000786781311,5.2432
227,i02.bmp,i02_22_3.bmp,0.8025012612342834,4.4857
228,i02.bmp,i02_22_4.bmp,0.7635300159454346,3.8056
229,i02.bmp,i02_22_5.bmp,0.6637922525405884,2.2222
230,i02.bmp,i02_23_1.bmp,0.9329017400741577,6.7778
231,i02.bmp,i02_23_2.bmp,0.8437779545783997,5.5405
232,i02.bmp,i02_23_3.bmp,0.7013957500457764,3.4444
233,i02.bmp,i02_23_4.bmp,0.6369935274124146,2.1622
234,i02.bmp,i02_23_5.bmp,0.6325842142105103,0.81081
235,i02.bmp,i02_24_1.bmp,0.8235599994659424,6.0811
236,i02.bmp,i02_24_2.bmp,0.7408322095870972,4.9167
237,i02.bmp,i02_24_3.bmp,0.6650554537773132,3.0
238,i02.bmp,i02_24_4.bmp,0.6294030547142029,2.1111
239,i02.bmp,i02_24_5.bmp,0.6336093544960022,0.89189
240,i03.bmp,i03_01_1.bmp,0.8348233699798584,5.7692
241,i03.bmp,i03_01_2.bmp,0.802394688129425,5.1053
242,i03.bmp,i03_01_3.bmp,0.7692567110061646,4.6842
243,i03.bmp,i03_01_4.bmp,0.7372063398361206,4.25
244,i03.bmp,i03_01_5.bmp,0.7095621824264526,3.925
245,i03.bmp,i03_02_1.bmp,0.8756710290908813,6.1842
246,i03.bmp,i03_02_2.bmp,0.8440786004066467,6.282
247,i03.bmp,i03_02_3.bmp,0.8111892938613892,5.25
248,i03.bmp,i03_02_4.bmp,0.776495099067688,5.0
249,i03.bmp,i03_02_5.bmp,0.7448058724403381,4.6
250,i03.bmp,i03_03_1.bmp,0.7683554887771606,4.65
251,i03.bmp,i03_03_2.bmp,0.7377332448959351,4.0769
252,i03.bmp,i03_03_3.bmp,0.7109465003013611,3.85
253,i03.bmp,i03_03_4.bmp,0.6851658821105957,3.282
254,i03.bmp,i03_03_5.bmp,0.662266194820404,2.8947
255,i03.bmp,i03_04_1.bmp,0.9558253884315491,6.3846
256,i03.bmp,i03_04_2.bmp,0.9404140114784241,5.6579
257,i03.bmp,i03_04_3.bmp,0.9192688465118408,5.225
258,i03.bmp,i03_04_4.bmp,0.8871657848358154,4.6
259,i03.bmp,i03_04_5.bmp,0.8435499668121338,3.575
260,i03.bmp,i03_05_1.bmp,0.8839950561523438,6.5
261,i03.bmp,i03_05_2.bmp,0.8527461290359497,5.6316
262,i03.bmp,i03_05_3.bmp,0.7977349758148193,5.3
263,i03.bmp,i03_05_4.bmp,0.745463490486145,4.3077
264,i03.bmp,i03_05_5.bmp,0.6980075240135193,3.4737
265,i03.bmp,i03_06_1.bmp,0.8358258008956909,4.8158
266,i03.bmp,i03_06_2.bmp,0.7921813726425171,4.5385
267,i03.bmp,i03_06_3.bmp,0.7578251361846924,4.1
268,i03.bmp,i03_06_4.bmp,0.7249444723129272,3.75
269,i03.bmp,i03_06_5.bmp,0.6984607577323914,3.5
270,i03.bmp,i03_07_1.bmp,0.812737226486206,4.9744
271,i03.bmp,i03_07_2.bmp,0.7793803215026855,4.1
272,i03.bmp,i03_07_3.bmp,0.7502895593643188,3.8462
273,i03.bmp,i03_07_4.bmp,0.7396257519721985,3.825
274,i03.bmp,i03_07_5.bmp,0.7310007810592651,3.6154
275,i03.bmp,i03_08_1.bmp,0.9554932713508606,6.3421
276,i03.bmp,i03_08_2.bmp,0.9249638319015503,5.6
277,i03.bmp,i03_08_3.bmp,0.8670922517776489,4.4737
278,i03.bmp,i03_08_4.bmp,0.7910601496696472,3.75
279,i03.bmp,i03_08_5.bmp,0.7278786897659302,2.95
280,i03.bmp,i03_09_1.bmp,0.851749837398529,6.65
281,i03.bmp,i03_09_2.bmp,0.8256281614303589,6.2564
282,i03.bmp,i03_09_3.bmp,0.7785218954086304,5.475
283,i03.bmp,i03_09_4.bmp,0.725324809551239,3.7436
284,i03.bmp,i03_09_5.bmp,0.6727808713912964,2.4737
285,i03.bmp,i03_10_1.bmp,0.8827687501907349,6.2368
286,i03.bmp,i03_10_2.bmp,0.8455013036727905,5.6667
287,i03.bmp,i03_10_3.bmp,0.7708420157432556,5.0513
288,i03.bmp,i03_10_4.bmp,0.7009170055389404,3.3
289,i03.bmp,i03_10_5.bmp,0.670577347278595,2.4872
290,i03.bmp,i03_11_1.bmp,0.8134927749633789,5.3684
291,i03.bmp,i03_11_2.bmp,0.7338031530380249,4.0769
292,i03.bmp,i03_11_3.bmp,0.6905049085617065,2.8462
293,i03.bmp,i03_11_4.bmp,0.6636651754379272,1.8205
294,i03.bmp,i03_11_5.bmp,0.654762864112854,0.7
295,i03.bmp,i03_12_1.bmp,0.8381401300430298,5.4103
296,i03.bmp,i03_12_2.bmp,0.8196245431900024,4.0789
297,i03.bmp,i03_12_3.bmp,0.7658165693283081,2.8421
298,i03.bmp,i03_12_4.bmp,0.7267876863479614,3.1
299,i03.bmp,i03_12_5.bmp,0.6723981499671936,2.4
300,i03.bmp,i03_13_1.bmp,0.8226926326751709,5.1282
301,i03.bmp,i03_13_2.bmp,0.7260216474533081,3.641
302,i03.bmp,i03_13_3.bmp,0.7280997037887573,3.925
303,i03.bmp,i03_13_4.bmp,0.6984674334526062,2.925
304,i03.bmp,i03_13_5.bmp,0.6599233746528625,2.4211
305,i03.bmp,i03_14_1.bmp,0.9016319513320923,5.0769
306,i03.bmp,i03_14_2.bmp,0.964312732219696,6.0
307,i03.bmp,i03_14_3.bmp,0.949100136756897,4.85
308,i03.bmp,i03_14_4.bmp,0.9062477350234985,4.4615
309,i03.bmp,i03_14_5.bmp,0.8768628239631653,3.5
310,i03.bmp,i03_15_1.bmp,0.8894203901290894,3.725
311,i03.bmp,i03_15_2.bmp,0.9036416411399841,4.05
312,i03.bmp,i03_15_3.bmp,0.9208335876464844,4.025
313,i03.bmp,i03_15_4.bmp,0.9433546662330627,4.282
314,i03.bmp,i03_15_5.bmp,0.9674952626228333,4.7949
315,i03.bmp,i03_16_1.bmp,0.9850075840950012,6.8205
316,i03.bmp,i03_16_2.bmp,0.974702000617981,6.525
317,i03.bmp,i03_16_3.bmp,0.9491685032844543,5.975
318,i03.bmp,i03_16_4.bmp,0.9340647459030151,6.075
319,i03.bmp,i03_16_5.bmp,0.9042346477508545,5.0256
320,i03.bmp,i03_17_1.bmp,0.9649818539619446,6.282
321,i03.bmp,i03_17_2.bmp,0.9378564953804016,6.75
322,i03.bmp,i03_17_3.bmp,0.9199307560920715,5.2
323,i03.bmp,i03_17_4.bmp,0.8913706541061401,6.575
324,i03.bmp,i03_17_5.bmp,0.8436692357063293,3.7949
325,i03.bmp,i03_18_1.bmp,0.947830319404602,5.7692
326,i03.bmp,i03_18_2.bmp,0.9412418603897095,5.718
327,i03.bmp,i03_18_3.bmp,0.9287000894546509,5.5641
328,i03.bmp,i03_18_4.bmp,0.9103148579597473,5.0
329,i03.bmp,i03_18_5.bmp,0.8815799951553345,4.6579
330,i03.bmp,i03_19_1.bmp,0.8360463380813599,5.5128
331,i03.bmp,i03_19_2.bmp,0.798862099647522,5.0256
332,i03.bmp,i03_19_3.bmp,0.7655597925186157,4.7
333,i03.bmp,i03_19_4.bmp,0.7341357469558716,4.3077
334,i03.bmp,i03_19_5.bmp,0.7058650255203247,3.6923
335,i03.bmp,i03_20_1.bmp,0.8444507122039795,5.8421
336,i03.bmp,i03_20_2.bmp,0.7831677794456482,5.4615
337,i03.bmp,i03_20_3.bmp,0.7230108976364136,4.1579
338,i03.bmp,i03_20_4.bmp,0.6742419600486755,3.1795
339,i03.bmp,i03_20_5.bmp,0.6460616588592529,2.825
340,i03.bmp,i03_21_1.bmp,0.7944728136062622,5.2368
341,i03.bmp,i03_21_2.bmp,0.7518444061279297,4.4359
342,i03.bmp,i03_21_3.bmp,0.7135418653488159,3.8974
343,i03.bmp,i03_21_4.bmp,0.6788346171379089,3.1795
344,i03.bmp,i03_21_5.bmp,0.6433835029602051,2.1
345,i03.bmp,i03_22_1.bmp,0.886509895324707,5.9744
346,i03.bmp,i03_22_2.bmp,0.852435827255249,5.359
347,i03.bmp,i03_22_3.bmp,0.8157564997673035,5.2308
348,i03.bmp,i03_22_4.bmp,0.7642946243286133,4.359
349,i03.bmp,i03_22_5.bmp,0.7274344563484192,3.9211
350,i03.bmp,i03_23_1.bmp,0.927008867263794,6.718
351,i03.bmp,i03_23_2.bmp,0.8631727695465088,5.8461
352,i03.bmp,i03_23_3.bmp,0.7394986152648926,3.9
353,i03.bmp,i03_23_4.bmp,0.6864173412322998,2.6579
354,i03.bmp,i03_23_5.bmp,0.6666213274002075,1.975
355,i03.bmp,i03_24_1.bmp,0.7911151647567749,5.7436
356,i03.bmp,i03_24_2.bmp,0.7303273677825928,4.2051
357,i03.bmp,i03_24_3.bmp,0.682026743888855,2.825
358,i03.bmp,i03_24_4.bmp,0.6498191356658936,1.8158
359,i03.bmp,i03_24_5.bmp,0.6461318135261536,0.42105
360,i04.bmp,i04_01_1.bmp,0.859045684337616,5.7619
361,i04.bmp,i04_01_2.bmp,0.8204477429389954,5.4762
362,i04.bmp,i04_01_3.bmp,0.779242753982544,4.9286
363,i04.bmp,i04_01_4.bmp,0.7425339818000793,4.2683
364,i04.bmp,i04_01_5.bmp,0.7073564529418945,4.0
365,i04.bmp,i04_02_1.bmp,0.8940273523330688,6.275
366,i04.bmp,i04_02_2.bmp,0.8622486591339111,6.1539
367,i04.bmp,i04_02_3.bmp,0.8238989114761353,5.6829
368,i04.bmp,i04_02_4.bmp,0.7893614172935486,5.3095
369,i04.bmp,i04_02_5.bmp,0.7504726052284241,4.5366
370,i04.bmp,i04_03_1.bmp,0.7813134789466858,4.7805
371,i04.bmp,i04_03_2.bmp,0.7465539574623108,4.2143
372,i04.bmp,i04_03_3.bmp,0.7089975476264954,3.9
373,i04.bmp,i04_03_4.bmp,0.675937294960022,3.425
374,i04.bmp,i04_03_5.bmp,0.6511654257774353,3.0238
375,i04.bmp,i04_04_1.bmp,0.9603161811828613,6.125
376,i04.bmp,i04_04_2.bmp,0.9494671821594238,6.2683
377,i04.bmp,i04_04_3.bmp,0.9319584369659424,6.15
378,i04.bmp,i04_04_4.bmp,0.9016596078872681,5.4762
379,i04.bmp,i04_04_5.bmp,0.8560929894447327,4.8095
380,i04.bmp,i04_05_1.bmp,0.906003475189209,6.3095
381,i04.bmp,i04_05_2.bmp,0.8740051984786987,5.9024
382,i04.bmp,i04_05_3.bmp,0.8126641511917114,5.325
383,i04.bmp,i04_05_4.bmp,0.7486615777015686,4.4762
384,i04.bmp,i04_05_5.bmp,0.6920599937438965,3.7073
385,i04.bmp,i04_06_1.bmp,0.862410306930542,5.0238
386,i04.bmp,i04_06_2.bmp,0.8273775577545166,4.561
387,i04.bmp,i04_06_3.bmp,0.7737398147583008,4.2619
388,i04.bmp,i04_06_4.bmp,0.7356626987457275,4.1951
389,i04.bmp,i04_06_5.bmp,0.6968902349472046,3.45
390,i04.bmp,i04_07_1.bmp,0.804673433303833,4.6905
391,i04.bmp,i04_07_2.bmp,0.7707575559616089,4.075
392,i04.bmp,i04_07_3.bmp,0.7336888313293457,3.5238
393,i04.bmp,i04_07_4.bmp,0.7016307711601257,3.1429
394,i04.bmp,i04_07_5.bmp,0.6772891879081726,2.9524
395,i04.bmp,i04_08_1.bmp,0.9527957439422607,6.3095
396,i04.bmp,i04_08_2.bmp,0.9236911535263062,5.9268
397,i04.bmp,i04_08_3.bmp,0.8688395023345947,5.381
398,i04.bmp,i04_08_4.bmp,0.7921594381332397,4.375
399,i04.bmp,i04_08_5.bmp,0.7155271768569946,3.6667
400,i04.bmp,i04_09_1.bmp,0.8232653737068176,6.381
401,i04.bmp,i04_09_2.bmp,0.7921830415725708,5.8049
402,i04.bmp,i04_09_3.bmp,0.7477113008499146,5.0488
403,i04.bmp,i04_09_4.bmp,0.6996373534202576,3.7805
404,i04.bmp,i04_09_5.bmp,0.6517879962921143,2.5
405,i04.bmp,i04_10_1.bmp,0.8877841234207153,6.0714
406,i04.bmp,i04_10_2.bmp,0.8445569276809692,5.9756
407,i04.bmp,i04_10_3.bmp,0.7604973316192627,5.0714
408,i04.bmp,i04_10_4.bmp,0.6692618131637573,3.2619
409,i04.bmp,i04_10_5.bmp,0.6383894085884094,2.1905
410,i04.bmp,i04_11_1.bmp,0.7655760049819946,5.3
411,i04.bmp,i04_11_2.bmp,0.7013433575630188,4.0
412,i04.bmp,i04_11_3.bmp,0.6655805706977844,2.9024
413,i04.bmp,i04_11_4.bmp,0.64013671875,2.0
414,i04.bmp,i04_11_5.bmp,0.6319147348403931,0.88095
415,i04.bmp,i04_12_1.bmp,0.895818829536438,6.05
416,i04.bmp,i04_12_2.bmp,0.823941707611084,4.6429
417,i04.bmp,i04_12_3.bmp,0.7357333302497864,3.9286
418,i04.bmp,i04_12_4.bmp,0.7068290114402771,2.9048
419,i04.bmp,i04_12_5.bmp,0.6510416269302368,2.6585
420,i04.bmp,i04_13_1.bmp,0.7792561650276184,4.6667
421,i04.bmp,i04_13_2.bmp,0.7075443863868713,3.8462
422,i04.bmp,i04_13_3.bmp,0.6862262487411499,3.3571
423,i04.bmp,i04_13_4.bmp,0.6927895545959473,3.4634
424,i04.bmp,i04_13_5.bmp,0.6420090794563293,2.3809
425,i04.bmp,i04_14_1.bmp,0.8644866943359375,5.0714
426,i04.bmp,i04_14_2.bmp,0.9751737117767334,6.4048
427,i04.bmp,i04_14_3.bmp,0.9431763291358948,6.0
428,i04.bmp,i04_14_4.bmp,0.9318448305130005,4.4048
429,i04.bmp,i04_14_5.bmp,0.8818487524986267,3.6098
430,i04.bmp,i04_15_1.bmp,0.9116524457931519,3.3809
431,i04.bmp,i04_15_2.bmp,0.9244239330291748,3.4048
432,i04.bmp,i04_15_3.bmp,0.9317150712013245,3.5
433,i04.bmp,i04_15_4.bmp,0.9456971883773804,3.7561
434,i04.bmp,i04_15_5.bmp,0.9668511152267456,4.0513
435,i04.bmp,i04_16_1.bmp,0.9903131127357483,6.2857
436,i04.bmp,i04_16_2.bmp,0.9848182797431946,6.6429
437,i04.bmp,i04_16_3.bmp,0.9623563885688782,6.0952
438,i04.bmp,i04_16_4.bmp,0.9580293893814087,5.6667
439,i04.bmp,i04_16_5.bmp,0.9162629246711731,5.1539
440,i04.bmp,i04_17_1.bmp,0.9698215126991272,6.0
441,i04.bmp,i04_17_2.bmp,0.9553316235542297,6.6667
442,i04.bmp,i04_17_3.bmp,0.9321495294570923,4.7805
443,i04.bmp,i04_17_4.bmp,0.9160963296890259,7.2143
444,i04.bmp,i04_17_5.bmp,0.8486117124557495,3.925
445,i04.bmp,i04_18_1.bmp,0.950905442237854,5.4146
446,i04.bmp,i04_18_2.bmp,0.9374423027038574,5.0244
447,i04.bmp,i04_18_3.bmp,0.9208361506462097,4.6667
448,i04.bmp,i04_18_4.bmp,0.893487811088562,4.2381
449,i04.bmp,i04_18_5.bmp,0.8498432636260986,3.9268
450,i04.bmp,i04_19_1.bmp,0.8556891083717346,5.4524
451,i04.bmp,i04_19_2.bmp,0.8180487155914307,5.3571
452,i04.bmp,i04_19_3.bmp,0.7776376605033875,4.9024
453,i04.bmp,i04_19_4.bmp,0.7433555722236633,4.425
454,i04.bmp,i04_19_5.bmp,0.7099283933639526,4.1667
455,i04.bmp,i04_20_1.bmp,0.8615996837615967,6.4524
456,i04.bmp,i04_20_2.bmp,0.7725282907485962,5.225
457,i04.bmp,i04_20_3.bmp,0.6916195750236511,4.1905
458,i04.bmp,i04_20_4.bmp,0.638198733329773,3.1191
459,i04.bmp,i04_20_5.bmp,0.6164911985397339,2.4146
460,i04.bmp,i04_21_1.bmp,0.7945289611816406,5.1463
461,i04.bmp,i04_21_2.bmp,0.7441460490226746,4.7317
462,i04.bmp,i04_21_3.bmp,0.6988626718521118,3.8095
463,i04.bmp,i04_21_4.bmp,0.6600213050842285,3.2195
464,i04.bmp,i04_21_5.bmp,0.6263977885246277,2.0
465,i04.bmp,i04_22_1.bmp,0.8911206722259521,6.0244
466,i04.bmp,i04_22_2.bmp,0.8495990037918091,5.7857
467,i04.bmp,i04_22_3.bmp,0.8072834014892578,4.4286
468,i04.bmp,i04_22_4.bmp,0.759560763835907,4.122
469,i04.bmp,i04_22_5.bmp,0.6671683192253113,2.9048
470,i04.bmp,i04_23_1.bmp,0.8894854784011841,6.425
471,i04.bmp,i04_23_2.bmp,0.7847483158111572,5.4048
472,i04.bmp,i04_23_3.bmp,0.6979840397834778,3.878
473,i04.bmp,i04_23_4.bmp,0.6662520170211792,2.9512
474,i04.bmp,i04_23_5.bmp,0.6393669247627258,1.4762
475,i04.bmp,i04_24_1.bmp,0.7658168077468872,5.5476
476,i04.bmp,i04_24_2.bmp,0.68526291847229,3.7619
477,i04.bmp,i04_24_3.bmp,0.647313117980957,2.5854
478,i04.bmp,i04_24_4.bmp,0.6319574117660522,1.9048
479,i04.bmp,i04_24_5.bmp,0.6463548541069031,0.58537
480,i05.bmp,i05_01_1.bmp,0.9481127262115479,5.525
481,i05.bmp,i05_01_2.bmp,0.9218387603759766,5.5
482,i05.bmp,i05_01_3.bmp,0.8892267942428589,4.8461
483,i05.bmp,i05_01_4.bmp,0.8485407829284668,4.0513
484,i05.bmp,i05_01_5.bmp,0.8030920028686523,3.561
485,i05.bmp,i05_02_1.bmp,0.9642200469970703,5.8293
486,i05.bmp,i05_02_2.bmp,0.9480336904525757,5.6829
487,i05.bmp,i05_02_3.bmp,0.9239130616188049,5.325
488,i05.bmp,i05_02_4.bmp,0.8925879001617432,5.0976
489,i05.bmp,i05_02_5.bmp,0.8497075438499451,4.2564
490,i05.bmp,i05_03_1.bmp,0.8974546194076538,5.0976
491,i05.bmp,i05_03_2.bmp,0.8568608164787292,4.4878
492,i05.bmp,i05_03_3.bmp,0.814052164554596,3.675
493,i05.bmp,i05_03_4.bmp,0.7675809860229492,3.0732
494,i05.bmp,i05_03_5.bmp,0.7204352617263794,2.375
495,i05.bmp,i05_04_1.bmp,0.985865592956543,5.6341
496,i05.bmp,i05_04_2.bmp,0.9803173542022705,5.75
497,i05.bmp,i05_04_3.bmp,0.9705222845077515,5.575
498,i05.bmp,i05_04_4.bmp,0.953185498714447,4.9268
499,i05.bmp,i05_04_5.bmp,0.9237142205238342,4.4
500,i05.bmp,i05_05_1.bmp,0.9701727628707886,5.625
501,i05.bmp,i05_05_2.bmp,0.9551299810409546,5.3902
502,i05.bmp,i05_05_3.bmp,0.911351203918457,4.7
503,i05.bmp,i05_05_4.bmp,0.8438032269477844,3.8158
504,i05.bmp,i05_05_5.bmp,0.7633671760559082,2.9231
505,i05.bmp,i05_06_1.bmp,0.949235737323761,4.375
506,i05.bmp,i05_06_2.bmp,0.9205183386802673,3.9231
507,i05.bmp,i05_06_3.bmp,0.8769255876541138,3.5
508,i05.bmp,i05_06_4.bmp,0.8326925039291382,3.3171
509,i05.bmp,i05_06_5.bmp,0.7803677916526794,2.5128
510,i05.bmp,i05_07_1.bmp,0.939866304397583,5.275
511,i05.bmp,i05_07_2.bmp,0.9068732261657715,5.2683
512,i05.bmp,i05_07_3.bmp,0.8656642436981201,4.5385
513,i05.bmp,i05_07_4.bmp,0.8231331706047058,4.0513
514,i05.bmp,i05_07_5.bmp,0.790416419506073,3.1463
515,i05.bmp,i05_08_1.bmp,0.9625218510627747,5.4
516,i05.bmp,i05_08_2.bmp,0.9224715232849121,4.6667
517,i05.bmp,i05_08_3.bmp,0.8421623110771179,3.6585
518,i05.bmp,i05_08_4.bmp,0.733615517616272,2.7805
519,i05.bmp,i05_08_5.bmp,0.6460281610488892,1.25
520,i05.bmp,i05_09_1.bmp,0.9368499517440796,5.825
521,i05.bmp,i05_09_2.bmp,0.9061387181282043,5.825
522,i05.bmp,i05_09_3.bmp,0.8445382714271545,5.325
523,i05.bmp,i05_09_4.bmp,0.7426880598068237,3.5
524,i05.bmp,i05_09_5.bmp,0.6457741856575012,1.3659
525,i05.bmp,i05_10_1.bmp,0.9425652027130127,5.7317
526,i05.bmp,i05_10_2.bmp,0.9106705188751221,5.1539
527,i05.bmp,i05_10_3.bmp,0.8388357162475586,4.7073
528,i05.bmp,i05_10_4.bmp,0.7308935523033142,3.439
529,i05.bmp,i05_10_5.bmp,0.6626999378204346,1.878
530,i05.bmp,i05_11_1.bmp,0.9549949169158936,5.7561
531,i05.bmp,i05_11_2.bmp,0.9166419506072998,5.4
532,i05.bmp,i05_11_3.bmp,0.8636404275894165,4.5
533,i05.bmp,i05_11_4.bmp,0.7796814441680908,3.6667
534,i05.bmp,i05_11_5.bmp,0.6710273623466492,2.25
535,i05.bmp,i05_12_1.bmp,0.9754531383514404,5.6829
536,i05.bmp,i05_12_2.bmp,0.9820662140846252,5.775
537,i05.bmp,i05_12_3.bmp,0.9434137940406799,5.35
538,i05.bmp,i05_12_4.bmp,0.864568293094635,3.8
539,i05.bmp,i05_12_5.bmp,0.7485166788101196,2.725
540,i05.bmp,i05_13_1.bmp,0.9072498083114624,5.4634
541,i05.bmp,i05_13_2.bmp,0.9014724493026733,4.9024
542,i05.bmp,i05_13_3.bmp,0.82939612865448,3.475
543,i05.bmp,i05_13_4.bmp,0.7729059457778931,2.9756
544,i05.bmp,i05_13_5.bmp,0.6931387186050415,1.9737
545,i05.bmp,i05_14_1.bmp,0.9681540727615356,5.9268
546,i05.bmp,i05_14_2.bmp,0.962896466255188,5.5366
547,i05.bmp,i05_14_3.bmp,0.9294496774673462,5.6098
548,i05.bmp,i05_14_4.bmp,0.9016200304031372,5.225
549,i05.bmp,i05_14_5.bmp,0.8453657627105713,4.3171
550,i05.bmp,i05_15_1.bmp,0.9073090553283691,3.05
551,i05.bmp,i05_15_2.bmp,0.921521782875061,3.1
552,i05.bmp,i05_15_3.bmp,0.9410477876663208,3.3171
553,i05.bmp,i05_15_4.bmp,0.9592589735984802,3.9
554,i05.bmp,i05_15_5.bmp,0.9817472696304321,3.8462
555,i05.bmp,i05_16_1.bmp,0.9888185858726501,6.15
556,i05.bmp,i05_16_2.bmp,0.9813525080680847,5.95
557,i05.bmp,i05_16_3.bmp,0.9536844491958618,5.5854
558,i05.bmp,i05_16_4.bmp,0.9457409977912903,5.0976
559,i05.bmp,i05_16_5.bmp,0.8927009105682373,4.25
560,i05.bmp,i05_17_1.bmp,0.9799519777297974,5.3
561,i05.bmp,i05_17_2.bmp,0.9598449468612671,6.8293
562,i05.bmp,i05_17_3.bmp,0.9414620995521545,4.025
563,i05.bmp,i05_17_4.bmp,0.913355827331543,6.561
564,i05.bmp,i05_17_5.bmp,0.8541252613067627,2.8
565,i05.bmp,i05_18_1.bmp,0.961142897605896,4.775
566,i05.bmp,i05_18_2.bmp,0.9434176683425903,4.2051
567,i05.bmp,i05_18_3.bmp,0.9167921543121338,3.7436
568,i05.bmp,i05_18_4.bmp,0.8755943775177002,3.5385
569,i05.bmp,i05_18_5.bmp,0.8267812132835388,3.15
570,i05.bmp,i05_19_1.bmp,0.9523029327392578,5.175
571,i05.bmp,i05_19_2.bmp,0.9289179444313049,4.8049
572,i05.bmp,i05_19_3.bmp,0.8952056765556335,4.225
573,i05.bmp,i05_19_4.bmp,0.8583736419677734,3.65
574,i05.bmp,i05_19_5.bmp,0.8138384819030762,3.3659
575,i05.bmp,i05_20_1.bmp,0.9652569890022278,5.6829
576,i05.bmp,i05_20_2.bmp,0.9435207843780518,5.561
577,i05.bmp,i05_20_3.bmp,0.903714120388031,5.0244
578,i05.bmp,i05_20_4.bmp,0.8401380181312561,4.475
579,i05.bmp,i05_20_5.bmp,0.7606086730957031,3.282
580,i05.bmp,i05_21_1.bmp,0.9234273433685303,5.6
581,i05.bmp,i05_21_2.bmp,0.8814733028411865,4.925
582,i05.bmp,i05_21_3.bmp,0.8335031270980835,4.3659
583,i05.bmp,i05_21_4.bmp,0.7682650089263916,3.35
584,i05.bmp,i05_21_5.bmp,0.693848729133606,2.475
585,i05.bmp,i05_22_1.bmp,0.9660638570785522,5.275
586,i05.bmp,i05_22_2.bmp,0.9467982053756714,5.25
587,i05.bmp,i05_22_3.bmp,0.9208868741989136,4.7561
588,i05.bmp,i05_22_4.bmp,0.8611351251602173,4.1
589,i05.bmp,i05_22_5.bmp,0.8043512105941772,3.1707
590,i05.bmp,i05_23_1.bmp,0.9582759737968445,5.7317
591,i05.bmp,i05_23_2.bmp,0.9267913103103638,5.575
592,i05.bmp,i05_23_3.bmp,0.9008114337921143,5.6341
593,i05.bmp,i05_23_4.bmp,0.8773217797279358,5.7561
594,i05.bmp,i05_23_5.bmp,0.8269032835960388,5.439
595,i05.bmp,i05_24_1.bmp,0.9350112676620483,5.525
596,i05.bmp,i05_24_2.bmp,0.8957022428512573,5.6098
597,i05.bmp,i05_24_3.bmp,0.835921585559845,5.2
598,i05.bmp,i05_24_4.bmp,0.7555747032165527,3.9512
599,i05.bmp,i05_24_5.bmp,0.6697225570678711,2.6098
600,i06.bmp,i06_01_1.bmp,0.9218516945838928,5.7568
601,i06.bmp,i06_01_2.bmp,0.8924310803413391,5.1667
602,i06.bmp,i06_01_3.bmp,0.8587284088134766,5.027
603,i06.bmp,i06_01_4.bmp,0.8198329210281372,4.3143
604,i06.bmp,i06_01_5.bmp,0.777006208896637,3.6111
605,i06.bmp,i06_02_1.bmp,0.9405854344367981,6.1622
606,i06.bmp,i06_02_2.bmp,0.917709231376648,5.7838
607,i06.bmp,i06_02_3.bmp,0.891998291015625,5.4595
608,i06.bmp,i06_02_4.bmp,0.8554737567901611,4.8333
609,i06.bmp,i06_02_5.bmp,0.8178659677505493,4.3889
610,i06.bmp,i06_03_1.bmp,0.859669029712677,4.5833
611,i06.bmp,i06_03_2.bmp,0.8221626281738281,4.0571
612,i06.bmp,i06_03_3.bmp,0.7807540893554688,3.4722
613,i06.bmp,i06_03_4.bmp,0.7407174110412598,2.9459
614,i06.bmp,i06_03_5.bmp,0.6997473239898682,2.5
615,i06.bmp,i06_04_1.bmp,0.978440523147583,5.8333
616,i06.bmp,i06_04_2.bmp,0.9710356593132019,5.8611
617,i06.bmp,i06_04_3.bmp,0.9588409662246704,5.6944
618,i06.bmp,i06_04_4.bmp,0.9384995698928833,5.0811
619,i06.bmp,i06_04_5.bmp,0.9125573635101318,4.5833
620,i06.bmp,i06_05_1.bmp,0.9506902694702148,5.9189
621,i06.bmp,i06_05_2.bmp,0.9316056966781616,5.7143
622,i06.bmp,i06_05_3.bmp,0.8858308792114258,4.973
623,i06.bmp,i06_05_4.bmp,0.823174238204956,4.0286
624,i06.bmp,i06_05_5.bmp,0.7501081824302673,2.9459
625,i06.bmp,i06_06_1.bmp,0.9234751462936401,4.6111
626,i06.bmp,i06_06_2.bmp,0.8959134817123413,4.3889
627,i06.bmp,i06_06_3.bmp,0.8547911643981934,3.7778
628,i06.bmp,i06_06_4.bmp,0.8126063346862793,3.5278
629,i06.bmp,i06_06_5.bmp,0.7656303644180298,3.0541
630,i06.bmp,i06_07_1.bmp,0.914716362953186,5.3243
631,i06.bmp,i06_07_2.bmp,0.8799460530281067,5.1143
632,i06.bmp,i06_07_3.bmp,0.8512656688690186,4.4054
633,i06.bmp,i06_07_4.bmp,0.8008458614349365,3.1429
634,i06.bmp,i06_07_5.bmp,0.7635961771011353,2.6857
635,i06.bmp,i06_08_1.bmp,0.9583606719970703,5.1892
636,i06.bmp,i06_08_2.bmp,0.9194062948226929,4.5833
637,i06.bmp,i06_08_3.bmp,0.844811201095581,3.4857
638,i06.bmp,i06_08_4.bmp,0.7471119165420532,2.7027
639,i06.bmp,i06_08_5.bmp,0.6711758375167847,2.0541
640,i06.bmp,i06_09_1.bmp,0.8967882394790649,6.0541
641,i06.bmp,i06_09_2.bmp,0.8616403937339783,5.8649
642,i06.bmp,i06_09_3.bmp,0.7958105802536011,4.8649
643,i06.bmp,i06_09_4.bmp,0.7121434211730957,3.0
644,i06.bmp,i06_09_5.bmp,0.6391584277153015,1.6571
645,i06.bmp,i06_10_1.bmp,0.9261934757232666,5.8378
646,i06.bmp,i06_10_2.bmp,0.8927327990531921,5.6286
647,i06.bmp,i06_10_3.bmp,0.8226625919342041,5.4286
648,i06.bmp,i06_10_4.bmp,0.7232357263565063,3.1622
649,i06.bmp,i06_10_5.bmp,0.6634471416473389,1.7778
650,i06.bmp,i06_11_1.bmp,0.9195785522460938,5.5405
651,i06.bmp,i06_11_2.bmp,0.878350019454956,5.1944
652,i06.bmp,i06_11_3.bmp,0.8255786895751953,4.5
653,i06.bmp,i06_11_4.bmp,0.7128835320472717,3.0811
654,i06.bmp,i06_11_5.bmp,0.6273107528686523,0.75676
655,i06.bmp,i06_12_1.bmp,0.9428704380989075,5.8611
656,i06.bmp,i06_12_2.bmp,0.9207209348678589,4.75
657,i06.bmp,i06_12_3.bmp,0.895003080368042,4.3514
658,i06.bmp,i06_12_4.bmp,0.8480523824691772,3.6286
659,i06.bmp,i06_12_5.bmp,0.7893052101135254,3.8378
660,i06.bmp,i06_13_1.bmp,0.9058964848518372,4.6757
661,i06.bmp,i06_13_2.bmp,0.9039550423622131,4.8286
662,i06.bmp,i06_13_3.bmp,0.8184891939163208,4.1714
663,i06.bmp,i06_13_4.bmp,0.7395544052124023,3.1944
664,i06.bmp,i06_13_5.bmp,0.7092058658599854,2.7027
665,i06.bmp,i06_14_1.bmp,0.9687944650650024,6.0
666,i06.bmp,i06_14_2.bmp,0.9654757976531982,6.0
667,i06.bmp,i06_14_3.bmp,0.9248479008674622,4.7714
668,i06.bmp,i06_14_4.bmp,0.8982729911804199,4.3333
669,i06.bmp,i06_14_5.bmp,0.8632135391235352,4.3056
670,i06.bmp,i06_15_1.bmp,0.9249007701873779,3.6216
671,i06.bmp,i06_15_2.bmp,0.9326163530349731,3.3243
672,i06.bmp,i06_15_3.bmp,0.950147807598114,3.75
673,i06.bmp,i06_15_4.bmp,0.967229962348938,4.4054
674,i06.bmp,i06_15_5.bmp,0.9737796783447266,4.8333
675,i06.bmp,i06_16_1.bmp,0.9901402592658997,5.5676
676,i06.bmp,i06_16_2.bmp,0.9802592396736145,6.25
677,i06.bmp,i06_16_3.bmp,0.9632717967033386,5.0833
678,i06.bmp,i06_16_4.bmp,0.9406688213348389,5.8378
679,i06.bmp,i06_16_5.bmp,0.9222226142883301,4.1389
680,i06.bmp,i06_17_1.bmp,0.9750775098800659,5.5556
681,i06.bmp,i06_17_2.bmp,0.9486266374588013,6.0811
682,i06.bmp,i06_17_3.bmp,0.9358439445495605,4.0556
683,i06.bmp,i06_17_4.bmp,0.9035043716430664,5.8378
684,i06.bmp,i06_17_5.bmp,0.858212411403656,3.3784
685,i06.bmp,i06_18_1.bmp,0.9576374292373657,5.2
686,i06.bmp,i06_18_2.bmp,0.9414417147636414,4.3611
687,i06.bmp,i06_18_3.bmp,0.918724536895752,3.8889
688,i06.bmp,i06_18_4.bmp,0.8820757865905762,3.7297
689,i06.bmp,i06_18_5.bmp,0.8467039465904236,3.7838
690,i06.bmp,i06_19_1.bmp,0.9240343570709229,5.3333
691,i06.bmp,i06_19_2.bmp,0.9006943702697754,5.2703
692,i06.bmp,i06_19_3.bmp,0.8722680807113647,4.9459
693,i06.bmp,i06_19_4.bmp,0.832065224647522,4.1944
694,i06.bmp,i06_19_5.bmp,0.7920873761177063,3.5946
695,i06.bmp,i06_20_1.bmp,0.948246419429779,5.6111
696,i06.bmp,i06_20_2.bmp,0.9244638681411743,5.2778
697,i06.bmp,i06_20_3.bmp,0.8811062574386597,5.5946
698,i06.bmp,i06_20_4.bmp,0.8145807385444641,4.9459
699,i06.bmp,i06_20_5.bmp,0.7274190783500671,3.973
700,i06.bmp,i06_21_1.bmp,0.8971205949783325,5.7027
701,i06.bmp,i06_21_2.bmp,0.8563666343688965,5.1111
702,i06.bmp,i06_21_3.bmp,0.8061906099319458,4.7143
703,i06.bmp,i06_21_4.bmp,0.7519354820251465,3.6389
704,i06.bmp,i06_21_5.bmp,0.6876494288444519,2.8056
705,i06.bmp,i06_22_1.bmp,0.9320627450942993,5.6389
706,i06.bmp,i06_22_2.bmp,0.8962436318397522,5.2778
707,i06.bmp,i06_22_3.bmp,0.8436741828918457,4.1622
708,i06.bmp,i06_22_4.bmp,0.8097506761550903,3.5676
709,i06.bmp,i06_22_5.bmp,0.7596125602722168,2.973
710,i06.bmp,i06_23_1.bmp,0.9461008906364441,5.9143
711,i06.bmp,i06_23_2.bmp,0.9040683507919312,5.8056
712,i06.bmp,i06_23_3.bmp,0.8530861139297485,5.6757
713,i06.bmp,i06_23_4.bmp,0.8086463212966919,5.3243
714,i06.bmp,i06_23_5.bmp,0.6640623211860657,2.3429
715,i06.bmp,i06_24_1.bmp,0.8952252864837646,5.8378
716,i06.bmp,i06_24_2.bmp,0.8513745069503784,5.8
717,i06.bmp,i06_24_3.bmp,0.7829943895339966,4.8108
718,i06.bmp,i06_24_4.bmp,0.6998398303985596,3.2162
719,i06.bmp,i06_24_5.bmp,0.622369647026062,0.88889
720,i07.bmp,i07_01_1.bmp,0.8980075716972351,5.6818
721,i07.bmp,i07_01_2.bmp,0.8671692609786987,5.0909
722,i07.bmp,i07_01_3.bmp,0.8304741382598877,4.8
723,i07.bmp,i07_01_4.bmp,0.7921047210693359,4.4546
724,i07.bmp,i07_01_5.bmp,0.7535873651504517,3.9762
725,i07.bmp,i07_02_1.bmp,0.9305073618888855,6.0444
726,i07.bmp,i07_02_2.bmp,0.9045640826225281,5.8636
727,i07.bmp,i07_02_3.bmp,0.8726733326911926,5.5581
728,i07.bmp,i07_02_4.bmp,0.8385430574417114,5.2326
729,i07.bmp,i07_02_5.bmp,0.799120306968689,4.7556
730,i07.bmp,i07_03_1.bmp,0.8396608829498291,4.9333
731,i07.bmp,i07_03_2.bmp,0.8007694482803345,4.2273
732,i07.bmp,i07_03_3.bmp,0.7618662118911743,3.7333
733,i07.bmp,i07_03_4.bmp,0.7233012318611145,3.3111
734,i07.bmp,i07_03_5.bmp,0.688412606716156,2.7333
735,i07.bmp,i07_04_1.bmp,0.9719253182411194,5.8667
736,i07.bmp,i07_04_2.bmp,0.9611775875091553,6.0
737,i07.bmp,i07_04_3.bmp,0.9444321393966675,5.4222
738,i07.bmp,i07_04_4.bmp,0.9168956279754639,4.9512
739,i07.bmp,i07_04_5.bmp,0.8805761933326721,4.2093
740,i07.bmp,i07_05_1.bmp,0.9333053231239319,6.0444
741,i07.bmp,i07_05_2.bmp,0.9080290794372559,5.8
742,i07.bmp,i07_05_3.bmp,0.8552858233451843,5.1591
743,i07.bmp,i07_05_4.bmp,0.7921858429908752,4.2791
744,i07.bmp,i07_05_5.bmp,0.727765679359436,3.3182
745,i07.bmp,i07_06_1.bmp,0.9099302887916565,4.8333
746,i07.bmp,i07_06_2.bmp,0.8709471225738525,4.6136
747,i07.bmp,i07_06_3.bmp,0.8341101408004761,4.1591
748,i07.bmp,i07_06_4.bmp,0.7945432662963867,3.75
749,i07.bmp,i07_06_5.bmp,0.7550729513168335,3.3182
750,i07.bmp,i07_07_1.bmp,0.8842572569847107,5.5814
751,i07.bmp,i07_07_2.bmp,0.8570847511291504,5.1905
752,i07.bmp,i07_07_3.bmp,0.8095905780792236,4.3182
753,i07.bmp,i07_07_4.bmp,0.7703378796577454,3.6222
754,i07.bmp,i07_07_5.bmp,0.7421232461929321,2.8372
755,i07.bmp,i07_08_1.bmp,0.9655738472938538,5.8636
756,i07.bmp,i07_08_2.bmp,0.9400455951690674,5.5333
757,i07.bmp,i07_08_3.bmp,0.885771632194519,4.5814
758,i07.bmp,i07_08_4.bmp,0.8001230955123901,3.4222
759,i07.bmp,i07_08_5.bmp,0.698340892791748,2.6364
760,i07.bmp,i07_09_1.bmp,0.9042179584503174,6.4222
761,i07.bmp,i07_09_2.bmp,0.8762875199317932,6.0222
762,i07.bmp,i07_09_3.bmp,0.8260713815689087,5.2273
763,i07.bmp,i07_09_4.bmp,0.7564363479614258,3.9767
764,i07.bmp,i07_09_5.bmp,0.682165265083313,2.4667
765,i07.bmp,i07_10_1.bmp,0.9238415956497192,6.1333
766,i07.bmp,i07_10_2.bmp,0.8953090906143188,5.8864
767,i07.bmp,i07_10_3.bmp,0.825537383556366,5.0454
768,i07.bmp,i07_10_4.bmp,0.7350918650627136,3.7045
769,i07.bmp,i07_10_5.bmp,0.6857782602310181,2.2273
770,i07.bmp,i07_11_1.bmp,0.8792405128479004,5.4884
771,i07.bmp,i07_11_2.bmp,0.8070703148841858,4.5111
772,i07.bmp,i07_11_3.bmp,0.7367680072784424,3.4318
773,i07.bmp,i07_11_4.bmp,0.6826826333999634,2.4222
774,i07.bmp,i07_11_5.bmp,0.6425094604492188,0.97727
775,i07.bmp,i07_12_1.bmp,0.9255481958389282,5.3409
776,i07.bmp,i07_12_2.bmp,0.8882781863212585,4.7273
777,i07.bmp,i07_12_3.bmp,0.8225808143615723,3.5333
778,i07.bmp,i07_12_4.bmp,0.7338355183601379,2.8636
779,i07.bmp,i07_12_5.bmp,0.7159812450408936,2.5111
780,i07.bmp,i07_13_1.bmp,0.8358514308929443,4.5814
781,i07.bmp,i07_13_2.bmp,0.8042200803756714,4.0682
782,i07.bmp,i07_13_3.bmp,0.7408725619316101,3.3721
783,i07.bmp,i07_13_4.bmp,0.7101460099220276,2.7273
784,i07.bmp,i07_13_5.bmp,0.6769596338272095,2.5111
785,i07.bmp,i07_14_1.bmp,0.9425069689750671,5.7954
786,i07.bmp,i07_14_2.bmp,0.9662429094314575,6.1591
787,i07.bmp,i07_14_3.bmp,0.9329589605331421,5.7046
788,i07.bmp,i07_14_4.bmp,0.9062173366546631,5.2222
789,i07.bmp,i07_14_5.bmp,0.8783130645751953,4.2046
790,i07.bmp,i07_15_1.bmp,0.9224622845649719,3.6364
791,i07.bmp,i07_15_2.bmp,0.9338828325271606,3.2889
792,i07.bmp,i07_15_3.bmp,0.9400299787521362,3.0455
793,i07.bmp,i07_15_4.bmp,0.9507911205291748,3.3409
794,i07.bmp,i07_15_5.bmp,0.9695535898208618,3.6512
795,i07.bmp,i07_16_1.bmp,0.9903677701950073,6.2046
796,i07.bmp,i07_16_2.bmp,0.9845704436302185,6.3488
797,i07.bmp,i07_16_3.bmp,0.9648514986038208,5.9333
798,i07.bmp,i07_16_4.bmp,0.9552911520004272,5.3556
799,i07.bmp,i07_16_5.bmp,0.9278219938278198,4.8182
800,i07.bmp,i07_17_1.bmp,0.9764379262924194,5.5454
801,i07.bmp,i07_17_2.bmp,0.9605779647827148,6.4
802,i07.bmp,i07_17_3.bmp,0.9422926902770996,4.4048
803,i07.bmp,i07_17_4.bmp,0.9206346273422241,6.7273
804,i07.bmp,i07_17_5.bmp,0.8671532869338989,3.3409
805,i07.bmp,i07_18_1.bmp,0.958412766456604,5.3864
806,i07.bmp,i07_18_2.bmp,0.9446788430213928,4.9546
807,i07.bmp,i07_18_3.bmp,0.9210841059684753,4.3778
808,i07.bmp,i07_18_4.bmp,0.8848954439163208,3.8636
809,i07.bmp,i07_18_5.bmp,0.8383129835128784,3.6364
810,i07.bmp,i07_19_1.bmp,0.8941348791122437,5.8667
811,i07.bmp,i07_19_2.bmp,0.8625874519348145,5.4444
812,i07.bmp,i07_19_3.bmp,0.828344464302063,4.8
813,i07.bmp,i07_19_4.bmp,0.7933047413825989,4.1136
814,i07.bmp,i07_19_5.bmp,0.7538393139839172,3.7045
815,i07.bmp,i07_20_1.bmp,0.9122173190116882,5.75
816,i07.bmp,i07_20_2.bmp,0.8622161149978638,5.4222
817,i07.bmp,i07_20_3.bmp,0.7971324324607849,4.4186
818,i07.bmp,i07_20_4.bmp,0.7321314811706543,3.6222
819,i07.bmp,i07_20_5.bmp,0.6758223176002502,2.9302
820,i07.bmp,i07_21_1.bmp,0.8613088130950928,5.6667
821,i07.bmp,i07_21_2.bmp,0.821864664554596,4.9546
822,i07.bmp,i07_21_3.bmp,0.7691650390625,4.1111
823,i07.bmp,i07_21_4.bmp,0.7198737263679504,3.3864
824,i07.bmp,i07_21_5.bmp,0.6660277247428894,2.3256
825,i07.bmp,i07_22_1.bmp,0.9230021238327026,5.9333
826,i07.bmp,i07_22_2.bmp,0.8926917314529419,5.2326
827,i07.bmp,i07_22_3.bmp,0.8413477540016174,4.6512
828,i07.bmp,i07_22_4.bmp,0.7945875525474548,4.1429
829,i07.bmp,i07_22_5.bmp,0.7234039306640625,2.6591
830,i07.bmp,i07_23_1.bmp,0.9402725696563721,6.0222
831,i07.bmp,i07_23_2.bmp,0.8902878165245056,5.7333
832,i07.bmp,i07_23_3.bmp,0.8212659358978271,5.0444
833,i07.bmp,i07_23_4.bmp,0.7843154668807983,4.2093
834,i07.bmp,i07_23_5.bmp,0.6959455013275146,2.6444
835,i07.bmp,i07_24_1.bmp,0.864392876625061,5.7209
836,i07.bmp,i07_24_2.bmp,0.8036394119262695,4.9333
837,i07.bmp,i07_24_3.bmp,0.7386918663978577,3.8636
838,i07.bmp,i07_24_4.bmp,0.680910587310791,2.25
839,i07.bmp,i07_24_5.bmp,0.6403489112854004,0.47619
840,i08.bmp,i08_01_1.bmp,0.9363512396812439,5.5484
841,i08.bmp,i08_01_2.bmp,0.9113727807998657,4.7097
842,i08.bmp,i08_01_3.bmp,0.878858208656311,4.8387
843,i08.bmp,i08_01_4.bmp,0.8384480476379395,4.1
844,i08.bmp,i08_01_5.bmp,0.7998812794685364,3.5484
845,i08.bmp,i08_02_1.bmp,0.9537653923034668,5.5938
846,i08.bmp,i08_02_2.bmp,0.9350948333740234,5.5484
847,i08.bmp,i08_02_3.bmp,0.9110187292098999,5.4063
848,i08.bmp,i08_02_4.bmp,0.8794403076171875,5.2258
849,i08.bmp,i08_02_5.bmp,0.8425184488296509,4.6452
850,i08.bmp,i08_03_1.bmp,0.8839542865753174,4.6452
851,i08.bmp,i08_03_2.bmp,0.8507568836212158,4.2903
852,i08.bmp,i08_03_3.bmp,0.8065316677093506,3.4667
853,i08.bmp,i08_03_4.bmp,0.7635245323181152,2.9688
854,i08.bmp,i08_03_5.bmp,0.7231321930885315,2.3438
855,i08.bmp,i08_04_1.bmp,0.9835948944091797,6.0645
856,i08.bmp,i08_04_2.bmp,0.9776910543441772,5.8387
857,i08.bmp,i08_04_3.bmp,0.9678052663803101,5.625
858,i08.bmp,i08_04_4.bmp,0.9515310525894165,5.4375
859,i08.bmp,i08_04_5.bmp,0.927095890045166,4.9677
860,i08.bmp,i08_05_1.bmp,0.9625641107559204,5.3333
861,i08.bmp,i08_05_2.bmp,0.9467607140541077,5.4516
862,i08.bmp,i08_05_3.bmp,0.904312252998352,4.7188
863,i08.bmp,i08_05_4.bmp,0.8416900634765625,3.9677
864,i08.bmp,i08_05_5.bmp,0.7684390544891357,3.125
865,i08.bmp,i08_06_1.bmp,0.9335280656814575,4.3871
866,i08.bmp,i08_06_2.bmp,0.902847170829773,4.0938
867,i08.bmp,i08_06_3.bmp,0.8634236454963684,3.9333
868,i08.bmp,i08_06_4.bmp,0.8247112035751343,3.6129
869,i08.bmp,i08_06_5.bmp,0.7760932445526123,3.0645
870,i08.bmp,i08_07_1.bmp,0.9287323951721191,5.5
871,i08.bmp,i08_07_2.bmp,0.8999571800231934,4.6452
872,i08.bmp,i08_07_3.bmp,0.8658933639526367,4.1667
873,i08.bmp,i08_07_4.bmp,0.8246884346008301,3.4516
874,i08.bmp,i08_07_5.bmp,0.7678425908088684,2.3871
875,i08.bmp,i08_08_1.bmp,0.9577131867408752,5.2188
876,i08.bmp,i08_08_2.bmp,0.9150257110595703,4.5938
877,i08.bmp,i08_08_3.bmp,0.8331891894340515,3.9032
878,i08.bmp,i08_08_4.bmp,0.7343067526817322,2.871
879,i08.bmp,i08_08_5.bmp,0.6651814579963684,1.9677
880,i08.bmp,i08_09_1.bmp,0.9054746627807617,5.7097
881,i08.bmp,i08_09_2.bmp,0.8758266568183899,5.875
882,i08.bmp,i08_09_3.bmp,0.8266029357910156,5.0313
883,i08.bmp,i08_09_4.bmp,0.7560818195343018,3.5
884,i08.bmp,i08_09_5.bmp,0.673456072807312,1.75
885,i08.bmp,i08_10_1.bmp,0.9376280307769775,5.9677
886,i08.bmp,i08_10_2.bmp,0.9076400995254517,5.5938
887,i08.bmp,i08_10_3.bmp,0.8396011590957642,4.6875
888,i08.bmp,i08_10_4.bmp,0.7469134330749512,3.2188
889,i08.bmp,i08_10_5.bmp,0.6878470778465271,1.3438
890,i08.bmp,i08_11_1.bmp,0.9332443475723267,6.0
891,i08.bmp,i08_11_2.bmp,0.8933418989181519,5.25
892,i08.bmp,i08_11_3.bmp,0.8414818048477173,4.5667
893,i08.bmp,i08_11_4.bmp,0.7893912196159363,4.1936
894,i08.bmp,i08_11_5.bmp,0.6829330325126648,2.2667
895,i08.bmp,i08_12_1.bmp,0.9725984334945679,6.1936
896,i08.bmp,i08_12_2.bmp,0.9804785251617432,5.7419
897,i08.bmp,i08_12_3.bmp,0.9484180808067322,5.5
898,i08.bmp,i08_12_4.bmp,0.8686742186546326,4.8125
899,i08.bmp,i08_12_5.bmp,0.9056991338729858,4.25
900,i08.bmp,i08_13_1.bmp,0.9413994550704956,5.7813
901,i08.bmp,i08_13_2.bmp,0.8361567854881287,3.2667
902,i08.bmp,i08_13_3.bmp,0.9186453819274902,4.3871
903,i08.bmp,i08_13_4.bmp,0.8008451461791992,2.7333
904,i08.bmp,i08_13_5.bmp,0.727330207824707,2.125
905,i08.bmp,i08_14_1.bmp,0.9716907739639282,5.6563
906,i08.bmp,i08_14_2.bmp,0.9705567359924316,5.4375
907,i08.bmp,i08_14_3.bmp,0.936495840549469,4.871
908,i08.bmp,i08_14_4.bmp,0.910507082939148,4.75
909,i08.bmp,i08_14_5.bmp,0.8696327209472656,4.0
910,i08.bmp,i08_15_1.bmp,0.9242717027664185,3.7742
911,i08.bmp,i08_15_2.bmp,0.933731198310852,2.9355
912,i08.bmp,i08_15_3.bmp,0.9430192708969116,3.2813
913,i08.bmp,i08_15_4.bmp,0.9581723213195801,3.6875
914,i08.bmp,i08_15_5.bmp,0.9758502244949341,3.5161
915,i08.bmp,i08_16_1.bmp,0.9904299974441528,6.0625
916,i08.bmp,i08_16_2.bmp,0.9821326732635498,5.75
917,i08.bmp,i08_16_3.bmp,0.9642859697341919,5.871
918,i08.bmp,i08_16_4.bmp,0.9459400177001953,4.9032
919,i08.bmp,i08_16_5.bmp,0.9226086139678955,4.5667
920,i08.bmp,i08_17_1.bmp,0.9787912964820862,5.4063
921,i08.bmp,i08_17_2.bmp,0.9549620151519775,5.5807
922,i08.bmp,i08_17_3.bmp,0.9413353204727173,4.1875
923,i08.bmp,i08_17_4.bmp,0.9040937423706055,5.0645
924,i08.bmp,i08_17_5.bmp,0.8637453317642212,3.2581
925,i08.bmp,i08_18_1.bmp,0.9547843933105469,4.25
926,i08.bmp,i08_18_2.bmp,0.9317190647125244,3.7419
927,i08.bmp,i08_18_3.bmp,0.8997481465339661,2.9375
928,i08.bmp,i08_18_4.bmp,0.8758885860443115,2.8438
929,i08.bmp,i08_18_5.bmp,0.8598958849906921,2.871
930,i08.bmp,i08_19_1.bmp,0.945156455039978,5.3871
931,i08.bmp,i08_19_2.bmp,0.9243952035903931,4.9355
932,i08.bmp,i08_19_3.bmp,0.8951451182365417,4.6875
933,i08.bmp,i08_19_4.bmp,0.8593873977661133,4.0323
934,i08.bmp,i08_19_5.bmp,0.8224372267723083,3.5938
935,i08.bmp,i08_20_1.bmp,0.9606181383132935,5.871
936,i08.bmp,i08_20_2.bmp,0.9388523697853088,5.9677
937,i08.bmp,i08_20_3.bmp,0.9003456830978394,5.2667
938,i08.bmp,i08_20_4.bmp,0.8393677473068237,4.625
939,i08.bmp,i08_20_5.bmp,0.7673732042312622,3.8125
940,i08.bmp,i08_21_1.bmp,0.9134567975997925,5.6875
941,i08.bmp,i08_21_2.bmp,0.8735209703445435,4.9355
942,i08.bmp,i08_21_3.bmp,0.824290931224823,4.2903
943,i08.bmp,i08_21_4.bmp,0.7705353498458862,3.8064
944,i08.bmp,i08_21_5.bmp,0.7095416784286499,2.6774
945,i08.bmp,i08_22_1.bmp,0.943733274936676,5.6129
946,i08.bmp,i08_22_2.bmp,0.914128303527832,5.4516
947,i08.bmp,i08_22_3.bmp,0.8806240558624268,4.1613
948,i08.bmp,i08_22_4.bmp,0.8261121511459351,3.0625
949,i08.bmp,i08_22_5.bmp,0.8062623143196106,2.375
950,i08.bmp,i08_23_1.bmp,0.960835337638855,6.0323
951,i08.bmp,i08_23_2.bmp,0.9349145889282227,6.1613
952,i08.bmp,i08_23_3.bmp,0.9128115177154541,5.6774
953,i08.bmp,i08_23_4.bmp,0.8966087698936462,5.5
954,i08.bmp,i08_23_5.bmp,0.8752752542495728,5.4375
955,i08.bmp,i08_24_1.bmp,0.9228817224502563,5.9355
956,i08.bmp,i08_24_2.bmp,0.879916787147522,5.7813
957,i08.bmp,i08_24_3.bmp,0.8272663354873657,5.2903
958,i08.bmp,i08_24_4.bmp,0.7619110345840454,3.9677
959,i08.bmp,i08_24_5.bmp,0.6913917064666748,2.625
960,i09.bmp,i09_01_1.bmp,0.8682094812393188,5.3636
961,i09.bmp,i09_01_2.bmp,0.8316863775253296,5.0
962,i09.bmp,i09_01_3.bmp,0.7939593195915222,4.5454
963,i09.bmp,i09_01_4.bmp,0.7558834552764893,4.0323
964,i09.bmp,i09_01_5.bmp,0.7248150706291199,3.6364
965,i09.bmp,i09_02_1.bmp,0.9064675569534302,5.8788
966,i09.bmp,i09_02_2.bmp,0.8767359852790833,6.0303
967,i09.bmp,i09_02_3.bmp,0.8413914442062378,5.5625
968,i09.bmp,i09_02_4.bmp,0.8016715049743652,4.875
969,i09.bmp,i09_02_5.bmp,0.7665935158729553,4.5454
970,i09.bmp,i09_03_1.bmp,0.7972272634506226,4.6061
971,i09.bmp,i09_03_2.bmp,0.7610621452331543,4.0938
972,i09.bmp,i09_03_3.bmp,0.7268450260162354,3.697
973,i09.bmp,i09_03_4.bmp,0.6951254606246948,3.25
974,i09.bmp,i09_03_5.bmp,0.6664442420005798,2.8788
975,i09.bmp,i09_04_1.bmp,0.964948832988739,5.7419
976,i09.bmp,i09_04_2.bmp,0.9533143639564514,5.5938
977,i09.bmp,i09_04_3.bmp,0.9341844320297241,5.3871
978,i09.bmp,i09_04_4.bmp,0.9061251878738403,4.6774
979,i09.bmp,i09_04_5.bmp,0.8687691688537598,4.2727
980,i09.bmp,i09_05_1.bmp,0.9133657217025757,5.9355
981,i09.bmp,i09_05_2.bmp,0.8842703700065613,5.5
982,i09.bmp,i09_05_3.bmp,0.8240525722503662,4.9688
983,i09.bmp,i09_05_4.bmp,0.763490617275238,4.0909
984,i09.bmp,i09_05_5.bmp,0.7064279317855835,3.5938
985,i09.bmp,i09_06_1.bmp,0.8721983432769775,5.2188
986,i09.bmp,i09_06_2.bmp,0.8293980360031128,4.3125
987,i09.bmp,i09_06_3.bmp,0.7905133962631226,4.1613
988,i09.bmp,i09_06_4.bmp,0.7534061670303345,3.8125
989,i09.bmp,i09_06_5.bmp,0.717807412147522,3.3438
990,i09.bmp,i09_07_1.bmp,0.854661762714386,4.8788
991,i09.bmp,i09_07_2.bmp,0.8204138875007629,4.75
992,i09.bmp,i09_07_3.bmp,0.7837921977043152,4.129
993,i09.bmp,i09_07_4.bmp,0.746881365776062,3.6667
994,i09.bmp,i09_07_5.bmp,0.7181070446968079,2.7097
995,i09.bmp,i09_08_1.bmp,0.9515686631202698,5.875
996,i09.bmp,i09_08_2.bmp,0.9181525707244873,5.2424
997,i09.bmp,i09_08_3.bmp,0.8525221347808838,4.3438
998,i09.bmp,i09_08_4.bmp,0.7604589462280273,3.4848
999,i09.bmp,i09_08_5.bmp,0.6858694553375244,2.375
1000,i09.bmp,i09_09_1.bmp,0.8561096787452698,6.5454
1001,i09.bmp,i09_09_2.bmp,0.8251305818557739,6.0909
1002,i09.bmp,i09_09_3.bmp,0.7815148830413818,5.1515
1003,i09.bmp,i09_09_4.bmp,0.7279036641120911,3.9063
1004,i09.bmp,i09_09_5.bmp,0.6662150621414185,2.5152
1005,i09.bmp,i09_10_1.bmp,0.8977007865905762,6.0
1006,i09.bmp,i09_10_2.bmp,0.8553723692893982,5.6563
1007,i09.bmp,i09_10_3.bmp,0.784375786781311,4.9063
1008,i09.bmp,i09_10_4.bmp,0.7032669186592102,3.1936
1009,i09.bmp,i09_10_5.bmp,0.667070746421814,2.3438
1010,i09.bmp,i09_11_1.bmp,0.8374559879302979,5.9063
1011,i09.bmp,i09_11_2.bmp,0.7899397015571594,5.1563
1012,i09.bmp,i09_11_3.bmp,0.7123298645019531,3.9688
1013,i09.bmp,i09_11_4.bmp,0.6558066010475159,2.4063
1014,i09.bmp,i09_11_5.bmp,0.6298359036445618,0.87879
1015,i09.bmp,i09_12_1.bmp,0.9601531028747559,6.0606
1016,i09.bmp,i09_12_2.bmp,0.9447104930877686,5.9063
1017,i09.bmp,i09_12_3.bmp,0.8345465660095215,4.9063
1018,i09.bmp,i09_12_4.bmp,0.7273913025856018,2.9688
1019,i09.bmp,i09_12_5.bmp,0.6984362006187439,2.8438
1020,i09.bmp,i09_13_1.bmp,0.8182428479194641,4.5152
1021,i09.bmp,i09_13_2.bmp,0.7720302939414978,3.7742
1022,i09.bmp,i09_13_3.bmp,0.7093791365623474,3.3333
1023,i09.bmp,i09_13_4.bmp,0.6885422468185425,2.8182
1024,i09.bmp,i09_13_5.bmp,0.7069873213768005,2.8788
1025,i09.bmp,i09_14_1.bmp,0.9212655425071716,5.8438
1026,i09.bmp,i09_14_2.bmp,0.9700358510017395,5.4848
1027,i09.bmp,i09_14_3.bmp,0.9304345846176147,6.2813
1028,i09.bmp,i09_14_4.bmp,0.8887472152709961,4.4375
1029,i09.bmp,i09_14_5.bmp,0.8487492799758911,3.3125
1030,i09.bmp,i09_15_1.bmp,0.9064188003540039,2.9091
1031,i09.bmp,i09_15_2.bmp,0.9171240329742432,3.0606
1032,i09.bmp,i09_15_3.bmp,0.9262287616729736,3.25
1033,i09.bmp,i09_15_4.bmp,0.9473044872283936,3.5938
1034,i09.bmp,i09_15_5.bmp,0.9724221229553223,5.8485
1035,i09.bmp,i09_16_1.bmp,0.9899752736091614,6.0606
1036,i09.bmp,i09_16_2.bmp,0.983035683631897,6.303
1037,i09.bmp,i09_16_3.bmp,0.9677934646606445,5.75
1038,i09.bmp,i09_16_4.bmp,0.9480406045913696,5.9032
1039,i09.bmp,i09_16_5.bmp,0.934227705001831,4.6667
1040,i09.bmp,i09_17_1.bmp,0.9710512161254883,5.8125
1041,i09.bmp,i09_17_2.bmp,0.9526272416114807,6.7879
1042,i09.bmp,i09_17_3.bmp,0.9307096004486084,4.7813
1043,i09.bmp,i09_17_4.bmp,0.9077569246292114,6.3636
1044,i09.bmp,i09_17_5.bmp,0.8518846035003662,3.6061
1045,i09.bmp,i09_18_1.bmp,0.9436134099960327,4.8182
1046,i09.bmp,i09_18_2.bmp,0.9274267554283142,4.303
1047,i09.bmp,i09_18_3.bmp,0.898459255695343,4.0645
1048,i09.bmp,i09_18_4.bmp,0.8562208414077759,3.3125
1049,i09.bmp,i09_18_5.bmp,0.8245892524719238,3.1563
1050,i09.bmp,i09_19_1.bmp,0.8699785470962524,5.5
1051,i09.bmp,i09_19_2.bmp,0.835210919380188,4.6774
1052,i09.bmp,i09_19_3.bmp,0.7967936992645264,4.5161
1053,i09.bmp,i09_19_4.bmp,0.760546088218689,4.0625
1054,i09.bmp,i09_19_5.bmp,0.7262588143348694,3.4848
1055,i09.bmp,i09_20_1.bmp,0.8877736330032349,5.8125
1056,i09.bmp,i09_20_2.bmp,0.8276349306106567,5.6667
1057,i09.bmp,i09_20_3.bmp,0.7636708617210388,4.5
1058,i09.bmp,i09_20_4.bmp,0.7058811187744141,3.9091
1059,i09.bmp,i09_20_5.bmp,0.6578378677368164,2.9091
1060,i09.bmp,i09_21_1.bmp,0.8216336369514465,5.2727
1061,i09.bmp,i09_21_2.bmp,0.7790398597717285,4.8125
1062,i09.bmp,i09_21_3.bmp,0.7330417037010193,4.25
1063,i09.bmp,i09_21_4.bmp,0.6952754259109497,3.5
1064,i09.bmp,i09_21_5.bmp,0.6372503638267517,2.1613
1065,i09.bmp,i09_22_1.bmp,0.8897538185119629,5.7188
1066,i09.bmp,i09_22_2.bmp,0.8546315431594849,5.7879
1067,i09.bmp,i09_22_3.bmp,0.8166329860687256,5.5
1068,i09.bmp,i09_22_4.bmp,0.751562237739563,4.0938
1069,i09.bmp,i09_22_5.bmp,0.7259102463722229,2.7188
1070,i09.bmp,i09_23_1.bmp,0.9295949935913086,6.25
1071,i09.bmp,i09_23_2.bmp,0.8877773284912109,6.2813
1072,i09.bmp,i09_23_3.bmp,0.8294527530670166,6.0303
1073,i09.bmp,i09_23_4.bmp,0.7742746472358704,4.8125
1074,i09.bmp,i09_23_5.bmp,0.6883955001831055,2.875
1075,i09.bmp,i09_24_1.bmp,0.8365284204483032,5.75
1076,i09.bmp,i09_24_2.bmp,0.7756233811378479,5.0938
1077,i09.bmp,i09_24_3.bmp,0.7122443914413452,3.75
1078,i09.bmp,i09_24_4.bmp,0.6593347787857056,2.0303
1079,i09.bmp,i09_24_5.bmp,0.6239303350448608,0.24242
1080,i10.bmp,i10_01_1.bmp,0.8713829517364502,5.718
1081,i10.bmp,i10_01_2.bmp,0.8323562145233154,5.4324
1082,i10.bmp,i10_01_3.bmp,0.7937811017036438,4.7436
1083,i10.bmp,i10_01_4.bmp,0.7536972165107727,4.5385
1084,i10.bmp,i10_01_5.bmp,0.713750958442688,3.8158
1085,i10.bmp,i10_02_1.bmp,0.910401463508606,6.0541
1086,i10.bmp,i10_02_2.bmp,0.878735363483429,5.8378
1087,i10.bmp,i10_02_3.bmp,0.8416959047317505,5.7692
1088,i10.bmp,i10_02_4.bmp,0.8032888174057007,5.5263
1089,i10.bmp,i10_02_5.bmp,0.7619516849517822,4.7297
1090,i10.bmp,i10_03_1.bmp,0.7972351312637329,5.0541
1091,i10.bmp,i10_03_2.bmp,0.7540207505226135,4.3611
1092,i10.bmp,i10_03_3.bmp,0.7164082527160645,4.0256
1093,i10.bmp,i10_03_4.bmp,0.6836207509040833,3.3077
1094,i10.bmp,i10_03_5.bmp,0.6563318371772766,2.9231
1095,i10.bmp,i10_04_1.bmp,0.96805340051651,6.0769
1096,i10.bmp,i10_04_2.bmp,0.9605275988578796,5.1111
1097,i10.bmp,i10_04_3.bmp,0.946381688117981,5.1579
1098,i10.bmp,i10_04_4.bmp,0.9223785400390625,4.7692
1099,i10.bmp,i10_04_5.bmp,0.8851204514503479,4.2308
1100,i10.bmp,i10_05_1.bmp,0.9172543883323669,6.0513
1101,i10.bmp,i10_05_2.bmp,0.8877485990524292,5.7949
1102,i10.bmp,i10_05_3.bmp,0.8249466419219971,5.1795
1103,i10.bmp,i10_05_4.bmp,0.7589913606643677,4.3947
1104,i10.bmp,i10_05_5.bmp,0.6978001594543457,3.3421
1105,i10.bmp,i10_06_1.bmp,0.8819647431373596,5.1579
1106,i10.bmp,i10_06_2.bmp,0.8448125123977661,4.6486
1107,i10.bmp,i10_06_3.bmp,0.7954257130622864,4.5789
1108,i10.bmp,i10_06_4.bmp,0.7527709603309631,3.8421
1109,i10.bmp,i10_06_5.bmp,0.7115815281867981,3.4054
1110,i10.bmp,i10_07_1.bmp,0.8509513735771179,5.5405
1111,i10.bmp,i10_07_2.bmp,0.8127621412277222,5.0256
1112,i10.bmp,i10_07_3.bmp,0.7619359493255615,4.4615
1113,i10.bmp,i10_07_4.bmp,0.7230041027069092,4.0
1114,i10.bmp,i10_07_5.bmp,0.703213095664978,3.0526
1115,i10.bmp,i10_08_1.bmp,0.9533979892730713,5.9737
1116,i10.bmp,i10_08_2.bmp,0.9206522703170776,5.3077
1117,i10.bmp,i10_08_3.bmp,0.8543782234191895,4.3514
1118,i10.bmp,i10_08_4.bmp,0.7568397521972656,3.5
1119,i10.bmp,i10_08_5.bmp,0.6777060627937317,2.7895
1120,i10.bmp,i10_09_1.bmp,0.8523740768432617,5.9744
1121,i10.bmp,i10_09_2.bmp,0.817781925201416,5.6923
1122,i10.bmp,i10_09_3.bmp,0.7582244277000427,5.1795
1123,i10.bmp,i10_09_4.bmp,0.6912923455238342,3.8158
1124,i10.bmp,i10_09_5.bmp,0.6409942507743835,2.282
1125,i10.bmp,i10_10_1.bmp,0.9008090496063232,5.8684
1126,i10.bmp,i10_10_2.bmp,0.8588417768478394,5.8158
1127,i10.bmp,i10_10_3.bmp,0.7806439399719238,5.2051
1128,i10.bmp,i10_10_4.bmp,0.6844580769538879,3.641
1129,i10.bmp,i10_10_5.bmp,0.6485925912857056,2.4359
1130,i10.bmp,i10_11_1.bmp,0.8387373685836792,5.1539
1131,i10.bmp,i10_11_2.bmp,0.7597000598907471,4.4615
1132,i10.bmp,i10_11_3.bmp,0.682085394859314,3.6154
1133,i10.bmp,i10_11_4.bmp,0.6466091275215149,2.1842
1134,i10.bmp,i10_11_5.bmp,0.6319684982299805,1.2368
1135,i10.bmp,i10_12_1.bmp,0.8849831819534302,4.7692
1136,i10.bmp,i10_12_2.bmp,0.8886096477508545,5.8421
1137,i10.bmp,i10_12_3.bmp,0.8488719463348389,4.9231
1138,i10.bmp,i10_12_4.bmp,0.7932670712471008,4.0526
1139,i10.bmp,i10_12_5.bmp,0.6763558983802795,2.6842
1140,i10.bmp,i10_13_1.bmp,0.9254029989242554,5.7895
1141,i10.bmp,i10_13_2.bmp,0.7516018152236938,3.9211
1142,i10.bmp,i10_13_3.bmp,0.7075800895690918,3.4211
1143,i10.bmp,i10_13_4.bmp,0.6909483075141907,2.6842
1144,i10.bmp,i10_13_5.bmp,0.6699214577674866,2.8974
1145,i10.bmp,i10_14_1.bmp,0.9278111457824707,5.8205
1146,i10.bmp,i10_14_2.bmp,0.9712836742401123,6.1539
1147,i10.bmp,i10_14_3.bmp,0.9392572045326233,5.5526
1148,i10.bmp,i10_14_4.bmp,0.8971627354621887,4.2703
1149,i10.bmp,i10_14_5.bmp,0.8749552965164185,3.8421
1150,i10.bmp,i10_15_1.bmp,0.916278600692749,3.0789
1151,i10.bmp,i10_15_2.bmp,0.9283263087272644,3.2308
1152,i10.bmp,i10_15_3.bmp,0.9448784589767456,3.6154
1153,i10.bmp,i10_15_4.bmp,0.9534000158309937,3.3684
1154,i10.bmp,i10_15_5.bmp,0.9689227938652039,4.1795
1155,i10.bmp,i10_16_1.bmp,0.9904316663742065,6.1282
1156,i10.bmp,i10_16_2.bmp,0.9858788251876831,6.1026
1157,i10.bmp,i10_16_3.bmp,0.9670217633247375,6.0256
1158,i10.bmp,i10_16_4.bmp,0.9579259157180786,5.5789
1159,i10.bmp,i10_16_5.bmp,0.931117832660675,5.1282
1160,i10.bmp,i10_17_1.bmp,0.9724444150924683,5.7105
1161,i10.bmp,i10_17_2.bmp,0.9536767601966858,6.5897
1162,i10.bmp,i10_17_3.bmp,0.9361148476600647,4.5676
1163,i10.bmp,i10_17_4.bmp,0.9090864658355713,6.5641
1164,i10.bmp,i10_17_5.bmp,0.8578890562057495,3.6923
1165,i10.bmp,i10_18_1.bmp,0.9218900203704834,4.5128
1166,i10.bmp,i10_18_2.bmp,0.8906471729278564,4.0769
1167,i10.bmp,i10_18_3.bmp,0.8558285236358643,3.8205
1168,i10.bmp,i10_18_4.bmp,0.8394395112991333,3.6316
1169,i10.bmp,i10_18_5.bmp,0.8262884020805359,3.3158
1170,i10.bmp,i10_19_1.bmp,0.8742783665657043,5.5789
1171,i10.bmp,i10_19_2.bmp,0.8400530219078064,5.4211
1172,i10.bmp,i10_19_3.bmp,0.8001742362976074,4.6757
1173,i10.bmp,i10_19_4.bmp,0.7636706829071045,4.2162
1174,i10.bmp,i10_19_5.bmp,0.7293366193771362,3.8718
1175,i10.bmp,i10_20_1.bmp,0.8839236497879028,5.8461
1176,i10.bmp,i10_20_2.bmp,0.8148074150085449,5.3846
1177,i10.bmp,i10_20_3.bmp,0.7412137985229492,4.4359
1178,i10.bmp,i10_20_4.bmp,0.6823937296867371,3.5789
1179,i10.bmp,i10_20_5.bmp,0.6469287872314453,2.8649
1180,i10.bmp,i10_21_1.bmp,0.821567714214325,5.5
1181,i10.bmp,i10_21_2.bmp,0.7658580541610718,5.1795
1182,i10.bmp,i10_21_3.bmp,0.7222627997398376,4.2564
1183,i10.bmp,i10_21_4.bmp,0.678580641746521,3.7692
1184,i10.bmp,i10_21_5.bmp,0.6275014877319336,2.5128
1185,i10.bmp,i10_22_1.bmp,0.903064489364624,5.9737
1186,i10.bmp,i10_22_2.bmp,0.8603426218032837,4.8718
1187,i10.bmp,i10_22_3.bmp,0.8138300180435181,4.4865
1188,i10.bmp,i10_22_4.bmp,0.7770929336547852,4.0278
1189,i10.bmp,i10_22_5.bmp,0.736971378326416,3.2564
1190,i10.bmp,i10_23_1.bmp,0.9281530380249023,6.1539
1191,i10.bmp,i10_23_2.bmp,0.8671187162399292,5.9487
1192,i10.bmp,i10_23_3.bmp,0.7628487944602966,4.5526
1193,i10.bmp,i10_23_4.bmp,0.6707816123962402,2.6053
1194,i10.bmp,i10_23_5.bmp,0.6398313045501709,1.4474
1195,i10.bmp,i10_24_1.bmp,0.825468897819519,5.4615
1196,i10.bmp,i10_24_2.bmp,0.7596410512924194,4.7895
1197,i10.bmp,i10_24_3.bmp,0.6835643649101257,3.5128
1198,i10.bmp,i10_24_4.bmp,0.6331684589385986,1.8649
1199,i10.bmp,i10_24_5.bmp,0.6222034096717834,0.36842
1200,i11.bmp,i11_01_1.bmp,0.9087861776351929,5.5405
1201,i11.bmp,i11_01_2.bmp,0.8791906833648682,5.1622
1202,i11.bmp,i11_01_3.bmp,0.8389554619789124,5.3514
1203,i11.bmp,i11_01_4.bmp,0.8026305437088013,4.2857
1204,i11.bmp,i11_01_5.bmp,0.7578384280204773,3.8611
1205,i11.bmp,i11_02_1.bmp,0.9337949752807617,5.5556
1206,i11.bmp,i11_02_2.bmp,0.9106904864311218,5.8857
1207,i11.bmp,i11_02_3.bmp,0.8805172443389893,5.4444
1208,i11.bmp,i11_02_4.bmp,0.8418536186218262,5.1944
1209,i11.bmp,i11_02_5.bmp,0.8021214008331299,4.75
1210,i11.bmp,i11_03_1.bmp,0.8424601554870605,5.0
1211,i11.bmp,i11_03_2.bmp,0.800147533416748,4.4324
1212,i11.bmp,i11_03_3.bmp,0.7602250576019287,3.8286
1213,i11.bmp,i11_03_4.bmp,0.7201994061470032,3.2703
1214,i11.bmp,i11_03_5.bmp,0.6841098666191101,2.9167
1215,i11.bmp,i11_04_1.bmp,0.9732613563537598,5.4706
1216,i11.bmp,i11_04_2.bmp,0.9647253751754761,5.6216
1217,i11.bmp,i11_04_3.bmp,0.9491112232208252,5.2857
1218,i11.bmp,i11_04_4.bmp,0.9246264696121216,5.1944
1219,i11.bmp,i11_04_5.bmp,0.8887824416160583,4.6757
1220,i11.bmp,i11_05_1.bmp,0.9424105882644653,6.027
1221,i11.bmp,i11_05_2.bmp,0.9201516509056091,5.8056
1222,i11.bmp,i11_05_3.bmp,0.8690932989120483,5.2973
1223,i11.bmp,i11_05_4.bmp,0.8011468648910522,4.1944
1224,i11.bmp,i11_05_5.bmp,0.7279276251792908,3.0556
1225,i11.bmp,i11_06_1.bmp,0.9092169404029846,4.6944
1226,i11.bmp,i11_06_2.bmp,0.8691957592964172,4.3889
1227,i11.bmp,i11_06_3.bmp,0.8344870805740356,3.973
1228,i11.bmp,i11_06_4.bmp,0.7913814783096313,3.5405
1229,i11.bmp,i11_06_5.bmp,0.7450792789459229,3.0286
1230,i11.bmp,i11_07_1.bmp,0.8948222398757935,5.5676
1231,i11.bmp,i11_07_2.bmp,0.8537936210632324,4.8
1232,i11.bmp,i11_07_3.bmp,0.8165379762649536,4.5278
1233,i11.bmp,i11_07_4.bmp,0.7775664329528809,3.9412
1234,i11.bmp,i11_07_5.bmp,0.736964225769043,2.7568
1235,i11.bmp,i11_08_1.bmp,0.9543921947479248,4.9429
1236,i11.bmp,i11_08_2.bmp,0.9138481020927429,4.5714
1237,i11.bmp,i11_08_3.bmp,0.8347791433334351,3.7568
1238,i11.bmp,i11_08_4.bmp,0.7315653562545776,2.8571
1239,i11.bmp,i11_08_5.bmp,0.6543253660202026,2.3333
1240,i11.bmp,i11_09_1.bmp,0.8782259225845337,5.8108
1241,i11.bmp,i11_09_2.bmp,0.8406323194503784,5.8649
1242,i11.bmp,i11_09_3.bmp,0.7757566571235657,4.6667
1243,i11.bmp,i11_09_4.bmp,0.7034354209899902,3.3333
1244,i11.bmp,i11_09_5.bmp,0.6359854936599731,1.9722
1245,i11.bmp,i11_10_1.bmp,0.9158835411071777,5.8108
1246,i11.bmp,i11_10_2.bmp,0.8800548315048218,5.6486
1247,i11.bmp,i11_10_3.bmp,0.804047703742981,5.0278
1248,i11.bmp,i11_10_4.bmp,0.7071529030799866,3.4865
1249,i11.bmp,i11_10_5.bmp,0.6455605030059814,2.2703
1250,i11.bmp,i11_11_1.bmp,0.9007677435874939,5.8611
1251,i11.bmp,i11_11_2.bmp,0.8548848628997803,5.4286
1252,i11.bmp,i11_11_3.bmp,0.7877054214477539,4.4722
1253,i11.bmp,i11_11_4.bmp,0.6710869073867798,2.9143
1254,i11.bmp,i11_11_5.bmp,0.6119155883789062,0.97222
1255,i11.bmp,i11_12_1.bmp,0.9366181492805481,5.6111
1256,i11.bmp,i11_12_2.bmp,0.9571784138679504,5.9722
1257,i11.bmp,i11_12_3.bmp,0.8706827759742737,4.6216
1258,i11.bmp,i11_12_4.bmp,0.763767421245575,3.7778
1259,i11.bmp,i11_12_5.bmp,0.677022397518158,2.0278
1260,i11.bmp,i11_13_1.bmp,0.8550604581832886,4.0833
1261,i11.bmp,i11_13_2.bmp,0.813692569732666,4.5405
1262,i11.bmp,i11_13_3.bmp,0.7598061561584473,3.25
1263,i11.bmp,i11_13_4.bmp,0.7143455743789673,2.75
1264,i11.bmp,i11_13_5.bmp,0.6695024371147156,2.2778
1265,i11.bmp,i11_14_1.bmp,0.9529155492782593,5.8333
1266,i11.bmp,i11_14_2.bmp,0.9568740725517273,5.4571
1267,i11.bmp,i11_14_3.bmp,0.9095834493637085,5.2973
1268,i11.bmp,i11_14_4.bmp,0.8711397647857666,5.1667
1269,i11.bmp,i11_14_5.bmp,0.8439427614212036,4.3889
1270,i11.bmp,i11_15_1.bmp,0.9033578038215637,3.1892
1271,i11.bmp,i11_15_2.bmp,0.9110029339790344,3.3889
1272,i11.bmp,i11_15_3.bmp,0.9271647334098816,3.5
1273,i11.bmp,i11_15_4.bmp,0.9424948692321777,3.6757
1274,i11.bmp,i11_15_5.bmp,0.9606701135635376,3.5
1275,i11.bmp,i11_16_1.bmp,0.9849948883056641,6.1081
1276,i11.bmp,i11_16_2.bmp,0.9761650562286377,5.9189
1277,i11.bmp,i11_16_3.bmp,0.9358686208724976,5.6944
1278,i11.bmp,i11_16_4.bmp,0.9376474618911743,4.9459
1279,i11.bmp,i11_16_5.bmp,0.8704097270965576,4.5676
1280,i11.bmp,i11_17_1.bmp,0.9724095463752747,5.5946
1281,i11.bmp,i11_17_2.bmp,0.9514957666397095,6.75
1282,i11.bmp,i11_17_3.bmp,0.9340834617614746,4.3429
1283,i11.bmp,i11_17_4.bmp,0.8976189494132996,6.8378
1284,i11.bmp,i11_17_5.bmp,0.8510980010032654,3.2162
1285,i11.bmp,i11_18_1.bmp,0.9485902786254883,4.5556
1286,i11.bmp,i11_18_2.bmp,0.9269247055053711,4.2703
1287,i11.bmp,i11_18_3.bmp,0.8924330472946167,3.5833
1288,i11.bmp,i11_18_4.bmp,0.8454093337059021,3.4412
1289,i11.bmp,i11_18_5.bmp,0.8277779221534729,3.5135
1290,i11.bmp,i11_19_1.bmp,0.92676842212677,5.6486
1291,i11.bmp,i11_19_2.bmp,0.8951437473297119,5.1111
1292,i11.bmp,i11_19_3.bmp,0.8603425621986389,4.6486
1293,i11.bmp,i11_19_4.bmp,0.818871259689331,3.9714
1294,i11.bmp,i11_19_5.bmp,0.7759350538253784,3.6216
1295,i11.bmp,i11_20_1.bmp,0.9352073669433594,6.0286
1296,i11.bmp,i11_20_2.bmp,0.9014548063278198,5.5946
1297,i11.bmp,i11_20_3.bmp,0.8474866151809692,5.3514
1298,i11.bmp,i11_20_4.bmp,0.7701201438903809,4.8889
1299,i11.bmp,i11_20_5.bmp,0.6864821314811707,3.6389
1300,i11.bmp,i11_21_1.bmp,0.873996376991272,5.7027
1301,i11.bmp,i11_21_2.bmp,0.8267497420310974,5.4167
1302,i11.bmp,i11_21_3.bmp,0.7712905406951904,4.4054
1303,i11.bmp,i11_21_4.bmp,0.7158516645431519,3.8611
1304,i11.bmp,i11_21_5.bmp,0.6572369337081909,2.6486
1305,i11.bmp,i11_22_1.bmp,0.9261960387229919,5.5676
1306,i11.bmp,i11_22_2.bmp,0.9009197950363159,5.4054
1307,i11.bmp,i11_22_3.bmp,0.8460260033607483,4.8919
1308,i11.bmp,i11_22_4.bmp,0.7962074279785156,3.6486
1309,i11.bmp,i11_22_5.bmp,0.7230113744735718,2.5278
1310,i11.bmp,i11_23_1.bmp,0.9384598731994629,5.8649
1311,i11.bmp,i11_23_2.bmp,0.8963831663131714,5.8378
1312,i11.bmp,i11_23_3.bmp,0.8621542453765869,5.9459
1313,i11.bmp,i11_23_4.bmp,0.7919656038284302,5.2703
1314,i11.bmp,i11_23_5.bmp,0.674545168876648,2.7568
1315,i11.bmp,i11_24_1.bmp,0.8828407526016235,5.9189
1316,i11.bmp,i11_24_2.bmp,0.827971875667572,5.4722
1317,i11.bmp,i11_24_3.bmp,0.7566847801208496,4.6286
1318,i11.bmp,i11_24_4.bmp,0.6712715029716492,2.8857
1319,i11.bmp,i11_24_5.bmp,0.6109429001808167,0.58333
1320,i12.bmp,i12_01_1.bmp,0.8931980133056641,5.9459
1321,i12.bmp,i12_01_2.bmp,0.8590363264083862,4.9722
1322,i12.bmp,i12_01_3.bmp,0.8184750080108643,4.7895
1323,i12.bmp,i12_01_4.bmp,0.7782175540924072,4.1389
1324,i12.bmp,i12_01_5.bmp,0.7462139129638672,3.7632
1325,i12.bmp,i12_02_1.bmp,0.9228928089141846,6.0811
1326,i12.bmp,i12_02_2.bmp,0.8970611095428467,5.973
1327,i12.bmp,i12_02_3.bmp,0.8617052435874939,5.5263
1328,i12.bmp,i12_02_4.bmp,0.8264070153236389,5.0526
1329,i12.bmp,i12_02_5.bmp,0.7879765033721924,4.5405
1330,i12.bmp,i12_03_1.bmp,0.8252698183059692,4.5676
1331,i12.bmp,i12_03_2.bmp,0.7857571840286255,4.1622
1332,i12.bmp,i12_03_3.bmp,0.7449832558631897,3.7568
1333,i12.bmp,i12_03_4.bmp,0.7095790505409241,3.1053
1334,i12.bmp,i12_03_5.bmp,0.6835354566574097,2.7105
1335,i12.bmp,i12_04_1.bmp,0.9659853577613831,5.9189
1336,i12.bmp,i12_04_2.bmp,0.9539176225662231,5.5263
1337,i12.bmp,i12_04_3.bmp,0.9330539107322693,5.2105
1338,i12.bmp,i12_04_4.bmp,0.9022612571716309,4.7027
1339,i12.bmp,i12_04_5.bmp,0.8621398210525513,3.7838
1340,i12.bmp,i12_05_1.bmp,0.9343063831329346,5.6486
1341,i12.bmp,i12_05_2.bmp,0.9071252346038818,5.8108
1342,i12.bmp,i12_05_3.bmp,0.8488507270812988,5.2105
1343,i12.bmp,i12_05_4.bmp,0.7847388982772827,4.3514
1344,i12.bmp,i12_05_5.bmp,0.7231076955795288,3.6579
1345,i12.bmp,i12_06_1.bmp,0.9026598930358887,5.0811
1346,i12.bmp,i12_06_2.bmp,0.8521803617477417,4.8158
1347,i12.bmp,i12_06_3.bmp,0.8063960671424866,4.4595
1348,i12.bmp,i12_06_4.bmp,0.7662980556488037,4.0811
1349,i12.bmp,i12_06_5.bmp,0.7256743311882019,3.75
1350,i12.bmp,i12_07_1.bmp,0.8686867356300354,4.6944
1351,i12.bmp,i12_07_2.bmp,0.8331331014633179,4.3947
1352,i12.bmp,i12_07_3.bmp,0.7761828899383545,4.1842
1353,i12.bmp,i12_07_4.bmp,0.7600110769271851,3.1892
1354,i12.bmp,i12_07_5.bmp,0.7306639552116394,3.0278
1355,i12.bmp,i12_08_1.bmp,0.960303783416748,6.1842
1356,i12.bmp,i12_08_2.bmp,0.9255102872848511,5.4737
1357,i12.bmp,i12_08_3.bmp,0.8612061142921448,4.5263
1358,i12.bmp,i12_08_4.bmp,0.7740709781646729,3.6053
1359,i12.bmp,i12_08_5.bmp,0.6990436315536499,2.7778
1360,i12.bmp,i12_09_1.bmp,0.8599770069122314,6.3158
1361,i12.bmp,i12_09_2.bmp,0.8252068758010864,5.5278
1362,i12.bmp,i12_09_3.bmp,0.775529146194458,4.7368
1363,i12.bmp,i12_09_4.bmp,0.715328574180603,3.4324
1364,i12.bmp,i12_09_5.bmp,0.6659420728683472,2.2571
1365,i12.bmp,i12_10_1.bmp,0.9157300591468811,6.0811
1366,i12.bmp,i12_10_2.bmp,0.8788938522338867,5.8947
1367,i12.bmp,i12_10_3.bmp,0.8021761775016785,5.1053
1368,i12.bmp,i12_10_4.bmp,0.6986238360404968,3.1053
1369,i12.bmp,i12_10_5.bmp,0.6648920774459839,2.2368
1370,i12.bmp,i12_11_1.bmp,0.8558511734008789,5.4054
1371,i12.bmp,i12_11_2.bmp,0.7654812335968018,4.6757
1372,i12.bmp,i12_11_3.bmp,0.6832493543624878,2.7778
1373,i12.bmp,i12_11_4.bmp,0.6536980867385864,1.9474
1374,i12.bmp,i12_11_5.bmp,0.6423073410987854,0.81579
1375,i12.bmp,i12_12_1.bmp,0.912350594997406,5.5
1376,i12.bmp,i12_12_2.bmp,0.8786554336547852,5.0526
1377,i12.bmp,i12_12_3.bmp,0.772200345993042,3.6486
1378,i12.bmp,i12_12_4.bmp,0.7370677590370178,3.0789
1379,i12.bmp,i12_12_5.bmp,0.7104572653770447,3.0811
1380,i12.bmp,i12_13_1.bmp,0.8667830228805542,5.3784
1381,i12.bmp,i12_13_2.bmp,0.8086614608764648,4.5676
1382,i12.bmp,i12_13_3.bmp,0.7304810881614685,3.2368
1383,i12.bmp,i12_13_4.bmp,0.7096356153488159,2.8333
1384,i12.bmp,i12_13_5.bmp,0.8233508467674255,4.0
1385,i12.bmp,i12_14_1.bmp,0.9105197191238403,5.5526
1386,i12.bmp,i12_14_2.bmp,0.9661139249801636,6.1579
1387,i12.bmp,i12_14_3.bmp,0.9327638149261475,4.5405
1388,i12.bmp,i12_14_4.bmp,0.9027135968208313,4.4737
1389,i12.bmp,i12_14_5.bmp,0.8650503158569336,3.5676
1390,i12.bmp,i12_15_1.bmp,0.901504397392273,3.5
1391,i12.bmp,i12_15_2.bmp,0.914231538772583,3.5143
1392,i12.bmp,i12_15_3.bmp,0.9268537163734436,3.6579
1393,i12.bmp,i12_15_4.bmp,0.944756805896759,4.0789
1394,i12.bmp,i12_15_5.bmp,0.9628347158432007,4.5429
1395,i12.bmp,i12_16_1.bmp,0.990334689617157,6.5263
1396,i12.bmp,i12_16_2.bmp,0.9816193580627441,6.2973
1397,i12.bmp,i12_16_3.bmp,0.9674098491668701,6.0526
1398,i12.bmp,i12_16_4.bmp,0.9414246678352356,6.1111
1399,i12.bmp,i12_16_5.bmp,0.9345899820327759,5.6757
1400,i12.bmp,i12_17_1.bmp,0.9739646315574646,6.2632
1401,i12.bmp,i12_17_2.bmp,0.9547119140625,6.8158
1402,i12.bmp,i12_17_3.bmp,0.9396525025367737,4.8108
1403,i12.bmp,i12_17_4.bmp,0.9064744114875793,6.2632
1404,i12.bmp,i12_17_5.bmp,0.8638705015182495,4.0263
1405,i12.bmp,i12_18_1.bmp,0.9548459053039551,5.6486
1406,i12.bmp,i12_18_2.bmp,0.9392915964126587,5.3514
1407,i12.bmp,i12_18_3.bmp,0.9144085645675659,5.0
1408,i12.bmp,i12_18_4.bmp,0.8771708011627197,4.4865
1409,i12.bmp,i12_18_5.bmp,0.8368337750434875,4.2973
1410,i12.bmp,i12_19_1.bmp,0.9036774635314941,5.7297
1411,i12.bmp,i12_19_2.bmp,0.8718175888061523,5.5135
1412,i12.bmp,i12_19_3.bmp,0.8372355699539185,5.2973
1413,i12.bmp,i12_19_4.bmp,0.7994710206985474,4.7105
1414,i12.bmp,i12_19_5.bmp,0.7621103525161743,4.0263
1415,i12.bmp,i12_20_1.bmp,0.9099435210227966,5.5833
1416,i12.bmp,i12_20_2.bmp,0.8449530005455017,5.2778
1417,i12.bmp,i12_20_3.bmp,0.7695551514625549,4.4324
1418,i12.bmp,i12_20_4.bmp,0.6958266496658325,3.6053
1419,i12.bmp,i12_20_5.bmp,0.6496626138687134,2.8056
1420,i12.bmp,i12_21_1.bmp,0.8449534177780151,5.1579
1421,i12.bmp,i12_21_2.bmp,0.7898073196411133,4.9459
1422,i12.bmp,i12_21_3.bmp,0.7439883351325989,4.0263
1423,i12.bmp,i12_21_4.bmp,0.6985026597976685,3.0278
1424,i12.bmp,i12_21_5.bmp,0.6435078978538513,2.0
1425,i12.bmp,i12_22_1.bmp,0.9149261713027954,5.25
1426,i12.bmp,i12_22_2.bmp,0.8827642202377319,5.1316
1427,i12.bmp,i12_22_3.bmp,0.8312489986419678,4.5676
1428,i12.bmp,i12_22_4.bmp,0.7735862731933594,3.5
1429,i12.bmp,i12_22_5.bmp,0.727532148361206,2.6216
1430,i12.bmp,i12_23_1.bmp,0.9286088943481445,6.0541
1431,i12.bmp,i12_23_2.bmp,0.868527889251709,6.1842
1432,i12.bmp,i12_23_3.bmp,0.79500412940979,4.8947
1433,i12.bmp,i12_23_4.bmp,0.7145284414291382,3.1892
1434,i12.bmp,i12_23_5.bmp,0.6583191752433777,2.2105
1435,i12.bmp,i12_24_1.bmp,0.8370984196662903,5.8649
1436,i12.bmp,i12_24_2.bmp,0.7669594883918762,4.3784
1437,i12.bmp,i12_24_3.bmp,0.6856112480163574,3.0789
1438,i12.bmp,i12_24_4.bmp,0.6437309384346008,1.9737
1439,i12.bmp,i12_24_5.bmp,0.635208249092102,0.40541
1440,i13.bmp,i13_01_1.bmp,0.9438990354537964,5.5349
1441,i13.bmp,i13_01_2.bmp,0.9223482012748718,5.425
1442,i13.bmp,i13_01_3.bmp,0.8897680044174194,5.0698
1443,i13.bmp,i13_01_4.bmp,0.8540288209915161,4.7907
1444,i13.bmp,i13_01_5.bmp,0.8151556253433228,4.0238
1445,i13.bmp,i13_02_1.bmp,0.9541586637496948,5.3095
1446,i13.bmp,i13_02_2.bmp,0.935778021812439,5.5366
1447,i13.bmp,i13_02_3.bmp,0.9094488620758057,5.6279
1448,i13.bmp,i13_02_4.bmp,0.8814994692802429,5.4048
1449,i13.bmp,i13_02_5.bmp,0.849973201751709,4.6667
1450,i13.bmp,i13_03_1.bmp,0.8864353895187378,5.1429
1451,i13.bmp,i13_03_2.bmp,0.8500693440437317,5.0714
1452,i13.bmp,i13_03_3.bmp,0.8086941838264465,4.1667
1453,i13.bmp,i13_03_4.bmp,0.7712249755859375,3.6667
1454,i13.bmp,i13_03_5.bmp,0.7323564291000366,2.7619
1455,i13.bmp,i13_04_1.bmp,0.9834071397781372,5.7317
1456,i13.bmp,i13_04_2.bmp,0.978917121887207,5.475
1457,i13.bmp,i13_04_3.bmp,0.9708800315856934,5.5581
1458,i13.bmp,i13_04_4.bmp,0.9590092301368713,5.439
1459,i13.bmp,i13_04_5.bmp,0.9382761716842651,4.9286
1460,i13.bmp,i13_05_1.bmp,0.9680851101875305,5.3571
1461,i13.bmp,i13_05_2.bmp,0.9544963836669922,5.0476
1462,i13.bmp,i13_05_3.bmp,0.9185917377471924,5.5116
1463,i13.bmp,i13_05_4.bmp,0.8616801500320435,4.1667
1464,i13.bmp,i13_05_5.bmp,0.7866199612617493,3.0952
1465,i13.bmp,i13_06_1.bmp,0.9448630809783936,4.55
1466,i13.bmp,i13_06_2.bmp,0.9200272560119629,4.2558
1467,i13.bmp,i13_06_3.bmp,0.8864631652832031,3.6667
1468,i13.bmp,i13_06_4.bmp,0.8503148555755615,3.4419
1469,i13.bmp,i13_06_5.bmp,0.8053608536720276,3.0952
1470,i13.bmp,i13_07_1.bmp,0.942184329032898,5.725
1471,i13.bmp,i13_07_2.bmp,0.9115762710571289,5.3171
1472,i13.bmp,i13_07_3.bmp,0.8723962903022766,4.6429
1473,i13.bmp,i13_07_4.bmp,0.822359561920166,3.4146
1474,i13.bmp,i13_07_5.bmp,0.7613980770111084,2.8293
1475,i13.bmp,i13_08_1.bmp,0.9562942981719971,4.8095
1476,i13.bmp,i13_08_2.bmp,0.9144625663757324,3.9524
1477,i13.bmp,i13_08_3.bmp,0.8347448110580444,3.122
1478,i13.bmp,i13_08_4.bmp,0.7366660833358765,2.5814
1479,i13.bmp,i13_08_5.bmp,0.6627486944198608,1.7381
1480,i13.bmp,i13_09_1.bmp,0.9103001356124878,5.0732
1481,i13.bmp,i13_09_2.bmp,0.8645153045654297,4.7674
1482,i13.bmp,i13_09_3.bmp,0.7877299785614014,3.186
1483,i13.bmp,i13_09_4.bmp,0.6954757571220398,2.1667
1484,i13.bmp,i13_09_5.bmp,0.633989691734314,0.4878
1485,i13.bmp,i13_10_1.bmp,0.9364687204360962,5.4884
1486,i13.bmp,i13_10_2.bmp,0.9017633199691772,5.4651
1487,i13.bmp,i13_10_3.bmp,0.8339100480079651,4.475
1488,i13.bmp,i13_10_4.bmp,0.7282990217208862,3.2558
1489,i13.bmp,i13_10_5.bmp,0.6670612096786499,1.1628
1490,i13.bmp,i13_11_1.bmp,0.9592862129211426,5.3256
1491,i13.bmp,i13_11_2.bmp,0.9327195286750793,5.3256
1492,i13.bmp,i13_11_3.bmp,0.886053740978241,4.6905
1493,i13.bmp,i13_11_4.bmp,0.816087007522583,4.3488
1494,i13.bmp,i13_11_5.bmp,0.6800615787506104,2.3809
1495,i13.bmp,i13_12_1.bmp,0.9721258878707886,5.2326
1496,i13.bmp,i13_12_2.bmp,0.9678992033004761,5.4419
1497,i13.bmp,i13_12_3.bmp,0.9233128428459167,5.1163
1498,i13.bmp,i13_12_4.bmp,0.9285140037536621,5.2619
1499,i13.bmp,i13_12_5.bmp,0.8824281692504883,5.0476
1500,i13.bmp,i13_13_1.bmp,0.9635922908782959,5.4186
1501,i13.bmp,i13_13_2.bmp,0.9357166886329651,4.9286
1502,i13.bmp,i13_13_3.bmp,0.8409786224365234,4.7907
1503,i13.bmp,i13_13_4.bmp,0.8136105537414551,3.6341
1504,i13.bmp,i13_13_5.bmp,0.7385919690132141,2.4048
1505,i13.bmp,i13_14_1.bmp,0.9758164286613464,5.6429
1506,i13.bmp,i13_14_2.bmp,0.959470272064209,5.4048
1507,i13.bmp,i13_14_3.bmp,0.9313805103302002,5.7381
1508,i13.bmp,i13_14_4.bmp,0.8982962369918823,5.0233
1509,i13.bmp,i13_14_5.bmp,0.8569828271865845,3.9762
1510,i13.bmp,i13_15_1.bmp,0.9060415625572205,2.7317
1511,i13.bmp,i13_15_2.bmp,0.9218347072601318,2.878
1512,i13.bmp,i13_15_3.bmp,0.9341419339179993,3.0476
1513,i13.bmp,i13_15_4.bmp,0.9609960317611694,3.5714
1514,i13.bmp,i13_15_5.bmp,0.9636517763137817,3.7073
1515,i13.bmp,i13_16_1.bmp,0.9885168075561523,5.6047
1516,i13.bmp,i13_16_2.bmp,0.980805516242981,5.2791
1517,i13.bmp,i13_16_3.bmp,0.9589923620223999,5.439
1518,i13.bmp,i13_16_4.bmp,0.9478657245635986,4.2927
1519,i13.bmp,i13_16_5.bmp,0.9165635108947754,4.4419
1520,i13.bmp,i13_17_1.bmp,0.9787240624427795,4.4884
1521,i13.bmp,i13_17_2.bmp,0.9606837630271912,6.6279
1522,i13.bmp,i13_17_3.bmp,0.9437461495399475,3.7209
1523,i13.bmp,i13_17_4.bmp,0.9178183078765869,6.4884
1524,i13.bmp,i13_17_5.bmp,0.8676532506942749,2.5854
1525,i13.bmp,i13_18_1.bmp,0.9589852094650269,3.9512
1526,i13.bmp,i13_18_2.bmp,0.9418736696243286,3.7442
1527,i13.bmp,i13_18_3.bmp,0.9150228500366211,3.1429
1528,i13.bmp,i13_18_4.bmp,0.8799776434898376,2.8462
1529,i13.bmp,i13_18_5.bmp,0.8542295694351196,2.7317
1530,i13.bmp,i13_19_1.bmp,0.9502742886543274,5.2439
1531,i13.bmp,i13_19_2.bmp,0.9286680817604065,5.2619
1532,i13.bmp,i13_19_3.bmp,0.8985869884490967,5.3256
1533,i13.bmp,i13_19_4.bmp,0.8629333972930908,4.5122
1534,i13.bmp,i13_19_5.bmp,0.8232085108757019,4.1628
1535,i13.bmp,i13_20_1.bmp,0.969970703125,5.6744
1536,i13.bmp,i13_20_2.bmp,0.9573975205421448,5.0952
1537,i13.bmp,i13_20_3.bmp,0.9349769353866577,5.5238
1538,i13.bmp,i13_20_4.bmp,0.8961910009384155,5.2857
1539,i13.bmp,i13_20_5.bmp,0.8318933248519897,5.2326
1540,i13.bmp,i13_21_1.bmp,0.9265396595001221,5.6512
1541,i13.bmp,i13_21_2.bmp,0.8938522338867188,5.5476
1542,i13.bmp,i13_21_3.bmp,0.8555233478546143,5.0952
1543,i13.bmp,i13_21_4.bmp,0.7952162027359009,4.7209
1544,i13.bmp,i13_21_5.bmp,0.7271044254302979,3.4762
1545,i13.bmp,i13_22_1.bmp,0.9477757215499878,5.4286
1546,i13.bmp,i13_22_2.bmp,0.9187663197517395,4.7805
1547,i13.bmp,i13_22_3.bmp,0.8727760314941406,3.9767
1548,i13.bmp,i13_22_4.bmp,0.8191534280776978,2.9302
1549,i13.bmp,i13_22_5.bmp,0.7615379095077515,2.4186
1550,i13.bmp,i13_23_1.bmp,0.9573554992675781,5.6512
1551,i13.bmp,i13_23_2.bmp,0.9226109385490417,5.3953
1552,i13.bmp,i13_23_3.bmp,0.8933796882629395,5.45
1553,i13.bmp,i13_23_4.bmp,0.8716074824333191,5.0465
1554,i13.bmp,i13_23_5.bmp,0.815317690372467,5.2093
1555,i13.bmp,i13_24_1.bmp,0.923484742641449,5.4419
1556,i13.bmp,i13_24_2.bmp,0.8934555053710938,5.1905
1557,i13.bmp,i13_24_3.bmp,0.8451075553894043,4.3953
1558,i13.bmp,i13_24_4.bmp,0.7868319749832153,3.8605
1559,i13.bmp,i13_24_5.bmp,0.6980934739112854,2.8809
1560,i14.bmp,i14_01_1.bmp,0.9313637018203735,5.8919
1561,i14.bmp,i14_01_2.bmp,0.9019786715507507,5.6944
1562,i14.bmp,i14_01_3.bmp,0.8678123950958252,4.7778
1563,i14.bmp,i14_01_4.bmp,0.8267074823379517,4.3143
1564,i14.bmp,i14_01_5.bmp,0.7837148904800415,3.75
1565,i14.bmp,i14_02_1.bmp,0.9507193565368652,5.973
1566,i14.bmp,i14_02_2.bmp,0.9308360815048218,5.9167
1567,i14.bmp,i14_02_3.bmp,0.9038231372833252,5.7714
1568,i14.bmp,i14_02_4.bmp,0.8701380491256714,5.1389
1569,i14.bmp,i14_02_5.bmp,0.8329235315322876,4.5278
1570,i14.bmp,i14_03_1.bmp,0.8739387392997742,5.1944
1571,i14.bmp,i14_03_2.bmp,0.8347510695457458,4.4324
1572,i14.bmp,i14_03_3.bmp,0.7908916473388672,3.7778
1573,i14.bmp,i14_03_4.bmp,0.7493386268615723,3.0833
1574,i14.bmp,i14_03_5.bmp,0.704655647277832,2.5946
1575,i14.bmp,i14_04_1.bmp,0.9814255833625793,6.0286
1576,i14.bmp,i14_04_2.bmp,0.9755070209503174,5.6389
1577,i14.bmp,i14_04_3.bmp,0.9646708965301514,5.5
1578,i14.bmp,i14_04_4.bmp,0.9470382928848267,4.6571
1579,i14.bmp,i14_04_5.bmp,0.9186426401138306,4.0278
1580,i14.bmp,i14_05_1.bmp,0.9587968587875366,6.0541
1581,i14.bmp,i14_05_2.bmp,0.9397655725479126,5.5946
1582,i14.bmp,i14_05_3.bmp,0.8923704624176025,4.9722
1583,i14.bmp,i14_05_4.bmp,0.8287025690078735,4.1622
1584,i14.bmp,i14_05_5.bmp,0.7539759278297424,3.027
1585,i14.bmp,i14_06_1.bmp,0.9337390065193176,5.0833
1586,i14.bmp,i14_06_2.bmp,0.9034202098846436,4.3333
1587,i14.bmp,i14_06_3.bmp,0.8680327534675598,4.0278
1588,i14.bmp,i14_06_4.bmp,0.8245037198066711,3.7778
1589,i14.bmp,i14_06_5.bmp,0.7751517295837402,3.1667
1590,i14.bmp,i14_07_1.bmp,0.9175733327865601,5.7222
1591,i14.bmp,i14_07_2.bmp,0.8857035636901855,5.4444
1592,i14.bmp,i14_07_3.bmp,0.8321028351783752,4.2778
1593,i14.bmp,i14_07_4.bmp,0.7930817604064941,3.6111
1594,i14.bmp,i14_07_5.bmp,0.7512456178665161,2.9189
1595,i14.bmp,i14_08_1.bmp,0.9632914662361145,5.4324
1596,i14.bmp,i14_08_2.bmp,0.9289866089820862,4.5556
1597,i14.bmp,i14_08_3.bmp,0.8590389490127563,3.4865
1598,i14.bmp,i14_08_4.bmp,0.7627253532409668,2.8378
1599,i14.bmp,i14_08_5.bmp,0.6763503551483154,1.5946
1600,i14.bmp,i14_09_1.bmp,0.8978193998336792,6.0541
1601,i14.bmp,i14_09_2.bmp,0.8641881346702576,5.8919
1602,i14.bmp,i14_09_3.bmp,0.8061553835868835,4.5
1603,i14.bmp,i14_09_4.bmp,0.7283923029899597,2.8919
1604,i14.bmp,i14_09_5.bmp,0.6598464846611023,1.75
1605,i14.bmp,i14_10_1.bmp,0.9235075116157532,5.7778
1606,i14.bmp,i14_10_2.bmp,0.8866757154464722,5.1667
1607,i14.bmp,i14_10_3.bmp,0.8166345357894897,4.25
1608,i14.bmp,i14_10_4.bmp,0.7187474966049194,3.0556
1609,i14.bmp,i14_10_5.bmp,0.6502624154090881,1.8611
1610,i14.bmp,i14_11_1.bmp,0.934223473072052,5.973
1611,i14.bmp,i14_11_2.bmp,0.8889687061309814,5.4722
1612,i14.bmp,i14_11_3.bmp,0.8193213939666748,4.2432
1613,i14.bmp,i14_11_4.bmp,0.7160385847091675,3.0833
1614,i14.bmp,i14_11_5.bmp,0.637241780757904,1.2857
1615,i14.bmp,i14_12_1.bmp,0.9588340520858765,5.8108
1616,i14.bmp,i14_12_2.bmp,0.9200658798217773,5.6471
1617,i14.bmp,i14_12_3.bmp,0.8438147306442261,4.0571
1618,i14.bmp,i14_12_4.bmp,0.8538574576377869,4.1351
1619,i14.bmp,i14_12_5.bmp,0.8021891713142395,3.1892
1620,i14.bmp,i14_13_1.bmp,0.8890494108200073,5.027
1621,i14.bmp,i14_13_2.bmp,0.8780967593193054,4.5278
1622,i14.bmp,i14_13_3.bmp,0.7987759709358215,3.6216
1623,i14.bmp,i14_13_4.bmp,0.744370698928833,3.0833
1624,i14.bmp,i14_13_5.bmp,0.6928157806396484,1.9167
1625,i14.bmp,i14_14_1.bmp,0.9609600305557251,6.0541
1626,i14.bmp,i14_14_2.bmp,0.9689352512359619,5.7027
1627,i14.bmp,i14_14_3.bmp,0.9306217432022095,4.6944
1628,i14.bmp,i14_14_4.bmp,0.8848100900650024,4.1667
1629,i14.bmp,i14_14_5.bmp,0.8442437648773193,3.3714
1630,i14.bmp,i14_15_1.bmp,0.920219361782074,2.9459
1631,i14.bmp,i14_15_2.bmp,0.9325941205024719,3.3514
1632,i14.bmp,i14_15_3.bmp,0.9442381858825684,3.5294
1633,i14.bmp,i14_15_4.bmp,0.9579809904098511,3.6216
1634,i14.bmp,i14_15_5.bmp,0.9782547950744629,3.973
1635,i14.bmp,i14_16_1.bmp,0.9901155233383179,5.7714
1636,i14.bmp,i14_16_2.bmp,0.9835095405578613,5.973
1637,i14.bmp,i14_16_3.bmp,0.9632126092910767,5.3056
1638,i14.bmp,i14_16_4.bmp,0.9496735334396362,5.1714
1639,i14.bmp,i14_16_5.bmp,0.9175872802734375,4.0286
1640,i14.bmp,i14_17_1.bmp,0.9778256416320801,5.4054
1641,i14.bmp,i14_17_2.bmp,0.9594665765762329,6.4324
1642,i14.bmp,i14_17_3.bmp,0.9408276081085205,4.1389
1643,i14.bmp,i14_17_4.bmp,0.9122214913368225,5.9189
1644,i14.bmp,i14_17_5.bmp,0.8578359484672546,3.2432
1645,i14.bmp,i14_18_1.bmp,0.971888542175293,5.3714
1646,i14.bmp,i14_18_2.bmp,0.961510419845581,5.1389
1647,i14.bmp,i14_18_3.bmp,0.945708155632019,4.6667
1648,i14.bmp,i14_18_4.bmp,0.9212580919265747,4.1471
1649,i14.bmp,i14_18_5.bmp,0.8836998343467712,3.75
1650,i14.bmp,i14_19_1.bmp,0.9272004961967468,5.3714
1651,i14.bmp,i14_19_2.bmp,0.9008854627609253,5.1111
1652,i14.bmp,i14_19_3.bmp,0.8654152154922485,4.9722
1653,i14.bmp,i14_19_4.bmp,0.8305152058601379,3.9143
1654,i14.bmp,i14_19_5.bmp,0.786945104598999,3.2286
1655,i14.bmp,i14_20_1.bmp,0.9575029611587524,5.7222
1656,i14.bmp,i14_20_2.bmp,0.9310472011566162,5.5946
1657,i14.bmp,i14_20_3.bmp,0.8852289319038391,5.4167
1658,i14.bmp,i14_20_4.bmp,0.8096930980682373,4.1944
1659,i14.bmp,i14_20_5.bmp,0.7193176746368408,3.2703
1660,i14.bmp,i14_21_1.bmp,0.9075426459312439,5.2973
1661,i14.bmp,i14_21_2.bmp,0.8664309978485107,5.1667
1662,i14.bmp,i14_21_3.bmp,0.8100906610488892,4.5405
1663,i14.bmp,i14_21_4.bmp,0.7521064281463623,3.75
1664,i14.bmp,i14_21_5.bmp,0.6852201819419861,2.6486
1665,i14.bmp,i14_22_1.bmp,0.9522942304611206,5.4054
1666,i14.bmp,i14_22_2.bmp,0.92536860704422,5.3714
1667,i14.bmp,i14_22_3.bmp,0.8918181657791138,5.0556
1668,i14.bmp,i14_22_4.bmp,0.8148217797279358,3.9714
1669,i14.bmp,i14_22_5.bmp,0.7637679576873779,3.2778
1670,i14.bmp,i14_23_1.bmp,0.9525257349014282,6.0278
1671,i14.bmp,i14_23_2.bmp,0.910812497138977,6.027
1672,i14.bmp,i14_23_3.bmp,0.860033392906189,5.6111
1673,i14.bmp,i14_23_4.bmp,0.8205774426460266,5.0
1674,i14.bmp,i14_23_5.bmp,0.7085461616516113,2.7778
1675,i14.bmp,i14_24_1.bmp,0.9190776944160461,6.1351
1676,i14.bmp,i14_24_2.bmp,0.8743818402290344,5.5833
1677,i14.bmp,i14_24_3.bmp,0.8070554733276367,4.4444
1678,i14.bmp,i14_24_4.bmp,0.7221619486808777,3.1892
1679,i14.bmp,i14_24_5.bmp,0.6364266872406006,0.91892
1680,i15.bmp,i15_01_1.bmp,0.8622514009475708,5.8222
1681,i15.bmp,i15_01_2.bmp,0.8239165544509888,5.0682
1682,i15.bmp,i15_01_3.bmp,0.7839593887329102,4.9556
1683,i15.bmp,i15_01_4.bmp,0.7475569248199463,4.2791
1684,i15.bmp,i15_01_5.bmp,0.7107001543045044,3.9111
1685,i15.bmp,i15_02_1.bmp,0.8964588642120361,6.0909
1686,i15.bmp,i15_02_2.bmp,0.8651485443115234,5.8182
1687,i15.bmp,i15_02_3.bmp,0.8295217156410217,5.6364
1688,i15.bmp,i15_02_4.bmp,0.7907737493515015,4.8864
1689,i15.bmp,i15_02_5.bmp,0.7526218891143799,4.6364
1690,i15.bmp,i15_03_1.bmp,0.785879909992218,4.3256
1691,i15.bmp,i15_03_2.bmp,0.7437379360198975,3.814
1692,i15.bmp,i15_03_3.bmp,0.7067041397094727,3.6136
1693,i15.bmp,i15_03_4.bmp,0.6788880228996277,3.1778
1694,i15.bmp,i15_03_5.bmp,0.6571438908576965,2.6279
1695,i15.bmp,i15_04_1.bmp,0.9590787291526794,6.0227
1696,i15.bmp,i15_04_2.bmp,0.9494882822036743,6.0444
1697,i15.bmp,i15_04_3.bmp,0.9347038269042969,5.8372
1698,i15.bmp,i15_04_4.bmp,0.9122418165206909,5.7778
1699,i15.bmp,i15_04_5.bmp,0.8803951144218445,4.9773
1700,i15.bmp,i15_05_1.bmp,0.9043795466423035,5.7857
1701,i15.bmp,i15_05_2.bmp,0.8739779591560364,5.6512
1702,i15.bmp,i15_05_3.bmp,0.8142741322517395,5.1136
1703,i15.bmp,i15_05_4.bmp,0.7499502897262573,4.0682
1704,i15.bmp,i15_05_5.bmp,0.6910812258720398,3.3182
1705,i15.bmp,i15_06_1.bmp,0.8529226779937744,4.4318
1706,i15.bmp,i15_06_2.bmp,0.8020884990692139,4.1778
1707,i15.bmp,i15_06_3.bmp,0.7635055780410767,3.9767
1708,i15.bmp,i15_06_4.bmp,0.7290571331977844,3.3636
1709,i15.bmp,i15_06_5.bmp,0.6980925798416138,3.1778
1710,i15.bmp,i15_07_1.bmp,0.8131433725357056,4.814
1711,i15.bmp,i15_07_2.bmp,0.771277904510498,3.9302
1712,i15.bmp,i15_07_3.bmp,0.7374135255813599,3.6136
1713,i15.bmp,i15_07_4.bmp,0.7121850848197937,2.9111
1714,i15.bmp,i15_07_5.bmp,0.6902821063995361,2.4444
1715,i15.bmp,i15_08_1.bmp,0.9498522877693176,5.9556
1716,i15.bmp,i15_08_2.bmp,0.9179034233093262,6.0667
1717,i15.bmp,i15_08_3.bmp,0.8627743721008301,5.1364
1718,i15.bmp,i15_08_4.bmp,0.792643129825592,3.9318
1719,i15.bmp,i15_08_5.bmp,0.7300955653190613,3.3636
1720,i15.bmp,i15_09_1.bmp,0.8288520574569702,5.9302
1721,i15.bmp,i15_09_2.bmp,0.798241138458252,5.5454
1722,i15.bmp,i15_09_3.bmp,0.7535747289657593,4.6977
1723,i15.bmp,i15_09_4.bmp,0.7104706764221191,3.7442
1724,i15.bmp,i15_09_5.bmp,0.6620039939880371,2.5
1725,i15.bmp,i15_10_1.bmp,0.8939164280891418,5.7778
1726,i15.bmp,i15_10_2.bmp,0.8482073545455933,5.7046
1727,i15.bmp,i15_10_3.bmp,0.7650919556617737,4.6
1728,i15.bmp,i15_10_4.bmp,0.6780537366867065,3.1778
1729,i15.bmp,i15_10_5.bmp,0.65150386095047,1.8667
1730,i15.bmp,i15_11_1.bmp,0.8221727609634399,5.8444
1731,i15.bmp,i15_11_2.bmp,0.7412140965461731,4.4
1732,i15.bmp,i15_11_3.bmp,0.6850326657295227,3.0488
1733,i15.bmp,i15_11_4.bmp,0.653240978717804,2.0
1734,i15.bmp,i15_11_5.bmp,0.637248694896698,0.65116
1735,i15.bmp,i15_12_1.bmp,0.9020275473594666,5.6667
1736,i15.bmp,i15_12_2.bmp,0.8728275895118713,5.4091
1737,i15.bmp,i15_12_3.bmp,0.7570348381996155,4.2222
1738,i15.bmp,i15_12_4.bmp,0.7113937139511108,3.2
1739,i15.bmp,i15_12_5.bmp,0.6510300636291504,2.5682
1740,i15.bmp,i15_13_1.bmp,0.8402562141418457,4.8409
1741,i15.bmp,i15_13_2.bmp,0.7282552719116211,3.7674
1742,i15.bmp,i15_13_3.bmp,0.7175993919372559,3.3488
1743,i15.bmp,i15_13_4.bmp,0.694248378276825,2.8636
1744,i15.bmp,i15_13_5.bmp,0.6453731060028076,2.1136
1745,i15.bmp,i15_14_1.bmp,0.9116849899291992,5.5909
1746,i15.bmp,i15_14_2.bmp,0.9728542566299438,6.1556
1747,i15.bmp,i15_14_3.bmp,0.9504567980766296,5.9556
1748,i15.bmp,i15_14_4.bmp,0.9180536270141602,5.0238
1749,i15.bmp,i15_14_5.bmp,0.8773767948150635,3.7955
1750,i15.bmp,i15_15_1.bmp,0.9177719354629517,3.8864
1751,i15.bmp,i15_15_2.bmp,0.9183258414268494,4.0227
1752,i15.bmp,i15_15_3.bmp,0.9318029880523682,3.9545
1753,i15.bmp,i15_15_4.bmp,0.9448485374450684,4.1364
1754,i15.bmp,i15_15_5.bmp,0.9639724493026733,4.9546
1755,i15.bmp,i15_16_1.bmp,0.9820055961608887,6.2273
1756,i15.bmp,i15_16_2.bmp,0.9714517593383789,5.907
1757,i15.bmp,i15_16_3.bmp,0.9269903302192688,5.4222
1758,i15.bmp,i15_16_4.bmp,0.9338235855102539,5.3864
1759,i15.bmp,i15_16_5.bmp,0.8446652889251709,4.0233
1760,i15.bmp,i15_17_1.bmp,0.9627492427825928,5.9318
1761,i15.bmp,i15_17_2.bmp,0.940028190612793,6.6667
1762,i15.bmp,i15_17_3.bmp,0.9205220937728882,5.0
1763,i15.bmp,i15_17_4.bmp,0.8900686502456665,6.3111
1764,i15.bmp,i15_17_5.bmp,0.8393697738647461,3.8222
1765,i15.bmp,i15_18_1.bmp,0.9474796056747437,5.1556
1766,i15.bmp,i15_18_2.bmp,0.9334073066711426,4.814
1767,i15.bmp,i15_18_3.bmp,0.9119265079498291,4.3721
1768,i15.bmp,i15_18_4.bmp,0.8768106698989868,4.0909
1769,i15.bmp,i15_18_5.bmp,0.8358216285705566,3.7674
1770,i15.bmp,i15_19_1.bmp,0.8948636651039124,5.9091
1771,i15.bmp,i15_19_2.bmp,0.8620126247406006,5.3333
1772,i15.bmp,i15_19_3.bmp,0.8272401094436646,4.7209
1773,i15.bmp,i15_19_4.bmp,0.7836297154426575,4.3721
1774,i15.bmp,i15_19_5.bmp,0.7464452385902405,3.9111
1775,i15.bmp,i15_20_1.bmp,0.8789879083633423,6.3256
1776,i15.bmp,i15_20_2.bmp,0.8156709671020508,5.6444
1777,i15.bmp,i15_20_3.bmp,0.7473002672195435,4.7442
1778,i15.bmp,i15_20_4.bmp,0.6749305129051208,3.1333
1779,i15.bmp,i15_20_5.bmp,0.6241728067398071,2.4444
1780,i15.bmp,i15_21_1.bmp,0.8037348985671997,5.2273
1781,i15.bmp,i15_21_2.bmp,0.7600500583648682,4.5556
1782,i15.bmp,i15_21_3.bmp,0.7104647159576416,3.9111
1783,i15.bmp,i15_21_4.bmp,0.6678787469863892,3.1136
1784,i15.bmp,i15_21_5.bmp,0.6443570256233215,2.3023
1785,i15.bmp,i15_22_1.bmp,0.9057415127754211,6.3333
1786,i15.bmp,i15_22_2.bmp,0.8710557222366333,5.8
1787,i15.bmp,i15_22_3.bmp,0.8280635476112366,5.3864
1788,i15.bmp,i15_22_4.bmp,0.7723672986030579,4.4889
1789,i15.bmp,i15_22_5.bmp,0.7238824367523193,3.7111
1790,i15.bmp,i15_23_1.bmp,0.9343479871749878,5.9091
1791,i15.bmp,i15_23_2.bmp,0.8855760097503662,5.9091
1792,i15.bmp,i15_23_3.bmp,0.8018871545791626,5.3636
1793,i15.bmp,i15_23_4.bmp,0.7542976140975952,4.4773
1794,i15.bmp,i15_23_5.bmp,0.7052009105682373,3.3721
1795,i15.bmp,i15_24_1.bmp,0.8200836181640625,5.7727
1796,i15.bmp,i15_24_2.bmp,0.74984210729599,4.814
1797,i15.bmp,i15_24_3.bmp,0.6783263683319092,3.2273
1798,i15.bmp,i15_24_4.bmp,0.6384463310241699,1.8864
1799,i15.bmp,i15_24_5.bmp,0.6288533210754395,0.72727
1800,i16.bmp,i16_01_1.bmp,0.8499364256858826,5.6154
1801,i16.bmp,i16_01_2.bmp,0.8146569728851318,5.65
1802,i16.bmp,i16_01_3.bmp,0.7776694297790527,5.0263
1803,i16.bmp,i16_01_4.bmp,0.743107795715332,4.1539
1804,i16.bmp,i16_01_5.bmp,0.7129597663879395,3.9487
1805,i16.bmp,i16_02_1.bmp,0.8845617175102234,5.9
1806,i16.bmp,i16_02_2.bmp,0.8515763282775879,6.15
1807,i16.bmp,i16_02_3.bmp,0.8167684674263,5.575
1808,i16.bmp,i16_02_4.bmp,0.7816572189331055,5.2
1809,i16.bmp,i16_02_5.bmp,0.7464432120323181,4.6154
1810,i16.bmp,i16_03_1.bmp,0.7795450091362,4.7436
1811,i16.bmp,i16_03_2.bmp,0.7434033751487732,4.0789
1812,i16.bmp,i16_03_3.bmp,0.71138596534729,3.6923
1813,i16.bmp,i16_03_4.bmp,0.6834555268287659,3.2368
1814,i16.bmp,i16_03_5.bmp,0.6609420776367188,2.7949
1815,i16.bmp,i16_04_1.bmp,0.9579225778579712,5.825
1816,i16.bmp,i16_04_2.bmp,0.9484561681747437,5.8205
1817,i16.bmp,i16_04_3.bmp,0.9323194622993469,5.75
1818,i16.bmp,i16_04_4.bmp,0.9071846008300781,5.1282
1819,i16.bmp,i16_04_5.bmp,0.8732477426528931,4.6154
1820,i16.bmp,i16_05_1.bmp,0.8968886137008667,5.8
1821,i16.bmp,i16_05_2.bmp,0.86686772108078,5.6154
1822,i16.bmp,i16_05_3.bmp,0.8113350868225098,5.2308
1823,i16.bmp,i16_05_4.bmp,0.7545840740203857,4.35
1824,i16.bmp,i16_05_5.bmp,0.6991039514541626,3.3947
1825,i16.bmp,i16_06_1.bmp,0.8665623664855957,5.282
1826,i16.bmp,i16_06_2.bmp,0.8307671546936035,4.8205
1827,i16.bmp,i16_06_3.bmp,0.7909530401229858,4.5385
1828,i16.bmp,i16_06_4.bmp,0.7450934648513794,3.9737
1829,i16.bmp,i16_06_5.bmp,0.7095439434051514,3.5897
1830,i16.bmp,i16_07_1.bmp,0.8157973289489746,5.475
1831,i16.bmp,i16_07_2.bmp,0.7770205140113831,4.75
1832,i16.bmp,i16_07_3.bmp,0.7337828874588013,4.35
1833,i16.bmp,i16_07_4.bmp,0.7227801084518433,3.6667
1834,i16.bmp,i16_07_5.bmp,0.6884855031967163,3.1026
1835,i16.bmp,i16_08_1.bmp,0.9498577117919922,5.8205
1836,i16.bmp,i16_08_2.bmp,0.9159477949142456,5.225
1837,i16.bmp,i16_08_3.bmp,0.8532100915908813,4.275
1838,i16.bmp,i16_08_4.bmp,0.7726883292198181,3.6154
1839,i16.bmp,i16_08_5.bmp,0.7070320844650269,2.925
1840,i16.bmp,i16_09_1.bmp,0.8302855491638184,6.0256
1841,i16.bmp,i16_09_2.bmp,0.7951770424842834,5.7692
1842,i16.bmp,i16_09_3.bmp,0.7446743249893188,4.5897
1843,i16.bmp,i16_09_4.bmp,0.681591272354126,3.1282
1844,i16.bmp,i16_09_5.bmp,0.6439875364303589,2.3421
1845,i16.bmp,i16_10_1.bmp,0.8847521543502808,5.9
1846,i16.bmp,i16_10_2.bmp,0.8454623222351074,5.7692
1847,i16.bmp,i16_10_3.bmp,0.766411542892456,5.2564
1848,i16.bmp,i16_10_4.bmp,0.6856348514556885,3.6154
1849,i16.bmp,i16_10_5.bmp,0.6592230796813965,2.4615
1850,i16.bmp,i16_11_1.bmp,0.8212471008300781,5.875
1851,i16.bmp,i16_11_2.bmp,0.7547653317451477,5.075
1852,i16.bmp,i16_11_3.bmp,0.6655837297439575,2.8974
1853,i16.bmp,i16_11_4.bmp,0.6508947610855103,2.075
1854,i16.bmp,i16_11_5.bmp,0.6484630107879639,0.95
1855,i16.bmp,i16_12_1.bmp,0.8941218256950378,5.875
1856,i16.bmp,i16_12_2.bmp,0.8587055206298828,5.575
1857,i16.bmp,i16_12_3.bmp,0.7994866371154785,4.925
1858,i16.bmp,i16_12_4.bmp,0.7264308929443359,3.282
1859,i16.bmp,i16_12_5.bmp,0.641287088394165,2.6
1860,i16.bmp,i16_13_1.bmp,0.8000742197036743,4.6
1861,i16.bmp,i16_13_2.bmp,0.7349262237548828,3.8158
1862,i16.bmp,i16_13_3.bmp,0.7275694608688354,4.4615
1863,i16.bmp,i16_13_4.bmp,0.676312267780304,3.0513
1864,i16.bmp,i16_13_5.bmp,0.6958601474761963,3.625
1865,i16.bmp,i16_14_1.bmp,0.9163690209388733,5.7692
1866,i16.bmp,i16_14_2.bmp,0.974168062210083,6.1316
1867,i16.bmp,i16_14_3.bmp,0.9545460343360901,5.6154
1868,i16.bmp,i16_14_4.bmp,0.9237988591194153,5.5263
1869,i16.bmp,i16_14_5.bmp,0.8991044759750366,4.575
1870,i16.bmp,i16_15_1.bmp,0.919353723526001,3.4103
1871,i16.bmp,i16_15_2.bmp,0.9301973581314087,3.5385
1872,i16.bmp,i16_15_3.bmp,0.9338246583938599,3.475
1873,i16.bmp,i16_15_4.bmp,0.9506136775016785,3.65
1874,i16.bmp,i16_15_5.bmp,0.9663761258125305,4.0263
1875,i16.bmp,i16_16_1.bmp,0.9901385307312012,5.9231
1876,i16.bmp,i16_16_2.bmp,0.9826533794403076,6.275
1877,i16.bmp,i16_16_3.bmp,0.9666966199874878,5.6842
1878,i16.bmp,i16_16_4.bmp,0.9549468159675598,5.75
1879,i16.bmp,i16_16_5.bmp,0.9320656657218933,4.6154
1880,i16.bmp,i16_17_1.bmp,0.968806266784668,5.825
1881,i16.bmp,i16_17_2.bmp,0.9537426233291626,7.1
1882,i16.bmp,i16_17_3.bmp,0.9349486231803894,4.75
1883,i16.bmp,i16_17_4.bmp,0.9137911796569824,6.65
1884,i16.bmp,i16_17_5.bmp,0.8602317571640015,3.359
1885,i16.bmp,i16_18_1.bmp,0.9244732856750488,4.6
1886,i16.bmp,i16_18_2.bmp,0.8968662023544312,4.3947
1887,i16.bmp,i16_18_3.bmp,0.8601948022842407,4.05
1888,i16.bmp,i16_18_4.bmp,0.8336857557296753,3.9231
1889,i16.bmp,i16_18_5.bmp,0.8150914311408997,3.9474
1890,i16.bmp,i16_19_1.bmp,0.8494946956634521,5.575
1891,i16.bmp,i16_19_2.bmp,0.8183703422546387,5.375
1892,i16.bmp,i16_19_3.bmp,0.7869985103607178,4.6154
1893,i16.bmp,i16_19_4.bmp,0.754011332988739,4.1539
1894,i16.bmp,i16_19_5.bmp,0.7201884984970093,3.6667
1895,i16.bmp,i16_20_1.bmp,0.8782920837402344,6.0769
1896,i16.bmp,i16_20_2.bmp,0.8184977769851685,5.7436
1897,i16.bmp,i16_20_3.bmp,0.7419439554214478,5.1842
1898,i16.bmp,i16_20_4.bmp,0.674736499786377,4.125
1899,i16.bmp,i16_20_5.bmp,0.6383550763130188,3.5897
1900,i16.bmp,i16_21_1.bmp,0.8069588541984558,5.825
1901,i16.bmp,i16_21_2.bmp,0.7614654302597046,5.4615
1902,i16.bmp,i16_21_3.bmp,0.7193716764450073,4.2564
1903,i16.bmp,i16_21_4.bmp,0.680419921875,3.7692
1904,i16.bmp,i16_21_5.bmp,0.6298906207084656,1.8461
1905,i16.bmp,i16_22_1.bmp,0.8584543466567993,5.6154
1906,i16.bmp,i16_22_2.bmp,0.830106258392334,5.35
1907,i16.bmp,i16_22_3.bmp,0.7882352471351624,4.9459
1908,i16.bmp,i16_22_4.bmp,0.7443171143531799,3.9737
1909,i16.bmp,i16_22_5.bmp,0.6835585236549377,2.775
1910,i16.bmp,i16_23_1.bmp,0.9157562255859375,6.125
1911,i16.bmp,i16_23_2.bmp,0.8029090762138367,4.825
1912,i16.bmp,i16_23_3.bmp,0.6735040545463562,2.7
1913,i16.bmp,i16_23_4.bmp,0.6574310064315796,2.1579
1914,i16.bmp,i16_23_5.bmp,0.6628674268722534,1.5263
1915,i16.bmp,i16_24_1.bmp,0.799080491065979,5.3684
1916,i16.bmp,i16_24_2.bmp,0.7235154509544373,4.0526
1917,i16.bmp,i16_24_3.bmp,0.6564117074012756,2.641
1918,i16.bmp,i16_24_4.bmp,0.64469313621521,1.8421
1919,i16.bmp,i16_24_5.bmp,0.6668817400932312,0.97436
1920,i17.bmp,i17_01_1.bmp,0.8844147324562073,5.8919
1921,i17.bmp,i17_01_2.bmp,0.8470272421836853,5.2105
1922,i17.bmp,i17_01_3.bmp,0.8061830997467041,5.0513
1923,i17.bmp,i17_01_4.bmp,0.768076479434967,4.3846
1924,i17.bmp,i17_01_5.bmp,0.7280687689781189,3.8718
1925,i17.bmp,i17_02_1.bmp,0.918908417224884,5.75
1926,i17.bmp,i17_02_2.bmp,0.8902380466461182,6.0
1927,i17.bmp,i17_02_3.bmp,0.8554188013076782,5.825
1928,i17.bmp,i17_02_4.bmp,0.8167544007301331,5.275
1929,i17.bmp,i17_02_5.bmp,0.7731629610061646,4.4872
1930,i17.bmp,i17_03_1.bmp,0.8145037889480591,4.9737
1931,i17.bmp,i17_03_2.bmp,0.7723040580749512,4.4359
1932,i17.bmp,i17_03_3.bmp,0.730338990688324,3.8205
1933,i17.bmp,i17_03_4.bmp,0.6934528350830078,3.35
1934,i17.bmp,i17_03_5.bmp,0.6618921160697937,2.8974
1935,i17.bmp,i17_04_1.bmp,0.9681181907653809,5.7692
1936,i17.bmp,i17_04_2.bmp,0.9597513675689697,5.9737
1937,i17.bmp,i17_04_3.bmp,0.9422899484634399,5.3333
1938,i17.bmp,i17_04_4.bmp,0.9144163727760315,5.2368
1939,i17.bmp,i17_04_5.bmp,0.875468373298645,4.7368
1940,i17.bmp,i17_05_1.bmp,0.9266690015792847,5.825
1941,i17.bmp,i17_05_2.bmp,0.8989893198013306,5.925
1942,i17.bmp,i17_05_3.bmp,0.8362993001937866,5.2368
1943,i17.bmp,i17_05_4.bmp,0.7671452760696411,4.1795
1944,i17.bmp,i17_05_5.bmp,0.7008760571479797,3.3421
1945,i17.bmp,i17_06_1.bmp,0.8831747174263,4.2368
1946,i17.bmp,i17_06_2.bmp,0.8432351350784302,4.4324
1947,i17.bmp,i17_06_3.bmp,0.8008544445037842,4.0
1948,i17.bmp,i17_06_4.bmp,0.7620729804039001,3.55
1949,i17.bmp,i17_06_5.bmp,0.7206185460090637,3.3077
1950,i17.bmp,i17_07_1.bmp,0.8597798347473145,5.718
1951,i17.bmp,i17_07_2.bmp,0.805923342704773,4.6579
1952,i17.bmp,i17_07_3.bmp,0.7522934675216675,3.8974
1953,i17.bmp,i17_07_4.bmp,0.7122494578361511,3.2051
1954,i17.bmp,i17_07_5.bmp,0.6813405156135559,2.4737
1955,i17.bmp,i17_08_1.bmp,0.9546368718147278,5.7436
1956,i17.bmp,i17_08_2.bmp,0.92069411277771,5.225
1957,i17.bmp,i17_08_3.bmp,0.853117823600769,4.575
1958,i17.bmp,i17_08_4.bmp,0.7577762007713318,3.718
1959,i17.bmp,i17_08_5.bmp,0.6759178638458252,2.95
1960,i17.bmp,i17_09_1.bmp,0.8557490110397339,6.025
1961,i17.bmp,i17_09_2.bmp,0.8203595280647278,6.1053
1962,i17.bmp,i17_09_3.bmp,0.7634581327438354,5.025
1963,i17.bmp,i17_09_4.bmp,0.6958960890769958,3.8205
1964,i17.bmp,i17_09_5.bmp,0.6399717926979065,2.4595
1965,i17.bmp,i17_10_1.bmp,0.9145452976226807,6.0513
1966,i17.bmp,i17_10_2.bmp,0.8732260465621948,5.925
1967,i17.bmp,i17_10_3.bmp,0.7961127758026123,5.1539
1968,i17.bmp,i17_10_4.bmp,0.689826250076294,3.425
1969,i17.bmp,i17_10_5.bmp,0.6458101272583008,2.25
1970,i17.bmp,i17_11_1.bmp,0.8475754261016846,5.5641
1971,i17.bmp,i17_11_2.bmp,0.7781080007553101,5.4359
1972,i17.bmp,i17_11_3.bmp,0.6823911666870117,3.8462
1973,i17.bmp,i17_11_4.bmp,0.6330618262290955,2.7692
1974,i17.bmp,i17_11_5.bmp,0.6121957302093506,1.025
1975,i17.bmp,i17_12_1.bmp,0.9292945861816406,5.875
1976,i17.bmp,i17_12_2.bmp,0.8808216452598572,5.9231
1977,i17.bmp,i17_12_3.bmp,0.8519649505615234,5.0769
1978,i17.bmp,i17_12_4.bmp,0.7719520330429077,3.925
1979,i17.bmp,i17_12_5.bmp,0.6233533620834351,2.4872
1980,i17.bmp,i17_13_1.bmp,0.8428553342819214,5.15
1981,i17.bmp,i17_13_2.bmp,0.8049262762069702,4.45
1982,i17.bmp,i17_13_3.bmp,0.7066671848297119,3.2632
1983,i17.bmp,i17_13_4.bmp,0.6761360168457031,2.425
1984,i17.bmp,i17_13_5.bmp,0.667155385017395,2.3684
1985,i17.bmp,i17_14_1.bmp,0.9210689663887024,5.875
1986,i17.bmp,i17_14_2.bmp,0.9567083120346069,5.7949
1987,i17.bmp,i17_14_3.bmp,0.9202737808227539,5.5263
1988,i17.bmp,i17_14_4.bmp,0.889885663986206,4.359
1989,i17.bmp,i17_14_5.bmp,0.8554621934890747,3.525
1990,i17.bmp,i17_15_1.bmp,0.9024100303649902,3.55
1991,i17.bmp,i17_15_2.bmp,0.9149705171585083,3.4103
1992,i17.bmp,i17_15_3.bmp,0.9307703971862793,3.2564
1993,i17.bmp,i17_15_4.bmp,0.9456503391265869,3.625
1994,i17.bmp,i17_15_5.bmp,0.9707762002944946,4.0
1995,i17.bmp,i17_16_1.bmp,0.9857735633850098,5.925
1996,i17.bmp,i17_16_2.bmp,0.9773353338241577,6.025
1997,i17.bmp,i17_16_3.bmp,0.9292833805084229,5.5789
1998,i17.bmp,i17_16_4.bmp,0.9404531717300415,5.1579
1999,i17.bmp,i17_16_5.bmp,0.8781843185424805,4.1795
2000,i17.bmp,i17_17_1.bmp,0.9719191789627075,5.575
2001,i17.bmp,i17_17_2.bmp,0.9470816850662231,6.625
2002,i17.bmp,i17_17_3.bmp,0.9301894307136536,4.4872
2003,i17.bmp,i17_17_4.bmp,0.8915215134620667,7.1
2004,i17.bmp,i17_17_5.bmp,0.8432026505470276,3.3684
2005,i17.bmp,i17_18_1.bmp,0.9117088317871094,4.55
2006,i17.bmp,i17_18_2.bmp,0.8831581473350525,4.0769
2007,i17.bmp,i17_18_3.bmp,0.8697730898857117,4.1282
2008,i17.bmp,i17_18_4.bmp,0.8578312397003174,3.8205
2009,i17.bmp,i17_18_5.bmp,0.8561732769012451,3.718
2010,i17.bmp,i17_19_1.bmp,0.894555926322937,5.725
2011,i17.bmp,i17_19_2.bmp,0.8628954887390137,5.3333
2012,i17.bmp,i17_19_3.bmp,0.82672119140625,4.7692
2013,i17.bmp,i17_19_4.bmp,0.7866482734680176,4.3077
2014,i17.bmp,i17_19_5.bmp,0.7438321113586426,3.9231
2015,i17.bmp,i17_20_1.bmp,0.9028797149658203,5.75
2016,i17.bmp,i17_20_2.bmp,0.8380613923072815,5.45
2017,i17.bmp,i17_20_3.bmp,0.7578655481338501,4.8684
2018,i17.bmp,i17_20_4.bmp,0.6810576319694519,4.3684
2019,i17.bmp,i17_20_5.bmp,0.6291366815567017,2.8649
2020,i17.bmp,i17_21_1.bmp,0.8295633792877197,5.425
2021,i17.bmp,i17_21_2.bmp,0.7773754596710205,4.7949
2022,i17.bmp,i17_21_3.bmp,0.7260106801986694,4.25
2023,i17.bmp,i17_21_4.bmp,0.6806581616401672,3.3846
2024,i17.bmp,i17_21_5.bmp,0.6349120140075684,2.5263
2025,i17.bmp,i17_22_1.bmp,0.8970144987106323,5.975
2026,i17.bmp,i17_22_2.bmp,0.8643105030059814,5.6154
2027,i17.bmp,i17_22_3.bmp,0.7966514825820923,4.3421
2028,i17.bmp,i17_22_4.bmp,0.7338784337043762,3.5897
2029,i17.bmp,i17_22_5.bmp,0.6843813061714172,2.8974
2030,i17.bmp,i17_23_1.bmp,0.9228769540786743,5.9
2031,i17.bmp,i17_23_2.bmp,0.8751165866851807,5.9
2032,i17.bmp,i17_23_3.bmp,0.7611783146858215,4.5641
2033,i17.bmp,i17_23_4.bmp,0.6812348365783691,3.1538
2034,i17.bmp,i17_23_5.bmp,0.624489963054657,1.9231
2035,i17.bmp,i17_24_1.bmp,0.8260597586631775,6.05
2036,i17.bmp,i17_24_2.bmp,0.7716289758682251,5.525
2037,i17.bmp,i17_24_3.bmp,0.6937441229820251,3.9737
2038,i17.bmp,i17_24_4.bmp,0.6288529634475708,2.0256
2039,i17.bmp,i17_24_5.bmp,0.609943151473999,0.34211
2040,i18.bmp,i18_01_1.bmp,0.9165477156639099,5.6905
2041,i18.bmp,i18_01_2.bmp,0.886650562286377,5.4146
2042,i18.bmp,i18_01_3.bmp,0.8500102758407593,4.85
2043,i18.bmp,i18_01_4.bmp,0.8096256256103516,4.4634
2044,i18.bmp,i18_01_5.bmp,0.7672027349472046,4.0
2045,i18.bmp,i18_02_1.bmp,0.9403594136238098,5.9512
2046,i18.bmp,i18_02_2.bmp,0.9170099496841431,5.881
2047,i18.bmp,i18_02_3.bmp,0.8883085250854492,5.7381
2048,i18.bmp,i18_02_4.bmp,0.8517491817474365,4.6341
2049,i18.bmp,i18_02_5.bmp,0.8123835921287537,4.2439
2050,i18.bmp,i18_03_1.bmp,0.8535018563270569,4.9762
2051,i18.bmp,i18_03_2.bmp,0.8142123222351074,4.55
2052,i18.bmp,i18_03_3.bmp,0.7700082063674927,3.7381
2053,i18.bmp,i18_03_4.bmp,0.7294558882713318,3.1191
2054,i18.bmp,i18_03_5.bmp,0.6914464235305786,2.5476
2055,i18.bmp,i18_04_1.bmp,0.9795961380004883,6.175
2056,i18.bmp,i18_04_2.bmp,0.973218560218811,5.881
2057,i18.bmp,i18_04_3.bmp,0.9631574153900146,5.878
2058,i18.bmp,i18_04_4.bmp,0.9468110799789429,5.3171
2059,i18.bmp,i18_04_5.bmp,0.9218971729278564,4.3415
2060,i18.bmp,i18_05_1.bmp,0.9503703117370605,6.2439
2061,i18.bmp,i18_05_2.bmp,0.9292875528335571,5.6098
2062,i18.bmp,i18_05_3.bmp,0.879390299320221,5.1707
2063,i18.bmp,i18_05_4.bmp,0.8128360509872437,4.0
2064,i18.bmp,i18_05_5.bmp,0.7349874377250671,3.125
2065,i18.bmp,i18_06_1.bmp,0.9123982191085815,4.5714
2066,i18.bmp,i18_06_2.bmp,0.8802975416183472,4.15
2067,i18.bmp,i18_06_3.bmp,0.8368741273880005,3.8095
2068,i18.bmp,i18_06_4.bmp,0.7872626185417175,3.7317
2069,i18.bmp,i18_06_5.bmp,0.7428426742553711,3.1951
2070,i18.bmp,i18_07_1.bmp,0.8947279453277588,5.5714
2071,i18.bmp,i18_07_2.bmp,0.8559240102767944,4.9286
2072,i18.bmp,i18_07_3.bmp,0.8107817769050598,4.2143
2073,i18.bmp,i18_07_4.bmp,0.7722257375717163,3.4048
2074,i18.bmp,i18_07_5.bmp,0.742588222026825,3.0
2075,i18.bmp,i18_08_1.bmp,0.9603061676025391,5.6905
2076,i18.bmp,i18_08_2.bmp,0.9252935647964478,4.6585
2077,i18.bmp,i18_08_3.bmp,0.8566654920578003,4.1429
2078,i18.bmp,i18_08_4.bmp,0.7643918991088867,3.0476
2079,i18.bmp,i18_08_5.bmp,0.6777733564376831,2.0488
2080,i18.bmp,i18_09_1.bmp,0.8849830031394958,6.0244
2081,i18.bmp,i18_09_2.bmp,0.8508639335632324,5.881
2082,i18.bmp,i18_09_3.bmp,0.7890226244926453,4.2619
2083,i18.bmp,i18_09_4.bmp,0.7041440010070801,3.0244
2084,i18.bmp,i18_09_5.bmp,0.6431676149368286,1.7073
2085,i18.bmp,i18_10_1.bmp,0.9195231199264526,6.0732
2086,i18.bmp,i18_10_2.bmp,0.8836618661880493,5.7805
2087,i18.bmp,i18_10_3.bmp,0.8033581972122192,4.675
2088,i18.bmp,i18_10_4.bmp,0.7083941698074341,3.5
2089,i18.bmp,i18_10_5.bmp,0.6569079160690308,2.1707
2090,i18.bmp,i18_11_1.bmp,0.9206578731536865,5.8049
2091,i18.bmp,i18_11_2.bmp,0.8761123418807983,5.5
2092,i18.bmp,i18_11_3.bmp,0.7954301834106445,4.5122
2093,i18.bmp,i18_11_4.bmp,0.6905019879341125,3.0714
2094,i18.bmp,i18_11_5.bmp,0.6264030933380127,1.0
2095,i18.bmp,i18_12_1.bmp,0.9328221082687378,6.3571
2096,i18.bmp,i18_12_2.bmp,0.9216598868370056,5.3659
2097,i18.bmp,i18_12_3.bmp,0.8530322313308716,5.561
2098,i18.bmp,i18_12_4.bmp,0.8325982093811035,4.925
2099,i18.bmp,i18_12_5.bmp,0.7251596450805664,2.6585
2100,i18.bmp,i18_13_1.bmp,0.8519196510314941,4.1463
2101,i18.bmp,i18_13_2.bmp,0.8274401426315308,4.3571
2102,i18.bmp,i18_13_3.bmp,0.8138344287872314,3.8809
2103,i18.bmp,i18_13_4.bmp,0.7260045409202576,2.9024
2104,i18.bmp,i18_13_5.bmp,0.6722878813743591,2.4634
2105,i18.bmp,i18_14_1.bmp,0.9612915515899658,4.9512
2106,i18.bmp,i18_14_2.bmp,0.9778608083724976,6.0
2107,i18.bmp,i18_14_3.bmp,0.9332677721977234,4.1951
2108,i18.bmp,i18_14_4.bmp,0.9276906251907349,4.1667
2109,i18.bmp,i18_14_5.bmp,0.885234534740448,3.3415
2110,i18.bmp,i18_15_1.bmp,0.9158228635787964,3.2195
2111,i18.bmp,i18_15_2.bmp,0.9293462038040161,3.3415
2112,i18.bmp,i18_15_3.bmp,0.942579984664917,3.2
2113,i18.bmp,i18_15_4.bmp,0.9540615081787109,3.525
2114,i18.bmp,i18_15_5.bmp,0.9747443199157715,3.9524
2115,i18.bmp,i18_16_1.bmp,0.986669659614563,6.4146
2116,i18.bmp,i18_16_2.bmp,0.9774231910705566,5.9524
2117,i18.bmp,i18_16_3.bmp,0.9476189613342285,5.6905
2118,i18.bmp,i18_16_4.bmp,0.9397525191307068,5.0
2119,i18.bmp,i18_16_5.bmp,0.8713096380233765,4.2564
2120,i18.bmp,i18_17_1.bmp,0.9773827791213989,5.9286
2121,i18.bmp,i18_17_2.bmp,0.9590026140213013,6.0976
2122,i18.bmp,i18_17_3.bmp,0.9413018226623535,4.4146
2123,i18.bmp,i18_17_4.bmp,0.9150155186653137,5.9048
2124,i18.bmp,i18_17_5.bmp,0.8591236472129822,3.4878
2125,i18.bmp,i18_18_1.bmp,0.9611896276473999,5.0244
2126,i18.bmp,i18_18_2.bmp,0.9477332830429077,4.8
2127,i18.bmp,i18_18_3.bmp,0.9220776557922363,4.3571
2128,i18.bmp,i18_18_4.bmp,0.8817241787910461,4.0714
2129,i18.bmp,i18_18_5.bmp,0.82673180103302,4.0952
2130,i18.bmp,i18_19_1.bmp,0.9269373416900635,5.1429
2131,i18.bmp,i18_19_2.bmp,0.8983592987060547,5.0714
2132,i18.bmp,i18_19_3.bmp,0.8628627061843872,4.375
2133,i18.bmp,i18_19_4.bmp,0.8228740692138672,3.8537
2134,i18.bmp,i18_19_5.bmp,0.7808542847633362,3.7073
2135,i18.bmp,i18_20_1.bmp,0.9455329179763794,6.1667
2136,i18.bmp,i18_20_2.bmp,0.9166654944419861,5.5714
2137,i18.bmp,i18_20_3.bmp,0.8657835721969604,5.3659
2138,i18.bmp,i18_20_4.bmp,0.7913731336593628,4.3659
2139,i18.bmp,i18_20_5.bmp,0.6990821361541748,3.325
2140,i18.bmp,i18_21_1.bmp,0.8860505819320679,5.5238
2141,i18.bmp,i18_21_2.bmp,0.8392082452774048,5.3415
2142,i18.bmp,i18_21_3.bmp,0.7866390943527222,4.5
2143,i18.bmp,i18_21_4.bmp,0.7198178172111511,3.2619
2144,i18.bmp,i18_21_5.bmp,0.6582480072975159,2.3171
2145,i18.bmp,i18_22_1.bmp,0.9346295595169067,5.7143
2146,i18.bmp,i18_22_2.bmp,0.8935691118240356,4.4048
2147,i18.bmp,i18_22_3.bmp,0.8380295038223267,3.6829
2148,i18.bmp,i18_22_4.bmp,0.7672504186630249,2.9524
2149,i18.bmp,i18_22_5.bmp,0.7119916677474976,2.3333
2150,i18.bmp,i18_23_1.bmp,0.9498540163040161,6.3095
2151,i18.bmp,i18_23_2.bmp,0.9135780334472656,6.1905
2152,i18.bmp,i18_23_3.bmp,0.8848466873168945,6.075
2153,i18.bmp,i18_23_4.bmp,0.8343337774276733,5.9286
2154,i18.bmp,i18_23_5.bmp,0.7475513219833374,4.0
2155,i18.bmp,i18_24_1.bmp,0.9016774892807007,5.9024
2156,i18.bmp,i18_24_2.bmp,0.8501724600791931,5.5952
2157,i18.bmp,i18_24_3.bmp,0.7794932126998901,4.5854
2158,i18.bmp,i18_24_4.bmp,0.6985722780227661,3.2195
2159,i18.bmp,i18_24_5.bmp,0.6219308376312256,1.0238
2160,i19.bmp,i19_01_1.bmp,0.9132980108261108,5.7297
2161,i19.bmp,i19_01_2.bmp,0.8856556415557861,5.1081
2162,i19.bmp,i19_01_3.bmp,0.849804699420929,4.6053
2163,i19.bmp,i19_01_4.bmp,0.8129910230636597,4.1351
2164,i19.bmp,i19_01_5.bmp,0.7763672471046448,3.5676
2165,i19.bmp,i19_02_1.bmp,0.935993492603302,6.0811
2166,i19.bmp,i19_02_2.bmp,0.9125767946243286,5.6486
2167,i19.bmp,i19_02_3.bmp,0.8838962316513062,5.5789
2168,i19.bmp,i19_02_4.bmp,0.8525214195251465,5.0
2169,i19.bmp,i19_02_5.bmp,0.8190886974334717,4.4722
2170,i19.bmp,i19_03_1.bmp,0.8523683547973633,4.6667
2171,i19.bmp,i19_03_2.bmp,0.8192182183265686,4.0541
2172,i19.bmp,i19_03_3.bmp,0.7802484035491943,3.6316
2173,i19.bmp,i19_03_4.bmp,0.7448838949203491,3.0
2174,i19.bmp,i19_03_5.bmp,0.71074378490448,2.5263
2175,i19.bmp,i19_04_1.bmp,0.9777134656906128,5.8947
2176,i19.bmp,i19_04_2.bmp,0.9681881666183472,5.9459
2177,i19.bmp,i19_04_3.bmp,0.9565370082855225,5.8947
2178,i19.bmp,i19_04_4.bmp,0.9420264959335327,5.2432
2179,i19.bmp,i19_04_5.bmp,0.9087088704109192,4.4865
2180,i19.bmp,i19_05_1.bmp,0.944157600402832,5.9737
2181,i19.bmp,i19_05_2.bmp,0.923068106174469,5.5
2182,i19.bmp,i19_05_3.bmp,0.8768490552902222,5.0789
2183,i19.bmp,i19_05_4.bmp,0.8178796768188477,4.0
2184,i19.bmp,i19_05_5.bmp,0.7507384419441223,3.1842
2185,i19.bmp,i19_06_1.bmp,0.9186571836471558,4.7368
2186,i19.bmp,i19_06_2.bmp,0.8847891092300415,4.6486
2187,i19.bmp,i19_06_3.bmp,0.8465970754623413,3.8684
2188,i19.bmp,i19_06_4.bmp,0.8095565438270569,3.5676
2189,i19.bmp,i19_06_5.bmp,0.7673064470291138,3.1892
2190,i19.bmp,i19_07_1.bmp,0.896739661693573,5.3784
2191,i19.bmp,i19_07_2.bmp,0.8646270036697388,4.6757
2192,i19.bmp,i19_07_3.bmp,0.8275076150894165,3.8889
2193,i19.bmp,i19_07_4.bmp,0.7949722409248352,3.1944
2194,i19.bmp,i19_07_5.bmp,0.7614936828613281,2.6053
2195,i19.bmp,i19_08_1.bmp,0.9548386931419373,5.3514
2196,i19.bmp,i19_08_2.bmp,0.9167178869247437,4.7027
2197,i19.bmp,i19_08_3.bmp,0.8470167517662048,3.7632
2198,i19.bmp,i19_08_4.bmp,0.7544537782669067,2.8919
2199,i19.bmp,i19_08_5.bmp,0.6777867674827576,2.2703
2200,i19.bmp,i19_09_1.bmp,0.885813295841217,6.0811
2201,i19.bmp,i19_09_2.bmp,0.8577485084533691,5.8947
2202,i19.bmp,i19_09_3.bmp,0.8094229698181152,4.8684
2203,i19.bmp,i19_09_4.bmp,0.7445518374443054,3.2703
2204,i19.bmp,i19_09_5.bmp,0.6839923858642578,1.8649
2205,i19.bmp,i19_10_1.bmp,0.922788679599762,5.7368
2206,i19.bmp,i19_10_2.bmp,0.8908089399337769,5.4722
2207,i19.bmp,i19_10_3.bmp,0.8236784934997559,4.8611
2208,i19.bmp,i19_10_4.bmp,0.7387381196022034,3.0
2209,i19.bmp,i19_10_5.bmp,0.6807317137718201,1.6579
2210,i19.bmp,i19_11_1.bmp,0.8933275938034058,5.5263
2211,i19.bmp,i19_11_2.bmp,0.8510111570358276,4.9737
2212,i19.bmp,i19_11_3.bmp,0.8029006719589233,4.5263
2213,i19.bmp,i19_11_4.bmp,0.7176657915115356,2.9459
2214,i19.bmp,i19_11_5.bmp,0.656741201877594,1.2368
2215,i19.bmp,i19_12_1.bmp,0.9513517618179321,6.1316
2216,i19.bmp,i19_12_2.bmp,0.9402320981025696,5.5946
2217,i19.bmp,i19_12_3.bmp,0.8729256987571716,5.1842
2218,i19.bmp,i19_12_4.bmp,0.8797020316123962,5.0811
2219,i19.bmp,i19_12_5.bmp,0.8276660442352295,4.5278
2220,i19.bmp,i19_13_1.bmp,0.916251003742218,4.6757
2221,i19.bmp,i19_13_2.bmp,0.8425626158714294,4.0526
2222,i19.bmp,i19_13_3.bmp,0.8113444447517395,3.6216
2223,i19.bmp,i19_13_4.bmp,0.7542115449905396,3.0789
2224,i19.bmp,i19_13_5.bmp,0.7038465142250061,1.9474
2225,i19.bmp,i19_14_1.bmp,0.9595860838890076,5.6111
2226,i19.bmp,i19_14_2.bmp,0.9630000591278076,6.0263
2227,i19.bmp,i19_14_3.bmp,0.9393869638442993,5.4595
2228,i19.bmp,i19_14_4.bmp,0.9236079454421997,4.9211
2229,i19.bmp,i19_14_5.bmp,0.89674311876297,3.6486
2230,i19.bmp,i19_15_1.bmp,0.9396784901618958,2.8889
2231,i19.bmp,i19_15_2.bmp,0.9496620297431946,3.2778
2232,i19.bmp,i19_15_3.bmp,0.9646086692810059,3.5135
2233,i19.bmp,i19_15_4.bmp,0.9652442932128906,3.6842
2234,i19.bmp,i19_15_5.bmp,0.9697736501693726,3.5405
2235,i19.bmp,i19_16_1.bmp,0.9906061887741089,6.1316
2236,i19.bmp,i19_16_2.bmp,0.9826048016548157,6.2632
2237,i19.bmp,i19_16_3.bmp,0.9664624929428101,5.2895
2238,i19.bmp,i19_16_4.bmp,0.9482532739639282,5.8421
2239,i19.bmp,i19_16_5.bmp,0.9334136247634888,4.4167
2240,i19.bmp,i19_17_1.bmp,0.9750933647155762,5.4737
2241,i19.bmp,i19_17_2.bmp,0.9538551568984985,6.1892
2242,i19.bmp,i19_17_3.bmp,0.9386441707611084,4.4324
2243,i19.bmp,i19_17_4.bmp,0.9077938795089722,5.7568
2244,i19.bmp,i19_17_5.bmp,0.8621543049812317,3.3421
2245,i19.bmp,i19_18_1.bmp,0.9631936550140381,5.1351
2246,i19.bmp,i19_18_2.bmp,0.9504872560501099,4.3889
2247,i19.bmp,i19_18_3.bmp,0.9325962066650391,4.2432
2248,i19.bmp,i19_18_4.bmp,0.9020593762397766,4.0811
2249,i19.bmp,i19_18_5.bmp,0.8732506632804871,4.0541
2250,i19.bmp,i19_19_1.bmp,0.9137958288192749,5.5405
2251,i19.bmp,i19_19_2.bmp,0.8849753141403198,4.973
2252,i19.bmp,i19_19_3.bmp,0.8510371446609497,4.5556
2253,i19.bmp,i19_19_4.bmp,0.8126512169837952,4.3143
2254,i19.bmp,i19_19_5.bmp,0.7734465599060059,3.5556
2255,i19.bmp,i19_20_1.bmp,0.9373084306716919,5.7027
2256,i19.bmp,i19_20_2.bmp,0.899658203125,5.7105
2257,i19.bmp,i19_20_3.bmp,0.8408671617507935,5.1892
2258,i19.bmp,i19_20_4.bmp,0.767547607421875,4.1389
2259,i19.bmp,i19_20_5.bmp,0.7015030384063721,3.0526
2260,i19.bmp,i19_21_1.bmp,0.8808736205101013,5.4054
2261,i19.bmp,i19_21_2.bmp,0.8372862339019775,5.1622
2262,i19.bmp,i19_21_3.bmp,0.7926795482635498,4.0811
2263,i19.bmp,i19_21_4.bmp,0.7442269325256348,3.5676
2264,i19.bmp,i19_21_5.bmp,0.6877474784851074,2.25
2265,i19.bmp,i19_22_1.bmp,0.9299584031105042,5.7368
2266,i19.bmp,i19_22_2.bmp,0.8973469138145447,5.3243
2267,i19.bmp,i19_22_3.bmp,0.8624660968780518,4.4
2268,i19.bmp,i19_22_4.bmp,0.8179802894592285,3.9474
2269,i19.bmp,i19_22_5.bmp,0.7344770431518555,2.7568
2270,i19.bmp,i19_23_1.bmp,0.9544953107833862,5.8684
2271,i19.bmp,i19_23_2.bmp,0.9234001636505127,6.2895
2272,i19.bmp,i19_23_3.bmp,0.8993371725082397,5.7568
2273,i19.bmp,i19_23_4.bmp,0.8752610683441162,5.7632
2274,i19.bmp,i19_23_5.bmp,0.8296390175819397,5.2162
2275,i19.bmp,i19_24_1.bmp,0.878450870513916,5.4595
2276,i19.bmp,i19_24_2.bmp,0.827783465385437,4.7027
2277,i19.bmp,i19_24_3.bmp,0.7661797404289246,3.6389
2278,i19.bmp,i19_24_4.bmp,0.707862138748169,2.5
2279,i19.bmp,i19_24_5.bmp,0.659766435623169,0.77778
2280,i20.bmp,i20_01_1.bmp,0.865322470664978,5.7692
2281,i20.bmp,i20_01_2.bmp,0.8351495265960693,5.5128
2282,i20.bmp,i20_01_3.bmp,0.8057131767272949,4.9211
2283,i20.bmp,i20_01_4.bmp,0.774634838104248,4.4359
2284,i20.bmp,i20_01_5.bmp,0.7465571165084839,3.7838
2285,i20.bmp,i20_02_1.bmp,0.895009458065033,5.8421
2286,i20.bmp,i20_02_2.bmp,0.868412971496582,5.7949
2287,i20.bmp,i20_02_3.bmp,0.8409014940261841,5.5135
2288,i20.bmp,i20_02_4.bmp,0.812934160232544,5.282
2289,i20.bmp,i20_02_5.bmp,0.7796759605407715,4.4872
2290,i20.bmp,i20_03_1.bmp,0.8077024221420288,4.9474
2291,i20.bmp,i20_03_2.bmp,0.776625394821167,4.2105
2292,i20.bmp,i20_03_3.bmp,0.7466204762458801,3.8108
2293,i20.bmp,i20_03_4.bmp,0.7184282541275024,3.1282
2294,i20.bmp,i20_03_5.bmp,0.6923506259918213,2.6579
2295,i20.bmp,i20_04_1.bmp,0.9648556709289551,5.7105
2296,i20.bmp,i20_04_2.bmp,0.9527868032455444,5.4737
2297,i20.bmp,i20_04_3.bmp,0.933516800403595,5.1579
2298,i20.bmp,i20_04_4.bmp,0.9054372310638428,4.7297
2299,i20.bmp,i20_04_5.bmp,0.8675313591957092,4.0541
2300,i20.bmp,i20_05_1.bmp,0.8969021439552307,6.0263
2301,i20.bmp,i20_05_2.bmp,0.869399905204773,5.7632
2302,i20.bmp,i20_05_3.bmp,0.8211257457733154,5.3947
2303,i20.bmp,i20_05_4.bmp,0.7729607820510864,4.2308
2304,i20.bmp,i20_05_5.bmp,0.7236093878746033,2.9211
2305,i20.bmp,i20_06_1.bmp,0.8481798768043518,4.9737
2306,i20.bmp,i20_06_2.bmp,0.814219057559967,4.1389
2307,i20.bmp,i20_06_3.bmp,0.776142418384552,3.9474
2308,i20.bmp,i20_06_4.bmp,0.7433843612670898,3.4359
2309,i20.bmp,i20_06_5.bmp,0.7130722999572754,3.1026
2310,i20.bmp,i20_07_1.bmp,0.8709298968315125,5.282
2311,i20.bmp,i20_07_2.bmp,0.8332746028900146,4.7297
2312,i20.bmp,i20_07_3.bmp,0.8076720237731934,4.4737
2313,i20.bmp,i20_07_4.bmp,0.7860850691795349,3.7368
2314,i20.bmp,i20_07_5.bmp,0.7736648917198181,3.282
2315,i20.bmp,i20_08_1.bmp,0.9601044654846191,5.6579
2316,i20.bmp,i20_08_2.bmp,0.9311481714248657,5.2973
2317,i20.bmp,i20_08_3.bmp,0.8771276473999023,4.0278
2318,i20.bmp,i20_08_4.bmp,0.7972702980041504,3.4211
2319,i20.bmp,i20_08_5.bmp,0.7305768132209778,2.5897
2320,i20.bmp,i20_09_1.bmp,0.8769739270210266,6.2632
2321,i20.bmp,i20_09_2.bmp,0.8537792563438416,6.1316
2322,i20.bmp,i20_09_3.bmp,0.8175829648971558,5.3333
2323,i20.bmp,i20_09_4.bmp,0.756220817565918,3.7568
2324,i20.bmp,i20_09_5.bmp,0.6905640363693237,2.2162
2325,i20.bmp,i20_10_1.bmp,0.8909387588500977,6.1316
2326,i20.bmp,i20_10_2.bmp,0.8640350699424744,5.7368
2327,i20.bmp,i20_10_3.bmp,0.8108501434326172,4.9444
2328,i20.bmp,i20_10_4.bmp,0.7490074634552002,3.5789
2329,i20.bmp,i20_10_5.bmp,0.715545654296875,2.7436
2330,i20.bmp,i20_11_1.bmp,0.8506352305412292,5.5789
2331,i20.bmp,i20_11_2.bmp,0.813597559928894,4.8421
2332,i20.bmp,i20_11_3.bmp,0.7429577708244324,3.4324
2333,i20.bmp,i20_11_4.bmp,0.7028502821922302,2.0526
2334,i20.bmp,i20_11_5.bmp,0.6829475164413452,0.74359
2335,i20.bmp,i20_12_1.bmp,0.9291391372680664,6.1282
2336,i20.bmp,i20_12_2.bmp,0.8785380125045776,5.3077
2337,i20.bmp,i20_12_3.bmp,0.8396686315536499,4.4474
2338,i20.bmp,i20_12_4.bmp,0.8004568219184875,4.2564
2339,i20.bmp,i20_12_5.bmp,0.7125247716903687,2.5789
2340,i20.bmp,i20_13_1.bmp,0.8314728736877441,5.1539
2341,i20.bmp,i20_13_2.bmp,0.7704545259475708,3.7895
2342,i20.bmp,i20_13_3.bmp,0.8471243381500244,3.8205
2343,i20.bmp,i20_13_4.bmp,0.7131268978118896,2.8919
2344,i20.bmp,i20_13_5.bmp,0.6754711270332336,2.027
2345,i20.bmp,i20_14_1.bmp,0.9598631858825684,6.0263
2346,i20.bmp,i20_14_2.bmp,0.9644558429718018,5.8421
2347,i20.bmp,i20_14_3.bmp,0.9279628992080688,4.5526
2348,i20.bmp,i20_14_4.bmp,0.8926619291305542,4.1282
2349,i20.bmp,i20_14_5.bmp,0.8759332895278931,3.3684
2350,i20.bmp,i20_15_1.bmp,0.9158587455749512,3.2308
2351,i20.bmp,i20_15_2.bmp,0.925564169883728,3.3421
2352,i20.bmp,i20_15_3.bmp,0.9400091171264648,3.6923
2353,i20.bmp,i20_15_4.bmp,0.9544340372085571,3.8974
2354,i20.bmp,i20_15_5.bmp,0.9722433090209961,4.0513
2355,i20.bmp,i20_16_1.bmp,0.9817476272583008,6.0513
2356,i20.bmp,i20_16_2.bmp,0.9530704021453857,6.0541
2357,i20.bmp,i20_16_3.bmp,0.940852165222168,5.4054
2358,i20.bmp,i20_16_4.bmp,0.8990407586097717,5.1351
2359,i20.bmp,i20_16_5.bmp,0.8840031027793884,4.718
2360,i20.bmp,i20_17_1.bmp,0.9626370668411255,5.6154
2361,i20.bmp,i20_17_2.bmp,0.9122970700263977,6.3333
2362,i20.bmp,i20_17_3.bmp,0.9127599000930786,4.3243
2363,i20.bmp,i20_17_4.bmp,0.8510886430740356,5.8718
2364,i20.bmp,i20_17_5.bmp,0.8411446213722229,3.5385
2365,i20.bmp,i20_18_1.bmp,0.940534234046936,5.6154
2366,i20.bmp,i20_18_2.bmp,0.9305846095085144,5.2368
2367,i20.bmp,i20_18_3.bmp,0.9130651950836182,4.5
2368,i20.bmp,i20_18_4.bmp,0.8792225122451782,4.1351
2369,i20.bmp,i20_18_5.bmp,0.8576656579971313,4.1053
2370,i20.bmp,i20_19_1.bmp,0.8728845119476318,5.8205
2371,i20.bmp,i20_19_2.bmp,0.8506289124488831,5.1795
2372,i20.bmp,i20_19_3.bmp,0.8241426944732666,4.7949
2373,i20.bmp,i20_19_4.bmp,0.7978643178939819,4.0
2374,i20.bmp,i20_19_5.bmp,0.7695235013961792,3.4615
2375,i20.bmp,i20_20_1.bmp,0.8738082051277161,6.1579
2376,i20.bmp,i20_20_2.bmp,0.8228341341018677,5.4615
2377,i20.bmp,i20_20_3.bmp,0.7772684097290039,4.7895
2378,i20.bmp,i20_20_4.bmp,0.7247254252433777,3.5263
2379,i20.bmp,i20_20_5.bmp,0.6814460158348083,2.718
2380,i20.bmp,i20_21_1.bmp,0.8424073457717896,5.5526
2381,i20.bmp,i20_21_2.bmp,0.8058297634124756,4.7632
2382,i20.bmp,i20_21_3.bmp,0.7759832143783569,4.0
2383,i20.bmp,i20_21_4.bmp,0.7439756393432617,3.2432
2384,i20.bmp,i20_21_5.bmp,0.7017734050750732,2.5789
2385,i20.bmp,i20_22_1.bmp,0.8949097990989685,6.0
2386,i20.bmp,i20_22_2.bmp,0.863385021686554,5.1053
2387,i20.bmp,i20_22_3.bmp,0.8251459002494812,4.5263
2388,i20.bmp,i20_22_4.bmp,0.7917764782905579,4.1081
2389,i20.bmp,i20_22_5.bmp,0.7525278329849243,3.7297
2390,i20.bmp,i20_23_1.bmp,0.9447698593139648,5.9487
2391,i20.bmp,i20_23_2.bmp,0.9100881814956665,6.2564
2392,i20.bmp,i20_23_3.bmp,0.8575859665870667,5.8205
2393,i20.bmp,i20_23_4.bmp,0.8019021153450012,4.7297
2394,i20.bmp,i20_23_5.bmp,0.7283315658569336,3.1538
2395,i20.bmp,i20_24_1.bmp,0.8449671268463135,6.1842
2396,i20.bmp,i20_24_2.bmp,0.7951207756996155,5.0789
2397,i20.bmp,i20_24_3.bmp,0.7389588356018066,3.4324
2398,i20.bmp,i20_24_4.bmp,0.681498646736145,1.9744
2399,i20.bmp,i20_24_5.bmp,0.6566016674041748,0.84211
2400,i21.bmp,i21_01_1.bmp,0.8980883955955505,5.5116
2401,i21.bmp,i21_01_2.bmp,0.8706616163253784,5.0698
2402,i21.bmp,i21_01_3.bmp,0.840451717376709,4.4884
2403,i21.bmp,i21_01_4.bmp,0.8047637939453125,3.907
2404,i21.bmp,i21_01_5.bmp,0.7737652063369751,3.4884
2405,i21.bmp,i21_02_1.bmp,0.9241242408752441,5.8095
2406,i21.bmp,i21_02_2.bmp,0.900618851184845,5.5349
2407,i21.bmp,i21_02_3.bmp,0.8717752695083618,5.4419
2408,i21.bmp,i21_02_4.bmp,0.8400536775588989,4.814
2409,i21.bmp,i21_02_5.bmp,0.8068365454673767,4.15
2410,i21.bmp,i21_03_1.bmp,0.8385190367698669,4.3953
2411,i21.bmp,i21_03_2.bmp,0.8069050908088684,3.9268
2412,i21.bmp,i21_03_3.bmp,0.7725332975387573,3.1667
2413,i21.bmp,i21_03_4.bmp,0.742262065410614,3.0698
2414,i21.bmp,i21_03_5.bmp,0.704866349697113,2.5581
2415,i21.bmp,i21_04_1.bmp,0.9731491208076477,5.9302
2416,i21.bmp,i21_04_2.bmp,0.9654787182807922,6.0233
2417,i21.bmp,i21_04_3.bmp,0.9543684720993042,5.4634
2418,i21.bmp,i21_04_4.bmp,0.9371414184570312,5.3333
2419,i21.bmp,i21_04_5.bmp,0.9131077527999878,4.65
2420,i21.bmp,i21_05_1.bmp,0.9324672222137451,5.6977
2421,i21.bmp,i21_05_2.bmp,0.9109132289886475,5.907
2422,i21.bmp,i21_05_3.bmp,0.865807294845581,5.1163
2423,i21.bmp,i21_05_4.bmp,0.8120241761207581,3.9286
2424,i21.bmp,i21_05_5.bmp,0.7507756948471069,3.0
2425,i21.bmp,i21_06_1.bmp,0.9082000851631165,4.9268
2426,i21.bmp,i21_06_2.bmp,0.8734574913978577,4.381
2427,i21.bmp,i21_06_3.bmp,0.8394479751586914,4.0244
2428,i21.bmp,i21_06_4.bmp,0.8009567260742188,3.5
2429,i21.bmp,i21_06_5.bmp,0.7677557468414307,3.0476
2430,i21.bmp,i21_07_1.bmp,0.8903498649597168,5.0244
2431,i21.bmp,i21_07_2.bmp,0.8616716861724854,4.45
2432,i21.bmp,i21_07_3.bmp,0.8260716199874878,4.1667
2433,i21.bmp,i21_07_4.bmp,0.796004056930542,3.5952
2434,i21.bmp,i21_07_5.bmp,0.7580684423446655,3.1667
2435,i21.bmp,i21_08_1.bmp,0.952980637550354,5.5
2436,i21.bmp,i21_08_2.bmp,0.9201623797416687,4.8571
2437,i21.bmp,i21_08_3.bmp,0.8549365997314453,4.1163
2438,i21.bmp,i21_08_4.bmp,0.7667956352233887,3.2326
2439,i21.bmp,i21_08_5.bmp,0.6932889223098755,2.1628
2440,i21.bmp,i21_09_1.bmp,0.8802499771118164,6.075
2441,i21.bmp,i21_09_2.bmp,0.8519356846809387,6.1905
2442,i21.bmp,i21_09_3.bmp,0.8028392791748047,5.3095
2443,i21.bmp,i21_09_4.bmp,0.7353461980819702,3.7674
2444,i21.bmp,i21_09_5.bmp,0.6644383668899536,2.093
2445,i21.bmp,i21_10_1.bmp,0.9061174988746643,6.3095
2446,i21.bmp,i21_10_2.bmp,0.8694459199905396,5.881
2447,i21.bmp,i21_10_3.bmp,0.8083500862121582,5.1395
2448,i21.bmp,i21_10_4.bmp,0.7329500913619995,3.2619
2449,i21.bmp,i21_10_5.bmp,0.6758573055267334,1.9268
2450,i21.bmp,i21_11_1.bmp,0.886320948600769,6.122
2451,i21.bmp,i21_11_2.bmp,0.8514741659164429,5.3953
2452,i21.bmp,i21_11_3.bmp,0.8030014038085938,4.6905
2453,i21.bmp,i21_11_4.bmp,0.7118058204650879,3.0
2454,i21.bmp,i21_11_5.bmp,0.6457305550575256,1.0465
2455,i21.bmp,i21_12_1.bmp,0.9604586362838745,5.7907
2456,i21.bmp,i21_12_2.bmp,0.8934352397918701,4.7674
2457,i21.bmp,i21_12_3.bmp,0.9270776510238647,6.0
2458,i21.bmp,i21_12_4.bmp,0.8727917671203613,5.619
2459,i21.bmp,i21_12_5.bmp,0.7275007963180542,2.0238
2460,i21.bmp,i21_13_1.bmp,0.8707372546195984,4.4524
2461,i21.bmp,i21_13_2.bmp,0.8305162191390991,3.6905
2462,i21.bmp,i21_13_3.bmp,0.7815935611724854,3.1707
2463,i21.bmp,i21_13_4.bmp,0.7265613079071045,2.3488
2464,i21.bmp,i21_13_5.bmp,0.7130916714668274,2.5581
2465,i21.bmp,i21_14_1.bmp,0.9655810594558716,5.907
2466,i21.bmp,i21_14_2.bmp,0.9726057052612305,6.1707
2467,i21.bmp,i21_14_3.bmp,0.9424886703491211,5.9524
2468,i21.bmp,i21_14_4.bmp,0.9099735021591187,4.3333
2469,i21.bmp,i21_14_5.bmp,0.8744810223579407,3.6512
2470,i21.bmp,i21_15_1.bmp,0.9245673418045044,2.8537
2471,i21.bmp,i21_15_2.bmp,0.935329258441925,3.2683
2472,i21.bmp,i21_15_3.bmp,0.9488967061042786,3.5714
2473,i21.bmp,i21_15_4.bmp,0.9569550156593323,3.7619
2474,i21.bmp,i21_15_5.bmp,0.9716365933418274,3.7143
2475,i21.bmp,i21_16_1.bmp,0.9899529218673706,6.122
2476,i21.bmp,i21_16_2.bmp,0.9820926189422607,5.9302
2477,i21.bmp,i21_16_3.bmp,0.9648243188858032,5.7143
2478,i21.bmp,i21_16_4.bmp,0.9507697820663452,5.1667
2479,i21.bmp,i21_16_5.bmp,0.9315552115440369,4.6744
2480,i21.bmp,i21_17_1.bmp,0.9713842868804932,5.3415
2481,i21.bmp,i21_17_2.bmp,0.9529426097869873,6.2619
2482,i21.bmp,i21_17_3.bmp,0.9336341619491577,4.3571
2483,i21.bmp,i21_17_4.bmp,0.9129416942596436,6.3023
2484,i21.bmp,i21_17_5.bmp,0.858070969581604,3.55
2485,i21.bmp,i21_18_1.bmp,0.9518475532531738,4.8571
2486,i21.bmp,i21_18_2.bmp,0.9356006383895874,4.3171
2487,i21.bmp,i21_18_3.bmp,0.9080549478530884,4.119
2488,i21.bmp,i21_18_4.bmp,0.8650548458099365,3.6098
2489,i21.bmp,i21_18_5.bmp,0.8351331949234009,3.7857
2490,i21.bmp,i21_19_1.bmp,0.8937010765075684,5.381
2491,i21.bmp,i21_19_2.bmp,0.870278000831604,4.7907
2492,i21.bmp,i21_19_3.bmp,0.8409156799316406,4.0714
2493,i21.bmp,i21_19_4.bmp,0.811536431312561,3.6429
2494,i21.bmp,i21_19_5.bmp,0.780726432800293,3.4186
2495,i21.bmp,i21_20_1.bmp,0.9295066595077515,5.975
2496,i21.bmp,i21_20_2.bmp,0.900293231010437,5.6744
2497,i21.bmp,i21_20_3.bmp,0.8561160564422607,5.6905
2498,i21.bmp,i21_20_4.bmp,0.7913846373558044,4.8837
2499,i21.bmp,i21_20_5.bmp,0.7195342183113098,3.8372
2500,i21.bmp,i21_21_1.bmp,0.8723946809768677,5.5349
2501,i21.bmp,i21_21_2.bmp,0.8376972675323486,5.1429
2502,i21.bmp,i21_21_3.bmp,0.7922492027282715,4.3095
2503,i21.bmp,i21_21_4.bmp,0.7457562685012817,3.6191
2504,i21.bmp,i21_21_5.bmp,0.6890844106674194,2.7317
2505,i21.bmp,i21_22_1.bmp,0.9046655893325806,5.3571
2506,i21.bmp,i21_22_2.bmp,0.8689371347427368,5.4762
2507,i21.bmp,i21_22_3.bmp,0.8357275724411011,4.4419
2508,i21.bmp,i21_22_4.bmp,0.8022928237915039,3.3721
2509,i21.bmp,i21_22_5.bmp,0.7603816986083984,3.0
2510,i21.bmp,i21_23_1.bmp,0.9425903558731079,6.1163
2511,i21.bmp,i21_23_2.bmp,0.9054793119430542,5.9048
2512,i21.bmp,i21_23_3.bmp,0.8583331108093262,5.6744
2513,i21.bmp,i21_23_4.bmp,0.8153237700462341,5.2381
2514,i21.bmp,i21_23_5.bmp,0.7123557329177856,2.8571
2515,i21.bmp,i21_24_1.bmp,0.881632924079895,5.8837
2516,i21.bmp,i21_24_2.bmp,0.8387923240661621,5.7209
2517,i21.bmp,i21_24_3.bmp,0.7774549722671509,5.0
2518,i21.bmp,i21_24_4.bmp,0.7025027275085449,3.0732
2519,i21.bmp,i21_24_5.bmp,0.63614422082901,0.52381
2520,i22.bmp,i22_01_1.bmp,0.9082915782928467,5.8158
2521,i22.bmp,i22_01_2.bmp,0.8745917081832886,5.2368
2522,i22.bmp,i22_01_3.bmp,0.8344084024429321,4.8461
2523,i22.bmp,i22_01_4.bmp,0.7962855100631714,4.1579
2524,i22.bmp,i22_01_5.bmp,0.7553609609603882,3.718
2525,i22.bmp,i22_02_1.bmp,0.9355388879776001,5.6053
2526,i22.bmp,i22_02_2.bmp,0.9107714891433716,5.8205
2527,i22.bmp,i22_02_3.bmp,0.8776633143424988,5.4737
2528,i22.bmp,i22_02_4.bmp,0.8375551700592041,5.1316
2529,i22.bmp,i22_02_5.bmp,0.7984005212783813,4.5789
2530,i22.bmp,i22_03_1.bmp,0.8395367860794067,4.7949
2531,i22.bmp,i22_03_2.bmp,0.7973655462265015,4.3421
2532,i22.bmp,i22_03_3.bmp,0.7567862272262573,3.6842
2533,i22.bmp,i22_03_4.bmp,0.7206557393074036,3.0769
2534,i22.bmp,i22_03_5.bmp,0.6791340112686157,2.7027
2535,i22.bmp,i22_04_1.bmp,0.9729592204093933,5.7692
2536,i22.bmp,i22_04_2.bmp,0.9643527269363403,5.718
2537,i22.bmp,i22_04_3.bmp,0.949134886264801,5.4359
2538,i22.bmp,i22_04_4.bmp,0.9255521893501282,5.0
2539,i22.bmp,i22_04_5.bmp,0.8922150135040283,4.3077
2540,i22.bmp,i22_05_1.bmp,0.9423140287399292,5.8684
2541,i22.bmp,i22_05_2.bmp,0.9189968109130859,5.6842
2542,i22.bmp,i22_05_3.bmp,0.8651421666145325,4.8718
2543,i22.bmp,i22_05_4.bmp,0.7993326187133789,4.1842
2544,i22.bmp,i22_05_5.bmp,0.730414628982544,3.1842
2545,i22.bmp,i22_06_1.bmp,0.9120338559150696,4.7027
2546,i22.bmp,i22_06_2.bmp,0.8758257627487183,4.2432
2547,i22.bmp,i22_06_3.bmp,0.8344874382019043,3.7632
2548,i22.bmp,i22_06_4.bmp,0.7890137434005737,3.5676
2549,i22.bmp,i22_06_5.bmp,0.7423443794250488,3.2432
2550,i22.bmp,i22_07_1.bmp,0.8952459096908569,5.5897
2551,i22.bmp,i22_07_2.bmp,0.8536645174026489,5.0811
2552,i22.bmp,i22_07_3.bmp,0.8110601902008057,4.5789
2553,i22.bmp,i22_07_4.bmp,0.7700632214546204,3.8947
2554,i22.bmp,i22_07_5.bmp,0.7142820358276367,2.7436
2555,i22.bmp,i22_08_1.bmp,0.9576382637023926,5.4474
2556,i22.bmp,i22_08_2.bmp,0.9199365377426147,4.6316
2557,i22.bmp,i22_08_3.bmp,0.8484079837799072,3.7838
2558,i22.bmp,i22_08_4.bmp,0.7494395971298218,3.1282
2559,i22.bmp,i22_08_5.bmp,0.671852171421051,2.5385
2560,i22.bmp,i22_09_1.bmp,0.8706966638565063,5.8461
2561,i22.bmp,i22_09_2.bmp,0.8297230005264282,5.5263
2562,i22.bmp,i22_09_3.bmp,0.7696977257728577,4.6216
2563,i22.bmp,i22_09_4.bmp,0.7057653069496155,3.3333
2564,i22.bmp,i22_09_5.bmp,0.6474892497062683,2.0513
2565,i22.bmp,i22_10_1.bmp,0.9106084108352661,5.8378
2566,i22.bmp,i22_10_2.bmp,0.8726851940155029,5.5897
2567,i22.bmp,i22_10_3.bmp,0.7902106046676636,5.0
2568,i22.bmp,i22_10_4.bmp,0.6886370182037354,3.5897
2569,i22.bmp,i22_10_5.bmp,0.6479906439781189,2.0789
2570,i22.bmp,i22_11_1.bmp,0.8980571031570435,5.359
2571,i22.bmp,i22_11_2.bmp,0.8358728289604187,5.5128
2572,i22.bmp,i22_11_3.bmp,0.7338224649429321,4.2632
2573,i22.bmp,i22_11_4.bmp,0.6478328704833984,2.6316
2574,i22.bmp,i22_11_5.bmp,0.6175341010093689,0.86842
2575,i22.bmp,i22_12_1.bmp,0.8981611728668213,5.2632
2576,i22.bmp,i22_12_2.bmp,0.9077199697494507,5.7692
2577,i22.bmp,i22_12_3.bmp,0.8794320821762085,5.7436
2578,i22.bmp,i22_12_4.bmp,0.7858080267906189,4.3684
2579,i22.bmp,i22_12_5.bmp,0.6853662133216858,2.7632
2580,i22.bmp,i22_13_1.bmp,0.8915417790412903,5.2564
2581,i22.bmp,i22_13_2.bmp,0.8104017972946167,4.4359
2582,i22.bmp,i22_13_3.bmp,0.7694952487945557,3.6842
2583,i22.bmp,i22_13_4.bmp,0.7107473611831665,2.8718
2584,i22.bmp,i22_13_5.bmp,0.6855978965759277,2.5128
2585,i22.bmp,i22_14_1.bmp,0.9510402679443359,5.7692
2586,i22.bmp,i22_14_2.bmp,0.9687045812606812,5.8611
2587,i22.bmp,i22_14_3.bmp,0.942283034324646,5.7632
2588,i22.bmp,i22_14_4.bmp,0.9019113779067993,4.6216
2589,i22.bmp,i22_14_5.bmp,0.8706703186035156,4.1026
2590,i22.bmp,i22_15_1.bmp,0.9166127443313599,3.0526
2591,i22.bmp,i22_15_2.bmp,0.9286959767341614,3.0263
2592,i22.bmp,i22_15_3.bmp,0.9382193684577942,3.2162
2593,i22.bmp,i22_15_4.bmp,0.9539101123809814,3.3947
2594,i22.bmp,i22_15_5.bmp,0.9717448949813843,3.7368
2595,i22.bmp,i22_16_1.bmp,0.9891139268875122,5.8649
2596,i22.bmp,i22_16_2.bmp,0.981124997138977,5.4103
2597,i22.bmp,i22_16_3.bmp,0.9601792097091675,6.0513
2598,i22.bmp,i22_16_4.bmp,0.9444432258605957,4.6053
2599,i22.bmp,i22_16_5.bmp,0.9167454242706299,5.2564
2600,i22.bmp,i22_17_1.bmp,0.9737428426742554,5.3333
2601,i22.bmp,i22_17_2.bmp,0.9498251080513,6.0
2602,i22.bmp,i22_17_3.bmp,0.9337476491928101,4.2222
2603,i22.bmp,i22_17_4.bmp,0.9005045890808105,6.2308
2604,i22.bmp,i22_17_5.bmp,0.8485585451126099,3.3784
2605,i22.bmp,i22_18_1.bmp,0.958073616027832,5.1539
2606,i22.bmp,i22_18_2.bmp,0.9429116249084473,4.6842
2607,i22.bmp,i22_18_3.bmp,0.9175472259521484,4.2368
2608,i22.bmp,i22_18_4.bmp,0.8759871125221252,3.7632
2609,i22.bmp,i22_18_5.bmp,0.813204288482666,3.25
2610,i22.bmp,i22_19_1.bmp,0.9163682460784912,5.1316
2611,i22.bmp,i22_19_2.bmp,0.890393853187561,5.1316
2612,i22.bmp,i22_19_3.bmp,0.8546934127807617,4.6667
2613,i22.bmp,i22_19_4.bmp,0.8128198385238647,4.0
2614,i22.bmp,i22_19_5.bmp,0.7721112370491028,3.5897
2615,i22.bmp,i22_20_1.bmp,0.9369782209396362,5.7105
2616,i22.bmp,i22_20_2.bmp,0.9063236713409424,5.7368
2617,i22.bmp,i22_20_3.bmp,0.8444358110427856,5.5526
2618,i22.bmp,i22_20_4.bmp,0.7576320171356201,4.8974
2619,i22.bmp,i22_20_5.bmp,0.6746892929077148,3.6486
2620,i22.bmp,i22_21_1.bmp,0.8734771013259888,5.5789
2621,i22.bmp,i22_21_2.bmp,0.8201663494110107,5.0263
2622,i22.bmp,i22_21_3.bmp,0.7687289714813232,4.6579
2623,i22.bmp,i22_21_4.bmp,0.7135882377624512,3.5641
2624,i22.bmp,i22_21_5.bmp,0.6488530039787292,2.6316
2625,i22.bmp,i22_22_1.bmp,0.9242845773696899,5.9231
2626,i22.bmp,i22_22_2.bmp,0.8865160942077637,5.3514
2627,i22.bmp,i22_22_3.bmp,0.8460986614227295,4.8974
2628,i22.bmp,i22_22_4.bmp,0.7874854803085327,4.4474
2629,i22.bmp,i22_22_5.bmp,0.7229409217834473,2.8947
2630,i22.bmp,i22_23_1.bmp,0.9469200372695923,6.3243
2631,i22.bmp,i22_23_2.bmp,0.9072450399398804,6.1316
2632,i22.bmp,i22_23_3.bmp,0.8428763151168823,5.2105
2633,i22.bmp,i22_23_4.bmp,0.7689943909645081,4.4359
2634,i22.bmp,i22_23_5.bmp,0.6452723145484924,2.1026
2635,i22.bmp,i22_24_1.bmp,0.8806549310684204,5.8205
2636,i22.bmp,i22_24_2.bmp,0.8180530071258545,5.4211
2637,i22.bmp,i22_24_3.bmp,0.735350489616394,4.2162
2638,i22.bmp,i22_24_4.bmp,0.6529017686843872,2.2564
2639,i22.bmp,i22_24_5.bmp,0.6121628880500793,0.36842
2640,i23.bmp,i23_01_1.bmp,0.8649525046348572,5.6857
2641,i23.bmp,i23_01_2.bmp,0.8296946287155151,5.0571
2642,i23.bmp,i23_01_3.bmp,0.7942123413085938,4.7647
2643,i23.bmp,i23_01_4.bmp,0.7587780356407166,4.0857
2644,i23.bmp,i23_01_5.bmp,0.7265288829803467,3.7353
2645,i23.bmp,i23_02_1.bmp,0.900738537311554,6.1471
2646,i23.bmp,i23_02_2.bmp,0.8714181184768677,5.8485
2647,i23.bmp,i23_02_3.bmp,0.8356732726097107,5.4571
2648,i23.bmp,i23_02_4.bmp,0.7980861067771912,5.0286
2649,i23.bmp,i23_02_5.bmp,0.7647966742515564,4.3235
2650,i23.bmp,i23_03_1.bmp,0.7971121668815613,4.6177
2651,i23.bmp,i23_03_2.bmp,0.7595503330230713,4.1714
2652,i23.bmp,i23_03_3.bmp,0.7249372005462646,3.5588
2653,i23.bmp,i23_03_4.bmp,0.696708083152771,3.2647
2654,i23.bmp,i23_03_5.bmp,0.6697060465812683,2.6765
2655,i23.bmp,i23_04_1.bmp,0.9657853841781616,5.6177
2656,i23.bmp,i23_04_2.bmp,0.9566352367401123,5.6471
2657,i23.bmp,i23_04_3.bmp,0.9415210485458374,5.3235
2658,i23.bmp,i23_04_4.bmp,0.917819619178772,4.7941
2659,i23.bmp,i23_04_5.bmp,0.8839384317398071,4.5294
2660,i23.bmp,i23_05_1.bmp,0.9084170460700989,6.0571
2661,i23.bmp,i23_05_2.bmp,0.8794540166854858,5.5
2662,i23.bmp,i23_05_3.bmp,0.8226906061172485,5.0909
2663,i23.bmp,i23_05_4.bmp,0.7657639980316162,4.3143
2664,i23.bmp,i23_05_5.bmp,0.7131319642066956,3.3529
2665,i23.bmp,i23_06_1.bmp,0.8512523174285889,4.6177
2666,i23.bmp,i23_06_2.bmp,0.8100556135177612,4.3529
2667,i23.bmp,i23_06_3.bmp,0.7782473564147949,4.0294
2668,i23.bmp,i23_06_4.bmp,0.7439923882484436,3.6176
2669,i23.bmp,i23_06_5.bmp,0.7164412140846252,3.2941
2670,i23.bmp,i23_07_1.bmp,0.8258427381515503,4.9706
2671,i23.bmp,i23_07_2.bmp,0.7789769768714905,3.8485
2672,i23.bmp,i23_07_3.bmp,0.7445213794708252,3.6857
2673,i23.bmp,i23_07_4.bmp,0.7172883749008179,3.4412
2674,i23.bmp,i23_07_5.bmp,0.6918152570724487,2.7879
2675,i23.bmp,i23_08_1.bmp,0.957201361656189,5.9429
2676,i23.bmp,i23_08_2.bmp,0.933712363243103,5.5294
2677,i23.bmp,i23_08_3.bmp,0.8871352672576904,4.6765
2678,i23.bmp,i23_08_4.bmp,0.8185763359069824,3.9412
2679,i23.bmp,i23_08_5.bmp,0.7548404932022095,2.7714
2680,i23.bmp,i23_09_1.bmp,0.8587653040885925,6.697
2681,i23.bmp,i23_09_2.bmp,0.8307914137840271,6.0571
2682,i23.bmp,i23_09_3.bmp,0.7915080785751343,5.7059
2683,i23.bmp,i23_09_4.bmp,0.744987964630127,4.2647
2684,i23.bmp,i23_09_5.bmp,0.689632773399353,2.6471
2685,i23.bmp,i23_10_1.bmp,0.9011303186416626,5.9714
2686,i23.bmp,i23_10_2.bmp,0.863602876663208,5.7941
2687,i23.bmp,i23_10_3.bmp,0.7888365387916565,5.0294
2688,i23.bmp,i23_10_4.bmp,0.7017712593078613,3.6471
2689,i23.bmp,i23_10_5.bmp,0.6636320948600769,2.4
2690,i23.bmp,i23_11_1.bmp,0.8236939907073975,5.2571
2691,i23.bmp,i23_11_2.bmp,0.762654185295105,4.5714
2692,i23.bmp,i23_11_3.bmp,0.7134484052658081,3.1176
2693,i23.bmp,i23_11_4.bmp,0.6864600777626038,2.2424
2694,i23.bmp,i23_11_5.bmp,0.660883367061615,0.82353
2695,i23.bmp,i23_12_1.bmp,0.8925962448120117,5.9697
2696,i23.bmp,i23_12_2.bmp,0.8655107021331787,5.7429
2697,i23.bmp,i23_12_3.bmp,0.8299493789672852,3.8
2698,i23.bmp,i23_12_4.bmp,0.769997239112854,2.8857
2699,i23.bmp,i23_12_5.bmp,0.6892563700675964,1.8571
2700,i23.bmp,i23_13_1.bmp,0.8645392060279846,4.5429
2701,i23.bmp,i23_13_2.bmp,0.771868109703064,4.1515
2702,i23.bmp,i23_13_3.bmp,0.7282782793045044,3.3429
2703,i23.bmp,i23_13_4.bmp,0.6926308870315552,2.4706
2704,i23.bmp,i23_13_5.bmp,0.6874198913574219,2.5882
2705,i23.bmp,i23_14_1.bmp,0.933655321598053,6.0857
2706,i23.bmp,i23_14_2.bmp,0.9722716808319092,6.2941
2707,i23.bmp,i23_14_3.bmp,0.9534836411476135,5.0588
2708,i23.bmp,i23_14_4.bmp,0.916601300239563,5.0588
2709,i23.bmp,i23_14_5.bmp,0.8824365139007568,3.6
2710,i23.bmp,i23_15_1.bmp,0.9100229740142822,2.9429
2711,i23.bmp,i23_15_2.bmp,0.9221738576889038,2.9714
2712,i23.bmp,i23_15_3.bmp,0.933745265007019,3.2571
2713,i23.bmp,i23_15_4.bmp,0.9577682018280029,3.4118
2714,i23.bmp,i23_15_5.bmp,0.9757488369941711,3.6286
2715,i23.bmp,i23_16_1.bmp,0.9887998104095459,6.3333
2716,i23.bmp,i23_16_2.bmp,0.9761687517166138,5.8286
2717,i23.bmp,i23_16_3.bmp,0.9624608755111694,5.8235
2718,i23.bmp,i23_16_4.bmp,0.9305934906005859,5.2
2719,i23.bmp,i23_16_5.bmp,0.9260295033454895,5.7143
2720,i23.bmp,i23_17_1.bmp,0.967042863368988,5.6667
2721,i23.bmp,i23_17_2.bmp,0.9338828921318054,6.8
2722,i23.bmp,i23_17_3.bmp,0.9246678352355957,4.8286
2723,i23.bmp,i23_17_4.bmp,0.8788360357284546,6.6857
2724,i23.bmp,i23_17_5.bmp,0.8473156094551086,3.8824
2725,i23.bmp,i23_18_1.bmp,0.9558218717575073,5.7647
2726,i23.bmp,i23_18_2.bmp,0.9459481835365295,5.6471
2727,i23.bmp,i23_18_3.bmp,0.932357668876648,5.4412
2728,i23.bmp,i23_18_4.bmp,0.9093564748764038,5.0571
2729,i23.bmp,i23_18_5.bmp,0.873053789138794,4.3823
2730,i23.bmp,i23_19_1.bmp,0.8543040752410889,5.7143
2731,i23.bmp,i23_19_2.bmp,0.8178150653839111,4.9714
2732,i23.bmp,i23_19_3.bmp,0.7824901342391968,4.6177
2733,i23.bmp,i23_19_4.bmp,0.7486953735351562,3.8857
2734,i23.bmp,i23_19_5.bmp,0.7151538729667664,3.4286
2735,i23.bmp,i23_20_1.bmp,0.8679245114326477,5.6
2736,i23.bmp,i23_20_2.bmp,0.802828848361969,5.0882
2737,i23.bmp,i23_20_3.bmp,0.7416742444038391,4.0938
2738,i23.bmp,i23_20_4.bmp,0.6936984062194824,3.3429
2739,i23.bmp,i23_20_5.bmp,0.6565116047859192,2.6571
2740,i23.bmp,i23_21_1.bmp,0.8198831081390381,5.6
2741,i23.bmp,i23_21_2.bmp,0.7843674421310425,4.7941
2742,i23.bmp,i23_21_3.bmp,0.7418823838233948,4.1212
2743,i23.bmp,i23_21_4.bmp,0.7045153379440308,3.5143
2744,i23.bmp,i23_21_5.bmp,0.6601160764694214,2.4118
2745,i23.bmp,i23_22_1.bmp,0.8972659111022949,6.1765
2746,i23.bmp,i23_22_2.bmp,0.859836220741272,5.8857
2747,i23.bmp,i23_22_3.bmp,0.8244790434837341,5.0294
2748,i23.bmp,i23_22_4.bmp,0.782437264919281,4.6471
2749,i23.bmp,i23_22_5.bmp,0.7353942394256592,4.0
2750,i23.bmp,i23_23_1.bmp,0.9332929253578186,6.303
2751,i23.bmp,i23_23_2.bmp,0.8852330446243286,5.9118
2752,i23.bmp,i23_23_3.bmp,0.8212801218032837,5.1714
2753,i23.bmp,i23_23_4.bmp,0.7645192742347717,3.7576
2754,i23.bmp,i23_23_5.bmp,0.7100837826728821,3.0
2755,i23.bmp,i23_24_1.bmp,0.8246071338653564,5.8529
2756,i23.bmp,i23_24_2.bmp,0.7704107761383057,4.7353
2757,i23.bmp,i23_24_3.bmp,0.7139591574668884,3.6765
2758,i23.bmp,i23_24_4.bmp,0.6678830981254578,1.7273
2759,i23.bmp,i23_24_5.bmp,0.6528716087341309,0.78788
2760,i24.bmp,i24_01_1.bmp,0.8885920643806458,5.8857
2761,i24.bmp,i24_01_2.bmp,0.8496720194816589,5.0556
2762,i24.bmp,i24_01_3.bmp,0.8026009798049927,4.7222
2763,i24.bmp,i24_01_4.bmp,0.7615500688552856,4.1429
2764,i24.bmp,i24_01_5.bmp,0.7169796824455261,3.5833
2765,i24.bmp,i24_02_1.bmp,0.921720564365387,6.4444
2766,i24.bmp,i24_02_2.bmp,0.8923463821411133,5.9118
2767,i24.bmp,i24_02_3.bmp,0.8542802333831787,5.1389
2768,i24.bmp,i24_02_4.bmp,0.8113303184509277,5.0857
2769,i24.bmp,i24_02_5.bmp,0.7689820528030396,4.5278
2770,i24.bmp,i24_03_1.bmp,0.8135443925857544,4.8
2771,i24.bmp,i24_03_2.bmp,0.7702169418334961,4.2571
2772,i24.bmp,i24_03_3.bmp,0.7252132296562195,3.8286
2773,i24.bmp,i24_03_4.bmp,0.6839367151260376,3.2857
2774,i24.bmp,i24_03_5.bmp,0.648237407207489,2.6944
2775,i24.bmp,i24_04_1.bmp,0.9759229421615601,5.8571
2776,i24.bmp,i24_04_2.bmp,0.9690403938293457,5.8333
2777,i24.bmp,i24_04_3.bmp,0.957298994064331,5.5294
2778,i24.bmp,i24_04_4.bmp,0.9379299283027649,5.1667
2779,i24.bmp,i24_04_5.bmp,0.9071061611175537,4.5714
2780,i24.bmp,i24_05_1.bmp,0.9313328862190247,5.8056
2781,i24.bmp,i24_05_2.bmp,0.9022857546806335,5.3333
2782,i24.bmp,i24_05_3.bmp,0.8383592963218689,5.1389
2783,i24.bmp,i24_05_4.bmp,0.7649486064910889,4.0286
2784,i24.bmp,i24_05_5.bmp,0.6917595267295837,3.25
2785,i24.bmp,i24_06_1.bmp,0.9069753885269165,4.6471
2786,i24.bmp,i24_06_2.bmp,0.8742530941963196,4.3714
2787,i24.bmp,i24_06_3.bmp,0.8231923580169678,3.9714
2788,i24.bmp,i24_06_4.bmp,0.7727189064025879,3.6667
2789,i24.bmp,i24_06_5.bmp,0.7209218740463257,3.2857
2790,i24.bmp,i24_07_1.bmp,0.870245635509491,5.5278
2791,i24.bmp,i24_07_2.bmp,0.8277157545089722,4.5714
2792,i24.bmp,i24_07_3.bmp,0.786005973815918,4.0882
2793,i24.bmp,i24_07_4.bmp,0.7387501001358032,2.8857
2794,i24.bmp,i24_07_5.bmp,0.7043560743331909,2.4444
2795,i24.bmp,i24_08_1.bmp,0.9579373002052307,5.9444
2796,i24.bmp,i24_08_2.bmp,0.9208834171295166,4.9714
2797,i24.bmp,i24_08_3.bmp,0.8443977236747742,4.0571
2798,i24.bmp,i24_08_4.bmp,0.7364856004714966,3.1765
2799,i24.bmp,i24_08_5.bmp,0.6498662829399109,2.6176
2800,i24.bmp,i24_09_1.bmp,0.8753765821456909,6.0
2801,i24.bmp,i24_09_2.bmp,0.8347755670547485,5.2941
2802,i24.bmp,i24_09_3.bmp,0.7658634781837463,4.5278
2803,i24.bmp,i24_09_4.bmp,0.6855544447898865,3.3889
2804,i24.bmp,i24_09_5.bmp,0.6222221851348877,2.0
2805,i24.bmp,i24_10_1.bmp,0.906600832939148,5.8857
2806,i24.bmp,i24_10_2.bmp,0.866309404373169,5.8286
2807,i24.bmp,i24_10_3.bmp,0.7889496088027954,4.6571
2808,i24.bmp,i24_10_4.bmp,0.6889646053314209,3.2778
2809,i24.bmp,i24_10_5.bmp,0.6448811888694763,1.8529
2810,i24.bmp,i24_11_1.bmp,0.8860599994659424,5.4
2811,i24.bmp,i24_11_2.bmp,0.8285872340202332,4.697
2812,i24.bmp,i24_11_3.bmp,0.7456436157226562,4.0294
2813,i24.bmp,i24_11_4.bmp,0.635824978351593,2.5714
2814,i24.bmp,i24_11_5.bmp,0.5998599529266357,0.91667
2815,i24.bmp,i24_12_1.bmp,0.875375509262085,5.6857
2816,i24.bmp,i24_12_2.bmp,0.9578773975372314,6.0857
2817,i24.bmp,i24_12_3.bmp,0.8884521722793579,5.4848
2818,i24.bmp,i24_12_4.bmp,0.7437840104103088,3.5
2819,i24.bmp,i24_12_5.bmp,0.6599873900413513,2.5833
2820,i24.bmp,i24_13_1.bmp,0.8887072801589966,4.0588
2821,i24.bmp,i24_13_2.bmp,0.7753936648368835,3.7429
2822,i24.bmp,i24_13_3.bmp,0.7301914095878601,3.3143
2823,i24.bmp,i24_13_4.bmp,0.6578066945075989,2.8889
2824,i24.bmp,i24_13_5.bmp,0.7017827033996582,2.5
2825,i24.bmp,i24_14_1.bmp,0.9427258372306824,6.0
2826,i24.bmp,i24_14_2.bmp,0.979147732257843,5.9714
2827,i24.bmp,i24_14_3.bmp,0.9508427381515503,5.3429
2828,i24.bmp,i24_14_4.bmp,0.916678786277771,5.1389
2829,i24.bmp,i24_14_5.bmp,0.8862403631210327,4.6389
2830,i24.bmp,i24_15_1.bmp,0.9220108985900879,4.0278
2831,i24.bmp,i24_15_2.bmp,0.9380932450294495,4.4
2832,i24.bmp,i24_15_3.bmp,0.9399060606956482,3.8857
2833,i24.bmp,i24_15_4.bmp,0.9557583928108215,3.6667
2834,i24.bmp,i24_15_5.bmp,0.9696899652481079,3.3889
2835,i24.bmp,i24_16_1.bmp,0.9910397529602051,5.9714
2836,i24.bmp,i24_16_2.bmp,0.9861400723457336,6.1111
2837,i24.bmp,i24_16_3.bmp,0.9665021896362305,5.4571
2838,i24.bmp,i24_16_4.bmp,0.9615986347198486,5.6111
2839,i24.bmp,i24_16_5.bmp,0.9261708855628967,4.8857
2840,i24.bmp,i24_17_1.bmp,0.976951003074646,5.75
2841,i24.bmp,i24_17_2.bmp,0.9638128280639648,6.4722
2842,i24.bmp,i24_17_3.bmp,0.9420375823974609,4.8056
2843,i24.bmp,i24_17_4.bmp,0.9274493455886841,6.7222
2844,i24.bmp,i24_17_5.bmp,0.8596625328063965,3.6
2845,i24.bmp,i24_18_1.bmp,0.9347007870674133,4.8
2846,i24.bmp,i24_18_2.bmp,0.9062272310256958,4.3939
2847,i24.bmp,i24_18_3.bmp,0.8687658309936523,3.9118
2848,i24.bmp,i24_18_4.bmp,0.8479984998703003,4.1143
2849,i24.bmp,i24_18_5.bmp,0.834113597869873,3.7941
2850,i24.bmp,i24_19_1.bmp,0.8924291729927063,5.5714
2851,i24.bmp,i24_19_2.bmp,0.8546150922775269,5.1765
2852,i24.bmp,i24_19_3.bmp,0.8122092485427856,4.7778
2853,i24.bmp,i24_19_4.bmp,0.7697664499282837,4.0882
2854,i24.bmp,i24_19_5.bmp,0.7229001522064209,3.8571
2855,i24.bmp,i24_20_1.bmp,0.9203246831893921,6.1429
2856,i24.bmp,i24_20_2.bmp,0.8760696649551392,5.6111
2857,i24.bmp,i24_20_3.bmp,0.8103894591331482,5.1714
2858,i24.bmp,i24_20_4.bmp,0.7276087403297424,4.0286
2859,i24.bmp,i24_20_5.bmp,0.6588861346244812,3.5143
2860,i24.bmp,i24_21_1.bmp,0.8457129001617432,5.7778
2861,i24.bmp,i24_21_2.bmp,0.7881699800491333,4.8286
2862,i24.bmp,i24_21_3.bmp,0.7337936758995056,4.1429
2863,i24.bmp,i24_21_4.bmp,0.6819486021995544,3.3611
2864,i24.bmp,i24_21_5.bmp,0.6323302388191223,2.6857
2865,i24.bmp,i24_22_1.bmp,0.9151262044906616,5.7714
2866,i24.bmp,i24_22_2.bmp,0.8785006999969482,5.0294
2867,i24.bmp,i24_22_3.bmp,0.8200963735580444,4.6177
2868,i24.bmp,i24_22_4.bmp,0.7290478944778442,3.3333
2869,i24.bmp,i24_22_5.bmp,0.6813517808914185,2.7429
2870,i24.bmp,i24_23_1.bmp,0.9376702308654785,5.8
2871,i24.bmp,i24_23_2.bmp,0.895643413066864,6.0278
2872,i24.bmp,i24_23_3.bmp,0.8449752926826477,5.6857
2873,i24.bmp,i24_23_4.bmp,0.7934185266494751,5.0882
2874,i24.bmp,i24_23_5.bmp,0.6439680457115173,2.2941
2875,i24.bmp,i24_24_1.bmp,0.8665670156478882,5.7059
2876,i24.bmp,i24_24_2.bmp,0.7974107265472412,5.3429
2877,i24.bmp,i24_24_3.bmp,0.7271866798400879,4.3429
2878,i24.bmp,i24_24_4.bmp,0.6505785584449768,2.7429
2879,i24.bmp,i24_24_5.bmp,0.6033003926277161,0.41667
2880,i25.bmp,i25_01_1.bmp,0.902531623840332,5.1429
2881,i25.bmp,i25_01_2.bmp,0.8822519779205322,4.6765
2882,i25.bmp,i25_01_3.bmp,0.8585479259490967,4.4
2883,i25.bmp,i25_01_4.bmp,0.8330299258232117,3.8857
2884,i25.bmp,i25_01_5.bmp,0.8056438565254211,3.4444
2885,i25.bmp,i25_02_1.bmp,0.9260543584823608,5.5429
2886,i25.bmp,i25_02_2.bmp,0.9077425599098206,5.2778
2887,i25.bmp,i25_02_3.bmp,0.8864515423774719,5.25
2888,i25.bmp,i25_02_4.bmp,0.8626545071601868,4.4571
2889,i25.bmp,i25_02_5.bmp,0.8358386158943176,3.7714
2890,i25.bmp,i25_03_1.bmp,0.8638612627983093,4.0
2891,i25.bmp,i25_03_2.bmp,0.8408796787261963,3.5833
2892,i25.bmp,i25_03_3.bmp,0.813280463218689,3.25
2893,i25.bmp,i25_03_4.bmp,0.785714328289032,2.9143
2894,i25.bmp,i25_03_5.bmp,0.7540804743766785,2.4167
2895,i25.bmp,i25_04_1.bmp,0.935968279838562,6.3939
2896,i25.bmp,i25_04_2.bmp,0.9353466033935547,6.1667
2897,i25.bmp,i25_04_3.bmp,0.9259858131408691,5.8889
2898,i25.bmp,i25_04_4.bmp,0.9107034206390381,5.5
2899,i25.bmp,i25_04_5.bmp,0.8845525979995728,5.2353
2900,i25.bmp,i25_05_1.bmp,0.9262470602989197,5.3333
2901,i25.bmp,i25_05_2.bmp,0.9083737134933472,5.2571
2902,i25.bmp,i25_05_3.bmp,0.8736956119537354,4.6111
2903,i25.bmp,i25_05_4.bmp,0.8302450776100159,3.8571
2904,i25.bmp,i25_05_5.bmp,0.7766224145889282,2.75
2905,i25.bmp,i25_06_1.bmp,0.8959140777587891,4.4
2906,i25.bmp,i25_06_2.bmp,0.8711203336715698,4.2857
2907,i25.bmp,i25_06_3.bmp,0.8431799411773682,3.7059
2908,i25.bmp,i25_06_4.bmp,0.8124505281448364,3.4722
2909,i25.bmp,i25_06_5.bmp,0.7781577110290527,3.0278
2910,i25.bmp,i25_07_1.bmp,0.890619158744812,3.5
2911,i25.bmp,i25_07_2.bmp,0.8739444017410278,3.1429
2912,i25.bmp,i25_07_3.bmp,0.9007077217102051,3.0303
2913,i25.bmp,i25_07_4.bmp,0.835597038269043,2.7143
2914,i25.bmp,i25_07_5.bmp,0.8462105989456177,2.7429
2915,i25.bmp,i25_08_1.bmp,0.8852601051330566,5.5294
2916,i25.bmp,i25_08_2.bmp,0.8519099950790405,5.0556
2917,i25.bmp,i25_08_3.bmp,0.7937514185905457,4.2941
2918,i25.bmp,i25_08_4.bmp,0.7272931337356567,3.1765
2919,i25.bmp,i25_08_5.bmp,0.6948152780532837,1.9444
2920,i25.bmp,i25_09_1.bmp,0.9564171433448792,5.8333
2921,i25.bmp,i25_09_2.bmp,0.9397721290588379,5.2
2922,i25.bmp,i25_09_3.bmp,0.9061530232429504,4.2286
2923,i25.bmp,i25_09_4.bmp,0.85591059923172,3.1176
2924,i25.bmp,i25_09_5.bmp,0.7760651111602783,1.3333
2925,i25.bmp,i25_10_1.bmp,0.9237253069877625,5.8571
2926,i25.bmp,i25_10_2.bmp,0.8872178196907043,5.5714
2927,i25.bmp,i25_10_3.bmp,0.8708193898200989,4.2571
2928,i25.bmp,i25_10_4.bmp,0.7856151461601257,2.1471
2929,i25.bmp,i25_10_5.bmp,0.7442807555198669,1.4722
2930,i25.bmp,i25_11_1.bmp,0.9572545289993286,6.0857
2931,i25.bmp,i25_11_2.bmp,0.9440367817878723,5.8611
2932,i25.bmp,i25_11_3.bmp,0.9194884896278381,5.3611
2933,i25.bmp,i25_11_4.bmp,0.8953824639320374,4.9722
2934,i25.bmp,i25_11_5.bmp,0.8520932197570801,4.6
2935,i25.bmp,i25_12_1.bmp,0.9292559623718262,6.0278
2936,i25.bmp,i25_12_2.bmp,0.9300628900527954,5.8
2937,i25.bmp,i25_12_3.bmp,0.8997278213500977,4.8333
2938,i25.bmp,i25_12_4.bmp,0.9054558277130127,5.0303
2939,i25.bmp,i25_12_5.bmp,0.8765190839767456,4.6667
2940,i25.bmp,i25_13_1.bmp,0.8994379043579102,4.8286
2941,i25.bmp,i25_13_2.bmp,0.9076818823814392,5.7143
2942,i25.bmp,i25_13_3.bmp,0.8323413133621216,3.6857
2943,i25.bmp,i25_13_4.bmp,0.8822317123413086,4.5714
2944,i25.bmp,i25_13_5.bmp,0.8585451245307922,3.0286
2945,i25.bmp,i25_14_1.bmp,0.9107246398925781,5.7143
2946,i25.bmp,i25_14_2.bmp,0.8915796279907227,5.1429
2947,i25.bmp,i25_14_3.bmp,0.8808372020721436,5.0882
2948,i25.bmp,i25_14_4.bmp,0.8493568897247314,3.8286
2949,i25.bmp,i25_14_5.bmp,0.8321774005889893,3.1111
2950,i25.bmp,i25_15_1.bmp,0.8538169860839844,3.2778
2951,i25.bmp,i25_15_2.bmp,0.8547125458717346,2.9394
2952,i25.bmp,i25_15_3.bmp,0.8737378716468811,3.5278
2953,i25.bmp,i25_15_4.bmp,0.8802836537361145,3.9706
2954,i25.bmp,i25_15_5.bmp,0.8925061821937561,4.1429
2955,i25.bmp,i25_16_1.bmp,0.9328139424324036,5.9167
2956,i25.bmp,i25_16_2.bmp,0.9543631076812744,6.4167
2957,i25.bmp,i25_16_3.bmp,0.9134218096733093,5.7714
2958,i25.bmp,i25_16_4.bmp,0.8997327089309692,5.5556
2959,i25.bmp,i25_16_5.bmp,0.8950819969177246,4.4706
2960,i25.bmp,i25_17_1.bmp,0.9011433124542236,5.6111
2961,i25.bmp,i25_17_2.bmp,0.9971137642860413,6.8571
2962,i25.bmp,i25_17_3.bmp,0.8967025279998779,4.4857
2963,i25.bmp,i25_17_4.bmp,0.9148634672164917,6.3889
2964,i25.bmp,i25_17_5.bmp,0.8563253879547119,3.2857
2965,i25.bmp,i25_18_1.bmp,0.9205701947212219,5.6111
2966,i25.bmp,i25_18_2.bmp,0.9393718838691711,5.0588
2967,i25.bmp,i25_18_3.bmp,0.935584306716919,4.4444
2968,i25.bmp,i25_18_4.bmp,0.8859449625015259,4.0
2969,i25.bmp,i25_18_5.bmp,0.8755724430084229,2.6765
2970,i25.bmp,i25_19_1.bmp,0.909423291683197,5.1667
2971,i25.bmp,i25_19_2.bmp,0.8885878324508667,4.2857
2972,i25.bmp,i25_19_3.bmp,0.8643737435340881,3.8333
2973,i25.bmp,i25_19_4.bmp,0.8390151262283325,3.7941
2974,i25.bmp,i25_19_5.bmp,0.8080122470855713,3.3429
2975,i25.bmp,i25_20_1.bmp,0.9419739842414856,5.6765
2976,i25.bmp,i25_20_2.bmp,0.931986391544342,5.5429
2977,i25.bmp,i25_20_3.bmp,0.9193228483200073,5.0
2978,i25.bmp,i25_20_4.bmp,0.9038404226303101,4.9722
2979,i25.bmp,i25_20_5.bmp,0.8741854429244995,4.0571
2980,i25.bmp,i25_21_1.bmp,0.9107195138931274,5.1714
2981,i25.bmp,i25_21_2.bmp,0.8838988542556763,4.4571
2982,i25.bmp,i25_21_3.bmp,0.890738844871521,4.8857
2983,i25.bmp,i25_21_4.bmp,0.819810688495636,3.4286
2984,i25.bmp,i25_21_5.bmp,0.7911703586578369,2.9143
2985,i25.bmp,i25_22_1.bmp,0.923521101474762,4.8056
2986,i25.bmp,i25_22_2.bmp,0.9083690643310547,4.25
2987,i25.bmp,i25_22_3.bmp,0.886002779006958,3.7941
2988,i25.bmp,i25_22_4.bmp,0.8664313554763794,3.4
2989,i25.bmp,i25_22_5.bmp,0.8518495559692383,2.7941
2990,i25.bmp,i25_23_1.bmp,0.9070775508880615,6.3056
2991,i25.bmp,i25_23_2.bmp,0.9007748365402222,6.2778
2992,i25.bmp,i25_23_3.bmp,0.8919270038604736,6.1714
2993,i25.bmp,i25_23_4.bmp,0.8824726939201355,6.1429
2994,i25.bmp,i25_23_5.bmp,0.871874988079071,5.9714
2995,i25.bmp,i25_24_1.bmp,0.9300121068954468,5.6571
2996,i25.bmp,i25_24_2.bmp,0.910641610622406,5.4444
2997,i25.bmp,i25_24_3.bmp,0.8825849294662476,4.6286
2998,i25.bmp,i25_24_4.bmp,0.8477619290351868,4.0278
2999,i25.bmp,i25_24_5.bmp,0.7968508005142212,2.7714
