idx,ref_img_path,dis_img_path,score,mos_label
0,i01.bmp,i01_01_1.bmp,0.8487190008163452,5.5143
1,i01.bmp,i01_01_2.bmp,0.7820293307304382,5.5676
2,i01.bmp,i01_01_3.bmp,0.7321631908416748,4.9444
3,i01.bmp,i01_01_4.bmp,0.6873165965080261,4.3784
4,i01.bmp,i01_01_5.bmp,0.660073459148407,3.8649
5,i01.bmp,i01_02_1.bmp,0.8611382246017456,6.0286
6,i01.bmp,i01_02_2.bmp,0.8089401125907898,6.1081
7,i01.bmp,i01_02_3.bmp,0.7614891529083252,5.3889
8,i01.bmp,i01_02_4.bmp,0.6964811682701111,4.7143
9,i01.bmp,i01_02_5.bmp,0.6561951637268066,4.3611
10,i01.bmp,i01_03_1.bmp,0.7042989134788513,4.7714
11,i01.bmp,i01_03_2.bmp,0.6601290106773376,4.2703
12,i01.bmp,i01_03_3.bmp,0.6254252195358276,3.7027
13,i01.bmp,i01_03_4.bmp,0.557247519493103,3.1944
14,i01.bmp,i01_03_5.bmp,0.5019763112068176,2.7143
15,i01.bmp,i01_04_1.bmp,0.9808521270751953,5.9714
16,i01.bmp,i01_04_2.bmp,0.9649351835250854,5.7568
17,i01.bmp,i01_04_3.bmp,0.9385022521018982,5.2703
18,i01.bmp,i01_04_4.bmp,0.9017094373703003,5.2432
19,i01.bmp,i01_04_5.bmp,0.8507394790649414,4.7143
20,i01.bmp,i01_05_1.bmp,0.9272668361663818,5.9189
21,i01.bmp,i01_05_2.bmp,0.8819631338119507,5.7027
22,i01.bmp,i01_05_3.bmp,0.784249484539032,5.0833
23,i01.bmp,i01_05_4.bmp,0.6981781721115112,4.1389
24,i01.bmp,i01_05_5.bmp,0.6262410879135132,3.1389
25,i01.bmp,i01_06_1.bmp,0.875525712966919,4.0
26,i01.bmp,i01_06_2.bmp,0.7885832786560059,3.8919
27,i01.bmp,i01_06_3.bmp,0.7341946959495544,3.7297
28,i01.bmp,i01_06_4.bmp,0.6823675036430359,3.4857
29,i01.bmp,i01_06_5.bmp,0.6266269683837891,2.9444
30,i01.bmp,i01_07_1.bmp,0.8788994550704956,5.0833
31,i01.bmp,i01_07_2.bmp,0.8165153861045837,4.75
32,i01.bmp,i01_07_3.bmp,0.7588400840759277,4.0
33,i01.bmp,i01_07_4.bmp,0.7143082022666931,3.2222
34,i01.bmp,i01_07_5.bmp,0.6229506731033325,2.1944
35,i01.bmp,i01_08_1.bmp,0.938382625579834,5.1892
36,i01.bmp,i01_08_2.bmp,0.8823075294494629,4.4722
37,i01.bmp,i01_08_3.bmp,0.7965028285980225,3.4865
38,i01.bmp,i01_08_4.bmp,0.6403033137321472,3.0
39,i01.bmp,i01_08_5.bmp,0.46812278032302856,2.1111
40,i01.bmp,i01_09_1.bmp,0.8108040690422058,6.0833
41,i01.bmp,i01_09_2.bmp,0.7450026273727417,5.1667
42,i01.bmp,i01_09_3.bmp,0.6411175727844238,4.4286
43,i01.bmp,i01_09_4.bmp,0.514476478099823,2.8108
44,i01.bmp,i01_09_5.bmp,0.428523987531662,1.5405
45,i01.bmp,i01_10_1.bmp,0.8619468212127686,5.973
46,i01.bmp,i01_10_2.bmp,0.7973709106445312,5.9459
47,i01.bmp,i01_10_3.bmp,0.6854466199874878,4.9167
48,i01.bmp,i01_10_4.bmp,0.5562151670455933,3.2162
49,i01.bmp,i01_10_5.bmp,0.467051237821579,2.0811
50,i01.bmp,i01_11_1.bmp,0.8751568794250488,5.9143
51,i01.bmp,i01_11_2.bmp,0.8012553453445435,5.6757
52,i01.bmp,i01_11_3.bmp,0.7288317680358887,4.6944
53,i01.bmp,i01_11_4.bmp,0.5471093058586121,3.6757
54,i01.bmp,i01_11_5.bmp,0.4207437038421631,1.4595
55,i01.bmp,i01_12_1.bmp,0.9397372007369995,5.9459
56,i01.bmp,i01_12_2.bmp,0.9514946937561035,5.8649
57,i01.bmp,i01_12_3.bmp,0.8173324465751648,4.2162
58,i01.bmp,i01_12_4.bmp,0.7654181718826294,3.8333
59,i01.bmp,i01_12_5.bmp,0.7080038785934448,3.4324
60,i01.bmp,i01_13_1.bmp,0.9279106855392456,5.4595
61,i01.bmp,i01_13_2.bmp,0.8083393573760986,3.9143
62,i01.bmp,i01_13_3.bmp,0.7337505221366882,3.2778
63,i01.bmp,i01_13_4.bmp,0.6965972185134888,3.1667
64,i01.bmp,i01_13_5.bmp,0.6867234110832214,3.1081
65,i01.bmp,i01_14_1.bmp,0.9798774123191833,5.6944
66,i01.bmp,i01_14_2.bmp,0.9865805506706238,6.0541
67,i01.bmp,i01_14_3.bmp,0.9608522653579712,5.7568
68,i01.bmp,i01_14_4.bmp,0.9389764070510864,5.5556
69,i01.bmp,i01_14_5.bmp,0.8838105201721191,4.4706
70,i01.bmp,i01_15_1.bmp,0.8601903915405273,2.8333
71,i01.bmp,i01_15_2.bmp,0.8763353228569031,2.8286
72,i01.bmp,i01_15_3.bmp,0.8846521377563477,3.1081
73,i01.bmp,i01_15_4.bmp,0.8934928774833679,3.5833
74,i01.bmp,i01_15_5.bmp,0.9148136973381042,3.8919
75,i01.bmp,i01_16_1.bmp,0.9922217130661011,5.8056
76,i01.bmp,i01_16_2.bmp,0.9849386215209961,6.0541
77,i01.bmp,i01_16_3.bmp,0.9604417085647583,4.8889
78,i01.bmp,i01_16_4.bmp,0.956902265548706,5.0278
79,i01.bmp,i01_16_5.bmp,0.8946177363395691,4.1944
80,i01.bmp,i01_17_1.bmp,0.9839572906494141,5.3514
81,i01.bmp,i01_17_2.bmp,0.9691380262374878,6.6216
82,i01.bmp,i01_17_3.bmp,0.9565514922142029,4.0811
83,i01.bmp,i01_17_4.bmp,0.9166962504386902,6.2432
84,i01.bmp,i01_17_5.bmp,0.8899251222610474,2.9714
85,i01.bmp,i01_18_1.bmp,0.9567558765411377,4.6216
86,i01.bmp,i01_18_2.bmp,0.9325202703475952,4.2222
87,i01.bmp,i01_18_3.bmp,0.8853063583374023,3.7714
88,i01.bmp,i01_18_4.bmp,0.7467829585075378,3.4722
89,i01.bmp,i01_18_5.bmp,0.7201091051101685,3.4167
90,i01.bmp,i01_19_1.bmp,0.8740822672843933,5.9444
91,i01.bmp,i01_19_2.bmp,0.8262061476707458,5.4722
92,i01.bmp,i01_19_3.bmp,0.7663614153862,5.0811
93,i01.bmp,i01_19_4.bmp,0.6969746351242065,4.5278
94,i01.bmp,i01_19_5.bmp,0.6510910987854004,3.9444
95,i01.bmp,i01_20_1.bmp,0.9608118534088135,5.8571
96,i01.bmp,i01_20_2.bmp,0.9277050495147705,5.8333
97,i01.bmp,i01_20_3.bmp,0.8646210432052612,6.0278
98,i01.bmp,i01_20_4.bmp,0.7614846229553223,5.0833
99,i01.bmp,i01_20_5.bmp,0.670548677444458,4.3333
100,i01.bmp,i01_21_1.bmp,0.8674497008323669,5.7027
101,i01.bmp,i01_21_2.bmp,0.8126071691513062,5.2778
102,i01.bmp,i01_21_3.bmp,0.7243895530700684,4.6757
103,i01.bmp,i01_21_4.bmp,0.6274238228797913,4.0571
104,i01.bmp,i01_21_5.bmp,0.525244414806366,3.0541
105,i01.bmp,i01_22_1.bmp,0.8819503784179688,5.5556
106,i01.bmp,i01_22_2.bmp,0.806459367275238,5.1892
107,i01.bmp,i01_22_3.bmp,0.7617826461791992,4.3056
108,i01.bmp,i01_22_4.bmp,0.6702768802642822,3.1622
109,i01.bmp,i01_22_5.bmp,0.5570842027664185,2.1944
110,i01.bmp,i01_23_1.bmp,0.8782574534416199,6.2857
111,i01.bmp,i01_23_2.bmp,0.7781876921653748,5.6111
112,i01.bmp,i01_23_3.bmp,0.713289201259613,5.7778
113,i01.bmp,i01_23_4.bmp,0.5946882367134094,4.8056
114,i01.bmp,i01_23_5.bmp,0.44756659865379333,2.4054
115,i01.bmp,i01_24_1.bmp,0.8592804670333862,5.7027
116,i01.bmp,i01_24_2.bmp,0.7660764455795288,5.5833
117,i01.bmp,i01_24_3.bmp,0.6881626844406128,5.1081
118,i01.bmp,i01_24_4.bmp,0.5473031997680664,3.0811
119,i01.bmp,i01_24_5.bmp,0.4345172643661499,0.45946
120,i02.bmp,i02_01_1.bmp,0.8639101386070251,5.7429
121,i02.bmp,i02_01_2.bmp,0.8163530230522156,5.3429
122,i02.bmp,i02_01_3.bmp,0.7402445077896118,5.2222
123,i02.bmp,i02_01_4.bmp,0.6744973659515381,4.1944
124,i02.bmp,i02_01_5.bmp,0.5982198119163513,3.973
125,i02.bmp,i02_02_1.bmp,0.8844077587127686,6.0556
126,i02.bmp,i02_02_2.bmp,0.831556499004364,6.0541
127,i02.bmp,i02_02_3.bmp,0.7847720980644226,5.8889
128,i02.bmp,i02_02_4.bmp,0.7240521311759949,5.2973
129,i02.bmp,i02_02_5.bmp,0.6587816476821899,4.3889
130,i02.bmp,i02_03_1.bmp,0.7221758365631104,4.8
131,i02.bmp,i02_03_2.bmp,0.6449695229530334,4.4324
132,i02.bmp,i02_03_3.bmp,0.5685173273086548,3.8378
133,i02.bmp,i02_03_4.bmp,0.4868351221084595,3.5278
134,i02.bmp,i02_03_5.bmp,0.4557530879974365,2.9189
135,i02.bmp,i02_04_1.bmp,0.9736634492874146,6.2857
136,i02.bmp,i02_04_2.bmp,0.9517225027084351,6.1622
137,i02.bmp,i02_04_3.bmp,0.9142462015151978,5.1944
138,i02.bmp,i02_04_4.bmp,0.8623098134994507,4.7429
139,i02.bmp,i02_04_5.bmp,0.7851173877716064,4.2857
140,i02.bmp,i02_05_1.bmp,0.9268940687179565,6.1177
141,i02.bmp,i02_05_2.bmp,0.8861398100852966,6.1111
142,i02.bmp,i02_05_3.bmp,0.800512969493866,5.4324
143,i02.bmp,i02_05_4.bmp,0.6878218650817871,4.3784
144,i02.bmp,i02_05_5.bmp,0.5624813437461853,3.4167
145,i02.bmp,i02_06_1.bmp,0.8584913611412048,4.5556
146,i02.bmp,i02_06_2.bmp,0.8170599341392517,4.2778
147,i02.bmp,i02_06_3.bmp,0.7580407857894897,3.7297
148,i02.bmp,i02_06_4.bmp,0.6923782229423523,3.4857
149,i02.bmp,i02_06_5.bmp,0.6027754545211792,3.1081
150,i02.bmp,i02_07_1.bmp,0.8593777418136597,5.9143
151,i02.bmp,i02_07_2.bmp,0.8312239646911621,5.5833
152,i02.bmp,i02_07_3.bmp,0.7246526479721069,3.7647
153,i02.bmp,i02_07_4.bmp,0.7014621496200562,3.7568
154,i02.bmp,i02_07_5.bmp,0.597275972366333,2.8571
155,i02.bmp,i02_08_1.bmp,0.9534593820571899,6.1081
156,i02.bmp,i02_08_2.bmp,0.902111291885376,5.1667
157,i02.bmp,i02_08_3.bmp,0.8205093145370483,4.5429
158,i02.bmp,i02_08_4.bmp,0.6999613642692566,3.8378
159,i02.bmp,i02_08_5.bmp,0.53761887550354,3.027
160,i02.bmp,i02_09_1.bmp,0.7849411964416504,6.0
161,i02.bmp,i02_09_2.bmp,0.7040644884109497,5.5143
162,i02.bmp,i02_09_3.bmp,0.6211122274398804,4.5278
163,i02.bmp,i02_09_4.bmp,0.5063769817352295,3.6486
164,i02.bmp,i02_09_5.bmp,0.4215821623802185,2.4167
165,i02.bmp,i02_10_1.bmp,0.8771330714225769,6.0
166,i02.bmp,i02_10_2.bmp,0.8096750974655151,5.9722
167,i02.bmp,i02_10_3.bmp,0.6708588600158691,5.4324
168,i02.bmp,i02_10_4.bmp,0.4921134114265442,3.5
169,i02.bmp,i02_10_5.bmp,0.4339158535003662,2.7143
170,i02.bmp,i02_11_1.bmp,0.800872802734375,5.9167
171,i02.bmp,i02_11_2.bmp,0.6301800012588501,4.8056
172,i02.bmp,i02_11_3.bmp,0.46519702672958374,2.973
173,i02.bmp,i02_11_4.bmp,0.40782272815704346,1.9189
174,i02.bmp,i02_11_5.bmp,0.37866050004959106,1.2778
175,i02.bmp,i02_12_1.bmp,0.8351334929466248,5.3056
176,i02.bmp,i02_12_2.bmp,0.8070673942565918,4.4324
177,i02.bmp,i02_12_3.bmp,0.6726285815238953,3.0811
178,i02.bmp,i02_12_4.bmp,0.5777475833892822,2.6757
179,i02.bmp,i02_12_5.bmp,0.49539312720298767,2.3714
180,i02.bmp,i02_13_1.bmp,0.7531161308288574,4.4722
181,i02.bmp,i02_13_2.bmp,0.7497281432151794,4.0
182,i02.bmp,i02_13_3.bmp,0.6008080840110779,3.3889
183,i02.bmp,i02_13_4.bmp,0.48788923025131226,2.8919
184,i02.bmp,i02_13_5.bmp,0.6564856767654419,3.6111
185,i02.bmp,i02_14_1.bmp,0.9409912824630737,5.75
186,i02.bmp,i02_14_2.bmp,0.9755481481552124,6.0811
187,i02.bmp,i02_14_3.bmp,0.9281970858573914,5.1143
188,i02.bmp,i02_14_4.bmp,0.9100250005722046,5.3143
189,i02.bmp,i02_14_5.bmp,0.8556482195854187,4.2162
190,i02.bmp,i02_15_1.bmp,0.8071522116661072,3.4
191,i02.bmp,i02_15_2.bmp,0.816222071647644,3.6216
192,i02.bmp,i02_15_3.bmp,0.827333927154541,3.8333
193,i02.bmp,i02_15_4.bmp,0.8599693179130554,3.8378
194,i02.bmp,i02_15_5.bmp,0.9016618132591248,4.2
195,i02.bmp,i02_16_1.bmp,0.9837167263031006,5.9459
196,i02.bmp,i02_16_2.bmp,0.9772405624389648,6.0833
197,i02.bmp,i02_16_3.bmp,0.9321980476379395,5.3243
198,i02.bmp,i02_16_4.bmp,0.9365084171295166,5.1389
199,i02.bmp,i02_16_5.bmp,0.8195171356201172,4.5676
200,i02.bmp,i02_17_1.bmp,0.9815646409988403,5.9167
201,i02.bmp,i02_17_2.bmp,0.9540773630142212,5.6857
202,i02.bmp,i02_17_3.bmp,0.949386715888977,4.8378
203,i02.bmp,i02_17_4.bmp,0.9005460143089294,4.7714
204,i02.bmp,i02_17_5.bmp,0.8898226618766785,3.9167
205,i02.bmp,i02_18_1.bmp,0.9763249158859253,5.9722
206,i02.bmp,i02_18_2.bmp,0.9703237414360046,5.5946
207,i02.bmp,i02_18_3.bmp,0.956761360168457,4.8286
208,i02.bmp,i02_18_4.bmp,0.9379510283470154,4.9189
209,i02.bmp,i02_18_5.bmp,0.910313606262207,4.5429
210,i02.bmp,i02_19_1.bmp,0.887435793876648,5.7778
211,i02.bmp,i02_19_2.bmp,0.8285943269729614,5.4324
212,i02.bmp,i02_19_3.bmp,0.754492461681366,4.8333
213,i02.bmp,i02_19_4.bmp,0.6711606383323669,4.2222
214,i02.bmp,i02_19_5.bmp,0.5987168550491333,3.7568
215,i02.bmp,i02_20_1.bmp,0.9182356595993042,6.0541
216,i02.bmp,i02_20_2.bmp,0.8442548513412476,6.1714
217,i02.bmp,i02_20_3.bmp,0.7334531545639038,5.3056
218,i02.bmp,i02_20_4.bmp,0.6196392774581909,4.0
219,i02.bmp,i02_20_5.bmp,0.5527714490890503,2.8056
220,i02.bmp,i02_21_1.bmp,0.8206555843353271,5.973
221,i02.bmp,i02_21_2.bmp,0.742527961730957,5.2973
222,i02.bmp,i02_21_3.bmp,0.6421343088150024,4.6
223,i02.bmp,i02_21_4.bmp,0.5316404104232788,3.2778
224,i02.bmp,i02_21_5.bmp,0.43131518363952637,2.3611
225,i02.bmp,i02_22_1.bmp,0.8950461745262146,5.5135
226,i02.bmp,i02_22_2.bmp,0.8264988660812378,5.2432
227,i02.bmp,i02_22_3.bmp,0.7704203128814697,4.4857
228,i02.bmp,i02_22_4.bmp,0.6798361539840698,3.8056
229,i02.bmp,i02_22_5.bmp,0.43631264567375183,2.2222
230,i02.bmp,i02_23_1.bmp,0.887089729309082,6.7778
231,i02.bmp,i02_23_2.bmp,0.7272221446037292,5.5405
232,i02.bmp,i02_23_3.bmp,0.5286166667938232,3.4444
233,i02.bmp,i02_23_4.bmp,0.42321401834487915,2.1622
234,i02.bmp,i02_23_5.bmp,0.3939506411552429,0.81081
235,i02.bmp,i02_24_1.bmp,0.7797393202781677,6.0811
236,i02.bmp,i02_24_2.bmp,0.6204309463500977,4.9167
237,i02.bmp,i02_24_3.bmp,0.48849403858184814,3.0
238,i02.bmp,i02_24_4.bmp,0.41159433126449585,2.1111
239,i02.bmp,i02_24_5.bmp,0.38540202379226685,0.89189
240,i03.bmp,i03_01_1.bmp,0.7817248702049255,5.7692
241,i03.bmp,i03_01_2.bmp,0.7279168963432312,5.1053
242,i03.bmp,i03_01_3.bmp,0.6720330119132996,4.6842
243,i03.bmp,i03_01_4.bmp,0.6097888946533203,4.25
244,i03.bmp,i03_01_5.bmp,0.5645673274993896,3.925
245,i03.bmp,i03_02_1.bmp,0.8210033774375916,6.1842
246,i03.bmp,i03_02_2.bmp,0.7748810052871704,6.282
247,i03.bmp,i03_02_3.bmp,0.7196974158287048,5.25
248,i03.bmp,i03_02_4.bmp,0.6699795126914978,5.0
249,i03.bmp,i03_02_5.bmp,0.6260621547698975,4.6
250,i03.bmp,i03_03_1.bmp,0.6309398412704468,4.65
251,i03.bmp,i03_03_2.bmp,0.5871458053588867,4.0769
252,i03.bmp,i03_03_3.bmp,0.5498859882354736,3.85
253,i03.bmp,i03_03_4.bmp,0.4884059429168701,3.282
254,i03.bmp,i03_03_5.bmp,0.4522666931152344,2.8947
255,i03.bmp,i03_04_1.bmp,0.9538666605949402,6.3846
256,i03.bmp,i03_04_2.bmp,0.917742908000946,5.6579
257,i03.bmp,i03_04_3.bmp,0.8732209205627441,5.225
258,i03.bmp,i03_04_4.bmp,0.801289439201355,4.6
259,i03.bmp,i03_04_5.bmp,0.7202736139297485,3.575
260,i03.bmp,i03_05_1.bmp,0.8597021102905273,6.5
261,i03.bmp,i03_05_2.bmp,0.8074190616607666,5.6316
262,i03.bmp,i03_05_3.bmp,0.724541425704956,5.3
263,i03.bmp,i03_05_4.bmp,0.6493339538574219,4.3077
264,i03.bmp,i03_05_5.bmp,0.5718159675598145,3.4737
265,i03.bmp,i03_06_1.bmp,0.7443410754203796,4.8158
266,i03.bmp,i03_06_2.bmp,0.7092008590698242,4.5385
267,i03.bmp,i03_06_3.bmp,0.6453762054443359,4.1
268,i03.bmp,i03_06_4.bmp,0.5820604562759399,3.75
269,i03.bmp,i03_06_5.bmp,0.5272990465164185,3.5
270,i03.bmp,i03_07_1.bmp,0.7359390258789062,4.9744
271,i03.bmp,i03_07_2.bmp,0.6769722700119019,4.1
272,i03.bmp,i03_07_3.bmp,0.655677855014801,3.8462
273,i03.bmp,i03_07_4.bmp,0.6368391513824463,3.825
274,i03.bmp,i03_07_5.bmp,0.5793718099594116,3.6154
275,i03.bmp,i03_08_1.bmp,0.9453660845756531,6.3421
276,i03.bmp,i03_08_2.bmp,0.8928724527359009,5.6
277,i03.bmp,i03_08_3.bmp,0.8163013458251953,4.4737
278,i03.bmp,i03_08_4.bmp,0.7070928812026978,3.75
279,i03.bmp,i03_08_5.bmp,0.5824694037437439,2.95
280,i03.bmp,i03_09_1.bmp,0.8056270480155945,6.65
281,i03.bmp,i03_09_2.bmp,0.759901225566864,6.2564
282,i03.bmp,i03_09_3.bmp,0.6889374256134033,5.475
283,i03.bmp,i03_09_4.bmp,0.5607075095176697,3.7436
284,i03.bmp,i03_09_5.bmp,0.4728713929653168,2.4737
285,i03.bmp,i03_10_1.bmp,0.817933201789856,6.2368
286,i03.bmp,i03_10_2.bmp,0.7567657232284546,5.6667
287,i03.bmp,i03_10_3.bmp,0.6535908579826355,5.0513
288,i03.bmp,i03_10_4.bmp,0.5314804911613464,3.3
289,i03.bmp,i03_10_5.bmp,0.4480398893356323,2.4872
290,i03.bmp,i03_11_1.bmp,0.7222689390182495,5.3684
291,i03.bmp,i03_11_2.bmp,0.591724157333374,4.0769
292,i03.bmp,i03_11_3.bmp,0.5170284509658813,2.8462
293,i03.bmp,i03_11_4.bmp,0.41816505789756775,1.8205
294,i03.bmp,i03_11_5.bmp,0.3847787380218506,0.7
295,i03.bmp,i03_12_1.bmp,0.7946428060531616,5.4103
296,i03.bmp,i03_12_2.bmp,0.734941840171814,4.0789
297,i03.bmp,i03_12_3.bmp,0.5986821055412292,2.8421
298,i03.bmp,i03_12_4.bmp,0.5774914026260376,3.1
299,i03.bmp,i03_12_5.bmp,0.48666879534721375,2.4
300,i03.bmp,i03_13_1.bmp,0.7606269717216492,5.1282
301,i03.bmp,i03_13_2.bmp,0.5761928558349609,3.641
302,i03.bmp,i03_13_3.bmp,0.5716615915298462,3.925
303,i03.bmp,i03_13_4.bmp,0.4712061285972595,2.925
304,i03.bmp,i03_13_5.bmp,0.44274935126304626,2.4211
305,i03.bmp,i03_14_1.bmp,0.9204408526420593,5.0769
306,i03.bmp,i03_14_2.bmp,0.9746756553649902,6.0
307,i03.bmp,i03_14_3.bmp,0.9566072225570679,4.85
308,i03.bmp,i03_14_4.bmp,0.9121155738830566,4.4615
309,i03.bmp,i03_14_5.bmp,0.8587570190429688,3.5
310,i03.bmp,i03_15_1.bmp,0.7887347936630249,3.725
311,i03.bmp,i03_15_2.bmp,0.8344943523406982,4.05
312,i03.bmp,i03_15_3.bmp,0.8559691905975342,4.025
313,i03.bmp,i03_15_4.bmp,0.8883435130119324,4.282
314,i03.bmp,i03_15_5.bmp,0.9384099245071411,4.7949
315,i03.bmp,i03_16_1.bmp,0.9862903356552124,6.8205
316,i03.bmp,i03_16_2.bmp,0.9806723594665527,6.525
317,i03.bmp,i03_16_3.bmp,0.9443368911743164,5.975
318,i03.bmp,i03_16_4.bmp,0.9359864592552185,6.075
319,i03.bmp,i03_16_5.bmp,0.8645322322845459,5.0256
320,i03.bmp,i03_17_1.bmp,0.9773601293563843,6.282
321,i03.bmp,i03_17_2.bmp,0.9434692859649658,6.75
322,i03.bmp,i03_17_3.bmp,0.9385186433792114,5.2
323,i03.bmp,i03_17_4.bmp,0.8903616666793823,6.575
324,i03.bmp,i03_17_5.bmp,0.8949153423309326,3.7949
325,i03.bmp,i03_18_1.bmp,0.949212908744812,5.7692
326,i03.bmp,i03_18_2.bmp,0.9583433866500854,5.718
327,i03.bmp,i03_18_3.bmp,0.9426499605178833,5.5641
328,i03.bmp,i03_18_4.bmp,0.9212937355041504,5.0
329,i03.bmp,i03_18_5.bmp,0.8936885595321655,4.6579
330,i03.bmp,i03_19_1.bmp,0.7885658144950867,5.5128
331,i03.bmp,i03_19_2.bmp,0.7140870094299316,5.0256
332,i03.bmp,i03_19_3.bmp,0.668745756149292,4.7
333,i03.bmp,i03_19_4.bmp,0.614666223526001,4.3077
334,i03.bmp,i03_19_5.bmp,0.5843390822410583,3.6923
335,i03.bmp,i03_20_1.bmp,0.8272538185119629,5.8421
336,i03.bmp,i03_20_2.bmp,0.7477569580078125,5.4615
337,i03.bmp,i03_20_3.bmp,0.6524030566215515,4.1579
338,i03.bmp,i03_20_4.bmp,0.5834345817565918,3.1795
339,i03.bmp,i03_20_5.bmp,0.517349898815155,2.825
340,i03.bmp,i03_21_1.bmp,0.7479614019393921,5.2368
341,i03.bmp,i03_21_2.bmp,0.671554446220398,4.4359
342,i03.bmp,i03_21_3.bmp,0.6029785871505737,3.8974
343,i03.bmp,i03_21_4.bmp,0.5277010202407837,3.1795
344,i03.bmp,i03_21_5.bmp,0.45292162895202637,2.1
345,i03.bmp,i03_22_1.bmp,0.8412971496582031,5.9744
346,i03.bmp,i03_22_2.bmp,0.8044642210006714,5.359
347,i03.bmp,i03_22_3.bmp,0.7171028852462769,5.2308
348,i03.bmp,i03_22_4.bmp,0.5986149311065674,4.359
349,i03.bmp,i03_22_5.bmp,0.5532950758934021,3.9211
350,i03.bmp,i03_23_1.bmp,0.8717593550682068,6.718
351,i03.bmp,i03_23_2.bmp,0.7470979690551758,5.8461
352,i03.bmp,i03_23_3.bmp,0.5696322321891785,3.9
353,i03.bmp,i03_23_4.bmp,0.45329195261001587,2.6579
354,i03.bmp,i03_23_5.bmp,0.4202307462692261,1.975
355,i03.bmp,i03_24_1.bmp,0.7359415888786316,5.7436
356,i03.bmp,i03_24_2.bmp,0.6082804799079895,4.2051
357,i03.bmp,i03_24_3.bmp,0.47933706641197205,2.825
358,i03.bmp,i03_24_4.bmp,0.420793354511261,1.8158
359,i03.bmp,i03_24_5.bmp,0.3989320695400238,0.42105
360,i04.bmp,i04_01_1.bmp,0.8361144065856934,5.7619
361,i04.bmp,i04_01_2.bmp,0.7899183034896851,5.4762
362,i04.bmp,i04_01_3.bmp,0.7300288081169128,4.9286
363,i04.bmp,i04_01_4.bmp,0.6666261553764343,4.2683
364,i04.bmp,i04_01_5.bmp,0.601608395576477,4.0
365,i04.bmp,i04_02_1.bmp,0.841533362865448,6.275
366,i04.bmp,i04_02_2.bmp,0.7989858984947205,6.1539
367,i04.bmp,i04_02_3.bmp,0.7547906637191772,5.6829
368,i04.bmp,i04_02_4.bmp,0.7026911973953247,5.3095
369,i04.bmp,i04_02_5.bmp,0.6453109383583069,4.5366
370,i04.bmp,i04_03_1.bmp,0.7010542154312134,4.7805
371,i04.bmp,i04_03_2.bmp,0.6449701189994812,4.2143
372,i04.bmp,i04_03_3.bmp,0.575370192527771,3.9
373,i04.bmp,i04_03_4.bmp,0.5210684537887573,3.425
374,i04.bmp,i04_03_5.bmp,0.4765065610408783,3.0238
375,i04.bmp,i04_04_1.bmp,0.9621963500976562,6.125
376,i04.bmp,i04_04_2.bmp,0.9354566335678101,6.2683
377,i04.bmp,i04_04_3.bmp,0.895696759223938,6.15
378,i04.bmp,i04_04_4.bmp,0.8366877436637878,5.4762
379,i04.bmp,i04_04_5.bmp,0.7585541605949402,4.8095
380,i04.bmp,i04_05_1.bmp,0.8860835433006287,6.3095
381,i04.bmp,i04_05_2.bmp,0.8444679975509644,5.9024
382,i04.bmp,i04_05_3.bmp,0.7697900533676147,5.325
383,i04.bmp,i04_05_4.bmp,0.6737912893295288,4.4762
384,i04.bmp,i04_05_5.bmp,0.5645322203636169,3.7073
385,i04.bmp,i04_06_1.bmp,0.818265438079834,5.0238
386,i04.bmp,i04_06_2.bmp,0.7369657754898071,4.561
387,i04.bmp,i04_06_3.bmp,0.6626102328300476,4.2619
388,i04.bmp,i04_06_4.bmp,0.6307222247123718,4.1951
389,i04.bmp,i04_06_5.bmp,0.5585489869117737,3.45
390,i04.bmp,i04_07_1.bmp,0.768670916557312,4.6905
391,i04.bmp,i04_07_2.bmp,0.7117884159088135,4.075
392,i04.bmp,i04_07_3.bmp,0.6471172571182251,3.5238
393,i04.bmp,i04_07_4.bmp,0.6128697395324707,3.1429
394,i04.bmp,i04_07_5.bmp,0.5534902811050415,2.9524
395,i04.bmp,i04_08_1.bmp,0.9534584879875183,6.3095
396,i04.bmp,i04_08_2.bmp,0.9156699180603027,5.9268
397,i04.bmp,i04_08_3.bmp,0.8401564359664917,5.381
398,i04.bmp,i04_08_4.bmp,0.6992267370223999,4.375
399,i04.bmp,i04_08_5.bmp,0.5315889120101929,3.6667
400,i04.bmp,i04_09_1.bmp,0.7773622274398804,6.381
401,i04.bmp,i04_09_2.bmp,0.7265853881835938,5.8049
402,i04.bmp,i04_09_3.bmp,0.6262635588645935,5.0488
403,i04.bmp,i04_09_4.bmp,0.5453901290893555,3.7805
404,i04.bmp,i04_09_5.bmp,0.4481047987937927,2.5
405,i04.bmp,i04_10_1.bmp,0.8409117460250854,6.0714
406,i04.bmp,i04_10_2.bmp,0.7745015025138855,5.9756
407,i04.bmp,i04_10_3.bmp,0.637447714805603,5.0714
408,i04.bmp,i04_10_4.bmp,0.4923168122768402,3.2619
409,i04.bmp,i04_10_5.bmp,0.4113025665283203,2.1905
410,i04.bmp,i04_11_1.bmp,0.6532328128814697,5.3
411,i04.bmp,i04_11_2.bmp,0.5164356827735901,4.0
412,i04.bmp,i04_11_3.bmp,0.47406959533691406,2.9024
413,i04.bmp,i04_11_4.bmp,0.40934476256370544,2.0
414,i04.bmp,i04_11_5.bmp,0.3857518434524536,0.88095
415,i04.bmp,i04_12_1.bmp,0.8764564990997314,6.05
416,i04.bmp,i04_12_2.bmp,0.7454990148544312,4.6429
417,i04.bmp,i04_12_3.bmp,0.6537567377090454,3.9286
418,i04.bmp,i04_12_4.bmp,0.5895841717720032,2.9048
419,i04.bmp,i04_12_5.bmp,0.5133434534072876,2.6585
420,i04.bmp,i04_13_1.bmp,0.7461739778518677,4.6667
421,i04.bmp,i04_13_2.bmp,0.6407052278518677,3.8462
422,i04.bmp,i04_13_3.bmp,0.5956606864929199,3.3571
423,i04.bmp,i04_13_4.bmp,0.5785817503929138,3.4634
424,i04.bmp,i04_13_5.bmp,0.47474560141563416,2.3809
425,i04.bmp,i04_14_1.bmp,0.8907665014266968,5.0714
426,i04.bmp,i04_14_2.bmp,0.9748737215995789,6.4048
427,i04.bmp,i04_14_3.bmp,0.9448196291923523,6.0
428,i04.bmp,i04_14_4.bmp,0.9240013957023621,4.4048
429,i04.bmp,i04_14_5.bmp,0.876588761806488,3.6098
430,i04.bmp,i04_15_1.bmp,0.84740149974823,3.3809
431,i04.bmp,i04_15_2.bmp,0.8122985363006592,3.4048
432,i04.bmp,i04_15_3.bmp,0.8039484024047852,3.5
433,i04.bmp,i04_15_4.bmp,0.8380298614501953,3.7561
434,i04.bmp,i04_15_5.bmp,0.9074065089225769,4.0513
435,i04.bmp,i04_16_1.bmp,0.9923080205917358,6.2857
436,i04.bmp,i04_16_2.bmp,0.9871783256530762,6.6429
437,i04.bmp,i04_16_3.bmp,0.9612554311752319,6.0952
438,i04.bmp,i04_16_4.bmp,0.9608306884765625,5.6667
439,i04.bmp,i04_16_5.bmp,0.889798641204834,5.1539
440,i04.bmp,i04_17_1.bmp,0.9842693209648132,6.0
441,i04.bmp,i04_17_2.bmp,0.9666236639022827,6.6667
442,i04.bmp,i04_17_3.bmp,0.9599270820617676,4.7805
443,i04.bmp,i04_17_4.bmp,0.9188013076782227,7.2143
444,i04.bmp,i04_17_5.bmp,0.9154009819030762,3.925
445,i04.bmp,i04_18_1.bmp,0.969906210899353,5.4146
446,i04.bmp,i04_18_2.bmp,0.9501776695251465,5.0244
447,i04.bmp,i04_18_3.bmp,0.9315208196640015,4.6667
448,i04.bmp,i04_18_4.bmp,0.8925522565841675,4.2381
449,i04.bmp,i04_18_5.bmp,0.7789371013641357,3.9268
450,i04.bmp,i04_19_1.bmp,0.8385302424430847,5.4524
451,i04.bmp,i04_19_2.bmp,0.7947092056274414,5.3571
452,i04.bmp,i04_19_3.bmp,0.7438718676567078,4.9024
453,i04.bmp,i04_19_4.bmp,0.6965517997741699,4.425
454,i04.bmp,i04_19_5.bmp,0.6082978248596191,4.1667
455,i04.bmp,i04_20_1.bmp,0.8679922819137573,6.4524
456,i04.bmp,i04_20_2.bmp,0.7707335352897644,5.225
457,i04.bmp,i04_20_3.bmp,0.6526862382888794,4.1905
458,i04.bmp,i04_20_4.bmp,0.5875739455223083,3.1191
459,i04.bmp,i04_20_5.bmp,0.5363042950630188,2.4146
460,i04.bmp,i04_21_1.bmp,0.7688207626342773,5.1463
461,i04.bmp,i04_21_2.bmp,0.686684250831604,4.7317
462,i04.bmp,i04_21_3.bmp,0.5796427726745605,3.8095
463,i04.bmp,i04_21_4.bmp,0.5120834112167358,3.2195
464,i04.bmp,i04_21_5.bmp,0.431956022977829,2.0
465,i04.bmp,i04_22_1.bmp,0.8726726770401001,6.0244
466,i04.bmp,i04_22_2.bmp,0.8153783679008484,5.7857
467,i04.bmp,i04_22_3.bmp,0.7440657615661621,4.4286
468,i04.bmp,i04_22_4.bmp,0.6440138220787048,4.122
469,i04.bmp,i04_22_5.bmp,0.4565778374671936,2.9048
470,i04.bmp,i04_23_1.bmp,0.76909339427948,6.425
471,i04.bmp,i04_23_2.bmp,0.6239006519317627,5.4048
472,i04.bmp,i04_23_3.bmp,0.4831854999065399,3.878
473,i04.bmp,i04_23_4.bmp,0.4306372106075287,2.9512
474,i04.bmp,i04_23_5.bmp,0.37906718254089355,1.4762
475,i04.bmp,i04_24_1.bmp,0.6927968859672546,5.5476
476,i04.bmp,i04_24_2.bmp,0.5381364226341248,3.7619
477,i04.bmp,i04_24_3.bmp,0.45222073793411255,2.5854
478,i04.bmp,i04_24_4.bmp,0.41508543491363525,1.9048
479,i04.bmp,i04_24_5.bmp,0.40095123648643494,0.58537
480,i05.bmp,i05_01_1.bmp,0.9189963340759277,5.525
481,i05.bmp,i05_01_2.bmp,0.8723982572555542,5.5
482,i05.bmp,i05_01_3.bmp,0.8229737281799316,4.8461
483,i05.bmp,i05_01_4.bmp,0.7530783414840698,4.0513
484,i05.bmp,i05_01_5.bmp,0.6960867643356323,3.561
485,i05.bmp,i05_02_1.bmp,0.922415018081665,5.8293
486,i05.bmp,i05_02_2.bmp,0.8851861357688904,5.6829
487,i05.bmp,i05_02_3.bmp,0.8442155718803406,5.325
488,i05.bmp,i05_02_4.bmp,0.7826654314994812,5.0976
489,i05.bmp,i05_02_5.bmp,0.7292088866233826,4.2564
490,i05.bmp,i05_03_1.bmp,0.8452275991439819,5.0976
491,i05.bmp,i05_03_2.bmp,0.7731209993362427,4.4878
492,i05.bmp,i05_03_3.bmp,0.7173914909362793,3.675
493,i05.bmp,i05_03_4.bmp,0.6381062269210815,3.0732
494,i05.bmp,i05_03_5.bmp,0.5556468963623047,2.375
495,i05.bmp,i05_04_1.bmp,0.9880250692367554,5.6341
496,i05.bmp,i05_04_2.bmp,0.9780281782150269,5.75
497,i05.bmp,i05_04_3.bmp,0.9601030349731445,5.575
498,i05.bmp,i05_04_4.bmp,0.9290417432785034,4.9268
499,i05.bmp,i05_04_5.bmp,0.8766617774963379,4.4
500,i05.bmp,i05_05_1.bmp,0.9536633491516113,5.625
501,i05.bmp,i05_05_2.bmp,0.9233049750328064,5.3902
502,i05.bmp,i05_05_3.bmp,0.8486500978469849,4.7
503,i05.bmp,i05_05_4.bmp,0.7446962594985962,3.8158
504,i05.bmp,i05_05_5.bmp,0.6144982576370239,2.9231
505,i05.bmp,i05_06_1.bmp,0.936789870262146,4.375
506,i05.bmp,i05_06_2.bmp,0.8898811340332031,3.9231
507,i05.bmp,i05_06_3.bmp,0.8264473676681519,3.5
508,i05.bmp,i05_06_4.bmp,0.7518442869186401,3.3171
509,i05.bmp,i05_06_5.bmp,0.6546125411987305,2.5128
510,i05.bmp,i05_07_1.bmp,0.9233412742614746,5.275
511,i05.bmp,i05_07_2.bmp,0.8735589981079102,5.2683
512,i05.bmp,i05_07_3.bmp,0.7924423217773438,4.5385
513,i05.bmp,i05_07_4.bmp,0.7448741793632507,4.0513
514,i05.bmp,i05_07_5.bmp,0.6937171816825867,3.1463
515,i05.bmp,i05_08_1.bmp,0.9428607225418091,5.4
516,i05.bmp,i05_08_2.bmp,0.903603732585907,4.6667
517,i05.bmp,i05_08_3.bmp,0.8339972496032715,3.6585
518,i05.bmp,i05_08_4.bmp,0.6812539100646973,2.7805
519,i05.bmp,i05_08_5.bmp,0.4727214276790619,1.25
520,i05.bmp,i05_09_1.bmp,0.9076622724533081,5.825
521,i05.bmp,i05_09_2.bmp,0.8574371337890625,5.825
522,i05.bmp,i05_09_3.bmp,0.750831127166748,5.325
523,i05.bmp,i05_09_4.bmp,0.5933313369750977,3.5
524,i05.bmp,i05_09_5.bmp,0.4450843334197998,1.3659
525,i05.bmp,i05_10_1.bmp,0.9048278331756592,5.7317
526,i05.bmp,i05_10_2.bmp,0.8588415384292603,5.1539
527,i05.bmp,i05_10_3.bmp,0.7690958380699158,4.7073
528,i05.bmp,i05_10_4.bmp,0.5840897560119629,3.439
529,i05.bmp,i05_10_5.bmp,0.49154195189476013,1.878
530,i05.bmp,i05_11_1.bmp,0.9302302598953247,5.7561
531,i05.bmp,i05_11_2.bmp,0.877832293510437,5.4
532,i05.bmp,i05_11_3.bmp,0.8083428144454956,4.5
533,i05.bmp,i05_11_4.bmp,0.6865836977958679,3.6667
534,i05.bmp,i05_11_5.bmp,0.4922393262386322,2.25
535,i05.bmp,i05_12_1.bmp,0.9711318016052246,5.6829
536,i05.bmp,i05_12_2.bmp,0.9732842445373535,5.775
537,i05.bmp,i05_12_3.bmp,0.9385073184967041,5.35
538,i05.bmp,i05_12_4.bmp,0.8165082931518555,3.8
539,i05.bmp,i05_12_5.bmp,0.627782940864563,2.725
540,i05.bmp,i05_13_1.bmp,0.8866782188415527,5.4634
541,i05.bmp,i05_13_2.bmp,0.8022153377532959,4.9024
542,i05.bmp,i05_13_3.bmp,0.7694799304008484,3.475
543,i05.bmp,i05_13_4.bmp,0.7073904275894165,2.9756
544,i05.bmp,i05_13_5.bmp,0.5353553295135498,1.9737
545,i05.bmp,i05_14_1.bmp,0.9847442507743835,5.9268
546,i05.bmp,i05_14_2.bmp,0.9801266193389893,5.5366
547,i05.bmp,i05_14_3.bmp,0.9553824663162231,5.6098
548,i05.bmp,i05_14_4.bmp,0.9277023077011108,5.225
549,i05.bmp,i05_14_5.bmp,0.8509306907653809,4.3171
550,i05.bmp,i05_15_1.bmp,0.885730504989624,3.05
551,i05.bmp,i05_15_2.bmp,0.9000622630119324,3.1
552,i05.bmp,i05_15_3.bmp,0.9253373146057129,3.3171
553,i05.bmp,i05_15_4.bmp,0.9526796340942383,3.9
554,i05.bmp,i05_15_5.bmp,0.9723786115646362,3.8462
555,i05.bmp,i05_16_1.bmp,0.9846460223197937,6.15
556,i05.bmp,i05_16_2.bmp,0.974402904510498,5.95
557,i05.bmp,i05_16_3.bmp,0.9502534866333008,5.5854
558,i05.bmp,i05_16_4.bmp,0.9391673803329468,5.0976
559,i05.bmp,i05_16_5.bmp,0.8799649477005005,4.25
560,i05.bmp,i05_17_1.bmp,0.9778021574020386,5.3
561,i05.bmp,i05_17_2.bmp,0.960131049156189,6.8293
562,i05.bmp,i05_17_3.bmp,0.9441426992416382,4.025
563,i05.bmp,i05_17_4.bmp,0.9174720048904419,6.561
564,i05.bmp,i05_17_5.bmp,0.9006461501121521,2.8
565,i05.bmp,i05_18_1.bmp,0.9740533828735352,4.775
566,i05.bmp,i05_18_2.bmp,0.9576379656791687,4.2051
567,i05.bmp,i05_18_3.bmp,0.9294672012329102,3.7436
568,i05.bmp,i05_18_4.bmp,0.8639554977416992,3.5385
569,i05.bmp,i05_18_5.bmp,0.7204900979995728,3.15
570,i05.bmp,i05_19_1.bmp,0.9297739863395691,5.175
571,i05.bmp,i05_19_2.bmp,0.899789035320282,4.8049
572,i05.bmp,i05_19_3.bmp,0.8475360870361328,4.225
573,i05.bmp,i05_19_4.bmp,0.7779268026351929,3.65
574,i05.bmp,i05_19_5.bmp,0.6974908709526062,3.3659
575,i05.bmp,i05_20_1.bmp,0.9567121267318726,5.6829
576,i05.bmp,i05_20_2.bmp,0.9210633039474487,5.561
577,i05.bmp,i05_20_3.bmp,0.8762573599815369,5.0244
578,i05.bmp,i05_20_4.bmp,0.7847606539726257,4.475
579,i05.bmp,i05_20_5.bmp,0.6803426742553711,3.282
580,i05.bmp,i05_21_1.bmp,0.9038845896720886,5.6
581,i05.bmp,i05_21_2.bmp,0.8508337736129761,4.925
582,i05.bmp,i05_21_3.bmp,0.7781578898429871,4.3659
583,i05.bmp,i05_21_4.bmp,0.6861675977706909,3.35
584,i05.bmp,i05_21_5.bmp,0.5276302099227905,2.475
585,i05.bmp,i05_22_1.bmp,0.9599875211715698,5.275
586,i05.bmp,i05_22_2.bmp,0.9187507629394531,5.25
587,i05.bmp,i05_22_3.bmp,0.8759058713912964,4.7561
588,i05.bmp,i05_22_4.bmp,0.7600006461143494,4.1
589,i05.bmp,i05_22_5.bmp,0.6511907577514648,3.1707
590,i05.bmp,i05_23_1.bmp,0.930182933807373,5.7317
591,i05.bmp,i05_23_2.bmp,0.8380141258239746,5.575
592,i05.bmp,i05_23_3.bmp,0.7690607905387878,5.6341
593,i05.bmp,i05_23_4.bmp,0.7157951593399048,5.7561
594,i05.bmp,i05_23_5.bmp,0.6447215676307678,5.439
595,i05.bmp,i05_24_1.bmp,0.9226073026657104,5.525
596,i05.bmp,i05_24_2.bmp,0.8808621168136597,5.6098
597,i05.bmp,i05_24_3.bmp,0.7906657457351685,5.2
598,i05.bmp,i05_24_4.bmp,0.6354705095291138,3.9512
599,i05.bmp,i05_24_5.bmp,0.5039267539978027,2.6098
600,i06.bmp,i06_01_1.bmp,0.8726615905761719,5.7568
601,i06.bmp,i06_01_2.bmp,0.8214964866638184,5.1667
602,i06.bmp,i06_01_3.bmp,0.7745486497879028,5.027
603,i06.bmp,i06_01_4.bmp,0.72953861951828,4.3143
604,i06.bmp,i06_01_5.bmp,0.6672537326812744,3.6111
605,i06.bmp,i06_02_1.bmp,0.8729421496391296,6.1622
606,i06.bmp,i06_02_2.bmp,0.8368648886680603,5.7838
607,i06.bmp,i06_02_3.bmp,0.790373682975769,5.4595
608,i06.bmp,i06_02_4.bmp,0.7435476183891296,4.8333
609,i06.bmp,i06_02_5.bmp,0.6915213465690613,4.3889
610,i06.bmp,i06_03_1.bmp,0.7571107745170593,4.5833
611,i06.bmp,i06_03_2.bmp,0.684654712677002,4.0571
612,i06.bmp,i06_03_3.bmp,0.6332708597183228,3.4722
613,i06.bmp,i06_03_4.bmp,0.5602587461471558,2.9459
614,i06.bmp,i06_03_5.bmp,0.5258740186691284,2.5
615,i06.bmp,i06_04_1.bmp,0.9822226762771606,5.8333
616,i06.bmp,i06_04_2.bmp,0.9670745730400085,5.8611
617,i06.bmp,i06_04_3.bmp,0.9420937895774841,5.6944
618,i06.bmp,i06_04_4.bmp,0.8995969295501709,5.0811
619,i06.bmp,i06_04_5.bmp,0.8474478721618652,4.5833
620,i06.bmp,i06_05_1.bmp,0.9252892732620239,5.9189
621,i06.bmp,i06_05_2.bmp,0.8821846842765808,5.7143
622,i06.bmp,i06_05_3.bmp,0.8072094917297363,4.973
623,i06.bmp,i06_05_4.bmp,0.7223312258720398,4.0286
624,i06.bmp,i06_05_5.bmp,0.6266679167747498,2.9459
625,i06.bmp,i06_06_1.bmp,0.8576825857162476,4.6111
626,i06.bmp,i06_06_2.bmp,0.7842723727226257,4.3889
627,i06.bmp,i06_06_3.bmp,0.7062689661979675,3.7778
628,i06.bmp,i06_06_4.bmp,0.6611841917037964,3.5278
629,i06.bmp,i06_06_5.bmp,0.5989630222320557,3.0541
630,i06.bmp,i06_07_1.bmp,0.8291670083999634,5.3243
631,i06.bmp,i06_07_2.bmp,0.7509793043136597,5.1143
632,i06.bmp,i06_07_3.bmp,0.7235304713249207,4.4054
633,i06.bmp,i06_07_4.bmp,0.6406688690185547,3.1429
634,i06.bmp,i06_07_5.bmp,0.5901581645011902,2.6857
635,i06.bmp,i06_08_1.bmp,0.9296171069145203,5.1892
636,i06.bmp,i06_08_2.bmp,0.8839640021324158,4.5833
637,i06.bmp,i06_08_3.bmp,0.8092107176780701,3.4857
638,i06.bmp,i06_08_4.bmp,0.6863874197006226,2.7027
639,i06.bmp,i06_08_5.bmp,0.5361300706863403,2.0541
640,i06.bmp,i06_09_1.bmp,0.8199968338012695,6.0541
641,i06.bmp,i06_09_2.bmp,0.7557357549667358,5.8649
642,i06.bmp,i06_09_3.bmp,0.6375161409378052,4.8649
643,i06.bmp,i06_09_4.bmp,0.5308783054351807,3.0
644,i06.bmp,i06_09_5.bmp,0.4228385388851166,1.6571
645,i06.bmp,i06_10_1.bmp,0.857191264629364,5.8378
646,i06.bmp,i06_10_2.bmp,0.8193544745445251,5.6286
647,i06.bmp,i06_10_3.bmp,0.7109578847885132,5.4286
648,i06.bmp,i06_10_4.bmp,0.5787780284881592,3.1622
649,i06.bmp,i06_10_5.bmp,0.48297977447509766,1.7778
650,i06.bmp,i06_11_1.bmp,0.8465718030929565,5.5405
651,i06.bmp,i06_11_2.bmp,0.7897458076477051,5.1944
652,i06.bmp,i06_11_3.bmp,0.7201633453369141,4.5
653,i06.bmp,i06_11_4.bmp,0.5613726377487183,3.0811
654,i06.bmp,i06_11_5.bmp,0.3964627981185913,0.75676
655,i06.bmp,i06_12_1.bmp,0.9324733018875122,5.8611
656,i06.bmp,i06_12_2.bmp,0.9123401641845703,4.75
657,i06.bmp,i06_12_3.bmp,0.8789109587669373,4.3514
658,i06.bmp,i06_12_4.bmp,0.7602800130844116,3.6286
659,i06.bmp,i06_12_5.bmp,0.7101380228996277,3.8378
660,i06.bmp,i06_13_1.bmp,0.8253638744354248,4.6757
661,i06.bmp,i06_13_2.bmp,0.8773640394210815,4.8286
662,i06.bmp,i06_13_3.bmp,0.7309913635253906,4.1714
663,i06.bmp,i06_13_4.bmp,0.6613829135894775,3.1944
664,i06.bmp,i06_13_5.bmp,0.5923256874084473,2.7027
665,i06.bmp,i06_14_1.bmp,0.9806749224662781,6.0
666,i06.bmp,i06_14_2.bmp,0.9701900482177734,6.0
667,i06.bmp,i06_14_3.bmp,0.934721827507019,4.7714
668,i06.bmp,i06_14_4.bmp,0.9106141924858093,4.3333
669,i06.bmp,i06_14_5.bmp,0.8520463705062866,4.3056
670,i06.bmp,i06_15_1.bmp,0.8250672817230225,3.6216
671,i06.bmp,i06_15_2.bmp,0.826683759689331,3.3243
672,i06.bmp,i06_15_3.bmp,0.8856419324874878,3.75
673,i06.bmp,i06_15_4.bmp,0.903470516204834,4.4054
674,i06.bmp,i06_15_5.bmp,0.8948294520378113,4.8333
675,i06.bmp,i06_16_1.bmp,0.9896184802055359,5.5676
676,i06.bmp,i06_16_2.bmp,0.9786741137504578,6.25
677,i06.bmp,i06_16_3.bmp,0.954703688621521,5.0833
678,i06.bmp,i06_16_4.bmp,0.9273676872253418,5.8378
679,i06.bmp,i06_16_5.bmp,0.8983316421508789,4.1389
680,i06.bmp,i06_17_1.bmp,0.9696523547172546,5.5556
681,i06.bmp,i06_17_2.bmp,0.9326856136322021,6.0811
682,i06.bmp,i06_17_3.bmp,0.9372700452804565,4.0556
683,i06.bmp,i06_17_4.bmp,0.8810364603996277,5.8378
684,i06.bmp,i06_17_5.bmp,0.8844544291496277,3.3784
685,i06.bmp,i06_18_1.bmp,0.9566079378128052,5.2
686,i06.bmp,i06_18_2.bmp,0.9323716163635254,4.3611
687,i06.bmp,i06_18_3.bmp,0.8859528303146362,3.8889
688,i06.bmp,i06_18_4.bmp,0.7898864150047302,3.7297
689,i06.bmp,i06_18_5.bmp,0.6400191783905029,3.7838
690,i06.bmp,i06_19_1.bmp,0.8830002546310425,5.3333
691,i06.bmp,i06_19_2.bmp,0.8401443958282471,5.2703
692,i06.bmp,i06_19_3.bmp,0.7969197630882263,4.9459
693,i06.bmp,i06_19_4.bmp,0.7517978549003601,4.1944
694,i06.bmp,i06_19_5.bmp,0.7011200785636902,3.5946
695,i06.bmp,i06_20_1.bmp,0.9511672854423523,5.6111
696,i06.bmp,i06_20_2.bmp,0.9121605753898621,5.2778
697,i06.bmp,i06_20_3.bmp,0.8521305918693542,5.5946
698,i06.bmp,i06_20_4.bmp,0.7594693899154663,4.9459
699,i06.bmp,i06_20_5.bmp,0.6548914909362793,3.973
700,i06.bmp,i06_21_1.bmp,0.8521677255630493,5.7027
701,i06.bmp,i06_21_2.bmp,0.7878195643424988,5.1111
702,i06.bmp,i06_21_3.bmp,0.7468406558036804,4.7143
703,i06.bmp,i06_21_4.bmp,0.6269441843032837,3.6389
704,i06.bmp,i06_21_5.bmp,0.5190293788909912,2.8056
705,i06.bmp,i06_22_1.bmp,0.9082302451133728,5.6389
706,i06.bmp,i06_22_2.bmp,0.8503978252410889,5.2778
707,i06.bmp,i06_22_3.bmp,0.7787693738937378,4.1622
708,i06.bmp,i06_22_4.bmp,0.7074788808822632,3.5676
709,i06.bmp,i06_22_5.bmp,0.6378874182701111,2.973
710,i06.bmp,i06_23_1.bmp,0.8720540404319763,5.9143
711,i06.bmp,i06_23_2.bmp,0.7647800445556641,5.8056
712,i06.bmp,i06_23_3.bmp,0.6821123957633972,5.6757
713,i06.bmp,i06_23_4.bmp,0.6130243539810181,5.3243
714,i06.bmp,i06_23_5.bmp,0.4599331021308899,2.3429
715,i06.bmp,i06_24_1.bmp,0.8339667320251465,5.8378
716,i06.bmp,i06_24_2.bmp,0.7708122134208679,5.8
717,i06.bmp,i06_24_3.bmp,0.6652965545654297,4.8108
718,i06.bmp,i06_24_4.bmp,0.5790238380432129,3.2162
719,i06.bmp,i06_24_5.bmp,0.41171789169311523,0.88889
720,i07.bmp,i07_01_1.bmp,0.8475803136825562,5.6818
721,i07.bmp,i07_01_2.bmp,0.8139421343803406,5.0909
722,i07.bmp,i07_01_3.bmp,0.7645974159240723,4.8
723,i07.bmp,i07_01_4.bmp,0.7094995975494385,4.4546
724,i07.bmp,i07_01_5.bmp,0.6544966101646423,3.9762
725,i07.bmp,i07_02_1.bmp,0.8610526323318481,6.0444
726,i07.bmp,i07_02_2.bmp,0.8241313695907593,5.8636
727,i07.bmp,i07_02_3.bmp,0.7678122520446777,5.5581
728,i07.bmp,i07_02_4.bmp,0.7338148951530457,5.2326
729,i07.bmp,i07_02_5.bmp,0.687963604927063,4.7556
730,i07.bmp,i07_03_1.bmp,0.7593244314193726,4.9333
731,i07.bmp,i07_03_2.bmp,0.6951185464859009,4.2273
732,i07.bmp,i07_03_3.bmp,0.6383954286575317,3.7333
733,i07.bmp,i07_03_4.bmp,0.580389142036438,3.3111
734,i07.bmp,i07_03_5.bmp,0.5274409651756287,2.7333
735,i07.bmp,i07_04_1.bmp,0.9742649793624878,5.8667
736,i07.bmp,i07_04_2.bmp,0.9545912146568298,6.0
737,i07.bmp,i07_04_3.bmp,0.9148234128952026,5.4222
738,i07.bmp,i07_04_4.bmp,0.861929178237915,4.9512
739,i07.bmp,i07_04_5.bmp,0.8067874908447266,4.2093
740,i07.bmp,i07_05_1.bmp,0.8946273326873779,6.0444
741,i07.bmp,i07_05_2.bmp,0.851503849029541,5.8
742,i07.bmp,i07_05_3.bmp,0.7825087904930115,5.1591
743,i07.bmp,i07_05_4.bmp,0.7042462229728699,4.2791
744,i07.bmp,i07_05_5.bmp,0.6108946204185486,3.3182
745,i07.bmp,i07_06_1.bmp,0.8735193014144897,4.8333
746,i07.bmp,i07_06_2.bmp,0.8303109407424927,4.6136
747,i07.bmp,i07_06_3.bmp,0.7767612338066101,4.1591
748,i07.bmp,i07_06_4.bmp,0.7028183937072754,3.75
749,i07.bmp,i07_06_5.bmp,0.6453765630722046,3.3182
750,i07.bmp,i07_07_1.bmp,0.8471505045890808,5.5814
751,i07.bmp,i07_07_2.bmp,0.7503412961959839,5.1905
752,i07.bmp,i07_07_3.bmp,0.7181886434555054,4.3182
753,i07.bmp,i07_07_4.bmp,0.6743437051773071,3.6222
754,i07.bmp,i07_07_5.bmp,0.6039887070655823,2.8372
755,i07.bmp,i07_08_1.bmp,0.9684969782829285,5.8636
756,i07.bmp,i07_08_2.bmp,0.9379986524581909,5.5333
757,i07.bmp,i07_08_3.bmp,0.8749362826347351,4.5814
758,i07.bmp,i07_08_4.bmp,0.7493901252746582,3.4222
759,i07.bmp,i07_08_5.bmp,0.5788687467575073,2.6364
760,i07.bmp,i07_09_1.bmp,0.862104058265686,6.4222
761,i07.bmp,i07_09_2.bmp,0.8257054090499878,6.0222
762,i07.bmp,i07_09_3.bmp,0.7539049983024597,5.2273
763,i07.bmp,i07_09_4.bmp,0.6268336772918701,3.9767
764,i07.bmp,i07_09_5.bmp,0.5090530514717102,2.4667
765,i07.bmp,i07_10_1.bmp,0.8605870008468628,6.1333
766,i07.bmp,i07_10_2.bmp,0.810008704662323,5.8864
767,i07.bmp,i07_10_3.bmp,0.7153427600860596,5.0454
768,i07.bmp,i07_10_4.bmp,0.586368978023529,3.7045
769,i07.bmp,i07_10_5.bmp,0.4954955279827118,2.2273
770,i07.bmp,i07_11_1.bmp,0.8026742935180664,5.4884
771,i07.bmp,i07_11_2.bmp,0.691726565361023,4.5111
772,i07.bmp,i07_11_3.bmp,0.5872911810874939,3.4318
773,i07.bmp,i07_11_4.bmp,0.5004386901855469,2.4222
774,i07.bmp,i07_11_5.bmp,0.4044199585914612,0.97727
775,i07.bmp,i07_12_1.bmp,0.9005615711212158,5.3409
776,i07.bmp,i07_12_2.bmp,0.828025221824646,4.7273
777,i07.bmp,i07_12_3.bmp,0.7401981353759766,3.5333
778,i07.bmp,i07_12_4.bmp,0.5947338938713074,2.8636
779,i07.bmp,i07_12_5.bmp,0.604349672794342,2.5111
780,i07.bmp,i07_13_1.bmp,0.7769664525985718,4.5814
781,i07.bmp,i07_13_2.bmp,0.7487375140190125,4.0682
782,i07.bmp,i07_13_3.bmp,0.6618511080741882,3.3721
783,i07.bmp,i07_13_4.bmp,0.6054367423057556,2.7273
784,i07.bmp,i07_13_5.bmp,0.5406662225723267,2.5111
785,i07.bmp,i07_14_1.bmp,0.9630845785140991,5.7954
786,i07.bmp,i07_14_2.bmp,0.9795809984207153,6.1591
787,i07.bmp,i07_14_3.bmp,0.9553451538085938,5.7046
788,i07.bmp,i07_14_4.bmp,0.9232980608940125,5.2222
789,i07.bmp,i07_14_5.bmp,0.8800221681594849,4.2046
790,i07.bmp,i07_15_1.bmp,0.9079947471618652,3.6364
791,i07.bmp,i07_15_2.bmp,0.9110536575317383,3.2889
792,i07.bmp,i07_15_3.bmp,0.9122035503387451,3.0455
793,i07.bmp,i07_15_4.bmp,0.9336909055709839,3.3409
794,i07.bmp,i07_15_5.bmp,0.954525351524353,3.6512
795,i07.bmp,i07_16_1.bmp,0.9918238520622253,6.2046
796,i07.bmp,i07_16_2.bmp,0.9845249056816101,6.3488
797,i07.bmp,i07_16_3.bmp,0.9643546938896179,5.9333
798,i07.bmp,i07_16_4.bmp,0.953514575958252,5.3556
799,i07.bmp,i07_16_5.bmp,0.9160184860229492,4.8182
800,i07.bmp,i07_17_1.bmp,0.9826614260673523,5.5454
801,i07.bmp,i07_17_2.bmp,0.968368411064148,6.4
802,i07.bmp,i07_17_3.bmp,0.9610280394554138,4.4048
803,i07.bmp,i07_17_4.bmp,0.932511031627655,6.7273
804,i07.bmp,i07_17_5.bmp,0.9144113063812256,3.3409
805,i07.bmp,i07_18_1.bmp,0.968836784362793,5.3864
806,i07.bmp,i07_18_2.bmp,0.9581940174102783,4.9546
807,i07.bmp,i07_18_3.bmp,0.9270918369293213,4.3778
808,i07.bmp,i07_18_4.bmp,0.8673999309539795,3.8636
809,i07.bmp,i07_18_5.bmp,0.6890506744384766,3.6364
810,i07.bmp,i07_19_1.bmp,0.8545702695846558,5.8667
811,i07.bmp,i07_19_2.bmp,0.8144163489341736,5.4444
812,i07.bmp,i07_19_3.bmp,0.7697470188140869,4.8
813,i07.bmp,i07_19_4.bmp,0.7184771299362183,4.1136
814,i07.bmp,i07_19_5.bmp,0.6638410687446594,3.7045
815,i07.bmp,i07_20_1.bmp,0.9030845165252686,5.75
816,i07.bmp,i07_20_2.bmp,0.8253577947616577,5.4222
817,i07.bmp,i07_20_3.bmp,0.7296366095542908,4.4186
818,i07.bmp,i07_20_4.bmp,0.6523361802101135,3.6222
819,i07.bmp,i07_20_5.bmp,0.5658510327339172,2.9302
820,i07.bmp,i07_21_1.bmp,0.8045513033866882,5.6667
821,i07.bmp,i07_21_2.bmp,0.746196985244751,4.9546
822,i07.bmp,i07_21_3.bmp,0.7006620764732361,4.1111
823,i07.bmp,i07_21_4.bmp,0.6015145778656006,3.3864
824,i07.bmp,i07_21_5.bmp,0.5171325206756592,2.3256
825,i07.bmp,i07_22_1.bmp,0.8969142436981201,5.9333
826,i07.bmp,i07_22_2.bmp,0.8571704626083374,5.2326
827,i07.bmp,i07_22_3.bmp,0.774389922618866,4.6512
828,i07.bmp,i07_22_4.bmp,0.703884482383728,4.1429
829,i07.bmp,i07_22_5.bmp,0.5308510661125183,2.6591
830,i07.bmp,i07_23_1.bmp,0.8851081132888794,6.0222
831,i07.bmp,i07_23_2.bmp,0.7793583273887634,5.7333
832,i07.bmp,i07_23_3.bmp,0.6875557899475098,5.0444
833,i07.bmp,i07_23_4.bmp,0.6102285385131836,4.2093
834,i07.bmp,i07_23_5.bmp,0.4983774423599243,2.6444
835,i07.bmp,i07_24_1.bmp,0.8401808738708496,5.7209
836,i07.bmp,i07_24_2.bmp,0.7331652641296387,4.9333
837,i07.bmp,i07_24_3.bmp,0.6354135274887085,3.8636
838,i07.bmp,i07_24_4.bmp,0.5040175914764404,2.25
839,i07.bmp,i07_24_5.bmp,0.4296720623970032,0.47619
840,i08.bmp,i08_01_1.bmp,0.8931087255477905,5.5484
841,i08.bmp,i08_01_2.bmp,0.8516526222229004,4.7097
842,i08.bmp,i08_01_3.bmp,0.8057327270507812,4.8387
843,i08.bmp,i08_01_4.bmp,0.7563865184783936,4.1
844,i08.bmp,i08_01_5.bmp,0.7060953378677368,3.5484
845,i08.bmp,i08_02_1.bmp,0.8952383399009705,5.5938
846,i08.bmp,i08_02_2.bmp,0.8545047640800476,5.5484
847,i08.bmp,i08_02_3.bmp,0.8092164993286133,5.4063
848,i08.bmp,i08_02_4.bmp,0.7626500129699707,5.2258
849,i08.bmp,i08_02_5.bmp,0.7183448076248169,4.6452
850,i08.bmp,i08_03_1.bmp,0.7923932075500488,4.6452
851,i08.bmp,i08_03_2.bmp,0.7411489486694336,4.2903
852,i08.bmp,i08_03_3.bmp,0.6917096972465515,3.4667
853,i08.bmp,i08_03_4.bmp,0.6363943815231323,2.9688
854,i08.bmp,i08_03_5.bmp,0.5702556371688843,2.3438
855,i08.bmp,i08_04_1.bmp,0.9913126230239868,6.0645
856,i08.bmp,i08_04_2.bmp,0.9813429713249207,5.8387
857,i08.bmp,i08_04_3.bmp,0.9622287750244141,5.625
858,i08.bmp,i08_04_4.bmp,0.9338960647583008,5.4375
859,i08.bmp,i08_04_5.bmp,0.8890964388847351,4.9677
860,i08.bmp,i08_05_1.bmp,0.950282096862793,5.3333
861,i08.bmp,i08_05_2.bmp,0.9181275367736816,5.4516
862,i08.bmp,i08_05_3.bmp,0.838567852973938,4.7188
863,i08.bmp,i08_05_4.bmp,0.7452864050865173,3.9677
864,i08.bmp,i08_05_5.bmp,0.6407124996185303,3.125
865,i08.bmp,i08_06_1.bmp,0.9049609899520874,4.3871
866,i08.bmp,i08_06_2.bmp,0.8671489953994751,4.0938
867,i08.bmp,i08_06_3.bmp,0.8156408071517944,3.9333
868,i08.bmp,i08_06_4.bmp,0.7715205550193787,3.6129
869,i08.bmp,i08_06_5.bmp,0.709563136100769,3.0645
870,i08.bmp,i08_07_1.bmp,0.8933526873588562,5.5
871,i08.bmp,i08_07_2.bmp,0.858810544013977,4.6452
872,i08.bmp,i08_07_3.bmp,0.8193969130516052,4.1667
873,i08.bmp,i08_07_4.bmp,0.7406649589538574,3.4516
874,i08.bmp,i08_07_5.bmp,0.6654731035232544,2.3871
875,i08.bmp,i08_08_1.bmp,0.9405295252799988,5.2188
876,i08.bmp,i08_08_2.bmp,0.8775421977043152,4.5938
877,i08.bmp,i08_08_3.bmp,0.7973588705062866,3.9032
878,i08.bmp,i08_08_4.bmp,0.6310800909996033,2.871
879,i08.bmp,i08_08_5.bmp,0.5011065602302551,1.9677
880,i08.bmp,i08_09_1.bmp,0.8247299194335938,5.7097
881,i08.bmp,i08_09_2.bmp,0.7706241011619568,5.875
882,i08.bmp,i08_09_3.bmp,0.6982171535491943,5.0313
883,i08.bmp,i08_09_4.bmp,0.6005074381828308,3.5
884,i08.bmp,i08_09_5.bmp,0.47610995173454285,1.75
885,i08.bmp,i08_10_1.bmp,0.8943443298339844,5.9677
886,i08.bmp,i08_10_2.bmp,0.8333864212036133,5.5938
887,i08.bmp,i08_10_3.bmp,0.7285813689231873,4.6875
888,i08.bmp,i08_10_4.bmp,0.5999455451965332,3.2188
889,i08.bmp,i08_10_5.bmp,0.4886086583137512,1.3438
890,i08.bmp,i08_11_1.bmp,0.8946908712387085,6.0
891,i08.bmp,i08_11_2.bmp,0.829269289970398,5.25
892,i08.bmp,i08_11_3.bmp,0.7396248579025269,4.5667
893,i08.bmp,i08_11_4.bmp,0.6755262613296509,4.1936
894,i08.bmp,i08_11_5.bmp,0.493586003780365,2.2667
895,i08.bmp,i08_12_1.bmp,0.9712579250335693,6.1936
896,i08.bmp,i08_12_2.bmp,0.9765741229057312,5.7419
897,i08.bmp,i08_12_3.bmp,0.9274524450302124,5.5
898,i08.bmp,i08_12_4.bmp,0.746442973613739,4.8125
899,i08.bmp,i08_12_5.bmp,0.872016429901123,4.25
900,i08.bmp,i08_13_1.bmp,0.9592950344085693,5.7813
901,i08.bmp,i08_13_2.bmp,0.8232428431510925,3.2667
902,i08.bmp,i08_13_3.bmp,0.9080106019973755,4.3871
903,i08.bmp,i08_13_4.bmp,0.7664961218833923,2.7333
904,i08.bmp,i08_13_5.bmp,0.6159436106681824,2.125
905,i08.bmp,i08_14_1.bmp,0.985460638999939,5.6563
906,i08.bmp,i08_14_2.bmp,0.9823076128959656,5.4375
907,i08.bmp,i08_14_3.bmp,0.9521182775497437,4.871
908,i08.bmp,i08_14_4.bmp,0.9240840673446655,4.75
909,i08.bmp,i08_14_5.bmp,0.877866268157959,4.0
910,i08.bmp,i08_15_1.bmp,0.9149318933486938,3.7742
911,i08.bmp,i08_15_2.bmp,0.9240884780883789,2.9355
912,i08.bmp,i08_15_3.bmp,0.9277554750442505,3.2813
913,i08.bmp,i08_15_4.bmp,0.9420946836471558,3.6875
914,i08.bmp,i08_15_5.bmp,0.9294106960296631,3.5161
915,i08.bmp,i08_16_1.bmp,0.9902771711349487,6.0625
916,i08.bmp,i08_16_2.bmp,0.9863518476486206,5.75
917,i08.bmp,i08_16_3.bmp,0.9622230529785156,5.871
918,i08.bmp,i08_16_4.bmp,0.9555362462997437,4.9032
919,i08.bmp,i08_16_5.bmp,0.899825930595398,4.5667
920,i08.bmp,i08_17_1.bmp,0.9843127131462097,5.4063
921,i08.bmp,i08_17_2.bmp,0.9596782922744751,5.5807
922,i08.bmp,i08_17_3.bmp,0.9577770233154297,4.1875
923,i08.bmp,i08_17_4.bmp,0.9056735038757324,5.0645
924,i08.bmp,i08_17_5.bmp,0.9126216769218445,3.2581
925,i08.bmp,i08_18_1.bmp,0.9586766958236694,4.25
926,i08.bmp,i08_18_2.bmp,0.928099513053894,3.7419
927,i08.bmp,i08_18_3.bmp,0.8552263975143433,2.9375
928,i08.bmp,i08_18_4.bmp,0.766798198223114,2.8438
929,i08.bmp,i08_18_5.bmp,0.7504832744598389,2.871
930,i08.bmp,i08_19_1.bmp,0.9225067496299744,5.3871
931,i08.bmp,i08_19_2.bmp,0.879677951335907,4.9355
932,i08.bmp,i08_19_3.bmp,0.8440255522727966,4.6875
933,i08.bmp,i08_19_4.bmp,0.7962656021118164,4.0323
934,i08.bmp,i08_19_5.bmp,0.7343894839286804,3.5938
935,i08.bmp,i08_20_1.bmp,0.9683042764663696,5.871
936,i08.bmp,i08_20_2.bmp,0.9379935264587402,5.9677
937,i08.bmp,i08_20_3.bmp,0.8816322684288025,5.2667
938,i08.bmp,i08_20_4.bmp,0.7991116046905518,4.625
939,i08.bmp,i08_20_5.bmp,0.6926732063293457,3.8125
940,i08.bmp,i08_21_1.bmp,0.8908376693725586,5.6875
941,i08.bmp,i08_21_2.bmp,0.831293523311615,4.9355
942,i08.bmp,i08_21_3.bmp,0.757887601852417,4.2903
943,i08.bmp,i08_21_4.bmp,0.6838467121124268,3.8064
944,i08.bmp,i08_21_5.bmp,0.5861557126045227,2.6774
945,i08.bmp,i08_22_1.bmp,0.9398030042648315,5.6129
946,i08.bmp,i08_22_2.bmp,0.893535852432251,5.4516
947,i08.bmp,i08_22_3.bmp,0.8475629091262817,4.1613
948,i08.bmp,i08_22_4.bmp,0.7705260515213013,3.0625
949,i08.bmp,i08_22_5.bmp,0.6954018473625183,2.375
950,i08.bmp,i08_23_1.bmp,0.9415960311889648,6.0323
951,i08.bmp,i08_23_2.bmp,0.8790902495384216,6.1613
952,i08.bmp,i08_23_3.bmp,0.8223718404769897,5.6774
953,i08.bmp,i08_23_4.bmp,0.7817859649658203,5.5
954,i08.bmp,i08_23_5.bmp,0.7323800325393677,5.4375
955,i08.bmp,i08_24_1.bmp,0.890357255935669,5.9355
956,i08.bmp,i08_24_2.bmp,0.8272542953491211,5.7813
957,i08.bmp,i08_24_3.bmp,0.734362006187439,5.2903
958,i08.bmp,i08_24_4.bmp,0.6493441462516785,3.9677
959,i08.bmp,i08_24_5.bmp,0.5584536790847778,2.625
960,i09.bmp,i09_01_1.bmp,0.8652369379997253,5.3636
961,i09.bmp,i09_01_2.bmp,0.824278712272644,5.0
962,i09.bmp,i09_01_3.bmp,0.7641811370849609,4.5454
963,i09.bmp,i09_01_4.bmp,0.7250304222106934,4.0323
964,i09.bmp,i09_01_5.bmp,0.6719207763671875,3.6364
965,i09.bmp,i09_02_1.bmp,0.8758286237716675,5.8788
966,i09.bmp,i09_02_2.bmp,0.8436309695243835,6.0303
967,i09.bmp,i09_02_3.bmp,0.8001288175582886,5.5625
968,i09.bmp,i09_02_4.bmp,0.7566486597061157,4.875
969,i09.bmp,i09_02_5.bmp,0.7009831666946411,4.5454
970,i09.bmp,i09_03_1.bmp,0.7352768182754517,4.6061
971,i09.bmp,i09_03_2.bmp,0.6700794100761414,4.0938
972,i09.bmp,i09_03_3.bmp,0.6207579374313354,3.697
973,i09.bmp,i09_03_4.bmp,0.5774271488189697,3.25
974,i09.bmp,i09_03_5.bmp,0.5259999632835388,2.8788
975,i09.bmp,i09_04_1.bmp,0.9724448919296265,5.7419
976,i09.bmp,i09_04_2.bmp,0.953120231628418,5.5938
977,i09.bmp,i09_04_3.bmp,0.9204113483428955,5.3871
978,i09.bmp,i09_04_4.bmp,0.8714467883110046,4.6774
979,i09.bmp,i09_04_5.bmp,0.8064627647399902,4.2727
980,i09.bmp,i09_05_1.bmp,0.9107472896575928,5.9355
981,i09.bmp,i09_05_2.bmp,0.8760398626327515,5.5
982,i09.bmp,i09_05_3.bmp,0.8035827875137329,4.9688
983,i09.bmp,i09_05_4.bmp,0.7259718179702759,4.0909
984,i09.bmp,i09_05_5.bmp,0.6429666876792908,3.5938
985,i09.bmp,i09_06_1.bmp,0.8025720119476318,5.2188
986,i09.bmp,i09_06_2.bmp,0.7549330592155457,4.3125
987,i09.bmp,i09_06_3.bmp,0.7223987579345703,4.1613
988,i09.bmp,i09_06_4.bmp,0.6752187013626099,3.8125
989,i09.bmp,i09_06_5.bmp,0.6387799978256226,3.3438
990,i09.bmp,i09_07_1.bmp,0.7978717684745789,4.8788
991,i09.bmp,i09_07_2.bmp,0.7099320888519287,4.75
992,i09.bmp,i09_07_3.bmp,0.6382521390914917,4.129
993,i09.bmp,i09_07_4.bmp,0.6222842931747437,3.6667
994,i09.bmp,i09_07_5.bmp,0.602939784526825,2.7097
995,i09.bmp,i09_08_1.bmp,0.9494094252586365,5.875
996,i09.bmp,i09_08_2.bmp,0.9144420623779297,5.2424
997,i09.bmp,i09_08_3.bmp,0.8413196802139282,4.3438
998,i09.bmp,i09_08_4.bmp,0.696834921836853,3.4848
999,i09.bmp,i09_08_5.bmp,0.5443412661552429,2.375
1000,i09.bmp,i09_09_1.bmp,0.7696781158447266,6.5454
1001,i09.bmp,i09_09_2.bmp,0.7419101595878601,6.0909
1002,i09.bmp,i09_09_3.bmp,0.6777154803276062,5.1515
1003,i09.bmp,i09_09_4.bmp,0.5409817695617676,3.9063
1004,i09.bmp,i09_09_5.bmp,0.4533635973930359,2.5152
1005,i09.bmp,i09_10_1.bmp,0.8737754225730896,6.0
1006,i09.bmp,i09_10_2.bmp,0.8177146911621094,5.6563
1007,i09.bmp,i09_10_3.bmp,0.7237557768821716,4.9063
1008,i09.bmp,i09_10_4.bmp,0.5666655898094177,3.1936
1009,i09.bmp,i09_10_5.bmp,0.46029993891716003,2.3438
1010,i09.bmp,i09_11_1.bmp,0.76678866147995,5.9063
1011,i09.bmp,i09_11_2.bmp,0.6865948438644409,5.1563
1012,i09.bmp,i09_11_3.bmp,0.5888659358024597,3.9688
1013,i09.bmp,i09_11_4.bmp,0.45661163330078125,2.4063
1014,i09.bmp,i09_11_5.bmp,0.3896981179714203,0.87879
1015,i09.bmp,i09_12_1.bmp,0.9672543406486511,6.0606
1016,i09.bmp,i09_12_2.bmp,0.9260910749435425,5.9063
1017,i09.bmp,i09_12_3.bmp,0.7473740577697754,4.9063
1018,i09.bmp,i09_12_4.bmp,0.6224368810653687,2.9688
1019,i09.bmp,i09_12_5.bmp,0.5676800012588501,2.8438
1020,i09.bmp,i09_13_1.bmp,0.7701969146728516,4.5152
1021,i09.bmp,i09_13_2.bmp,0.6834807395935059,3.7742
1022,i09.bmp,i09_13_3.bmp,0.5816535949707031,3.3333
1023,i09.bmp,i09_13_4.bmp,0.5299012660980225,2.8182
1024,i09.bmp,i09_13_5.bmp,0.571235179901123,2.8788
1025,i09.bmp,i09_14_1.bmp,0.9585314989089966,5.8438
1026,i09.bmp,i09_14_2.bmp,0.9813029170036316,5.4848
1027,i09.bmp,i09_14_3.bmp,0.9471739530563354,6.2813
1028,i09.bmp,i09_14_4.bmp,0.8891007304191589,4.4375
1029,i09.bmp,i09_14_5.bmp,0.8474045991897583,3.3125
1030,i09.bmp,i09_15_1.bmp,0.8666691780090332,2.9091
1031,i09.bmp,i09_15_2.bmp,0.8968662023544312,3.0606
1032,i09.bmp,i09_15_3.bmp,0.9082664847373962,3.25
1033,i09.bmp,i09_15_4.bmp,0.9292908906936646,3.5938
1034,i09.bmp,i09_15_5.bmp,0.9616801738739014,5.8485
1035,i09.bmp,i09_16_1.bmp,0.9944231510162354,6.0606
1036,i09.bmp,i09_16_2.bmp,0.9861834049224854,6.303
1037,i09.bmp,i09_16_3.bmp,0.9759273529052734,5.75
1038,i09.bmp,i09_16_4.bmp,0.956934928894043,5.9032
1039,i09.bmp,i09_16_5.bmp,0.9352933168411255,4.6667
1040,i09.bmp,i09_17_1.bmp,0.9696993827819824,5.8125
1041,i09.bmp,i09_17_2.bmp,0.9632477760314941,6.7879
1042,i09.bmp,i09_17_3.bmp,0.8993264436721802,4.7813
1043,i09.bmp,i09_17_4.bmp,0.9221938848495483,6.3636
1044,i09.bmp,i09_17_5.bmp,0.8909534215927124,3.6061
1045,i09.bmp,i09_18_1.bmp,0.9423598051071167,4.8182
1046,i09.bmp,i09_18_2.bmp,0.9031778573989868,4.303
1047,i09.bmp,i09_18_3.bmp,0.8618906736373901,4.0645
1048,i09.bmp,i09_18_4.bmp,0.7753927111625671,3.3125
1049,i09.bmp,i09_18_5.bmp,0.6873311996459961,3.1563
1050,i09.bmp,i09_19_1.bmp,0.8721396327018738,5.5
1051,i09.bmp,i09_19_2.bmp,0.826875627040863,4.6774
1052,i09.bmp,i09_19_3.bmp,0.7749378681182861,4.5161
1053,i09.bmp,i09_19_4.bmp,0.7288926839828491,4.0625
1054,i09.bmp,i09_19_5.bmp,0.6761373281478882,3.4848
1055,i09.bmp,i09_20_1.bmp,0.9212087988853455,5.8125
1056,i09.bmp,i09_20_2.bmp,0.8600180149078369,5.6667
1057,i09.bmp,i09_20_3.bmp,0.7442530393600464,4.5
1058,i09.bmp,i09_20_4.bmp,0.6276025772094727,3.9091
1059,i09.bmp,i09_20_5.bmp,0.5428006649017334,2.9091
1060,i09.bmp,i09_21_1.bmp,0.8137261271476746,5.2727
1061,i09.bmp,i09_21_2.bmp,0.7437429428100586,4.8125
1062,i09.bmp,i09_21_3.bmp,0.6763510704040527,4.25
1063,i09.bmp,i09_21_4.bmp,0.5939909815788269,3.5
1064,i09.bmp,i09_21_5.bmp,0.461977481842041,2.1613
1065,i09.bmp,i09_22_1.bmp,0.8809086680412292,5.7188
1066,i09.bmp,i09_22_2.bmp,0.8105230331420898,5.7879
1067,i09.bmp,i09_22_3.bmp,0.7287935614585876,5.5
1068,i09.bmp,i09_22_4.bmp,0.6052807569503784,4.0938
1069,i09.bmp,i09_22_5.bmp,0.5233173370361328,2.7188
1070,i09.bmp,i09_23_1.bmp,0.8376309275627136,6.25
1071,i09.bmp,i09_23_2.bmp,0.736581027507782,6.2813
1072,i09.bmp,i09_23_3.bmp,0.6609010696411133,6.0303
1073,i09.bmp,i09_23_4.bmp,0.5851025581359863,4.8125
1074,i09.bmp,i09_23_5.bmp,0.4668608605861664,2.875
1075,i09.bmp,i09_24_1.bmp,0.8463854789733887,5.75
1076,i09.bmp,i09_24_2.bmp,0.7499547004699707,5.0938
1077,i09.bmp,i09_24_3.bmp,0.6134787797927856,3.75
1078,i09.bmp,i09_24_4.bmp,0.4869420528411865,2.0303
1079,i09.bmp,i09_24_5.bmp,0.4167482256889343,0.24242
1080,i10.bmp,i10_01_1.bmp,0.84603351354599,5.718
1081,i10.bmp,i10_01_2.bmp,0.7897406816482544,5.4324
1082,i10.bmp,i10_01_3.bmp,0.7199940085411072,4.7436
1083,i10.bmp,i10_01_4.bmp,0.6840254664421082,4.5385
1084,i10.bmp,i10_01_5.bmp,0.6005682349205017,3.8158
1085,i10.bmp,i10_02_1.bmp,0.8430161476135254,6.0541
1086,i10.bmp,i10_02_2.bmp,0.7820984125137329,5.8378
1087,i10.bmp,i10_02_3.bmp,0.7512316107749939,5.7692
1088,i10.bmp,i10_02_4.bmp,0.6903835535049438,5.5263
1089,i10.bmp,i10_02_5.bmp,0.6314405202865601,4.7297
1090,i10.bmp,i10_03_1.bmp,0.7151724696159363,5.0541
1091,i10.bmp,i10_03_2.bmp,0.6613688468933105,4.3611
1092,i10.bmp,i10_03_3.bmp,0.5912814140319824,4.0256
1093,i10.bmp,i10_03_4.bmp,0.554085373878479,3.3077
1094,i10.bmp,i10_03_5.bmp,0.46666619181632996,2.9231
1095,i10.bmp,i10_04_1.bmp,0.9701846837997437,6.0769
1096,i10.bmp,i10_04_2.bmp,0.9533147811889648,5.1111
1097,i10.bmp,i10_04_3.bmp,0.9205292463302612,5.1579
1098,i10.bmp,i10_04_4.bmp,0.8664686679840088,4.7692
1099,i10.bmp,i10_04_5.bmp,0.8119847178459167,4.2308
1100,i10.bmp,i10_05_1.bmp,0.895322322845459,6.0513
1101,i10.bmp,i10_05_2.bmp,0.850970983505249,5.7949
1102,i10.bmp,i10_05_3.bmp,0.7664114236831665,5.1795
1103,i10.bmp,i10_05_4.bmp,0.6691686511039734,4.3947
1104,i10.bmp,i10_05_5.bmp,0.5650253295898438,3.3421
1105,i10.bmp,i10_06_1.bmp,0.7881673574447632,5.1579
1106,i10.bmp,i10_06_2.bmp,0.7210180759429932,4.6486
1107,i10.bmp,i10_06_3.bmp,0.6838942766189575,4.5789
1108,i10.bmp,i10_06_4.bmp,0.6509250998497009,3.8421
1109,i10.bmp,i10_06_5.bmp,0.5889313817024231,3.4054
1110,i10.bmp,i10_07_1.bmp,0.7283220291137695,5.5405
1111,i10.bmp,i10_07_2.bmp,0.6708904504776001,5.0256
1112,i10.bmp,i10_07_3.bmp,0.6085140109062195,4.4615
1113,i10.bmp,i10_07_4.bmp,0.5568585395812988,4.0
1114,i10.bmp,i10_07_5.bmp,0.5321316719055176,3.0526
1115,i10.bmp,i10_08_1.bmp,0.9480243921279907,5.9737
1116,i10.bmp,i10_08_2.bmp,0.9101128578186035,5.3077
1117,i10.bmp,i10_08_3.bmp,0.8266741633415222,4.3514
1118,i10.bmp,i10_08_4.bmp,0.674543023109436,3.5
1119,i10.bmp,i10_08_5.bmp,0.5390536189079285,2.7895
1120,i10.bmp,i10_09_1.bmp,0.7696881294250488,5.9744
1121,i10.bmp,i10_09_2.bmp,0.6997169256210327,5.6923
1122,i10.bmp,i10_09_3.bmp,0.6114706993103027,5.1795
1123,i10.bmp,i10_09_4.bmp,0.5157985687255859,3.8158
1124,i10.bmp,i10_09_5.bmp,0.4317052960395813,2.282
1125,i10.bmp,i10_10_1.bmp,0.8474531173706055,5.8684
1126,i10.bmp,i10_10_2.bmp,0.7524126768112183,5.8158
1127,i10.bmp,i10_10_3.bmp,0.6451036930084229,5.2051
1128,i10.bmp,i10_10_4.bmp,0.521060585975647,3.641
1129,i10.bmp,i10_10_5.bmp,0.4663968086242676,2.4359
1130,i10.bmp,i10_11_1.bmp,0.7391173839569092,5.1539
1131,i10.bmp,i10_11_2.bmp,0.5978387594223022,4.4615
1132,i10.bmp,i10_11_3.bmp,0.5136715769767761,3.6154
1133,i10.bmp,i10_11_4.bmp,0.43544119596481323,2.1842
1134,i10.bmp,i10_11_5.bmp,0.37607473134994507,1.2368
1135,i10.bmp,i10_12_1.bmp,0.8506991863250732,4.7692
1136,i10.bmp,i10_12_2.bmp,0.8447243571281433,5.8421
1137,i10.bmp,i10_12_3.bmp,0.7908191084861755,4.9231
1138,i10.bmp,i10_12_4.bmp,0.7363044619560242,4.0526
1139,i10.bmp,i10_12_5.bmp,0.571845531463623,2.6842
1140,i10.bmp,i10_13_1.bmp,0.915439784526825,5.7895
1141,i10.bmp,i10_13_2.bmp,0.6289650797843933,3.9211
1142,i10.bmp,i10_13_3.bmp,0.565192699432373,3.4211
1143,i10.bmp,i10_13_4.bmp,0.5113294124603271,2.6842
1144,i10.bmp,i10_13_5.bmp,0.49665340781211853,2.8974
1145,i10.bmp,i10_14_1.bmp,0.9450504183769226,5.8205
1146,i10.bmp,i10_14_2.bmp,0.9796668887138367,6.1539
1147,i10.bmp,i10_14_3.bmp,0.944351077079773,5.5526
1148,i10.bmp,i10_14_4.bmp,0.8496549129486084,4.2703
1149,i10.bmp,i10_14_5.bmp,0.8253281116485596,3.8421
1150,i10.bmp,i10_15_1.bmp,0.8167654871940613,3.0789
1151,i10.bmp,i10_15_2.bmp,0.8622615337371826,3.2308
1152,i10.bmp,i10_15_3.bmp,0.8849689364433289,3.6154
1153,i10.bmp,i10_15_4.bmp,0.9170552492141724,3.3684
1154,i10.bmp,i10_15_5.bmp,0.9369033575057983,4.1795
1155,i10.bmp,i10_16_1.bmp,0.9882081747055054,6.1282
1156,i10.bmp,i10_16_2.bmp,0.9786533117294312,6.1026
1157,i10.bmp,i10_16_3.bmp,0.9499143958091736,6.0256
1158,i10.bmp,i10_16_4.bmp,0.9321520328521729,5.5789
1159,i10.bmp,i10_16_5.bmp,0.8883964419364929,5.1282
1160,i10.bmp,i10_17_1.bmp,0.9674436450004578,5.7105
1161,i10.bmp,i10_17_2.bmp,0.9233033657073975,6.5897
1162,i10.bmp,i10_17_3.bmp,0.9181467890739441,4.5676
1163,i10.bmp,i10_17_4.bmp,0.8637968897819519,6.5641
1164,i10.bmp,i10_17_5.bmp,0.8792246580123901,3.6923
1165,i10.bmp,i10_18_1.bmp,0.9090839624404907,4.5128
1166,i10.bmp,i10_18_2.bmp,0.845986008644104,4.0769
1167,i10.bmp,i10_18_3.bmp,0.7369999289512634,3.8205
1168,i10.bmp,i10_18_4.bmp,0.7192096710205078,3.6316
1169,i10.bmp,i10_18_5.bmp,0.6999521255493164,3.3158
1170,i10.bmp,i10_19_1.bmp,0.8427766561508179,5.5789
1171,i10.bmp,i10_19_2.bmp,0.8020691275596619,5.4211
1172,i10.bmp,i10_19_3.bmp,0.7261609435081482,4.6757
1173,i10.bmp,i10_19_4.bmp,0.6867525577545166,4.2162
1174,i10.bmp,i10_19_5.bmp,0.6074086427688599,3.8718
1175,i10.bmp,i10_20_1.bmp,0.8801651000976562,5.8461
1176,i10.bmp,i10_20_2.bmp,0.773531436920166,5.3846
1177,i10.bmp,i10_20_3.bmp,0.6598910689353943,4.4359
1178,i10.bmp,i10_20_4.bmp,0.5752459764480591,3.5789
1179,i10.bmp,i10_20_5.bmp,0.5545257925987244,2.8649
1180,i10.bmp,i10_21_1.bmp,0.7282828092575073,5.5
1181,i10.bmp,i10_21_2.bmp,0.6524989604949951,5.1795
1182,i10.bmp,i10_21_3.bmp,0.6053175330162048,4.2564
1183,i10.bmp,i10_21_4.bmp,0.5428165793418884,3.7692
1184,i10.bmp,i10_21_5.bmp,0.4625876545906067,2.5128
1185,i10.bmp,i10_22_1.bmp,0.8153573870658875,5.9737
1186,i10.bmp,i10_22_2.bmp,0.7754373550415039,4.8718
1187,i10.bmp,i10_22_3.bmp,0.7217012643814087,4.4865
1188,i10.bmp,i10_22_4.bmp,0.6562215089797974,4.0278
1189,i10.bmp,i10_22_5.bmp,0.5950440168380737,3.2564
1190,i10.bmp,i10_23_1.bmp,0.850173830986023,6.1539
1191,i10.bmp,i10_23_2.bmp,0.7288225889205933,5.9487
1192,i10.bmp,i10_23_3.bmp,0.6011952757835388,4.5526
1193,i10.bmp,i10_23_4.bmp,0.4716939330101013,2.6053
1194,i10.bmp,i10_23_5.bmp,0.3850667178630829,1.4474
1195,i10.bmp,i10_24_1.bmp,0.7819851636886597,5.4615
1196,i10.bmp,i10_24_2.bmp,0.6957299113273621,4.7895
1197,i10.bmp,i10_24_3.bmp,0.5662496089935303,3.5128
1198,i10.bmp,i10_24_4.bmp,0.4229171872138977,1.8649
1199,i10.bmp,i10_24_5.bmp,0.38726556301116943,0.36842
1200,i11.bmp,i11_01_1.bmp,0.8531755805015564,5.5405
1201,i11.bmp,i11_01_2.bmp,0.8133065104484558,5.1622
1202,i11.bmp,i11_01_3.bmp,0.7691795825958252,5.3514
1203,i11.bmp,i11_01_4.bmp,0.720120906829834,4.2857
1204,i11.bmp,i11_01_5.bmp,0.661632776260376,3.8611
1205,i11.bmp,i11_02_1.bmp,0.8596545457839966,5.5556
1206,i11.bmp,i11_02_2.bmp,0.8225619792938232,5.8857
1207,i11.bmp,i11_02_3.bmp,0.7757806777954102,5.4444
1208,i11.bmp,i11_02_4.bmp,0.733723521232605,5.1944
1209,i11.bmp,i11_02_5.bmp,0.6870044469833374,4.75
1210,i11.bmp,i11_03_1.bmp,0.7556765079498291,5.0
1211,i11.bmp,i11_03_2.bmp,0.6909795999526978,4.4324
1212,i11.bmp,i11_03_3.bmp,0.6170175671577454,3.8286
1213,i11.bmp,i11_03_4.bmp,0.5542705059051514,3.2703
1214,i11.bmp,i11_03_5.bmp,0.49423882365226746,2.9167
1215,i11.bmp,i11_04_1.bmp,0.967666745185852,5.4706
1216,i11.bmp,i11_04_2.bmp,0.9471539258956909,5.6216
1217,i11.bmp,i11_04_3.bmp,0.9126028418540955,5.2857
1218,i11.bmp,i11_04_4.bmp,0.8636921644210815,5.1944
1219,i11.bmp,i11_04_5.bmp,0.8030332922935486,4.6757
1220,i11.bmp,i11_05_1.bmp,0.9039324522018433,6.027
1221,i11.bmp,i11_05_2.bmp,0.8660265207290649,5.8056
1222,i11.bmp,i11_05_3.bmp,0.7931916117668152,5.2973
1223,i11.bmp,i11_05_4.bmp,0.7116819620132446,4.1944
1224,i11.bmp,i11_05_5.bmp,0.6002545356750488,3.0556
1225,i11.bmp,i11_06_1.bmp,0.8626517057418823,4.6944
1226,i11.bmp,i11_06_2.bmp,0.7935112714767456,4.3889
1227,i11.bmp,i11_06_3.bmp,0.7534641623497009,3.973
1228,i11.bmp,i11_06_4.bmp,0.68512362241745,3.5405
1229,i11.bmp,i11_06_5.bmp,0.6095401048660278,3.0286
1230,i11.bmp,i11_07_1.bmp,0.8533484935760498,5.5676
1231,i11.bmp,i11_07_2.bmp,0.7552697062492371,4.8
1232,i11.bmp,i11_07_3.bmp,0.6839356422424316,4.5278
1233,i11.bmp,i11_07_4.bmp,0.6186035871505737,3.9412
1234,i11.bmp,i11_07_5.bmp,0.5772478580474854,2.7568
1235,i11.bmp,i11_08_1.bmp,0.930978536605835,4.9429
1236,i11.bmp,i11_08_2.bmp,0.8798419237136841,4.5714
1237,i11.bmp,i11_08_3.bmp,0.8022601008415222,3.7568
1238,i11.bmp,i11_08_4.bmp,0.659942090511322,2.8571
1239,i11.bmp,i11_08_5.bmp,0.5032622218132019,2.3333
1240,i11.bmp,i11_09_1.bmp,0.7853522300720215,5.8108
1241,i11.bmp,i11_09_2.bmp,0.7369956374168396,5.8649
1242,i11.bmp,i11_09_3.bmp,0.653181254863739,4.6667
1243,i11.bmp,i11_09_4.bmp,0.5359159708023071,3.3333
1244,i11.bmp,i11_09_5.bmp,0.4289209246635437,1.9722
1245,i11.bmp,i11_10_1.bmp,0.8703362941741943,5.8108
1246,i11.bmp,i11_10_2.bmp,0.8235205411911011,5.6486
1247,i11.bmp,i11_10_3.bmp,0.7339657545089722,5.0278
1248,i11.bmp,i11_10_4.bmp,0.5793249011039734,3.4865
1249,i11.bmp,i11_10_5.bmp,0.44695794582366943,2.2703
1250,i11.bmp,i11_11_1.bmp,0.8381445407867432,5.8611
1251,i11.bmp,i11_11_2.bmp,0.8027821779251099,5.4286
1252,i11.bmp,i11_11_3.bmp,0.7044407725334167,4.4722
1253,i11.bmp,i11_11_4.bmp,0.5137498378753662,2.9143
1254,i11.bmp,i11_11_5.bmp,0.39916086196899414,0.97222
1255,i11.bmp,i11_12_1.bmp,0.94148850440979,5.6111
1256,i11.bmp,i11_12_2.bmp,0.9540826678276062,5.9722
1257,i11.bmp,i11_12_3.bmp,0.8165640234947205,4.6216
1258,i11.bmp,i11_12_4.bmp,0.7482835650444031,3.7778
1259,i11.bmp,i11_12_5.bmp,0.5628960728645325,2.0278
1260,i11.bmp,i11_13_1.bmp,0.7628428936004639,4.0833
1261,i11.bmp,i11_13_2.bmp,0.7597669363021851,4.5405
1262,i11.bmp,i11_13_3.bmp,0.6050963401794434,3.25
1263,i11.bmp,i11_13_4.bmp,0.5546886920928955,2.75
1264,i11.bmp,i11_13_5.bmp,0.5199164152145386,2.2778
1265,i11.bmp,i11_14_1.bmp,0.9699509143829346,5.8333
1266,i11.bmp,i11_14_2.bmp,0.9684586524963379,5.4571
1267,i11.bmp,i11_14_3.bmp,0.9086356163024902,5.2973
1268,i11.bmp,i11_14_4.bmp,0.8761372566223145,5.1667
1269,i11.bmp,i11_14_5.bmp,0.8315024375915527,4.3889
1270,i11.bmp,i11_15_1.bmp,0.8497456908226013,3.1892
1271,i11.bmp,i11_15_2.bmp,0.8555746078491211,3.3889
1272,i11.bmp,i11_15_3.bmp,0.8852680921554565,3.5
1273,i11.bmp,i11_15_4.bmp,0.9058666229248047,3.6757
1274,i11.bmp,i11_15_5.bmp,0.934121310710907,3.5
1275,i11.bmp,i11_16_1.bmp,0.9789849519729614,6.1081
1276,i11.bmp,i11_16_2.bmp,0.9733476638793945,5.9189
1277,i11.bmp,i11_16_3.bmp,0.9049724340438843,5.6944
1278,i11.bmp,i11_16_4.bmp,0.9318894147872925,4.9459
1279,i11.bmp,i11_16_5.bmp,0.7952947616577148,4.5676
1280,i11.bmp,i11_17_1.bmp,0.9716746807098389,5.5946
1281,i11.bmp,i11_17_2.bmp,0.9358856678009033,6.75
1282,i11.bmp,i11_17_3.bmp,0.9383028745651245,4.3429
1283,i11.bmp,i11_17_4.bmp,0.8708552122116089,6.8378
1284,i11.bmp,i11_17_5.bmp,0.8812381625175476,3.2162
1285,i11.bmp,i11_18_1.bmp,0.939217746257782,4.5556
1286,i11.bmp,i11_18_2.bmp,0.9082607626914978,4.2703
1287,i11.bmp,i11_18_3.bmp,0.8399607539176941,3.5833
1288,i11.bmp,i11_18_4.bmp,0.6798083186149597,3.4412
1289,i11.bmp,i11_18_5.bmp,0.6694831848144531,3.5135
1290,i11.bmp,i11_19_1.bmp,0.8863951563835144,5.6486
1291,i11.bmp,i11_19_2.bmp,0.8332313895225525,5.1111
1292,i11.bmp,i11_19_3.bmp,0.7830983400344849,4.6486
1293,i11.bmp,i11_19_4.bmp,0.7226421236991882,3.9714
1294,i11.bmp,i11_19_5.bmp,0.6609565019607544,3.6216
1295,i11.bmp,i11_20_1.bmp,0.9283288717269897,6.0286
1296,i11.bmp,i11_20_2.bmp,0.8911410570144653,5.5946
1297,i11.bmp,i11_20_3.bmp,0.840093731880188,5.3514
1298,i11.bmp,i11_20_4.bmp,0.7494949102401733,4.8889
1299,i11.bmp,i11_20_5.bmp,0.6223377585411072,3.6389
1300,i11.bmp,i11_21_1.bmp,0.8545094728469849,5.7027
1301,i11.bmp,i11_21_2.bmp,0.8008280992507935,5.4167
1302,i11.bmp,i11_21_3.bmp,0.7305833697319031,4.4054
1303,i11.bmp,i11_21_4.bmp,0.6190361976623535,3.8611
1304,i11.bmp,i11_21_5.bmp,0.5045981407165527,2.6486
1305,i11.bmp,i11_22_1.bmp,0.8981351852416992,5.5676
1306,i11.bmp,i11_22_2.bmp,0.8495715856552124,5.4054
1307,i11.bmp,i11_22_3.bmp,0.7658319473266602,4.8919
1308,i11.bmp,i11_22_4.bmp,0.6564120650291443,3.6486
1309,i11.bmp,i11_22_5.bmp,0.5591675043106079,2.5278
1310,i11.bmp,i11_23_1.bmp,0.8631542921066284,5.8649
1311,i11.bmp,i11_23_2.bmp,0.7626239657402039,5.8378
1312,i11.bmp,i11_23_3.bmp,0.6994761228561401,5.9459
1313,i11.bmp,i11_23_4.bmp,0.613720178604126,5.2703
1314,i11.bmp,i11_23_5.bmp,0.4744667708873749,2.7568
1315,i11.bmp,i11_24_1.bmp,0.8708539009094238,5.9189
1316,i11.bmp,i11_24_2.bmp,0.8017500638961792,5.4722
1317,i11.bmp,i11_24_3.bmp,0.6892282366752625,4.6286
1318,i11.bmp,i11_24_4.bmp,0.5203009843826294,2.8857
1319,i11.bmp,i11_24_5.bmp,0.40594273805618286,0.58333
1320,i12.bmp,i12_01_1.bmp,0.8514213562011719,5.9459
1321,i12.bmp,i12_01_2.bmp,0.8047183752059937,4.9722
1322,i12.bmp,i12_01_3.bmp,0.7583756446838379,4.7895
1323,i12.bmp,i12_01_4.bmp,0.6869492530822754,4.1389
1324,i12.bmp,i12_01_5.bmp,0.647475004196167,3.7632
1325,i12.bmp,i12_02_1.bmp,0.8684155344963074,6.0811
1326,i12.bmp,i12_02_2.bmp,0.8211281299591064,5.973
1327,i12.bmp,i12_02_3.bmp,0.7732729911804199,5.5263
1328,i12.bmp,i12_02_4.bmp,0.7201659083366394,5.0526
1329,i12.bmp,i12_02_5.bmp,0.6635022163391113,4.5405
1330,i12.bmp,i12_03_1.bmp,0.7311506271362305,4.5676
1331,i12.bmp,i12_03_2.bmp,0.6754218935966492,4.1622
1332,i12.bmp,i12_03_3.bmp,0.6013064384460449,3.7568
1333,i12.bmp,i12_03_4.bmp,0.5507767200469971,3.1053
1334,i12.bmp,i12_03_5.bmp,0.48668646812438965,2.7105
1335,i12.bmp,i12_04_1.bmp,0.9590383768081665,5.9189
1336,i12.bmp,i12_04_2.bmp,0.9324409365653992,5.5263
1337,i12.bmp,i12_04_3.bmp,0.8944764137268066,5.2105
1338,i12.bmp,i12_04_4.bmp,0.8524057269096375,4.7027
1339,i12.bmp,i12_04_5.bmp,0.796590268611908,3.7838
1340,i12.bmp,i12_05_1.bmp,0.8996176719665527,5.6486
1341,i12.bmp,i12_05_2.bmp,0.8551192283630371,5.8108
1342,i12.bmp,i12_05_3.bmp,0.7825314402580261,5.2105
1343,i12.bmp,i12_05_4.bmp,0.6959271430969238,4.3514
1344,i12.bmp,i12_05_5.bmp,0.6038556694984436,3.6579
1345,i12.bmp,i12_06_1.bmp,0.8453426361083984,5.0811
1346,i12.bmp,i12_06_2.bmp,0.7525768280029297,4.8158
1347,i12.bmp,i12_06_3.bmp,0.6930009722709656,4.4595
1348,i12.bmp,i12_06_4.bmp,0.6462821960449219,4.0811
1349,i12.bmp,i12_06_5.bmp,0.5929031372070312,3.75
1350,i12.bmp,i12_07_1.bmp,0.8299921751022339,4.6944
1351,i12.bmp,i12_07_2.bmp,0.7566205263137817,4.3947
1352,i12.bmp,i12_07_3.bmp,0.6993393898010254,4.1842
1353,i12.bmp,i12_07_4.bmp,0.6484031081199646,3.1892
1354,i12.bmp,i12_07_5.bmp,0.5870064496994019,3.0278
1355,i12.bmp,i12_08_1.bmp,0.9519097805023193,6.1842
1356,i12.bmp,i12_08_2.bmp,0.9067499041557312,5.4737
1357,i12.bmp,i12_08_3.bmp,0.8299437761306763,4.5263
1358,i12.bmp,i12_08_4.bmp,0.6985231637954712,3.6053
1359,i12.bmp,i12_08_5.bmp,0.5385567545890808,2.7778
1360,i12.bmp,i12_09_1.bmp,0.8114408850669861,6.3158
1361,i12.bmp,i12_09_2.bmp,0.7624591588973999,5.5278
1362,i12.bmp,i12_09_3.bmp,0.6753990054130554,4.7368
1363,i12.bmp,i12_09_4.bmp,0.5358673930168152,3.4324
1364,i12.bmp,i12_09_5.bmp,0.4428130090236664,2.2571
1365,i12.bmp,i12_10_1.bmp,0.8700715899467468,6.0811
1366,i12.bmp,i12_10_2.bmp,0.819007396697998,5.8947
1367,i12.bmp,i12_10_3.bmp,0.7108141779899597,5.1053
1368,i12.bmp,i12_10_4.bmp,0.5491690635681152,3.1053
1369,i12.bmp,i12_10_5.bmp,0.4423728585243225,2.2368
1370,i12.bmp,i12_11_1.bmp,0.7976597547531128,5.4054
1371,i12.bmp,i12_11_2.bmp,0.6692363619804382,4.6757
1372,i12.bmp,i12_11_3.bmp,0.4991144835948944,2.7778
1373,i12.bmp,i12_11_4.bmp,0.41431400179862976,1.9474
1374,i12.bmp,i12_11_5.bmp,0.3825051486492157,0.81579
1375,i12.bmp,i12_12_1.bmp,0.8424999117851257,5.5
1376,i12.bmp,i12_12_2.bmp,0.7439562082290649,5.0526
1377,i12.bmp,i12_12_3.bmp,0.704376220703125,3.6486
1378,i12.bmp,i12_12_4.bmp,0.6050600409507751,3.0789
1379,i12.bmp,i12_12_5.bmp,0.5940266251564026,3.0811
1380,i12.bmp,i12_13_1.bmp,0.8938220739364624,5.3784
1381,i12.bmp,i12_13_2.bmp,0.8202604651451111,4.5676
1382,i12.bmp,i12_13_3.bmp,0.6531982421875,3.2368
1383,i12.bmp,i12_13_4.bmp,0.5932072997093201,2.8333
1384,i12.bmp,i12_13_5.bmp,0.7980351448059082,4.0
1385,i12.bmp,i12_14_1.bmp,0.9395253658294678,5.5526
1386,i12.bmp,i12_14_2.bmp,0.9806398153305054,6.1579
1387,i12.bmp,i12_14_3.bmp,0.9431914687156677,4.5405
1388,i12.bmp,i12_14_4.bmp,0.9018203616142273,4.4737
1389,i12.bmp,i12_14_5.bmp,0.8625502586364746,3.5676
1390,i12.bmp,i12_15_1.bmp,0.8002899885177612,3.5
1391,i12.bmp,i12_15_2.bmp,0.8304890394210815,3.5143
1392,i12.bmp,i12_15_3.bmp,0.8588660955429077,3.6579
1393,i12.bmp,i12_15_4.bmp,0.8785900473594666,4.0789
1394,i12.bmp,i12_15_5.bmp,0.9561907649040222,4.5429
1395,i12.bmp,i12_16_1.bmp,0.9947726130485535,6.5263
1396,i12.bmp,i12_16_2.bmp,0.9871995449066162,6.2973
1397,i12.bmp,i12_16_3.bmp,0.9783898591995239,6.0526
1398,i12.bmp,i12_16_4.bmp,0.9460577964782715,6.1111
1399,i12.bmp,i12_16_5.bmp,0.9368443489074707,5.6757
1400,i12.bmp,i12_17_1.bmp,0.9872268438339233,6.2632
1401,i12.bmp,i12_17_2.bmp,0.9674691557884216,6.8158
1402,i12.bmp,i12_17_3.bmp,0.9686939120292664,4.8108
1403,i12.bmp,i12_17_4.bmp,0.9128128886222839,6.2632
1404,i12.bmp,i12_17_5.bmp,0.9200015068054199,4.0263
1405,i12.bmp,i12_18_1.bmp,0.9628262519836426,5.6486
1406,i12.bmp,i12_18_2.bmp,0.9426681995391846,5.3514
1407,i12.bmp,i12_18_3.bmp,0.9146048426628113,5.0
1408,i12.bmp,i12_18_4.bmp,0.8437774181365967,4.4865
1409,i12.bmp,i12_18_5.bmp,0.6767421960830688,4.2973
1410,i12.bmp,i12_19_1.bmp,0.8667097091674805,5.7297
1411,i12.bmp,i12_19_2.bmp,0.8241461515426636,5.5135
1412,i12.bmp,i12_19_3.bmp,0.7767364978790283,5.2973
1413,i12.bmp,i12_19_4.bmp,0.7101950645446777,4.7105
1414,i12.bmp,i12_19_5.bmp,0.6583627462387085,4.0263
1415,i12.bmp,i12_20_1.bmp,0.9098232984542847,5.5833
1416,i12.bmp,i12_20_2.bmp,0.8341166377067566,5.2778
1417,i12.bmp,i12_20_3.bmp,0.7477678656578064,4.4324
1418,i12.bmp,i12_20_4.bmp,0.6418327689170837,3.6053
1419,i12.bmp,i12_20_5.bmp,0.5633214712142944,2.8056
1420,i12.bmp,i12_21_1.bmp,0.8315970301628113,5.1579
1421,i12.bmp,i12_21_2.bmp,0.7474826574325562,4.9459
1422,i12.bmp,i12_21_3.bmp,0.6588393449783325,4.0263
1423,i12.bmp,i12_21_4.bmp,0.545299768447876,3.0278
1424,i12.bmp,i12_21_5.bmp,0.4199817180633545,2.0
1425,i12.bmp,i12_22_1.bmp,0.8907663226127625,5.25
1426,i12.bmp,i12_22_2.bmp,0.8509042263031006,5.1316
1427,i12.bmp,i12_22_3.bmp,0.754819393157959,4.5676
1428,i12.bmp,i12_22_4.bmp,0.6054505109786987,3.5
1429,i12.bmp,i12_22_5.bmp,0.5209617018699646,2.6216
1430,i12.bmp,i12_23_1.bmp,0.8626305460929871,6.0541
1431,i12.bmp,i12_23_2.bmp,0.7280701398849487,6.1842
1432,i12.bmp,i12_23_3.bmp,0.6247299909591675,4.8947
1433,i12.bmp,i12_23_4.bmp,0.49755263328552246,3.1892
1434,i12.bmp,i12_23_5.bmp,0.4016856551170349,2.2105
1435,i12.bmp,i12_24_1.bmp,0.807377815246582,5.8649
1436,i12.bmp,i12_24_2.bmp,0.684665858745575,4.3784
1437,i12.bmp,i12_24_3.bmp,0.523627758026123,3.0789
1438,i12.bmp,i12_24_4.bmp,0.4248923659324646,1.9737
1439,i12.bmp,i12_24_5.bmp,0.3945227265357971,0.40541
1440,i13.bmp,i13_01_1.bmp,0.9182238578796387,5.5349
1441,i13.bmp,i13_01_2.bmp,0.8706962466239929,5.425
1442,i13.bmp,i13_01_3.bmp,0.8170716762542725,5.0698
1443,i13.bmp,i13_01_4.bmp,0.7576805949211121,4.7907
1444,i13.bmp,i13_01_5.bmp,0.7048931121826172,4.0238
1445,i13.bmp,i13_02_1.bmp,0.9074891805648804,5.3095
1446,i13.bmp,i13_02_2.bmp,0.8624011874198914,5.5366
1447,i13.bmp,i13_02_3.bmp,0.8118609189987183,5.6279
1448,i13.bmp,i13_02_4.bmp,0.7558814883232117,5.4048
1449,i13.bmp,i13_02_5.bmp,0.7006160616874695,4.6667
1450,i13.bmp,i13_03_1.bmp,0.7886128425598145,5.1429
1451,i13.bmp,i13_03_2.bmp,0.7264506816864014,5.0714
1452,i13.bmp,i13_03_3.bmp,0.6629883646965027,4.1667
1453,i13.bmp,i13_03_4.bmp,0.6000028252601624,3.6667
1454,i13.bmp,i13_03_5.bmp,0.5458135604858398,2.7619
1455,i13.bmp,i13_04_1.bmp,0.9880523681640625,5.7317
1456,i13.bmp,i13_04_2.bmp,0.9786945581436157,5.475
1457,i13.bmp,i13_04_3.bmp,0.9633738398551941,5.5581
1458,i13.bmp,i13_04_4.bmp,0.9365113973617554,5.439
1459,i13.bmp,i13_04_5.bmp,0.8860587477684021,4.9286
1460,i13.bmp,i13_05_1.bmp,0.963531494140625,5.3571
1461,i13.bmp,i13_05_2.bmp,0.936388373374939,5.0476
1462,i13.bmp,i13_05_3.bmp,0.8599316477775574,5.5116
1463,i13.bmp,i13_05_4.bmp,0.7698175311088562,4.1667
1464,i13.bmp,i13_05_5.bmp,0.6548871397972107,3.0952
1465,i13.bmp,i13_06_1.bmp,0.9057060480117798,4.55
1466,i13.bmp,i13_06_2.bmp,0.8367425203323364,4.2558
1467,i13.bmp,i13_06_3.bmp,0.7925390005111694,3.6667
1468,i13.bmp,i13_06_4.bmp,0.7393214702606201,3.4419
1469,i13.bmp,i13_06_5.bmp,0.6655979156494141,3.0952
1470,i13.bmp,i13_07_1.bmp,0.9191495776176453,5.725
1471,i13.bmp,i13_07_2.bmp,0.8877085447311401,5.3171
1472,i13.bmp,i13_07_3.bmp,0.8180090188980103,4.6429
1473,i13.bmp,i13_07_4.bmp,0.7033145427703857,3.4146
1474,i13.bmp,i13_07_5.bmp,0.5906356573104858,2.8293
1475,i13.bmp,i13_08_1.bmp,0.923839271068573,4.8095
1476,i13.bmp,i13_08_2.bmp,0.8608927726745605,3.9524
1477,i13.bmp,i13_08_3.bmp,0.7712631225585938,3.122
1478,i13.bmp,i13_08_4.bmp,0.6363976001739502,2.5814
1479,i13.bmp,i13_08_5.bmp,0.5006864666938782,1.7381
1480,i13.bmp,i13_09_1.bmp,0.8674332499504089,5.0732
1481,i13.bmp,i13_09_2.bmp,0.7770711779594421,4.7674
1482,i13.bmp,i13_09_3.bmp,0.6436358690261841,3.186
1483,i13.bmp,i13_09_4.bmp,0.4925423562526703,2.1667
1484,i13.bmp,i13_09_5.bmp,0.40338319540023804,0.4878
1485,i13.bmp,i13_10_1.bmp,0.8872755765914917,5.4884
1486,i13.bmp,i13_10_2.bmp,0.8287347555160522,5.4651
1487,i13.bmp,i13_10_3.bmp,0.7196833491325378,4.475
1488,i13.bmp,i13_10_4.bmp,0.5700368881225586,3.2558
1489,i13.bmp,i13_10_5.bmp,0.47489190101623535,1.1628
1490,i13.bmp,i13_11_1.bmp,0.925848126411438,5.3256
1491,i13.bmp,i13_11_2.bmp,0.8939914703369141,5.3256
1492,i13.bmp,i13_11_3.bmp,0.8275989890098572,4.6905
1493,i13.bmp,i13_11_4.bmp,0.7083349227905273,4.3488
1494,i13.bmp,i13_11_5.bmp,0.521398663520813,2.3809
1495,i13.bmp,i13_12_1.bmp,0.9706503748893738,5.2326
1496,i13.bmp,i13_12_2.bmp,0.9635059237480164,5.4419
1497,i13.bmp,i13_12_3.bmp,0.8872861266136169,5.1163
1498,i13.bmp,i13_12_4.bmp,0.8849760890007019,5.2619
1499,i13.bmp,i13_12_5.bmp,0.8352361917495728,5.0476
1500,i13.bmp,i13_13_1.bmp,0.9626545906066895,5.4186
1501,i13.bmp,i13_13_2.bmp,0.9431440234184265,4.9286
1502,i13.bmp,i13_13_3.bmp,0.835235059261322,4.7907
1503,i13.bmp,i13_13_4.bmp,0.7839600443840027,3.6341
1504,i13.bmp,i13_13_5.bmp,0.6516339182853699,2.4048
1505,i13.bmp,i13_14_1.bmp,0.9874924421310425,5.6429
1506,i13.bmp,i13_14_2.bmp,0.9751569628715515,5.4048
1507,i13.bmp,i13_14_3.bmp,0.9216625094413757,5.7381
1508,i13.bmp,i13_14_4.bmp,0.9161595702171326,5.0233
1509,i13.bmp,i13_14_5.bmp,0.8557651042938232,3.9762
1510,i13.bmp,i13_15_1.bmp,0.8573090434074402,2.7317
1511,i13.bmp,i13_15_2.bmp,0.8427737951278687,2.878
1512,i13.bmp,i13_15_3.bmp,0.8862084150314331,3.0476
1513,i13.bmp,i13_15_4.bmp,0.9035841822624207,3.5714
1514,i13.bmp,i13_15_5.bmp,0.9534947276115417,3.7073
1515,i13.bmp,i13_16_1.bmp,0.988558292388916,5.6047
1516,i13.bmp,i13_16_2.bmp,0.9774190783500671,5.2791
1517,i13.bmp,i13_16_3.bmp,0.9451452493667603,5.439
1518,i13.bmp,i13_16_4.bmp,0.9392055869102478,4.2927
1519,i13.bmp,i13_16_5.bmp,0.8692063093185425,4.4419
1520,i13.bmp,i13_17_1.bmp,0.9761857986450195,4.4884
1521,i13.bmp,i13_17_2.bmp,0.9604932069778442,6.6279
1522,i13.bmp,i13_17_3.bmp,0.9392937421798706,3.7209
1523,i13.bmp,i13_17_4.bmp,0.9085888862609863,6.4884
1524,i13.bmp,i13_17_5.bmp,0.8873440623283386,2.5854
1525,i13.bmp,i13_18_1.bmp,0.9439153075218201,3.9512
1526,i13.bmp,i13_18_2.bmp,0.9096993207931519,3.7442
1527,i13.bmp,i13_18_3.bmp,0.8590227961540222,3.1429
1528,i13.bmp,i13_18_4.bmp,0.7341706156730652,2.8462
1529,i13.bmp,i13_18_5.bmp,0.6301271915435791,2.7317
1530,i13.bmp,i13_19_1.bmp,0.9155045747756958,5.2439
1531,i13.bmp,i13_19_2.bmp,0.8864861726760864,5.2619
1532,i13.bmp,i13_19_3.bmp,0.8213474154472351,5.3256
1533,i13.bmp,i13_19_4.bmp,0.7627593874931335,4.5122
1534,i13.bmp,i13_19_5.bmp,0.6992565393447876,4.1628
1535,i13.bmp,i13_20_1.bmp,0.9774245023727417,5.6744
1536,i13.bmp,i13_20_2.bmp,0.9621140956878662,5.0952
1537,i13.bmp,i13_20_3.bmp,0.9371985793113708,5.5238
1538,i13.bmp,i13_20_4.bmp,0.8651766777038574,5.2857
1539,i13.bmp,i13_20_5.bmp,0.7644612789154053,5.2326
1540,i13.bmp,i13_21_1.bmp,0.9213323593139648,5.6512
1541,i13.bmp,i13_21_2.bmp,0.8690874576568604,5.5476
1542,i13.bmp,i13_21_3.bmp,0.8090302348136902,5.0952
1543,i13.bmp,i13_21_4.bmp,0.7266194820404053,4.7209
1544,i13.bmp,i13_21_5.bmp,0.6033692359924316,3.4762
1545,i13.bmp,i13_22_1.bmp,0.9416465759277344,5.4286
1546,i13.bmp,i13_22_2.bmp,0.8926162123680115,4.7805
1547,i13.bmp,i13_22_3.bmp,0.7681967616081238,3.9767
1548,i13.bmp,i13_22_4.bmp,0.6606966257095337,2.9302
1549,i13.bmp,i13_22_5.bmp,0.5635441541671753,2.4186
1550,i13.bmp,i13_23_1.bmp,0.9140245318412781,5.6512
1551,i13.bmp,i13_23_2.bmp,0.7952092885971069,5.3953
1552,i13.bmp,i13_23_3.bmp,0.711402416229248,5.45
1553,i13.bmp,i13_23_4.bmp,0.6621541976928711,5.0465
1554,i13.bmp,i13_23_5.bmp,0.5826610922813416,5.2093
1555,i13.bmp,i13_24_1.bmp,0.8744425177574158,5.4419
1556,i13.bmp,i13_24_2.bmp,0.8216581344604492,5.1905
1557,i13.bmp,i13_24_3.bmp,0.7710078954696655,4.3953
1558,i13.bmp,i13_24_4.bmp,0.7025012969970703,3.8605
1559,i13.bmp,i13_24_5.bmp,0.5841552019119263,2.8809
1560,i14.bmp,i14_01_1.bmp,0.9129176139831543,5.8919
1561,i14.bmp,i14_01_2.bmp,0.8745729923248291,5.6944
1562,i14.bmp,i14_01_3.bmp,0.8317470550537109,4.7778
1563,i14.bmp,i14_01_4.bmp,0.7768906354904175,4.3143
1564,i14.bmp,i14_01_5.bmp,0.7255151271820068,3.75
1565,i14.bmp,i14_02_1.bmp,0.9203750491142273,5.973
1566,i14.bmp,i14_02_2.bmp,0.8820103406906128,5.9167
1567,i14.bmp,i14_02_3.bmp,0.840569019317627,5.7714
1568,i14.bmp,i14_02_4.bmp,0.7998141050338745,5.1389
1569,i14.bmp,i14_02_5.bmp,0.7500663995742798,4.5278
1570,i14.bmp,i14_03_1.bmp,0.8271903991699219,5.1944
1571,i14.bmp,i14_03_2.bmp,0.7752537727355957,4.4324
1572,i14.bmp,i14_03_3.bmp,0.7162708044052124,3.7778
1573,i14.bmp,i14_03_4.bmp,0.642224907875061,3.0833
1574,i14.bmp,i14_03_5.bmp,0.5866120457649231,2.5946
1575,i14.bmp,i14_04_1.bmp,0.9844045042991638,6.0286
1576,i14.bmp,i14_04_2.bmp,0.9758636355400085,5.6389
1577,i14.bmp,i14_04_3.bmp,0.9574457406997681,5.5
1578,i14.bmp,i14_04_4.bmp,0.9191309809684753,4.6571
1579,i14.bmp,i14_04_5.bmp,0.8695632815361023,4.0278
1580,i14.bmp,i14_05_1.bmp,0.9468551874160767,6.0541
1581,i14.bmp,i14_05_2.bmp,0.9142707586288452,5.5946
1582,i14.bmp,i14_05_3.bmp,0.849035382270813,4.9722
1583,i14.bmp,i14_05_4.bmp,0.7682729959487915,4.1622
1584,i14.bmp,i14_05_5.bmp,0.6766449809074402,3.027
1585,i14.bmp,i14_06_1.bmp,0.9183145761489868,5.0833
1586,i14.bmp,i14_06_2.bmp,0.8792494535446167,4.3333
1587,i14.bmp,i14_06_3.bmp,0.8290011882781982,4.0278
1588,i14.bmp,i14_06_4.bmp,0.7381258010864258,3.7778
1589,i14.bmp,i14_06_5.bmp,0.6897980570793152,3.1667
1590,i14.bmp,i14_07_1.bmp,0.9075953364372253,5.7222
1591,i14.bmp,i14_07_2.bmp,0.7946330904960632,5.4444
1592,i14.bmp,i14_07_3.bmp,0.790873646736145,4.2778
1593,i14.bmp,i14_07_4.bmp,0.7090574502944946,3.6111
1594,i14.bmp,i14_07_5.bmp,0.6187229156494141,2.9189
1595,i14.bmp,i14_08_1.bmp,0.9490388631820679,5.4324
1596,i14.bmp,i14_08_2.bmp,0.9187811613082886,4.5556
1597,i14.bmp,i14_08_3.bmp,0.8616715669631958,3.4865
1598,i14.bmp,i14_08_4.bmp,0.7413601279258728,2.8378
1599,i14.bmp,i14_08_5.bmp,0.6025716066360474,1.5946
1600,i14.bmp,i14_09_1.bmp,0.8805528879165649,6.0541
1601,i14.bmp,i14_09_2.bmp,0.8348196744918823,5.8919
1602,i14.bmp,i14_09_3.bmp,0.7623387575149536,4.5
1603,i14.bmp,i14_09_4.bmp,0.609146773815155,2.8919
1604,i14.bmp,i14_09_5.bmp,0.5118312239646912,1.75
1605,i14.bmp,i14_10_1.bmp,0.8988515734672546,5.7778
1606,i14.bmp,i14_10_2.bmp,0.8542165160179138,5.1667
1607,i14.bmp,i14_10_3.bmp,0.7745695114135742,4.25
1608,i14.bmp,i14_10_4.bmp,0.6510762572288513,3.0556
1609,i14.bmp,i14_10_5.bmp,0.5353928804397583,1.8611
1610,i14.bmp,i14_11_1.bmp,0.9224781394004822,5.973
1611,i14.bmp,i14_11_2.bmp,0.8690912127494812,5.4722
1612,i14.bmp,i14_11_3.bmp,0.7791706919670105,4.2432
1613,i14.bmp,i14_11_4.bmp,0.6535382270812988,3.0833
1614,i14.bmp,i14_11_5.bmp,0.5237760543823242,1.2857
1615,i14.bmp,i14_12_1.bmp,0.9603819847106934,5.8108
1616,i14.bmp,i14_12_2.bmp,0.9069401621818542,5.6471
1617,i14.bmp,i14_12_3.bmp,0.7753927707672119,4.0571
1618,i14.bmp,i14_12_4.bmp,0.857918918132782,4.1351
1619,i14.bmp,i14_12_5.bmp,0.7756590843200684,3.1892
1620,i14.bmp,i14_13_1.bmp,0.9128715991973877,5.027
1621,i14.bmp,i14_13_2.bmp,0.8828990459442139,4.5278
1622,i14.bmp,i14_13_3.bmp,0.8054949641227722,3.6216
1623,i14.bmp,i14_13_4.bmp,0.6919255256652832,3.0833
1624,i14.bmp,i14_13_5.bmp,0.5857027769088745,1.9167
1625,i14.bmp,i14_14_1.bmp,0.9797401428222656,6.0541
1626,i14.bmp,i14_14_2.bmp,0.9809732437133789,5.7027
1627,i14.bmp,i14_14_3.bmp,0.9524006843566895,4.6944
1628,i14.bmp,i14_14_4.bmp,0.9006242752075195,4.1667
1629,i14.bmp,i14_14_5.bmp,0.8523553609848022,3.3714
1630,i14.bmp,i14_15_1.bmp,0.9003323316574097,2.9459
1631,i14.bmp,i14_15_2.bmp,0.9107310175895691,3.3514
1632,i14.bmp,i14_15_3.bmp,0.9236211776733398,3.5294
1633,i14.bmp,i14_15_4.bmp,0.9497725963592529,3.6216
1634,i14.bmp,i14_15_5.bmp,0.9722050428390503,3.973
1635,i14.bmp,i14_16_1.bmp,0.9847747683525085,5.7714
1636,i14.bmp,i14_16_2.bmp,0.9797672629356384,5.973
1637,i14.bmp,i14_16_3.bmp,0.9492596983909607,5.3056
1638,i14.bmp,i14_16_4.bmp,0.9487249255180359,5.1714
1639,i14.bmp,i14_16_5.bmp,0.8884903192520142,4.0286
1640,i14.bmp,i14_17_1.bmp,0.9794279336929321,5.4054
1641,i14.bmp,i14_17_2.bmp,0.9567009806632996,6.4324
1642,i14.bmp,i14_17_3.bmp,0.9458332061767578,4.1389
1643,i14.bmp,i14_17_4.bmp,0.9153726100921631,5.9189
1644,i14.bmp,i14_17_5.bmp,0.9055372476577759,3.2432
1645,i14.bmp,i14_18_1.bmp,0.9756784439086914,5.3714
1646,i14.bmp,i14_18_2.bmp,0.9679232835769653,5.1389
1647,i14.bmp,i14_18_3.bmp,0.9550115466117859,4.6667
1648,i14.bmp,i14_18_4.bmp,0.9384235739707947,4.1471
1649,i14.bmp,i14_18_5.bmp,0.9072904586791992,3.75
1650,i14.bmp,i14_19_1.bmp,0.9124419689178467,5.3714
1651,i14.bmp,i14_19_2.bmp,0.8726617693901062,5.1111
1652,i14.bmp,i14_19_3.bmp,0.8313435912132263,4.9722
1653,i14.bmp,i14_19_4.bmp,0.7771217226982117,3.9143
1654,i14.bmp,i14_19_5.bmp,0.7243837118148804,3.2286
1655,i14.bmp,i14_20_1.bmp,0.9644193649291992,5.7222
1656,i14.bmp,i14_20_2.bmp,0.9362878799438477,5.5946
1657,i14.bmp,i14_20_3.bmp,0.8880154490470886,5.4167
1658,i14.bmp,i14_20_4.bmp,0.803458571434021,4.1944
1659,i14.bmp,i14_20_5.bmp,0.6796586513519287,3.2703
1660,i14.bmp,i14_21_1.bmp,0.9136301279067993,5.2973
1661,i14.bmp,i14_21_2.bmp,0.8615553379058838,5.1667
1662,i14.bmp,i14_21_3.bmp,0.7882575392723083,4.5405
1663,i14.bmp,i14_21_4.bmp,0.6672406196594238,3.75
1664,i14.bmp,i14_21_5.bmp,0.5665323138237,2.6486
1665,i14.bmp,i14_22_1.bmp,0.9464127421379089,5.4054
1666,i14.bmp,i14_22_2.bmp,0.9096123576164246,5.3714
1667,i14.bmp,i14_22_3.bmp,0.8650404214859009,5.0556
1668,i14.bmp,i14_22_4.bmp,0.7541977763175964,3.9714
1669,i14.bmp,i14_22_5.bmp,0.6715201139450073,3.2778
1670,i14.bmp,i14_23_1.bmp,0.9286627173423767,6.0278
1671,i14.bmp,i14_23_2.bmp,0.8354467153549194,6.027
1672,i14.bmp,i14_23_3.bmp,0.7541778087615967,5.6111
1673,i14.bmp,i14_23_4.bmp,0.6944682002067566,5.0
1674,i14.bmp,i14_23_5.bmp,0.5605475306510925,2.7778
1675,i14.bmp,i14_24_1.bmp,0.93152916431427,6.1351
1676,i14.bmp,i14_24_2.bmp,0.883840799331665,5.5833
1677,i14.bmp,i14_24_3.bmp,0.7917742729187012,4.4444
1678,i14.bmp,i14_24_4.bmp,0.6647467017173767,3.1892
1679,i14.bmp,i14_24_5.bmp,0.4640291631221771,0.91892
1680,i15.bmp,i15_01_1.bmp,0.8230208158493042,5.8222
1681,i15.bmp,i15_01_2.bmp,0.7773346304893494,5.0682
1682,i15.bmp,i15_01_3.bmp,0.7216428518295288,4.9556
1683,i15.bmp,i15_01_4.bmp,0.6544197797775269,4.2791
1684,i15.bmp,i15_01_5.bmp,0.5949691534042358,3.9111
1685,i15.bmp,i15_02_1.bmp,0.834805965423584,6.0909
1686,i15.bmp,i15_02_2.bmp,0.7901222109794617,5.8182
1687,i15.bmp,i15_02_3.bmp,0.7463334798812866,5.6364
1688,i15.bmp,i15_02_4.bmp,0.6730364561080933,4.8864
1689,i15.bmp,i15_02_5.bmp,0.6174075603485107,4.6364
1690,i15.bmp,i15_03_1.bmp,0.7023599147796631,4.3256
1691,i15.bmp,i15_03_2.bmp,0.6272408962249756,3.814
1692,i15.bmp,i15_03_3.bmp,0.5561559796333313,3.6136
1693,i15.bmp,i15_03_4.bmp,0.5195845365524292,3.1778
1694,i15.bmp,i15_03_5.bmp,0.46644657850265503,2.6279
1695,i15.bmp,i15_04_1.bmp,0.9618873596191406,6.0227
1696,i15.bmp,i15_04_2.bmp,0.9422023296356201,6.0444
1697,i15.bmp,i15_04_3.bmp,0.912272572517395,5.8372
1698,i15.bmp,i15_04_4.bmp,0.8710618019104004,5.7778
1699,i15.bmp,i15_04_5.bmp,0.8240911364555359,4.9773
1700,i15.bmp,i15_05_1.bmp,0.8869084119796753,5.7857
1701,i15.bmp,i15_05_2.bmp,0.8460491895675659,5.6512
1702,i15.bmp,i15_05_3.bmp,0.7654406428337097,5.1136
1703,i15.bmp,i15_05_4.bmp,0.6686394214630127,4.0682
1704,i15.bmp,i15_05_5.bmp,0.5584034323692322,3.3182
1705,i15.bmp,i15_06_1.bmp,0.7129105925559998,4.4318
1706,i15.bmp,i15_06_2.bmp,0.6442383527755737,4.1778
1707,i15.bmp,i15_06_3.bmp,0.6785941123962402,3.9767
1708,i15.bmp,i15_06_4.bmp,0.6395683288574219,3.3636
1709,i15.bmp,i15_06_5.bmp,0.5531792640686035,3.1778
1710,i15.bmp,i15_07_1.bmp,0.7750977277755737,4.814
1711,i15.bmp,i15_07_2.bmp,0.6322827339172363,3.9302
1712,i15.bmp,i15_07_3.bmp,0.6245900988578796,3.6136
1713,i15.bmp,i15_07_4.bmp,0.5596440434455872,2.9111
1714,i15.bmp,i15_07_5.bmp,0.5442051887512207,2.4444
1715,i15.bmp,i15_08_1.bmp,0.9483780860900879,5.9556
1716,i15.bmp,i15_08_2.bmp,0.9079939126968384,6.0667
1717,i15.bmp,i15_08_3.bmp,0.822391152381897,5.1364
1718,i15.bmp,i15_08_4.bmp,0.6796678900718689,3.9318
1719,i15.bmp,i15_08_5.bmp,0.5503965020179749,3.3636
1720,i15.bmp,i15_09_1.bmp,0.7663304209709167,5.9302
1721,i15.bmp,i15_09_2.bmp,0.7161926627159119,5.5454
1722,i15.bmp,i15_09_3.bmp,0.6475498676300049,4.6977
1723,i15.bmp,i15_09_4.bmp,0.5295061469078064,3.7442
1724,i15.bmp,i15_09_5.bmp,0.4584585130214691,2.5
1725,i15.bmp,i15_10_1.bmp,0.8431425094604492,5.7778
1726,i15.bmp,i15_10_2.bmp,0.7732970118522644,5.7046
1727,i15.bmp,i15_10_3.bmp,0.6303820610046387,4.6
1728,i15.bmp,i15_10_4.bmp,0.47848647832870483,3.1778
1729,i15.bmp,i15_10_5.bmp,0.4107867181301117,1.8667
1730,i15.bmp,i15_11_1.bmp,0.7316598892211914,5.8444
1731,i15.bmp,i15_11_2.bmp,0.5808494687080383,4.4
1732,i15.bmp,i15_11_3.bmp,0.4798186719417572,3.0488
1733,i15.bmp,i15_11_4.bmp,0.42350149154663086,2.0
1734,i15.bmp,i15_11_5.bmp,0.39072129130363464,0.65116
1735,i15.bmp,i15_12_1.bmp,0.866144597530365,5.6667
1736,i15.bmp,i15_12_2.bmp,0.8327581286430359,5.4091
1737,i15.bmp,i15_12_3.bmp,0.6984692811965942,4.2222
1738,i15.bmp,i15_12_4.bmp,0.5391425490379333,3.2
1739,i15.bmp,i15_12_5.bmp,0.5025607943534851,2.5682
1740,i15.bmp,i15_13_1.bmp,0.7876962423324585,4.8409
1741,i15.bmp,i15_13_2.bmp,0.6213915944099426,3.7674
1742,i15.bmp,i15_13_3.bmp,0.5841614007949829,3.3488
1743,i15.bmp,i15_13_4.bmp,0.5586312413215637,2.8636
1744,i15.bmp,i15_13_5.bmp,0.4561152458190918,2.1136
1745,i15.bmp,i15_14_1.bmp,0.9490660429000854,5.5909
1746,i15.bmp,i15_14_2.bmp,0.9700229167938232,6.1556
1747,i15.bmp,i15_14_3.bmp,0.9480656385421753,5.9556
1748,i15.bmp,i15_14_4.bmp,0.9171832799911499,5.0238
1749,i15.bmp,i15_14_5.bmp,0.8612178564071655,3.7955
1750,i15.bmp,i15_15_1.bmp,0.8613659739494324,3.8864
1751,i15.bmp,i15_15_2.bmp,0.8670861124992371,4.0227
1752,i15.bmp,i15_15_3.bmp,0.8852205276489258,3.9545
1753,i15.bmp,i15_15_4.bmp,0.8889517188072205,4.1364
1754,i15.bmp,i15_15_5.bmp,0.9200983047485352,4.9546
1755,i15.bmp,i15_16_1.bmp,0.985458254814148,6.2273
1756,i15.bmp,i15_16_2.bmp,0.979892909526825,5.907
1757,i15.bmp,i15_16_3.bmp,0.9224419593811035,5.4222
1758,i15.bmp,i15_16_4.bmp,0.944477915763855,5.3864
1759,i15.bmp,i15_16_5.bmp,0.7949592471122742,4.0233
1760,i15.bmp,i15_17_1.bmp,0.9778708815574646,5.9318
1761,i15.bmp,i15_17_2.bmp,0.9491782188415527,6.6667
1762,i15.bmp,i15_17_3.bmp,0.9504028558731079,5.0
1763,i15.bmp,i15_17_4.bmp,0.8982874751091003,6.3111
1764,i15.bmp,i15_17_5.bmp,0.8972452878952026,3.8222
1765,i15.bmp,i15_18_1.bmp,0.9497341513633728,5.1556
1766,i15.bmp,i15_18_2.bmp,0.928501307964325,4.814
1767,i15.bmp,i15_18_3.bmp,0.8899890780448914,4.3721
1768,i15.bmp,i15_18_4.bmp,0.8132084608078003,4.0909
1769,i15.bmp,i15_18_5.bmp,0.6402735710144043,3.7674
1770,i15.bmp,i15_19_1.bmp,0.8548517227172852,5.9091
1771,i15.bmp,i15_19_2.bmp,0.8297834396362305,5.3333
1772,i15.bmp,i15_19_3.bmp,0.7644894123077393,4.7209
1773,i15.bmp,i15_19_4.bmp,0.713714063167572,4.3721
1774,i15.bmp,i15_19_5.bmp,0.6148989200592041,3.9111
1775,i15.bmp,i15_20_1.bmp,0.8998928070068359,6.3256
1776,i15.bmp,i15_20_2.bmp,0.8339933156967163,5.6444
1777,i15.bmp,i15_20_3.bmp,0.7402107119560242,4.7442
1778,i15.bmp,i15_20_4.bmp,0.578799843788147,3.1333
1779,i15.bmp,i15_20_5.bmp,0.5229120254516602,2.4444
1780,i15.bmp,i15_21_1.bmp,0.796700656414032,5.2273
1781,i15.bmp,i15_21_2.bmp,0.7099835872650146,4.5556
1782,i15.bmp,i15_21_3.bmp,0.613253116607666,3.9111
1783,i15.bmp,i15_21_4.bmp,0.5122449994087219,3.1136
1784,i15.bmp,i15_21_5.bmp,0.4572277069091797,2.3023
1785,i15.bmp,i15_22_1.bmp,0.901216983795166,6.3333
1786,i15.bmp,i15_22_2.bmp,0.8441485166549683,5.8
1787,i15.bmp,i15_22_3.bmp,0.7676970958709717,5.3864
1788,i15.bmp,i15_22_4.bmp,0.6968454122543335,4.4889
1789,i15.bmp,i15_22_5.bmp,0.5975820422172546,3.7111
1790,i15.bmp,i15_23_1.bmp,0.8514966368675232,5.9091
1791,i15.bmp,i15_23_2.bmp,0.7100812196731567,5.9091
1792,i15.bmp,i15_23_3.bmp,0.5805696845054626,5.3636
1793,i15.bmp,i15_23_4.bmp,0.5336862802505493,4.4773
1794,i15.bmp,i15_23_5.bmp,0.47739356756210327,3.3721
1795,i15.bmp,i15_24_1.bmp,0.7918425798416138,5.7727
1796,i15.bmp,i15_24_2.bmp,0.6562216877937317,4.814
1797,i15.bmp,i15_24_3.bmp,0.49699148535728455,3.2273
1798,i15.bmp,i15_24_4.bmp,0.42054495215415955,1.8864
1799,i15.bmp,i15_24_5.bmp,0.406139075756073,0.72727
1800,i16.bmp,i16_01_1.bmp,0.8156206607818604,5.6154
1801,i16.bmp,i16_01_2.bmp,0.7682479619979858,5.65
1802,i16.bmp,i16_01_3.bmp,0.7139279842376709,5.0263
1803,i16.bmp,i16_01_4.bmp,0.6470046639442444,4.1539
1804,i16.bmp,i16_01_5.bmp,0.6009645462036133,3.9487
1805,i16.bmp,i16_02_1.bmp,0.819740891456604,5.9
1806,i16.bmp,i16_02_2.bmp,0.7784641981124878,6.15
1807,i16.bmp,i16_02_3.bmp,0.732571542263031,5.575
1808,i16.bmp,i16_02_4.bmp,0.6814522743225098,5.2
1809,i16.bmp,i16_02_5.bmp,0.6289119720458984,4.6154
1810,i16.bmp,i16_03_1.bmp,0.6930789351463318,4.7436
1811,i16.bmp,i16_03_2.bmp,0.6357084512710571,4.0789
1812,i16.bmp,i16_03_3.bmp,0.5743187665939331,3.6923
1813,i16.bmp,i16_03_4.bmp,0.5155102610588074,3.2368
1814,i16.bmp,i16_03_5.bmp,0.489749014377594,2.7949
1815,i16.bmp,i16_04_1.bmp,0.9498564600944519,5.825
1816,i16.bmp,i16_04_2.bmp,0.9230830073356628,5.8205
1817,i16.bmp,i16_04_3.bmp,0.8754355907440186,5.75
1818,i16.bmp,i16_04_4.bmp,0.8248122930526733,5.1282
1819,i16.bmp,i16_04_5.bmp,0.7498192191123962,4.6154
1820,i16.bmp,i16_05_1.bmp,0.8660206198692322,5.8
1821,i16.bmp,i16_05_2.bmp,0.824000358581543,5.6154
1822,i16.bmp,i16_05_3.bmp,0.742842435836792,5.2308
1823,i16.bmp,i16_05_4.bmp,0.6492159366607666,4.35
1824,i16.bmp,i16_05_5.bmp,0.5377146601676941,3.3947
1825,i16.bmp,i16_06_1.bmp,0.7795356512069702,5.282
1826,i16.bmp,i16_06_2.bmp,0.6809576749801636,4.8205
1827,i16.bmp,i16_06_3.bmp,0.6661072373390198,4.5385
1828,i16.bmp,i16_06_4.bmp,0.6308943629264832,3.9737
1829,i16.bmp,i16_06_5.bmp,0.5734442472457886,3.5897
1830,i16.bmp,i16_07_1.bmp,0.7099431753158569,5.475
1831,i16.bmp,i16_07_2.bmp,0.653266191482544,4.75
1832,i16.bmp,i16_07_3.bmp,0.6421325206756592,4.35
1833,i16.bmp,i16_07_4.bmp,0.5700408816337585,3.6667
1834,i16.bmp,i16_07_5.bmp,0.5344542264938354,3.1026
1835,i16.bmp,i16_08_1.bmp,0.9208182692527771,5.8205
1836,i16.bmp,i16_08_2.bmp,0.8647517561912537,5.225
1837,i16.bmp,i16_08_3.bmp,0.7533876895904541,4.275
1838,i16.bmp,i16_08_4.bmp,0.584476888179779,3.6154
1839,i16.bmp,i16_08_5.bmp,0.4818916320800781,2.925
1840,i16.bmp,i16_09_1.bmp,0.7405720949172974,6.0256
1841,i16.bmp,i16_09_2.bmp,0.6879782676696777,5.7692
1842,i16.bmp,i16_09_3.bmp,0.6202786564826965,4.5897
1843,i16.bmp,i16_09_4.bmp,0.473454087972641,3.1282
1844,i16.bmp,i16_09_5.bmp,0.4074525833129883,2.3421
1845,i16.bmp,i16_10_1.bmp,0.800616443157196,5.9
1846,i16.bmp,i16_10_2.bmp,0.7409061789512634,5.7692
1847,i16.bmp,i16_10_3.bmp,0.6007422208786011,5.2564
1848,i16.bmp,i16_10_4.bmp,0.47652578353881836,3.6154
1849,i16.bmp,i16_10_5.bmp,0.40709516406059265,2.4615
1850,i16.bmp,i16_11_1.bmp,0.6951497793197632,5.875
1851,i16.bmp,i16_11_2.bmp,0.5795296430587769,5.075
1852,i16.bmp,i16_11_3.bmp,0.44411319494247437,2.8974
1853,i16.bmp,i16_11_4.bmp,0.38446980714797974,2.075
1854,i16.bmp,i16_11_5.bmp,0.3726741671562195,0.95
1855,i16.bmp,i16_12_1.bmp,0.7937436103820801,5.875
1856,i16.bmp,i16_12_2.bmp,0.8700084686279297,5.575
1857,i16.bmp,i16_12_3.bmp,0.7582321166992188,4.925
1858,i16.bmp,i16_12_4.bmp,0.6376233696937561,3.282
1859,i16.bmp,i16_12_5.bmp,0.46294546127319336,2.6
1860,i16.bmp,i16_13_1.bmp,0.6958910822868347,4.6
1861,i16.bmp,i16_13_2.bmp,0.6120555996894836,3.8158
1862,i16.bmp,i16_13_3.bmp,0.6159319877624512,4.4615
1863,i16.bmp,i16_13_4.bmp,0.49299609661102295,3.0513
1864,i16.bmp,i16_13_5.bmp,0.5310351848602295,3.625
1865,i16.bmp,i16_14_1.bmp,0.9499849081039429,5.7692
1866,i16.bmp,i16_14_2.bmp,0.9782359004020691,6.1316
1867,i16.bmp,i16_14_3.bmp,0.947613000869751,5.6154
1868,i16.bmp,i16_14_4.bmp,0.8991910815238953,5.5263
1869,i16.bmp,i16_14_5.bmp,0.8245498538017273,4.575
1870,i16.bmp,i16_15_1.bmp,0.7679340839385986,3.4103
1871,i16.bmp,i16_15_2.bmp,0.7805956602096558,3.5385
1872,i16.bmp,i16_15_3.bmp,0.8263496160507202,3.475
1873,i16.bmp,i16_15_4.bmp,0.7983056902885437,3.65
1874,i16.bmp,i16_15_5.bmp,0.8932433128356934,4.0263
1875,i16.bmp,i16_16_1.bmp,0.9915804862976074,5.9231
1876,i16.bmp,i16_16_2.bmp,0.9850060343742371,6.275
1877,i16.bmp,i16_16_3.bmp,0.9634148478507996,5.6842
1878,i16.bmp,i16_16_4.bmp,0.9490623474121094,5.75
1879,i16.bmp,i16_16_5.bmp,0.9133347272872925,4.6154
1880,i16.bmp,i16_17_1.bmp,0.9813737869262695,5.825
1881,i16.bmp,i16_17_2.bmp,0.9608073234558105,7.1
1882,i16.bmp,i16_17_3.bmp,0.9555765390396118,4.75
1883,i16.bmp,i16_17_4.bmp,0.9149314761161804,6.65
1884,i16.bmp,i16_17_5.bmp,0.9054816961288452,3.359
1885,i16.bmp,i16_18_1.bmp,0.9139184951782227,4.6
1886,i16.bmp,i16_18_2.bmp,0.8670117855072021,4.3947
1887,i16.bmp,i16_18_3.bmp,0.749208927154541,4.05
1888,i16.bmp,i16_18_4.bmp,0.6243687868118286,3.9231
1889,i16.bmp,i16_18_5.bmp,0.6297184824943542,3.9474
1890,i16.bmp,i16_19_1.bmp,0.8074020147323608,5.575
1891,i16.bmp,i16_19_2.bmp,0.7629222869873047,5.375
1892,i16.bmp,i16_19_3.bmp,0.7173439860343933,4.6154
1893,i16.bmp,i16_19_4.bmp,0.6549999713897705,4.1539
1894,i16.bmp,i16_19_5.bmp,0.593254029750824,3.6667
1895,i16.bmp,i16_20_1.bmp,0.8553214073181152,6.0769
1896,i16.bmp,i16_20_2.bmp,0.7839527130126953,5.7436
1897,i16.bmp,i16_20_3.bmp,0.663449764251709,5.1842
1898,i16.bmp,i16_20_4.bmp,0.58072829246521,4.125
1899,i16.bmp,i16_20_5.bmp,0.5503489971160889,3.5897
1900,i16.bmp,i16_21_1.bmp,0.7466632127761841,5.825
1901,i16.bmp,i16_21_2.bmp,0.6955830454826355,5.4615
1902,i16.bmp,i16_21_3.bmp,0.5990074872970581,4.2564
1903,i16.bmp,i16_21_4.bmp,0.5405431985855103,3.7692
1904,i16.bmp,i16_21_5.bmp,0.3949778079986572,1.8461
1905,i16.bmp,i16_22_1.bmp,0.7510120868682861,5.6154
1906,i16.bmp,i16_22_2.bmp,0.7190461158752441,5.35
1907,i16.bmp,i16_22_3.bmp,0.6318826079368591,4.9459
1908,i16.bmp,i16_22_4.bmp,0.5427193641662598,3.9737
1909,i16.bmp,i16_22_5.bmp,0.4706600606441498,2.775
1910,i16.bmp,i16_23_1.bmp,0.7853097915649414,6.125
1911,i16.bmp,i16_23_2.bmp,0.5918812155723572,4.825
1912,i16.bmp,i16_23_3.bmp,0.43002212047576904,2.7
1913,i16.bmp,i16_23_4.bmp,0.3974997401237488,2.1579
1914,i16.bmp,i16_23_5.bmp,0.39021509885787964,1.5263
1915,i16.bmp,i16_24_1.bmp,0.7162200808525085,5.3684
1916,i16.bmp,i16_24_2.bmp,0.5597572922706604,4.0526
1917,i16.bmp,i16_24_3.bmp,0.4399232566356659,2.641
1918,i16.bmp,i16_24_4.bmp,0.4030092656612396,1.8421
1919,i16.bmp,i16_24_5.bmp,0.3820771872997284,0.97436
1920,i17.bmp,i17_01_1.bmp,0.8284298777580261,5.8919
1921,i17.bmp,i17_01_2.bmp,0.7621065974235535,5.2105
1922,i17.bmp,i17_01_3.bmp,0.7074124813079834,5.0513
1923,i17.bmp,i17_01_4.bmp,0.6509407162666321,4.3846
1924,i17.bmp,i17_01_5.bmp,0.6021695733070374,3.8718
1925,i17.bmp,i17_02_1.bmp,0.8350767493247986,5.75
1926,i17.bmp,i17_02_2.bmp,0.7885648012161255,6.0
1927,i17.bmp,i17_02_3.bmp,0.7272847890853882,5.825
1928,i17.bmp,i17_02_4.bmp,0.6698983907699585,5.275
1929,i17.bmp,i17_02_5.bmp,0.6205570697784424,4.4872
1930,i17.bmp,i17_03_1.bmp,0.7123936414718628,4.9737
1931,i17.bmp,i17_03_2.bmp,0.6524757742881775,4.4359
1932,i17.bmp,i17_03_3.bmp,0.5828326344490051,3.8205
1933,i17.bmp,i17_03_4.bmp,0.5299202799797058,3.35
1934,i17.bmp,i17_03_5.bmp,0.48023658990859985,2.8974
1935,i17.bmp,i17_04_1.bmp,0.9604656100273132,5.7692
1936,i17.bmp,i17_04_2.bmp,0.9372226595878601,5.9737
1937,i17.bmp,i17_04_3.bmp,0.8987061977386475,5.3333
1938,i17.bmp,i17_04_4.bmp,0.8441964983940125,5.2368
1939,i17.bmp,i17_04_5.bmp,0.780892014503479,4.7368
1940,i17.bmp,i17_05_1.bmp,0.8906027674674988,5.825
1941,i17.bmp,i17_05_2.bmp,0.8449015617370605,5.925
1942,i17.bmp,i17_05_3.bmp,0.7538905143737793,5.2368
1943,i17.bmp,i17_05_4.bmp,0.6483418345451355,4.1795
1944,i17.bmp,i17_05_5.bmp,0.5433871150016785,3.3421
1945,i17.bmp,i17_06_1.bmp,0.7858425974845886,4.2368
1946,i17.bmp,i17_06_2.bmp,0.7371289730072021,4.4324
1947,i17.bmp,i17_06_3.bmp,0.6916787624359131,4.0
1948,i17.bmp,i17_06_4.bmp,0.6525983214378357,3.55
1949,i17.bmp,i17_06_5.bmp,0.5811718702316284,3.3077
1950,i17.bmp,i17_07_1.bmp,0.7811254262924194,5.718
1951,i17.bmp,i17_07_2.bmp,0.6758301258087158,4.6579
1952,i17.bmp,i17_07_3.bmp,0.5898740291595459,3.8974
1953,i17.bmp,i17_07_4.bmp,0.535077691078186,3.2051
1954,i17.bmp,i17_07_5.bmp,0.48187148571014404,2.4737
1955,i17.bmp,i17_08_1.bmp,0.9420756101608276,5.7436
1956,i17.bmp,i17_08_2.bmp,0.8954944610595703,5.225
1957,i17.bmp,i17_08_3.bmp,0.811351478099823,4.575
1958,i17.bmp,i17_08_4.bmp,0.6622242331504822,3.718
1959,i17.bmp,i17_08_5.bmp,0.5004774928092957,2.95
1960,i17.bmp,i17_09_1.bmp,0.7588364481925964,6.025
1961,i17.bmp,i17_09_2.bmp,0.708863377571106,6.1053
1962,i17.bmp,i17_09_3.bmp,0.6344720721244812,5.025
1963,i17.bmp,i17_09_4.bmp,0.514890193939209,3.8205
1964,i17.bmp,i17_09_5.bmp,0.43816930055618286,2.4595
1965,i17.bmp,i17_10_1.bmp,0.831071138381958,6.0513
1966,i17.bmp,i17_10_2.bmp,0.7582478523254395,5.925
1967,i17.bmp,i17_10_3.bmp,0.6404091715812683,5.1539
1968,i17.bmp,i17_10_4.bmp,0.5012943148612976,3.425
1969,i17.bmp,i17_10_5.bmp,0.43076443672180176,2.25
1970,i17.bmp,i17_11_1.bmp,0.7286677360534668,5.5641
1971,i17.bmp,i17_11_2.bmp,0.6267118453979492,5.4359
1972,i17.bmp,i17_11_3.bmp,0.510256290435791,3.8462
1973,i17.bmp,i17_11_4.bmp,0.4374982714653015,2.7692
1974,i17.bmp,i17_11_5.bmp,0.3737839460372925,1.025
1975,i17.bmp,i17_12_1.bmp,0.9039146304130554,5.875
1976,i17.bmp,i17_12_2.bmp,0.8395690321922302,5.9231
1977,i17.bmp,i17_12_3.bmp,0.7848257422447205,5.0769
1978,i17.bmp,i17_12_4.bmp,0.712044358253479,3.925
1979,i17.bmp,i17_12_5.bmp,0.47922587394714355,2.4872
1980,i17.bmp,i17_13_1.bmp,0.759800910949707,5.15
1981,i17.bmp,i17_13_2.bmp,0.7035988569259644,4.45
1982,i17.bmp,i17_13_3.bmp,0.5871204733848572,3.2632
1983,i17.bmp,i17_13_4.bmp,0.4942481219768524,2.425
1984,i17.bmp,i17_13_5.bmp,0.509674608707428,2.3684
1985,i17.bmp,i17_14_1.bmp,0.9483965635299683,5.875
1986,i17.bmp,i17_14_2.bmp,0.9678971767425537,5.7949
1987,i17.bmp,i17_14_3.bmp,0.9283759593963623,5.5263
1988,i17.bmp,i17_14_4.bmp,0.8802646994590759,4.359
1989,i17.bmp,i17_14_5.bmp,0.840615451335907,3.525
1990,i17.bmp,i17_15_1.bmp,0.852715253829956,3.55
1991,i17.bmp,i17_15_2.bmp,0.8371949195861816,3.4103
1992,i17.bmp,i17_15_3.bmp,0.8382104635238647,3.2564
1993,i17.bmp,i17_15_4.bmp,0.8301758766174316,3.625
1994,i17.bmp,i17_15_5.bmp,0.9409534335136414,4.0
1995,i17.bmp,i17_16_1.bmp,0.9856564998626709,5.925
1996,i17.bmp,i17_16_2.bmp,0.9745659232139587,6.025
1997,i17.bmp,i17_16_3.bmp,0.8888162970542908,5.5789
1998,i17.bmp,i17_16_4.bmp,0.9345587491989136,5.1579
1999,i17.bmp,i17_16_5.bmp,0.7705252170562744,4.1795
2000,i17.bmp,i17_17_1.bmp,0.9760313034057617,5.575
2001,i17.bmp,i17_17_2.bmp,0.9421162009239197,6.625
2002,i17.bmp,i17_17_3.bmp,0.9443149566650391,4.4872
2003,i17.bmp,i17_17_4.bmp,0.8405763506889343,7.1
2004,i17.bmp,i17_17_5.bmp,0.8930381536483765,3.3684
2005,i17.bmp,i17_18_1.bmp,0.843662679195404,4.55
2006,i17.bmp,i17_18_2.bmp,0.692348837852478,4.0769
2007,i17.bmp,i17_18_3.bmp,0.6612931489944458,4.1282
2008,i17.bmp,i17_18_4.bmp,0.6609407663345337,3.8205
2009,i17.bmp,i17_18_5.bmp,0.6614362001419067,3.718
2010,i17.bmp,i17_19_1.bmp,0.834611177444458,5.725
2011,i17.bmp,i17_19_2.bmp,0.7923776507377625,5.3333
2012,i17.bmp,i17_19_3.bmp,0.7360596060752869,4.7692
2013,i17.bmp,i17_19_4.bmp,0.6940996646881104,4.3077
2014,i17.bmp,i17_19_5.bmp,0.6456670165061951,3.9231
2015,i17.bmp,i17_20_1.bmp,0.8886381983757019,5.75
2016,i17.bmp,i17_20_2.bmp,0.8016316294670105,5.45
2017,i17.bmp,i17_20_3.bmp,0.6738266348838806,4.8684
2018,i17.bmp,i17_20_4.bmp,0.5589789748191833,4.3684
2019,i17.bmp,i17_20_5.bmp,0.5172597765922546,2.8649
2020,i17.bmp,i17_21_1.bmp,0.7848028540611267,5.425
2021,i17.bmp,i17_21_2.bmp,0.7028236389160156,4.7949
2022,i17.bmp,i17_21_3.bmp,0.5881559252738953,4.25
2023,i17.bmp,i17_21_4.bmp,0.5189788341522217,3.3846
2024,i17.bmp,i17_21_5.bmp,0.465838760137558,2.5263
2025,i17.bmp,i17_22_1.bmp,0.7935261726379395,5.975
2026,i17.bmp,i17_22_2.bmp,0.732306718826294,5.6154
2027,i17.bmp,i17_22_3.bmp,0.622226893901825,4.3421
2028,i17.bmp,i17_22_4.bmp,0.5699250102043152,3.5897
2029,i17.bmp,i17_22_5.bmp,0.5033044219017029,2.8974
2030,i17.bmp,i17_23_1.bmp,0.8152458667755127,5.9
2031,i17.bmp,i17_23_2.bmp,0.7074083089828491,5.9
2032,i17.bmp,i17_23_3.bmp,0.5669915676116943,4.5641
2033,i17.bmp,i17_23_4.bmp,0.46564406156539917,3.1538
2034,i17.bmp,i17_23_5.bmp,0.37488028407096863,1.9231
2035,i17.bmp,i17_24_1.bmp,0.7291037440299988,6.05
2036,i17.bmp,i17_24_2.bmp,0.674781322479248,5.525
2037,i17.bmp,i17_24_3.bmp,0.5644142627716064,3.9737
2038,i17.bmp,i17_24_4.bmp,0.43233293294906616,2.0256
2039,i17.bmp,i17_24_5.bmp,0.39566540718078613,0.34211
2040,i18.bmp,i18_01_1.bmp,0.9012631177902222,5.6905
2041,i18.bmp,i18_01_2.bmp,0.8416204452514648,5.4146
2042,i18.bmp,i18_01_3.bmp,0.777744472026825,4.85
2043,i18.bmp,i18_01_4.bmp,0.7188884019851685,4.4634
2044,i18.bmp,i18_01_5.bmp,0.6726140975952148,4.0
2045,i18.bmp,i18_02_1.bmp,0.9085278511047363,5.9512
2046,i18.bmp,i18_02_2.bmp,0.8670817613601685,5.881
2047,i18.bmp,i18_02_3.bmp,0.821743905544281,5.7381
2048,i18.bmp,i18_02_4.bmp,0.7614411115646362,4.6341
2049,i18.bmp,i18_02_5.bmp,0.7085236310958862,4.2439
2050,i18.bmp,i18_03_1.bmp,0.778167724609375,4.9762
2051,i18.bmp,i18_03_2.bmp,0.7152854800224304,4.55
2052,i18.bmp,i18_03_3.bmp,0.6522059440612793,3.7381
2053,i18.bmp,i18_03_4.bmp,0.578504741191864,3.1191
2054,i18.bmp,i18_03_5.bmp,0.5100942254066467,2.5476
2055,i18.bmp,i18_04_1.bmp,0.9815349578857422,6.175
2056,i18.bmp,i18_04_2.bmp,0.9681660532951355,5.881
2057,i18.bmp,i18_04_3.bmp,0.9443342685699463,5.878
2058,i18.bmp,i18_04_4.bmp,0.90643310546875,5.3171
2059,i18.bmp,i18_04_5.bmp,0.8571047186851501,4.3415
2060,i18.bmp,i18_05_1.bmp,0.9394773244857788,6.2439
2061,i18.bmp,i18_05_2.bmp,0.905593991279602,5.6098
2062,i18.bmp,i18_05_3.bmp,0.8222712278366089,5.1707
2063,i18.bmp,i18_05_4.bmp,0.7089893221855164,4.0
2064,i18.bmp,i18_05_5.bmp,0.5841221809387207,3.125
2065,i18.bmp,i18_06_1.bmp,0.8714547157287598,4.5714
2066,i18.bmp,i18_06_2.bmp,0.8180862665176392,4.15
2067,i18.bmp,i18_06_3.bmp,0.7346553802490234,3.8095
2068,i18.bmp,i18_06_4.bmp,0.6628732085227966,3.7317
2069,i18.bmp,i18_06_5.bmp,0.5547177195549011,3.1951
2070,i18.bmp,i18_07_1.bmp,0.8655508756637573,5.5714
2071,i18.bmp,i18_07_2.bmp,0.7975370287895203,4.9286
2072,i18.bmp,i18_07_3.bmp,0.6984376907348633,4.2143
2073,i18.bmp,i18_07_4.bmp,0.6058830618858337,3.4048
2074,i18.bmp,i18_07_5.bmp,0.5888945460319519,3.0
2075,i18.bmp,i18_08_1.bmp,0.9452160596847534,5.6905
2076,i18.bmp,i18_08_2.bmp,0.8984025716781616,4.6585
2077,i18.bmp,i18_08_3.bmp,0.8069539070129395,4.1429
2078,i18.bmp,i18_08_4.bmp,0.6645559668540955,3.0476
2079,i18.bmp,i18_08_5.bmp,0.5101105570793152,2.0488
2080,i18.bmp,i18_09_1.bmp,0.8171930313110352,6.0244
2081,i18.bmp,i18_09_2.bmp,0.7620120048522949,5.881
2082,i18.bmp,i18_09_3.bmp,0.6697854995727539,4.2619
2083,i18.bmp,i18_09_4.bmp,0.5212038159370422,3.0244
2084,i18.bmp,i18_09_5.bmp,0.42527103424072266,1.7073
2085,i18.bmp,i18_10_1.bmp,0.8734330534934998,6.0732
2086,i18.bmp,i18_10_2.bmp,0.8049494624137878,5.7805
2087,i18.bmp,i18_10_3.bmp,0.7055691480636597,4.675
2088,i18.bmp,i18_10_4.bmp,0.5172796249389648,3.5
2089,i18.bmp,i18_10_5.bmp,0.43609151244163513,2.1707
2090,i18.bmp,i18_11_1.bmp,0.8776676058769226,5.8049
2091,i18.bmp,i18_11_2.bmp,0.8153996467590332,5.5
2092,i18.bmp,i18_11_3.bmp,0.6962563395500183,4.5122
2093,i18.bmp,i18_11_4.bmp,0.5115100145339966,3.0714
2094,i18.bmp,i18_11_5.bmp,0.40157997608184814,1.0
2095,i18.bmp,i18_12_1.bmp,0.9336845278739929,6.3571
2096,i18.bmp,i18_12_2.bmp,0.9159805178642273,5.3659
2097,i18.bmp,i18_12_3.bmp,0.7966346740722656,5.561
2098,i18.bmp,i18_12_4.bmp,0.7996490001678467,4.925
2099,i18.bmp,i18_12_5.bmp,0.6650145053863525,2.6585
2100,i18.bmp,i18_13_1.bmp,0.8245927095413208,4.1463
2101,i18.bmp,i18_13_2.bmp,0.7024842500686646,4.3571
2102,i18.bmp,i18_13_3.bmp,0.6789116859436035,3.8809
2103,i18.bmp,i18_13_4.bmp,0.6174319982528687,2.9024
2104,i18.bmp,i18_13_5.bmp,0.5212041735649109,2.4634
2105,i18.bmp,i18_14_1.bmp,0.9760681390762329,4.9512
2106,i18.bmp,i18_14_2.bmp,0.9844459295272827,6.0
2107,i18.bmp,i18_14_3.bmp,0.9459726810455322,4.1951
2108,i18.bmp,i18_14_4.bmp,0.9410557746887207,4.1667
2109,i18.bmp,i18_14_5.bmp,0.8953502178192139,3.3415
2110,i18.bmp,i18_15_1.bmp,0.864124059677124,3.2195
2111,i18.bmp,i18_15_2.bmp,0.8842398524284363,3.3415
2112,i18.bmp,i18_15_3.bmp,0.9085493087768555,3.2
2113,i18.bmp,i18_15_4.bmp,0.9222762584686279,3.525
2114,i18.bmp,i18_15_5.bmp,0.9441311359405518,3.9524
2115,i18.bmp,i18_16_1.bmp,0.9816803336143494,6.4146
2116,i18.bmp,i18_16_2.bmp,0.9748721122741699,5.9524
2117,i18.bmp,i18_16_3.bmp,0.9290503263473511,5.6905
2118,i18.bmp,i18_16_4.bmp,0.9296430945396423,5.0
2119,i18.bmp,i18_16_5.bmp,0.8169360160827637,4.2564
2120,i18.bmp,i18_17_1.bmp,0.9780864715576172,5.9286
2121,i18.bmp,i18_17_2.bmp,0.9559130668640137,6.0976
2122,i18.bmp,i18_17_3.bmp,0.9473270177841187,4.4146
2123,i18.bmp,i18_17_4.bmp,0.9030524492263794,5.9048
2124,i18.bmp,i18_17_5.bmp,0.8998422026634216,3.4878
2125,i18.bmp,i18_18_1.bmp,0.9558300375938416,5.0244
2126,i18.bmp,i18_18_2.bmp,0.9379612803459167,4.8
2127,i18.bmp,i18_18_3.bmp,0.9033156633377075,4.3571
2128,i18.bmp,i18_18_4.bmp,0.8400747179985046,4.0714
2129,i18.bmp,i18_18_5.bmp,0.672511100769043,4.0952
2130,i18.bmp,i18_19_1.bmp,0.9146215319633484,5.1429
2131,i18.bmp,i18_19_2.bmp,0.8772319555282593,5.0714
2132,i18.bmp,i18_19_3.bmp,0.8201028108596802,4.375
2133,i18.bmp,i18_19_4.bmp,0.7372047901153564,3.8537
2134,i18.bmp,i18_19_5.bmp,0.6654017567634583,3.7073
2135,i18.bmp,i18_20_1.bmp,0.9488871097564697,6.1667
2136,i18.bmp,i18_20_2.bmp,0.8997236490249634,5.5714
2137,i18.bmp,i18_20_3.bmp,0.8526076078414917,5.3659
2138,i18.bmp,i18_20_4.bmp,0.7411785125732422,4.3659
2139,i18.bmp,i18_20_5.bmp,0.6057851314544678,3.325
2140,i18.bmp,i18_21_1.bmp,0.8766089677810669,5.5238
2141,i18.bmp,i18_21_2.bmp,0.8115012645721436,5.3415
2142,i18.bmp,i18_21_3.bmp,0.7315067648887634,4.5
2143,i18.bmp,i18_21_4.bmp,0.5783037543296814,3.2619
2144,i18.bmp,i18_21_5.bmp,0.4837660789489746,2.3171
2145,i18.bmp,i18_22_1.bmp,0.8905596137046814,5.7143
2146,i18.bmp,i18_22_2.bmp,0.8318724036216736,4.4048
2147,i18.bmp,i18_22_3.bmp,0.7297089099884033,3.6829
2148,i18.bmp,i18_22_4.bmp,0.5959028005599976,2.9524
2149,i18.bmp,i18_22_5.bmp,0.4937804639339447,2.3333
2150,i18.bmp,i18_23_1.bmp,0.9115147590637207,6.3095
2151,i18.bmp,i18_23_2.bmp,0.8214232325553894,6.1905
2152,i18.bmp,i18_23_3.bmp,0.7577438354492188,6.075
2153,i18.bmp,i18_23_4.bmp,0.6651642322540283,5.9286
2154,i18.bmp,i18_23_5.bmp,0.5416530966758728,4.0
2155,i18.bmp,i18_24_1.bmp,0.8843721151351929,5.9024
2156,i18.bmp,i18_24_2.bmp,0.8121182322502136,5.5952
2157,i18.bmp,i18_24_3.bmp,0.6786913275718689,4.5854
2158,i18.bmp,i18_24_4.bmp,0.5316940546035767,3.2195
2159,i18.bmp,i18_24_5.bmp,0.4114159047603607,1.0238
2160,i19.bmp,i19_01_1.bmp,0.9136411547660828,5.7297
2161,i19.bmp,i19_01_2.bmp,0.8819694519042969,5.1081
2162,i19.bmp,i19_01_3.bmp,0.8306536674499512,4.6053
2163,i19.bmp,i19_01_4.bmp,0.7879489660263062,4.1351
2164,i19.bmp,i19_01_5.bmp,0.7231124639511108,3.5676
2165,i19.bmp,i19_02_1.bmp,0.9187542200088501,6.0811
2166,i19.bmp,i19_02_2.bmp,0.8873112201690674,5.6486
2167,i19.bmp,i19_02_3.bmp,0.8512270450592041,5.5789
2168,i19.bmp,i19_02_4.bmp,0.8148269653320312,5.0
2169,i19.bmp,i19_02_5.bmp,0.7656623721122742,4.4722
2170,i19.bmp,i19_03_1.bmp,0.8284531831741333,4.6667
2171,i19.bmp,i19_03_2.bmp,0.7712613344192505,4.0541
2172,i19.bmp,i19_03_3.bmp,0.6882156729698181,3.6316
2173,i19.bmp,i19_03_4.bmp,0.6337045431137085,3.0
2174,i19.bmp,i19_03_5.bmp,0.5980740785598755,2.5263
2175,i19.bmp,i19_04_1.bmp,0.9886279106140137,5.8947
2176,i19.bmp,i19_04_2.bmp,0.9744464755058289,5.9459
2177,i19.bmp,i19_04_3.bmp,0.9530224204063416,5.8947
2178,i19.bmp,i19_04_4.bmp,0.9244991540908813,5.2432
2179,i19.bmp,i19_04_5.bmp,0.8679182529449463,4.4865
2180,i19.bmp,i19_05_1.bmp,0.9423946738243103,5.9737
2181,i19.bmp,i19_05_2.bmp,0.9119736552238464,5.5
2182,i19.bmp,i19_05_3.bmp,0.8506308794021606,5.0789
2183,i19.bmp,i19_05_4.bmp,0.7758723497390747,4.0
2184,i19.bmp,i19_05_5.bmp,0.6899551153182983,3.1842
2185,i19.bmp,i19_06_1.bmp,0.9025741815567017,4.7368
2186,i19.bmp,i19_06_2.bmp,0.8514496088027954,4.6486
2187,i19.bmp,i19_06_3.bmp,0.8206126689910889,3.8684
2188,i19.bmp,i19_06_4.bmp,0.7666241526603699,3.5676
2189,i19.bmp,i19_06_5.bmp,0.694740891456604,3.1892
2190,i19.bmp,i19_07_1.bmp,0.8444988131523132,5.3784
2191,i19.bmp,i19_07_2.bmp,0.7923061847686768,4.6757
2192,i19.bmp,i19_07_3.bmp,0.7663670778274536,3.8889
2193,i19.bmp,i19_07_4.bmp,0.6784600019454956,3.1944
2194,i19.bmp,i19_07_5.bmp,0.6387342810630798,2.6053
2195,i19.bmp,i19_08_1.bmp,0.9593394994735718,5.3514
2196,i19.bmp,i19_08_2.bmp,0.9203739166259766,4.7027
2197,i19.bmp,i19_08_3.bmp,0.8532290458679199,3.7632
2198,i19.bmp,i19_08_4.bmp,0.7234721183776855,2.8919
2199,i19.bmp,i19_08_5.bmp,0.574831485748291,2.2703
2200,i19.bmp,i19_09_1.bmp,0.8607787489891052,6.0811
2201,i19.bmp,i19_09_2.bmp,0.8005274534225464,5.8947
2202,i19.bmp,i19_09_3.bmp,0.7388004064559937,4.8684
2203,i19.bmp,i19_09_4.bmp,0.6019706130027771,3.2703
2204,i19.bmp,i19_09_5.bmp,0.5373800992965698,1.8649
2205,i19.bmp,i19_10_1.bmp,0.8988649249076843,5.7368
2206,i19.bmp,i19_10_2.bmp,0.8489769697189331,5.4722
2207,i19.bmp,i19_10_3.bmp,0.7547585368156433,4.8611
2208,i19.bmp,i19_10_4.bmp,0.6489988565444946,3.0
2209,i19.bmp,i19_10_5.bmp,0.549659013748169,1.6579
2210,i19.bmp,i19_11_1.bmp,0.8627845048904419,5.5263
2211,i19.bmp,i19_11_2.bmp,0.7627624869346619,4.9737
2212,i19.bmp,i19_11_3.bmp,0.6885315775871277,4.5263
2213,i19.bmp,i19_11_4.bmp,0.6100534200668335,2.9459
2214,i19.bmp,i19_11_5.bmp,0.48455819487571716,1.2368
2215,i19.bmp,i19_12_1.bmp,0.9735112190246582,6.1316
2216,i19.bmp,i19_12_2.bmp,0.9609098434448242,5.5946
2217,i19.bmp,i19_12_3.bmp,0.8459056615829468,5.1842
2218,i19.bmp,i19_12_4.bmp,0.8628988265991211,5.0811
2219,i19.bmp,i19_12_5.bmp,0.8202540874481201,4.5278
2220,i19.bmp,i19_13_1.bmp,0.8990987539291382,4.6757
2221,i19.bmp,i19_13_2.bmp,0.8211792707443237,4.0526
2222,i19.bmp,i19_13_3.bmp,0.7851777076721191,3.6216
2223,i19.bmp,i19_13_4.bmp,0.7177550196647644,3.0789
2224,i19.bmp,i19_13_5.bmp,0.5784527063369751,1.9474
2225,i19.bmp,i19_14_1.bmp,0.9801148176193237,5.6111
2226,i19.bmp,i19_14_2.bmp,0.9706961512565613,6.0263
2227,i19.bmp,i19_14_3.bmp,0.9665656089782715,5.4595
2228,i19.bmp,i19_14_4.bmp,0.9379164576530457,4.9211
2229,i19.bmp,i19_14_5.bmp,0.9041330218315125,3.6486
2230,i19.bmp,i19_15_1.bmp,0.926316499710083,2.8889
2231,i19.bmp,i19_15_2.bmp,0.9281319379806519,3.2778
2232,i19.bmp,i19_15_3.bmp,0.9552571177482605,3.5135
2233,i19.bmp,i19_15_4.bmp,0.954979658126831,3.6842
2234,i19.bmp,i19_15_5.bmp,0.9581078290939331,3.5405
2235,i19.bmp,i19_16_1.bmp,0.9937244653701782,6.1316
2236,i19.bmp,i19_16_2.bmp,0.9873039126396179,6.2632
2237,i19.bmp,i19_16_3.bmp,0.9723930358886719,5.2895
2238,i19.bmp,i19_16_4.bmp,0.9485201835632324,5.8421
2239,i19.bmp,i19_16_5.bmp,0.9317814111709595,4.4167
2240,i19.bmp,i19_17_1.bmp,0.9846505522727966,5.4737
2241,i19.bmp,i19_17_2.bmp,0.9672731757164001,6.1892
2242,i19.bmp,i19_17_3.bmp,0.954143226146698,4.4324
2243,i19.bmp,i19_17_4.bmp,0.9196109771728516,5.7568
2244,i19.bmp,i19_17_5.bmp,0.9168951511383057,3.3421
2245,i19.bmp,i19_18_1.bmp,0.9689329862594604,5.1351
2246,i19.bmp,i19_18_2.bmp,0.9549998044967651,4.3889
2247,i19.bmp,i19_18_3.bmp,0.9295861721038818,4.2432
2248,i19.bmp,i19_18_4.bmp,0.8739096522331238,4.0811
2249,i19.bmp,i19_18_5.bmp,0.7622578144073486,4.0541
2250,i19.bmp,i19_19_1.bmp,0.918355405330658,5.5405
2251,i19.bmp,i19_19_2.bmp,0.8843804597854614,4.973
2252,i19.bmp,i19_19_3.bmp,0.8356446623802185,4.5556
2253,i19.bmp,i19_19_4.bmp,0.783629298210144,4.3143
2254,i19.bmp,i19_19_5.bmp,0.7240228652954102,3.5556
2255,i19.bmp,i19_20_1.bmp,0.9576982855796814,5.7027
2256,i19.bmp,i19_20_2.bmp,0.9233261346817017,5.7105
2257,i19.bmp,i19_20_3.bmp,0.8509723544120789,5.1892
2258,i19.bmp,i19_20_4.bmp,0.7369255423545837,4.1389
2259,i19.bmp,i19_20_5.bmp,0.6339084506034851,3.0526
2260,i19.bmp,i19_21_1.bmp,0.8950169086456299,5.4054
2261,i19.bmp,i19_21_2.bmp,0.8335747122764587,5.1622
2262,i19.bmp,i19_21_3.bmp,0.750666081905365,4.0811
2263,i19.bmp,i19_21_4.bmp,0.6615388989448547,3.5676
2264,i19.bmp,i19_21_5.bmp,0.5869125723838806,2.25
2265,i19.bmp,i19_22_1.bmp,0.9194371700286865,5.7368
2266,i19.bmp,i19_22_2.bmp,0.8417404890060425,5.3243
2267,i19.bmp,i19_22_3.bmp,0.8036555051803589,4.4
2268,i19.bmp,i19_22_4.bmp,0.7233610153198242,3.9474
2269,i19.bmp,i19_22_5.bmp,0.633887529373169,2.7568
2270,i19.bmp,i19_23_1.bmp,0.9364637136459351,5.8684
2271,i19.bmp,i19_23_2.bmp,0.8729998469352722,6.2895
2272,i19.bmp,i19_23_3.bmp,0.8218156695365906,5.7568
2273,i19.bmp,i19_23_4.bmp,0.7705432772636414,5.7632
2274,i19.bmp,i19_23_5.bmp,0.6893817782402039,5.2162
2275,i19.bmp,i19_24_1.bmp,0.8773180842399597,5.4595
2276,i19.bmp,i19_24_2.bmp,0.8103403449058533,4.7027
2277,i19.bmp,i19_24_3.bmp,0.7184392809867859,3.6389
2278,i19.bmp,i19_24_4.bmp,0.5986637473106384,2.5
2279,i19.bmp,i19_24_5.bmp,0.5207251906394958,0.77778
2280,i20.bmp,i20_01_1.bmp,0.8224930763244629,5.7692
2281,i20.bmp,i20_01_2.bmp,0.7695215940475464,5.5128
2282,i20.bmp,i20_01_3.bmp,0.7304741740226746,4.9211
2283,i20.bmp,i20_01_4.bmp,0.6915666460990906,4.4359
2284,i20.bmp,i20_01_5.bmp,0.6488528251647949,3.7838
2285,i20.bmp,i20_02_1.bmp,0.8579778075218201,5.8421
2286,i20.bmp,i20_02_2.bmp,0.8094342947006226,5.7949
2287,i20.bmp,i20_02_3.bmp,0.7637782096862793,5.5135
2288,i20.bmp,i20_02_4.bmp,0.726140022277832,5.282
2289,i20.bmp,i20_02_5.bmp,0.6505240201950073,4.4872
2290,i20.bmp,i20_03_1.bmp,0.7165552973747253,4.9474
2291,i20.bmp,i20_03_2.bmp,0.6665450930595398,4.2105
2292,i20.bmp,i20_03_3.bmp,0.6306157112121582,3.8108
2293,i20.bmp,i20_03_4.bmp,0.5717905759811401,3.1282
2294,i20.bmp,i20_03_5.bmp,0.5415153503417969,2.6579
2295,i20.bmp,i20_04_1.bmp,0.9659465551376343,5.7105
2296,i20.bmp,i20_04_2.bmp,0.9333814978599548,5.4737
2297,i20.bmp,i20_04_3.bmp,0.8841215968132019,5.1579
2298,i20.bmp,i20_04_4.bmp,0.8292095065116882,4.7297
2299,i20.bmp,i20_04_5.bmp,0.7706044912338257,4.0541
2300,i20.bmp,i20_05_1.bmp,0.8637410402297974,6.0263
2301,i20.bmp,i20_05_2.bmp,0.8211374282836914,5.7632
2302,i20.bmp,i20_05_3.bmp,0.7453769445419312,5.3947
2303,i20.bmp,i20_05_4.bmp,0.6762077212333679,4.2308
2304,i20.bmp,i20_05_5.bmp,0.6149441003799438,2.9211
2305,i20.bmp,i20_06_1.bmp,0.7620233297348022,4.9737
2306,i20.bmp,i20_06_2.bmp,0.6994263529777527,4.1389
2307,i20.bmp,i20_06_3.bmp,0.6667382717132568,3.9474
2308,i20.bmp,i20_06_4.bmp,0.6336337924003601,3.4359
2309,i20.bmp,i20_06_5.bmp,0.5907465815544128,3.1026
2310,i20.bmp,i20_07_1.bmp,0.8325332403182983,5.282
2311,i20.bmp,i20_07_2.bmp,0.7617979049682617,4.7297
2312,i20.bmp,i20_07_3.bmp,0.7121283411979675,4.4737
2313,i20.bmp,i20_07_4.bmp,0.7013977766036987,3.7368
2314,i20.bmp,i20_07_5.bmp,0.5807763934135437,3.282
2315,i20.bmp,i20_08_1.bmp,0.9454131126403809,5.6579
2316,i20.bmp,i20_08_2.bmp,0.9041810035705566,5.2973
2317,i20.bmp,i20_08_3.bmp,0.8377485275268555,4.0278
2318,i20.bmp,i20_08_4.bmp,0.7181305885314941,3.4211
2319,i20.bmp,i20_08_5.bmp,0.560639500617981,2.5897
2320,i20.bmp,i20_09_1.bmp,0.8134843111038208,6.2632
2321,i20.bmp,i20_09_2.bmp,0.7933081388473511,6.1316
2322,i20.bmp,i20_09_3.bmp,0.7354379892349243,5.3333
2323,i20.bmp,i20_09_4.bmp,0.6089522242546082,3.7568
2324,i20.bmp,i20_09_5.bmp,0.5098100900650024,2.2162
2325,i20.bmp,i20_10_1.bmp,0.8250941634178162,6.1316
2326,i20.bmp,i20_10_2.bmp,0.7838377356529236,5.7368
2327,i20.bmp,i20_10_3.bmp,0.7051057815551758,4.9444
2328,i20.bmp,i20_10_4.bmp,0.6065081357955933,3.5789
2329,i20.bmp,i20_10_5.bmp,0.5188266038894653,2.7436
2330,i20.bmp,i20_11_1.bmp,0.7725056409835815,5.5789
2331,i20.bmp,i20_11_2.bmp,0.7175139784812927,4.8421
2332,i20.bmp,i20_11_3.bmp,0.6248093843460083,3.4324
2333,i20.bmp,i20_11_4.bmp,0.5196829438209534,2.0526
2334,i20.bmp,i20_11_5.bmp,0.4312640130519867,0.74359
2335,i20.bmp,i20_12_1.bmp,0.920459508895874,6.1282
2336,i20.bmp,i20_12_2.bmp,0.8110173940658569,5.3077
2337,i20.bmp,i20_12_3.bmp,0.8054406642913818,4.4474
2338,i20.bmp,i20_12_4.bmp,0.7360918521881104,4.2564
2339,i20.bmp,i20_12_5.bmp,0.5845987200737,2.5789
2340,i20.bmp,i20_13_1.bmp,0.7422254085540771,5.1539
2341,i20.bmp,i20_13_2.bmp,0.6315382719039917,3.7895
2342,i20.bmp,i20_13_3.bmp,0.8029258251190186,3.8205
2343,i20.bmp,i20_13_4.bmp,0.5547301173210144,2.8919
2344,i20.bmp,i20_13_5.bmp,0.47339558601379395,2.027
2345,i20.bmp,i20_14_1.bmp,0.9716095924377441,6.0263
2346,i20.bmp,i20_14_2.bmp,0.972283124923706,5.8421
2347,i20.bmp,i20_14_3.bmp,0.923212468624115,4.5526
2348,i20.bmp,i20_14_4.bmp,0.8675922751426697,4.1282
2349,i20.bmp,i20_14_5.bmp,0.8492743372917175,3.3684
2350,i20.bmp,i20_15_1.bmp,0.819345235824585,3.2308
2351,i20.bmp,i20_15_2.bmp,0.8270095586776733,3.3421
2352,i20.bmp,i20_15_3.bmp,0.8708620071411133,3.6923
2353,i20.bmp,i20_15_4.bmp,0.8799103498458862,3.8974
2354,i20.bmp,i20_15_5.bmp,0.9134413003921509,4.0513
2355,i20.bmp,i20_16_1.bmp,0.9799497127532959,6.0513
2356,i20.bmp,i20_16_2.bmp,0.9445263743400574,6.0541
2357,i20.bmp,i20_16_3.bmp,0.9313840866088867,5.4054
2358,i20.bmp,i20_16_4.bmp,0.8108088970184326,5.1351
2359,i20.bmp,i20_16_5.bmp,0.8627015948295593,4.718
2360,i20.bmp,i20_17_1.bmp,0.9727839231491089,5.6154
2361,i20.bmp,i20_17_2.bmp,0.889453649520874,6.3333
2362,i20.bmp,i20_17_3.bmp,0.9279648661613464,4.3243
2363,i20.bmp,i20_17_4.bmp,0.7858414649963379,5.8718
2364,i20.bmp,i20_17_5.bmp,0.8644969463348389,3.5385
2365,i20.bmp,i20_18_1.bmp,0.94505774974823,5.6154
2366,i20.bmp,i20_18_2.bmp,0.9343452453613281,5.2368
2367,i20.bmp,i20_18_3.bmp,0.9010025262832642,4.5
2368,i20.bmp,i20_18_4.bmp,0.8257457613945007,4.1351
2369,i20.bmp,i20_18_5.bmp,0.7212264537811279,4.1053
2370,i20.bmp,i20_19_1.bmp,0.8413175940513611,5.8205
2371,i20.bmp,i20_19_2.bmp,0.802674412727356,5.1795
2372,i20.bmp,i20_19_3.bmp,0.7631646990776062,4.7949
2373,i20.bmp,i20_19_4.bmp,0.719475269317627,4.0
2374,i20.bmp,i20_19_5.bmp,0.6828696131706238,3.4615
2375,i20.bmp,i20_20_1.bmp,0.8759910464286804,6.1579
2376,i20.bmp,i20_20_2.bmp,0.8377742767333984,5.4615
2377,i20.bmp,i20_20_3.bmp,0.7728609442710876,4.7895
2378,i20.bmp,i20_20_4.bmp,0.6822289228439331,3.5263
2379,i20.bmp,i20_20_5.bmp,0.6035434603691101,2.718
2380,i20.bmp,i20_21_1.bmp,0.8068380355834961,5.5526
2381,i20.bmp,i20_21_2.bmp,0.7398795485496521,4.7632
2382,i20.bmp,i20_21_3.bmp,0.6886269450187683,4.0
2383,i20.bmp,i20_21_4.bmp,0.6061587333679199,3.2432
2384,i20.bmp,i20_21_5.bmp,0.5399073362350464,2.5789
2385,i20.bmp,i20_22_1.bmp,0.837783932685852,6.0
2386,i20.bmp,i20_22_2.bmp,0.77506422996521,5.1053
2387,i20.bmp,i20_22_3.bmp,0.7092868089675903,4.5263
2388,i20.bmp,i20_22_4.bmp,0.6651893258094788,4.1081
2389,i20.bmp,i20_22_5.bmp,0.5973833799362183,3.7297
2390,i20.bmp,i20_23_1.bmp,0.902452826499939,5.9487
2391,i20.bmp,i20_23_2.bmp,0.8221284747123718,6.2564
2392,i20.bmp,i20_23_3.bmp,0.7258798480033875,5.8205
2393,i20.bmp,i20_23_4.bmp,0.6617946624755859,4.7297
2394,i20.bmp,i20_23_5.bmp,0.528716504573822,3.1538
2395,i20.bmp,i20_24_1.bmp,0.8232261538505554,6.1842
2396,i20.bmp,i20_24_2.bmp,0.7563419342041016,5.0789
2397,i20.bmp,i20_24_3.bmp,0.6572629809379578,3.4324
2398,i20.bmp,i20_24_4.bmp,0.5176457762718201,1.9744
2399,i20.bmp,i20_24_5.bmp,0.4304693937301636,0.84211
2400,i21.bmp,i21_01_1.bmp,0.8863099813461304,5.5116
2401,i21.bmp,i21_01_2.bmp,0.8514084815979004,5.0698
2402,i21.bmp,i21_01_3.bmp,0.8125638365745544,4.4884
2403,i21.bmp,i21_01_4.bmp,0.726920485496521,3.907
2404,i21.bmp,i21_01_5.bmp,0.6675000190734863,3.4884
2405,i21.bmp,i21_02_1.bmp,0.8919850587844849,5.8095
2406,i21.bmp,i21_02_2.bmp,0.8616706132888794,5.5349
2407,i21.bmp,i21_02_3.bmp,0.8228182196617126,5.4419
2408,i21.bmp,i21_02_4.bmp,0.7874423861503601,4.814
2409,i21.bmp,i21_02_5.bmp,0.7401131987571716,4.15
2410,i21.bmp,i21_03_1.bmp,0.7921807169914246,4.3953
2411,i21.bmp,i21_03_2.bmp,0.7045996189117432,3.9268
2412,i21.bmp,i21_03_3.bmp,0.6616572141647339,3.1667
2413,i21.bmp,i21_03_4.bmp,0.6285065412521362,3.0698
2414,i21.bmp,i21_03_5.bmp,0.5808822512626648,2.5581
2415,i21.bmp,i21_04_1.bmp,0.975671648979187,5.9302
2416,i21.bmp,i21_04_2.bmp,0.9643964767456055,6.0233
2417,i21.bmp,i21_04_3.bmp,0.9414913058280945,5.4634
2418,i21.bmp,i21_04_4.bmp,0.9055041074752808,5.3333
2419,i21.bmp,i21_04_5.bmp,0.8653721213340759,4.65
2420,i21.bmp,i21_05_1.bmp,0.925005316734314,5.6977
2421,i21.bmp,i21_05_2.bmp,0.8898276686668396,5.907
2422,i21.bmp,i21_05_3.bmp,0.8294240832328796,5.1163
2423,i21.bmp,i21_05_4.bmp,0.7678222060203552,3.9286
2424,i21.bmp,i21_05_5.bmp,0.6923665404319763,3.0
2425,i21.bmp,i21_06_1.bmp,0.8469805121421814,4.9268
2426,i21.bmp,i21_06_2.bmp,0.7804373502731323,4.381
2427,i21.bmp,i21_06_3.bmp,0.7994011640548706,4.0244
2428,i21.bmp,i21_06_4.bmp,0.7445502281188965,3.5
2429,i21.bmp,i21_06_5.bmp,0.6735830307006836,3.0476
2430,i21.bmp,i21_07_1.bmp,0.7850434184074402,5.0244
2431,i21.bmp,i21_07_2.bmp,0.7657564878463745,4.45
2432,i21.bmp,i21_07_3.bmp,0.7100443840026855,4.1667
2433,i21.bmp,i21_07_4.bmp,0.6994070410728455,3.5952
2434,i21.bmp,i21_07_5.bmp,0.6319578886032104,3.1667
2435,i21.bmp,i21_08_1.bmp,0.9437249898910522,5.5
2436,i21.bmp,i21_08_2.bmp,0.9089584350585938,4.8571
2437,i21.bmp,i21_08_3.bmp,0.8417311906814575,4.1163
2438,i21.bmp,i21_08_4.bmp,0.7303115725517273,3.2326
2439,i21.bmp,i21_08_5.bmp,0.6132376194000244,2.1628
2440,i21.bmp,i21_09_1.bmp,0.7724444270133972,6.075
2441,i21.bmp,i21_09_2.bmp,0.7549406290054321,6.1905
2442,i21.bmp,i21_09_3.bmp,0.7037360072135925,5.3095
2443,i21.bmp,i21_09_4.bmp,0.6157081127166748,3.7674
2444,i21.bmp,i21_09_5.bmp,0.5239719152450562,2.093
2445,i21.bmp,i21_10_1.bmp,0.8796595931053162,6.3095
2446,i21.bmp,i21_10_2.bmp,0.823103129863739,5.881
2447,i21.bmp,i21_10_3.bmp,0.7455329895019531,5.1395
2448,i21.bmp,i21_10_4.bmp,0.6600822806358337,3.2619
2449,i21.bmp,i21_10_5.bmp,0.587660014629364,1.9268
2450,i21.bmp,i21_11_1.bmp,0.8433283567428589,6.122
2451,i21.bmp,i21_11_2.bmp,0.7819069623947144,5.3953
2452,i21.bmp,i21_11_3.bmp,0.6961109638214111,4.6905
2453,i21.bmp,i21_11_4.bmp,0.6257791519165039,3.0
2454,i21.bmp,i21_11_5.bmp,0.48161086440086365,1.0465
2455,i21.bmp,i21_12_1.bmp,0.9652700424194336,5.7907
2456,i21.bmp,i21_12_2.bmp,0.7921172976493835,4.7674
2457,i21.bmp,i21_12_3.bmp,0.9297279119491577,6.0
2458,i21.bmp,i21_12_4.bmp,0.8893707990646362,5.619
2459,i21.bmp,i21_12_5.bmp,0.630004346370697,2.0238
2460,i21.bmp,i21_13_1.bmp,0.8314088582992554,4.4524
2461,i21.bmp,i21_13_2.bmp,0.7665120959281921,3.6905
2462,i21.bmp,i21_13_3.bmp,0.6439681649208069,3.1707
2463,i21.bmp,i21_13_4.bmp,0.5696592330932617,2.3488
2464,i21.bmp,i21_13_5.bmp,0.6249127388000488,2.5581
2465,i21.bmp,i21_14_1.bmp,0.979799211025238,5.907
2466,i21.bmp,i21_14_2.bmp,0.9842489957809448,6.1707
2467,i21.bmp,i21_14_3.bmp,0.9618310332298279,5.9524
2468,i21.bmp,i21_14_4.bmp,0.9284929633140564,4.3333
2469,i21.bmp,i21_14_5.bmp,0.8729567527770996,3.6512
2470,i21.bmp,i21_15_1.bmp,0.9004753828048706,2.8537
2471,i21.bmp,i21_15_2.bmp,0.9167853593826294,3.2683
2472,i21.bmp,i21_15_3.bmp,0.9297024607658386,3.5714
2473,i21.bmp,i21_15_4.bmp,0.9454673528671265,3.7619
2474,i21.bmp,i21_15_5.bmp,0.9489204287528992,3.7143
2475,i21.bmp,i21_16_1.bmp,0.9881997108459473,6.122
2476,i21.bmp,i21_16_2.bmp,0.9812572002410889,5.9302
2477,i21.bmp,i21_16_3.bmp,0.9644804000854492,5.7143
2478,i21.bmp,i21_16_4.bmp,0.9480354189872742,5.1667
2479,i21.bmp,i21_16_5.bmp,0.9170653223991394,4.6744
2480,i21.bmp,i21_17_1.bmp,0.9642823934555054,5.3415
2481,i21.bmp,i21_17_2.bmp,0.9569475054740906,6.2619
2482,i21.bmp,i21_17_3.bmp,0.9078546762466431,4.3571
2483,i21.bmp,i21_17_4.bmp,0.9210609197616577,6.3023
2484,i21.bmp,i21_17_5.bmp,0.9016563892364502,3.55
2485,i21.bmp,i21_18_1.bmp,0.9505741596221924,4.8571
2486,i21.bmp,i21_18_2.bmp,0.9304177165031433,4.3171
2487,i21.bmp,i21_18_3.bmp,0.8900305032730103,4.119
2488,i21.bmp,i21_18_4.bmp,0.7906955480575562,3.6098
2489,i21.bmp,i21_18_5.bmp,0.7184974551200867,3.7857
2490,i21.bmp,i21_19_1.bmp,0.8781518340110779,5.381
2491,i21.bmp,i21_19_2.bmp,0.8447636365890503,4.7907
2492,i21.bmp,i21_19_3.bmp,0.7967147827148438,4.0714
2493,i21.bmp,i21_19_4.bmp,0.7483059763908386,3.6429
2494,i21.bmp,i21_19_5.bmp,0.723521888256073,3.4186
2495,i21.bmp,i21_20_1.bmp,0.948558509349823,5.975
2496,i21.bmp,i21_20_2.bmp,0.9145249128341675,5.6744
2497,i21.bmp,i21_20_3.bmp,0.8661864995956421,5.6905
2498,i21.bmp,i21_20_4.bmp,0.74949711561203,4.8837
2499,i21.bmp,i21_20_5.bmp,0.6543203592300415,3.8372
2500,i21.bmp,i21_21_1.bmp,0.8757737874984741,5.5349
2501,i21.bmp,i21_21_2.bmp,0.8319727182388306,5.1429
2502,i21.bmp,i21_21_3.bmp,0.7533041834831238,4.3095
2503,i21.bmp,i21_21_4.bmp,0.6769291758537292,3.6191
2504,i21.bmp,i21_21_5.bmp,0.5767233371734619,2.7317
2505,i21.bmp,i21_22_1.bmp,0.8620648384094238,5.3571
2506,i21.bmp,i21_22_2.bmp,0.7655142545700073,5.4762
2507,i21.bmp,i21_22_3.bmp,0.7586380839347839,4.4419
2508,i21.bmp,i21_22_4.bmp,0.6655076742172241,3.3721
2509,i21.bmp,i21_22_5.bmp,0.5978277921676636,3.0
2510,i21.bmp,i21_23_1.bmp,0.8888794779777527,6.1163
2511,i21.bmp,i21_23_2.bmp,0.8011215925216675,5.9048
2512,i21.bmp,i21_23_3.bmp,0.768101155757904,5.6744
2513,i21.bmp,i21_23_4.bmp,0.7182161808013916,5.2381
2514,i21.bmp,i21_23_5.bmp,0.6029492616653442,2.8571
2515,i21.bmp,i21_24_1.bmp,0.8449878692626953,5.8837
2516,i21.bmp,i21_24_2.bmp,0.8339382410049438,5.7209
2517,i21.bmp,i21_24_3.bmp,0.767113208770752,5.0
2518,i21.bmp,i21_24_4.bmp,0.6603313684463501,3.0732
2519,i21.bmp,i21_24_5.bmp,0.4275333285331726,0.52381
2520,i22.bmp,i22_01_1.bmp,0.9032812118530273,5.8158
2521,i22.bmp,i22_01_2.bmp,0.8202736377716064,5.2368
2522,i22.bmp,i22_01_3.bmp,0.7988283634185791,4.8461
2523,i22.bmp,i22_01_4.bmp,0.7449318766593933,4.1579
2524,i22.bmp,i22_01_5.bmp,0.6762290000915527,3.718
2525,i22.bmp,i22_02_1.bmp,0.9135971069335938,5.6053
2526,i22.bmp,i22_02_2.bmp,0.8706089854240417,5.8205
2527,i22.bmp,i22_02_3.bmp,0.8273115158081055,5.4737
2528,i22.bmp,i22_02_4.bmp,0.7671189308166504,5.1316
2529,i22.bmp,i22_02_5.bmp,0.7152923941612244,4.5789
2530,i22.bmp,i22_03_1.bmp,0.7665741443634033,4.7949
2531,i22.bmp,i22_03_2.bmp,0.7193284034729004,4.3421
2532,i22.bmp,i22_03_3.bmp,0.6430623531341553,3.6842
2533,i22.bmp,i22_03_4.bmp,0.5633938908576965,3.0769
2534,i22.bmp,i22_03_5.bmp,0.5045266151428223,2.7027
2535,i22.bmp,i22_04_1.bmp,0.9748229384422302,5.7692
2536,i22.bmp,i22_04_2.bmp,0.9582937955856323,5.718
2537,i22.bmp,i22_04_3.bmp,0.9302746653556824,5.4359
2538,i22.bmp,i22_04_4.bmp,0.8907190561294556,5.0
2539,i22.bmp,i22_04_5.bmp,0.8362674713134766,4.3077
2540,i22.bmp,i22_05_1.bmp,0.9328498244285583,5.8684
2541,i22.bmp,i22_05_2.bmp,0.8986983299255371,5.6842
2542,i22.bmp,i22_05_3.bmp,0.8222851753234863,4.8718
2543,i22.bmp,i22_05_4.bmp,0.7116608023643494,4.1842
2544,i22.bmp,i22_05_5.bmp,0.6034469604492188,3.1842
2545,i22.bmp,i22_06_1.bmp,0.8956178426742554,4.7027
2546,i22.bmp,i22_06_2.bmp,0.830657958984375,4.2432
2547,i22.bmp,i22_06_3.bmp,0.7583422660827637,3.7632
2548,i22.bmp,i22_06_4.bmp,0.6781847476959229,3.5676
2549,i22.bmp,i22_06_5.bmp,0.6183667182922363,3.2432
2550,i22.bmp,i22_07_1.bmp,0.897720217704773,5.5897
2551,i22.bmp,i22_07_2.bmp,0.8088479042053223,5.0811
2552,i22.bmp,i22_07_3.bmp,0.6784324049949646,4.5789
2553,i22.bmp,i22_07_4.bmp,0.6271117329597473,3.8947
2554,i22.bmp,i22_07_5.bmp,0.5699360370635986,2.7436
2555,i22.bmp,i22_08_1.bmp,0.9460792541503906,5.4474
2556,i22.bmp,i22_08_2.bmp,0.9021174311637878,4.6316
2557,i22.bmp,i22_08_3.bmp,0.8241989612579346,3.7838
2558,i22.bmp,i22_08_4.bmp,0.6895736455917358,3.1282
2559,i22.bmp,i22_08_5.bmp,0.5229562520980835,2.5385
2560,i22.bmp,i22_09_1.bmp,0.8381294012069702,5.8461
2561,i22.bmp,i22_09_2.bmp,0.7824518084526062,5.5263
2562,i22.bmp,i22_09_3.bmp,0.6847145557403564,4.6216
2563,i22.bmp,i22_09_4.bmp,0.5491582155227661,3.3333
2564,i22.bmp,i22_09_5.bmp,0.47652435302734375,2.0513
2565,i22.bmp,i22_10_1.bmp,0.8774063587188721,5.8378
2566,i22.bmp,i22_10_2.bmp,0.8080278635025024,5.5897
2567,i22.bmp,i22_10_3.bmp,0.6856510043144226,5.0
2568,i22.bmp,i22_10_4.bmp,0.5086500644683838,3.5897
2569,i22.bmp,i22_10_5.bmp,0.4354987144470215,2.0789
2570,i22.bmp,i22_11_1.bmp,0.8629795908927917,5.359
2571,i22.bmp,i22_11_2.bmp,0.7549743056297302,5.5128
2572,i22.bmp,i22_11_3.bmp,0.6109834313392639,4.2632
2573,i22.bmp,i22_11_4.bmp,0.44642186164855957,2.6316
2574,i22.bmp,i22_11_5.bmp,0.3742711544036865,0.86842
2575,i22.bmp,i22_12_1.bmp,0.8365721702575684,5.2632
2576,i22.bmp,i22_12_2.bmp,0.8992923498153687,5.7692
2577,i22.bmp,i22_12_3.bmp,0.8807727694511414,5.7436
2578,i22.bmp,i22_12_4.bmp,0.7283667922019958,4.3684
2579,i22.bmp,i22_12_5.bmp,0.5823473930358887,2.7632
2580,i22.bmp,i22_13_1.bmp,0.8752834796905518,5.2564
2581,i22.bmp,i22_13_2.bmp,0.7605533003807068,4.4359
2582,i22.bmp,i22_13_3.bmp,0.675829291343689,3.6842
2583,i22.bmp,i22_13_4.bmp,0.607930600643158,2.8718
2584,i22.bmp,i22_13_5.bmp,0.5237791538238525,2.5128
2585,i22.bmp,i22_14_1.bmp,0.977118730545044,5.7692
2586,i22.bmp,i22_14_2.bmp,0.9833354949951172,5.8611
2587,i22.bmp,i22_14_3.bmp,0.960946261882782,5.7632
2588,i22.bmp,i22_14_4.bmp,0.9087225198745728,4.6216
2589,i22.bmp,i22_14_5.bmp,0.8866788148880005,4.1026
2590,i22.bmp,i22_15_1.bmp,0.8019237518310547,3.0526
2591,i22.bmp,i22_15_2.bmp,0.8451710939407349,3.0263
2592,i22.bmp,i22_15_3.bmp,0.8729712963104248,3.2162
2593,i22.bmp,i22_15_4.bmp,0.9149252772331238,3.3947
2594,i22.bmp,i22_15_5.bmp,0.9386634230613708,3.7368
2595,i22.bmp,i22_16_1.bmp,0.9907945990562439,5.8649
2596,i22.bmp,i22_16_2.bmp,0.9893069267272949,5.4103
2597,i22.bmp,i22_16_3.bmp,0.9626807570457458,6.0513
2598,i22.bmp,i22_16_4.bmp,0.9615556001663208,4.6053
2599,i22.bmp,i22_16_5.bmp,0.9101322889328003,5.2564
2600,i22.bmp,i22_17_1.bmp,0.9816362857818604,5.3333
2601,i22.bmp,i22_17_2.bmp,0.9690496325492859,6.0
2602,i22.bmp,i22_17_3.bmp,0.9513525366783142,4.2222
2603,i22.bmp,i22_17_4.bmp,0.919403076171875,6.2308
2604,i22.bmp,i22_17_5.bmp,0.9079133868217468,3.3784
2605,i22.bmp,i22_18_1.bmp,0.9685111045837402,5.1539
2606,i22.bmp,i22_18_2.bmp,0.9545226097106934,4.6842
2607,i22.bmp,i22_18_3.bmp,0.9311031699180603,4.2368
2608,i22.bmp,i22_18_4.bmp,0.8908724784851074,3.7632
2609,i22.bmp,i22_18_5.bmp,0.7290173768997192,3.25
2610,i22.bmp,i22_19_1.bmp,0.9239792823791504,5.1316
2611,i22.bmp,i22_19_2.bmp,0.886913001537323,5.1316
2612,i22.bmp,i22_19_3.bmp,0.8454931974411011,4.6667
2613,i22.bmp,i22_19_4.bmp,0.7746333479881287,4.0
2614,i22.bmp,i22_19_5.bmp,0.7162169218063354,3.5897
2615,i22.bmp,i22_20_1.bmp,0.955610990524292,5.7105
2616,i22.bmp,i22_20_2.bmp,0.912679135799408,5.7368
2617,i22.bmp,i22_20_3.bmp,0.8432526588439941,5.5526
2618,i22.bmp,i22_20_4.bmp,0.702562689781189,4.8974
2619,i22.bmp,i22_20_5.bmp,0.6073381900787354,3.6486
2620,i22.bmp,i22_21_1.bmp,0.8881667852401733,5.5789
2621,i22.bmp,i22_21_2.bmp,0.8305932879447937,5.0263
2622,i22.bmp,i22_21_3.bmp,0.7399141192436218,4.6579
2623,i22.bmp,i22_21_4.bmp,0.605771005153656,3.5641
2624,i22.bmp,i22_21_5.bmp,0.5077225565910339,2.6316
2625,i22.bmp,i22_22_1.bmp,0.9247462749481201,5.9231
2626,i22.bmp,i22_22_2.bmp,0.8735718727111816,5.3514
2627,i22.bmp,i22_22_3.bmp,0.7741086483001709,4.8974
2628,i22.bmp,i22_22_4.bmp,0.6534575819969177,4.4474
2629,i22.bmp,i22_22_5.bmp,0.5574443340301514,2.8947
2630,i22.bmp,i22_23_1.bmp,0.9216611385345459,6.3243
2631,i22.bmp,i22_23_2.bmp,0.8369283080101013,6.1316
2632,i22.bmp,i22_23_3.bmp,0.7227253913879395,5.2105
2633,i22.bmp,i22_23_4.bmp,0.6401515603065491,4.4359
2634,i22.bmp,i22_23_5.bmp,0.4795006215572357,2.1026
2635,i22.bmp,i22_24_1.bmp,0.8748275637626648,5.8205
2636,i22.bmp,i22_24_2.bmp,0.8000131845474243,5.4211
2637,i22.bmp,i22_24_3.bmp,0.681687593460083,4.2162
2638,i22.bmp,i22_24_4.bmp,0.5143300294876099,2.2564
2639,i22.bmp,i22_24_5.bmp,0.38702890276908875,0.36842
2640,i23.bmp,i23_01_1.bmp,0.8871378302574158,5.6857
2641,i23.bmp,i23_01_2.bmp,0.8432916402816772,5.0571
2642,i23.bmp,i23_01_3.bmp,0.8036226034164429,4.7647
2643,i23.bmp,i23_01_4.bmp,0.7646943926811218,4.0857
2644,i23.bmp,i23_01_5.bmp,0.7268607020378113,3.7353
2645,i23.bmp,i23_02_1.bmp,0.9013921618461609,6.1471
2646,i23.bmp,i23_02_2.bmp,0.8656885623931885,5.8485
2647,i23.bmp,i23_02_3.bmp,0.828432559967041,5.4571
2648,i23.bmp,i23_02_4.bmp,0.7889470458030701,5.0286
2649,i23.bmp,i23_02_5.bmp,0.7520737648010254,4.3235
2650,i23.bmp,i23_03_1.bmp,0.797974705696106,4.6177
2651,i23.bmp,i23_03_2.bmp,0.7555365562438965,4.1714
2652,i23.bmp,i23_03_3.bmp,0.7183802127838135,3.5588
2653,i23.bmp,i23_03_4.bmp,0.6804103255271912,3.2647
2654,i23.bmp,i23_03_5.bmp,0.6495041847229004,2.6765
2655,i23.bmp,i23_04_1.bmp,0.9813303351402283,5.6177
2656,i23.bmp,i23_04_2.bmp,0.9697893857955933,5.6471
2657,i23.bmp,i23_04_3.bmp,0.9467260241508484,5.3235
2658,i23.bmp,i23_04_4.bmp,0.9173506498336792,4.7941
2659,i23.bmp,i23_04_5.bmp,0.8742520809173584,4.5294
2660,i23.bmp,i23_05_1.bmp,0.9233531951904297,6.0571
2661,i23.bmp,i23_05_2.bmp,0.8886560797691345,5.5
2662,i23.bmp,i23_05_3.bmp,0.8295068740844727,5.0909
2663,i23.bmp,i23_05_4.bmp,0.7705490589141846,4.3143
2664,i23.bmp,i23_05_5.bmp,0.7114748954772949,3.3529
2665,i23.bmp,i23_06_1.bmp,0.79803866147995,4.6177
2666,i23.bmp,i23_06_2.bmp,0.7887802124023438,4.3529
2667,i23.bmp,i23_06_3.bmp,0.7701613903045654,4.0294
2668,i23.bmp,i23_06_4.bmp,0.7445432543754578,3.6176
2669,i23.bmp,i23_06_5.bmp,0.7035343647003174,3.2941
2670,i23.bmp,i23_07_1.bmp,0.8084769248962402,4.9706
2671,i23.bmp,i23_07_2.bmp,0.8048509359359741,3.8485
2672,i23.bmp,i23_07_3.bmp,0.7652248740196228,3.6857
2673,i23.bmp,i23_07_4.bmp,0.7261868715286255,3.4412
2674,i23.bmp,i23_07_5.bmp,0.6951488256454468,2.7879
2675,i23.bmp,i23_08_1.bmp,0.964287519454956,5.9429
2676,i23.bmp,i23_08_2.bmp,0.9370865821838379,5.5294
2677,i23.bmp,i23_08_3.bmp,0.8808441162109375,4.6765
2678,i23.bmp,i23_08_4.bmp,0.7963933944702148,3.9412
2679,i23.bmp,i23_08_5.bmp,0.6939188838005066,2.7714
2680,i23.bmp,i23_09_1.bmp,0.8633413314819336,6.697
2681,i23.bmp,i23_09_2.bmp,0.8402999639511108,6.0571
2682,i23.bmp,i23_09_3.bmp,0.7905492186546326,5.7059
2683,i23.bmp,i23_09_4.bmp,0.7108500003814697,4.2647
2684,i23.bmp,i23_09_5.bmp,0.6175981760025024,2.6471
2685,i23.bmp,i23_10_1.bmp,0.9059745073318481,5.9714
2686,i23.bmp,i23_10_2.bmp,0.8499113321304321,5.7941
2687,i23.bmp,i23_10_3.bmp,0.7615997195243835,5.0294
2688,i23.bmp,i23_10_4.bmp,0.6757092475891113,3.6471
2689,i23.bmp,i23_10_5.bmp,0.5988107919692993,2.4
2690,i23.bmp,i23_11_1.bmp,0.7965768575668335,5.2571
2691,i23.bmp,i23_11_2.bmp,0.7368248701095581,4.5714
2692,i23.bmp,i23_11_3.bmp,0.6750425696372986,3.1176
2693,i23.bmp,i23_11_4.bmp,0.6096476912498474,2.2424
2694,i23.bmp,i23_11_5.bmp,0.4647519588470459,0.82353
2695,i23.bmp,i23_12_1.bmp,0.9187883138656616,5.9697
2696,i23.bmp,i23_12_2.bmp,0.8835659027099609,5.7429
2697,i23.bmp,i23_12_3.bmp,0.8700999617576599,3.8
2698,i23.bmp,i23_12_4.bmp,0.7064058184623718,2.8857
2699,i23.bmp,i23_12_5.bmp,0.5744036436080933,1.8571
2700,i23.bmp,i23_13_1.bmp,0.9068626165390015,4.5429
2701,i23.bmp,i23_13_2.bmp,0.7771590948104858,4.1515
2702,i23.bmp,i23_13_3.bmp,0.7524721026420593,3.3429
2703,i23.bmp,i23_13_4.bmp,0.6485596895217896,2.4706
2704,i23.bmp,i23_13_5.bmp,0.6275765895843506,2.5882
2705,i23.bmp,i23_14_1.bmp,0.9715372920036316,6.0857
2706,i23.bmp,i23_14_2.bmp,0.9811117053031921,6.2941
2707,i23.bmp,i23_14_3.bmp,0.9717168807983398,5.0588
2708,i23.bmp,i23_14_4.bmp,0.9416987895965576,5.0588
2709,i23.bmp,i23_14_5.bmp,0.9133443832397461,3.6
2710,i23.bmp,i23_15_1.bmp,0.8992821574211121,2.9429
2711,i23.bmp,i23_15_2.bmp,0.9125471115112305,2.9714
2712,i23.bmp,i23_15_3.bmp,0.9299806356430054,3.2571
2713,i23.bmp,i23_15_4.bmp,0.945203959941864,3.4118
2714,i23.bmp,i23_15_5.bmp,0.9672045707702637,3.6286
2715,i23.bmp,i23_16_1.bmp,0.9947017431259155,6.3333
2716,i23.bmp,i23_16_2.bmp,0.9875608682632446,5.8286
2717,i23.bmp,i23_16_3.bmp,0.9738782644271851,5.8235
2718,i23.bmp,i23_16_4.bmp,0.9499284029006958,5.2
2719,i23.bmp,i23_16_5.bmp,0.9427568912506104,5.7143
2720,i23.bmp,i23_17_1.bmp,0.9843473434448242,5.6667
2721,i23.bmp,i23_17_2.bmp,0.9689595103263855,6.8
2722,i23.bmp,i23_17_3.bmp,0.959236741065979,4.8286
2723,i23.bmp,i23_17_4.bmp,0.9213818311691284,6.6857
2724,i23.bmp,i23_17_5.bmp,0.9131657481193542,3.8824
2725,i23.bmp,i23_18_1.bmp,0.9796485900878906,5.7647
2726,i23.bmp,i23_18_2.bmp,0.9710733294487,5.6471
2727,i23.bmp,i23_18_3.bmp,0.9617900848388672,5.4412
2728,i23.bmp,i23_18_4.bmp,0.9466680288314819,5.0571
2729,i23.bmp,i23_18_5.bmp,0.9169780611991882,4.3823
2730,i23.bmp,i23_19_1.bmp,0.8829547762870789,5.7143
2731,i23.bmp,i23_19_2.bmp,0.8386876583099365,4.9714
2732,i23.bmp,i23_19_3.bmp,0.7981019020080566,4.6177
2733,i23.bmp,i23_19_4.bmp,0.7582117915153503,3.8857
2734,i23.bmp,i23_19_5.bmp,0.7155894041061401,3.4286
2735,i23.bmp,i23_20_1.bmp,0.9316515922546387,5.6
2736,i23.bmp,i23_20_2.bmp,0.8736492991447449,5.0882
2737,i23.bmp,i23_20_3.bmp,0.8125316500663757,4.0938
2738,i23.bmp,i23_20_4.bmp,0.7426099181175232,3.3429
2739,i23.bmp,i23_20_5.bmp,0.6645714640617371,2.6571
2740,i23.bmp,i23_21_1.bmp,0.8629710674285889,5.6
2741,i23.bmp,i23_21_2.bmp,0.8142992258071899,4.7941
2742,i23.bmp,i23_21_3.bmp,0.7189488410949707,4.1212
2743,i23.bmp,i23_21_4.bmp,0.6789119243621826,3.5143
2744,i23.bmp,i23_21_5.bmp,0.5680210590362549,2.4118
2745,i23.bmp,i23_22_1.bmp,0.9246630072593689,6.1765
2746,i23.bmp,i23_22_2.bmp,0.8772106170654297,5.8857
2747,i23.bmp,i23_22_3.bmp,0.8401584029197693,5.0294
2748,i23.bmp,i23_22_4.bmp,0.7866777181625366,4.6471
2749,i23.bmp,i23_22_5.bmp,0.6910429000854492,4.0
2750,i23.bmp,i23_23_1.bmp,0.925675094127655,6.303
2751,i23.bmp,i23_23_2.bmp,0.8621804714202881,5.9118
2752,i23.bmp,i23_23_3.bmp,0.7839522361755371,5.1714
2753,i23.bmp,i23_23_4.bmp,0.6916269063949585,3.7576
2754,i23.bmp,i23_23_5.bmp,0.5581455230712891,3.0
2755,i23.bmp,i23_24_1.bmp,0.8763481974601746,5.8529
2756,i23.bmp,i23_24_2.bmp,0.8056628704071045,4.7353
2757,i23.bmp,i23_24_3.bmp,0.7217808961868286,3.6765
2758,i23.bmp,i23_24_4.bmp,0.5357171297073364,1.7273
2759,i23.bmp,i23_24_5.bmp,0.5016619563102722,0.78788
2760,i24.bmp,i24_01_1.bmp,0.8307205438613892,5.8857
2761,i24.bmp,i24_01_2.bmp,0.7799673080444336,5.0556
2762,i24.bmp,i24_01_3.bmp,0.7086701393127441,4.7222
2763,i24.bmp,i24_01_4.bmp,0.6392428278923035,4.1429
2764,i24.bmp,i24_01_5.bmp,0.56825852394104,3.5833
2765,i24.bmp,i24_02_1.bmp,0.84983229637146,6.4444
2766,i24.bmp,i24_02_2.bmp,0.7961339950561523,5.9118
2767,i24.bmp,i24_02_3.bmp,0.7450447082519531,5.1389
2768,i24.bmp,i24_02_4.bmp,0.673052191734314,5.0857
2769,i24.bmp,i24_02_5.bmp,0.608977735042572,4.5278
2770,i24.bmp,i24_03_1.bmp,0.6899147033691406,4.8
2771,i24.bmp,i24_03_2.bmp,0.6254302263259888,4.2571
2772,i24.bmp,i24_03_3.bmp,0.5382497310638428,3.8286
2773,i24.bmp,i24_03_4.bmp,0.4800910949707031,3.2857
2774,i24.bmp,i24_03_5.bmp,0.43386363983154297,2.6944
2775,i24.bmp,i24_04_1.bmp,0.9683071970939636,5.8571
2776,i24.bmp,i24_04_2.bmp,0.9493298530578613,5.8333
2777,i24.bmp,i24_04_3.bmp,0.9079704284667969,5.5294
2778,i24.bmp,i24_04_4.bmp,0.8572863340377808,5.1667
2779,i24.bmp,i24_04_5.bmp,0.8010715842247009,4.5714
2780,i24.bmp,i24_05_1.bmp,0.8860783576965332,5.8056
2781,i24.bmp,i24_05_2.bmp,0.8403669595718384,5.3333
2782,i24.bmp,i24_05_3.bmp,0.7471105456352234,5.1389
2783,i24.bmp,i24_05_4.bmp,0.6415794491767883,4.0286
2784,i24.bmp,i24_05_5.bmp,0.5250475406646729,3.25
2785,i24.bmp,i24_06_1.bmp,0.853667140007019,4.6471
2786,i24.bmp,i24_06_2.bmp,0.7755389213562012,4.3714
2787,i24.bmp,i24_06_3.bmp,0.6953877210617065,3.9714
2788,i24.bmp,i24_06_4.bmp,0.6049799919128418,3.6667
2789,i24.bmp,i24_06_5.bmp,0.5251347422599792,3.2857
2790,i24.bmp,i24_07_1.bmp,0.8162217140197754,5.5278
2791,i24.bmp,i24_07_2.bmp,0.741705060005188,4.5714
2792,i24.bmp,i24_07_3.bmp,0.6347278356552124,4.0882
2793,i24.bmp,i24_07_4.bmp,0.58381187915802,2.8857
2794,i24.bmp,i24_07_5.bmp,0.5135949850082397,2.4444
2795,i24.bmp,i24_08_1.bmp,0.938800036907196,5.9444
2796,i24.bmp,i24_08_2.bmp,0.8926032781600952,4.9714
2797,i24.bmp,i24_08_3.bmp,0.8031641840934753,4.0571
2798,i24.bmp,i24_08_4.bmp,0.6289993524551392,3.1765
2799,i24.bmp,i24_08_5.bmp,0.4641079604625702,2.6176
2800,i24.bmp,i24_09_1.bmp,0.7969340085983276,6.0
2801,i24.bmp,i24_09_2.bmp,0.7378455996513367,5.2941
2802,i24.bmp,i24_09_3.bmp,0.6155573129653931,4.5278
2803,i24.bmp,i24_09_4.bmp,0.47795113921165466,3.3889
2804,i24.bmp,i24_09_5.bmp,0.40078091621398926,2.0
2805,i24.bmp,i24_10_1.bmp,0.8426865935325623,5.8857
2806,i24.bmp,i24_10_2.bmp,0.7767348289489746,5.8286
2807,i24.bmp,i24_10_3.bmp,0.6318279504776001,4.6571
2808,i24.bmp,i24_10_4.bmp,0.4767410159111023,3.2778
2809,i24.bmp,i24_10_5.bmp,0.4218742847442627,1.8529
2810,i24.bmp,i24_11_1.bmp,0.8123530149459839,5.4
2811,i24.bmp,i24_11_2.bmp,0.7072519063949585,4.697
2812,i24.bmp,i24_11_3.bmp,0.5759772658348083,4.0294
2813,i24.bmp,i24_11_4.bmp,0.43482011556625366,2.5714
2814,i24.bmp,i24_11_5.bmp,0.37154945731163025,0.91667
2815,i24.bmp,i24_12_1.bmp,0.786327600479126,5.6857
2816,i24.bmp,i24_12_2.bmp,0.9433249235153198,6.0857
2817,i24.bmp,i24_12_3.bmp,0.8716781139373779,5.4848
2818,i24.bmp,i24_12_4.bmp,0.6283882856369019,3.5
2819,i24.bmp,i24_12_5.bmp,0.5505684614181519,2.5833
2820,i24.bmp,i24_13_1.bmp,0.8197779655456543,4.0588
2821,i24.bmp,i24_13_2.bmp,0.6197035312652588,3.7429
2822,i24.bmp,i24_13_3.bmp,0.5601076483726501,3.3143
2823,i24.bmp,i24_13_4.bmp,0.5065430402755737,2.8889
2824,i24.bmp,i24_13_5.bmp,0.5165521502494812,2.5
2825,i24.bmp,i24_14_1.bmp,0.9613317251205444,6.0
2826,i24.bmp,i24_14_2.bmp,0.9800159931182861,5.9714
2827,i24.bmp,i24_14_3.bmp,0.9546774625778198,5.3429
2828,i24.bmp,i24_14_4.bmp,0.9137346148490906,5.1389
2829,i24.bmp,i24_14_5.bmp,0.8729676008224487,4.6389
2830,i24.bmp,i24_15_1.bmp,0.902570366859436,4.0278
2831,i24.bmp,i24_15_2.bmp,0.912760853767395,4.4
2832,i24.bmp,i24_15_3.bmp,0.9130272269248962,3.8857
2833,i24.bmp,i24_15_4.bmp,0.9319499731063843,3.6667
2834,i24.bmp,i24_15_5.bmp,0.9443331956863403,3.3889
2835,i24.bmp,i24_16_1.bmp,0.9902037382125854,5.9714
2836,i24.bmp,i24_16_2.bmp,0.9849028587341309,6.1111
2837,i24.bmp,i24_16_3.bmp,0.9641005396842957,5.4571
2838,i24.bmp,i24_16_4.bmp,0.9635359644889832,5.6111
2839,i24.bmp,i24_16_5.bmp,0.9193329811096191,4.8857
2840,i24.bmp,i24_17_1.bmp,0.9826008081436157,5.75
2841,i24.bmp,i24_17_2.bmp,0.9710882902145386,6.4722
2842,i24.bmp,i24_17_3.bmp,0.9607509970664978,4.8056
2843,i24.bmp,i24_17_4.bmp,0.9412926435470581,6.7222
2844,i24.bmp,i24_17_5.bmp,0.9088945388793945,3.6
2845,i24.bmp,i24_18_1.bmp,0.9287208318710327,4.8
2846,i24.bmp,i24_18_2.bmp,0.8779001235961914,4.3939
2847,i24.bmp,i24_18_3.bmp,0.716606855392456,3.9118
2848,i24.bmp,i24_18_4.bmp,0.6570203900337219,4.1143
2849,i24.bmp,i24_18_5.bmp,0.6520289182662964,3.7941
2850,i24.bmp,i24_19_1.bmp,0.839748740196228,5.5714
2851,i24.bmp,i24_19_2.bmp,0.7854790091514587,5.1765
2852,i24.bmp,i24_19_3.bmp,0.7169164419174194,4.7778
2853,i24.bmp,i24_19_4.bmp,0.640530526638031,4.0882
2854,i24.bmp,i24_19_5.bmp,0.5539678931236267,3.8571
2855,i24.bmp,i24_20_1.bmp,0.8789557218551636,6.1429
2856,i24.bmp,i24_20_2.bmp,0.8046832084655762,5.6111
2857,i24.bmp,i24_20_3.bmp,0.7237147092819214,5.1714
2858,i24.bmp,i24_20_4.bmp,0.6097186803817749,4.0286
2859,i24.bmp,i24_20_5.bmp,0.5514804720878601,3.5143
2860,i24.bmp,i24_21_1.bmp,0.7876951694488525,5.7778
2861,i24.bmp,i24_21_2.bmp,0.7011345624923706,4.8286
2862,i24.bmp,i24_21_3.bmp,0.6135798096656799,4.1429
2863,i24.bmp,i24_21_4.bmp,0.5358778238296509,3.3611
2864,i24.bmp,i24_21_5.bmp,0.4438776969909668,2.6857
2865,i24.bmp,i24_22_1.bmp,0.8622158765792847,5.7714
2866,i24.bmp,i24_22_2.bmp,0.7782279849052429,5.0294
2867,i24.bmp,i24_22_3.bmp,0.6650980114936829,4.6177
2868,i24.bmp,i24_22_4.bmp,0.5474905371665955,3.3333
2869,i24.bmp,i24_22_5.bmp,0.4951320290565491,2.7429
2870,i24.bmp,i24_23_1.bmp,0.8534750938415527,5.8
2871,i24.bmp,i24_23_2.bmp,0.7386527061462402,6.0278
2872,i24.bmp,i24_23_3.bmp,0.6293086409568787,5.6857
2873,i24.bmp,i24_23_4.bmp,0.5389711260795593,5.0882
2874,i24.bmp,i24_23_5.bmp,0.40896186232566833,2.2941
2875,i24.bmp,i24_24_1.bmp,0.8098437786102295,5.7059
2876,i24.bmp,i24_24_2.bmp,0.6810817718505859,5.3429
2877,i24.bmp,i24_24_3.bmp,0.582198977470398,4.3429
2878,i24.bmp,i24_24_4.bmp,0.47131437063217163,2.7429
2879,i24.bmp,i24_24_5.bmp,0.39116665720939636,0.41667
2880,i25.bmp,i25_01_1.bmp,0.7591935992240906,5.1429
2881,i25.bmp,i25_01_2.bmp,0.7352208495140076,4.6765
2882,i25.bmp,i25_01_3.bmp,0.6911270022392273,4.4
2883,i25.bmp,i25_01_4.bmp,0.6608805656433105,3.8857
2884,i25.bmp,i25_01_5.bmp,0.6320837736129761,3.4444
2885,i25.bmp,i25_02_1.bmp,0.8017866015434265,5.5429
2886,i25.bmp,i25_02_2.bmp,0.7683496475219727,5.2778
2887,i25.bmp,i25_02_3.bmp,0.7248951196670532,5.25
2888,i25.bmp,i25_02_4.bmp,0.6965116262435913,4.4571
2889,i25.bmp,i25_02_5.bmp,0.6578042507171631,3.7714
2890,i25.bmp,i25_03_1.bmp,0.7113065719604492,4.0
2891,i25.bmp,i25_03_2.bmp,0.6743656992912292,3.5833
2892,i25.bmp,i25_03_3.bmp,0.6300140619277954,3.25
2893,i25.bmp,i25_03_4.bmp,0.5983354449272156,2.9143
2894,i25.bmp,i25_03_5.bmp,0.5645012855529785,2.4167
2895,i25.bmp,i25_04_1.bmp,0.9837017059326172,6.3939
2896,i25.bmp,i25_04_2.bmp,0.9711704254150391,6.1667
2897,i25.bmp,i25_04_3.bmp,0.9527980089187622,5.8889
2898,i25.bmp,i25_04_4.bmp,0.9201635122299194,5.5
2899,i25.bmp,i25_04_5.bmp,0.8699244856834412,5.2353
2900,i25.bmp,i25_05_1.bmp,0.8159124851226807,5.3333
2901,i25.bmp,i25_05_2.bmp,0.7772101163864136,5.2571
2902,i25.bmp,i25_05_3.bmp,0.7148131132125854,4.6111
2903,i25.bmp,i25_05_4.bmp,0.6576266288757324,3.8571
2904,i25.bmp,i25_05_5.bmp,0.6014173030853271,2.75
2905,i25.bmp,i25_06_1.bmp,0.8592624068260193,4.4
2906,i25.bmp,i25_06_2.bmp,0.7787537574768066,4.2857
2907,i25.bmp,i25_06_3.bmp,0.6998245120048523,3.7059
2908,i25.bmp,i25_06_4.bmp,0.6478147506713867,3.4722
2909,i25.bmp,i25_06_5.bmp,0.6083205938339233,3.0278
2910,i25.bmp,i25_07_1.bmp,0.922034740447998,3.5
2911,i25.bmp,i25_07_2.bmp,0.9015156626701355,3.1429
2912,i25.bmp,i25_07_3.bmp,0.8801968097686768,3.0303
2913,i25.bmp,i25_07_4.bmp,0.8604437708854675,2.7143
2914,i25.bmp,i25_07_5.bmp,0.8027323484420776,2.7429
2915,i25.bmp,i25_08_1.bmp,0.9478253126144409,5.5294
2916,i25.bmp,i25_08_2.bmp,0.8820444941520691,5.0556
2917,i25.bmp,i25_08_3.bmp,0.7767404317855835,4.2941
2918,i25.bmp,i25_08_4.bmp,0.6644606590270996,3.1765
2919,i25.bmp,i25_08_5.bmp,0.5622180700302124,1.9444
2920,i25.bmp,i25_09_1.bmp,0.9064384698867798,5.8333
2921,i25.bmp,i25_09_2.bmp,0.8673192858695984,5.2
2922,i25.bmp,i25_09_3.bmp,0.8172590732574463,4.2286
2923,i25.bmp,i25_09_4.bmp,0.7343198657035828,3.1176
2924,i25.bmp,i25_09_5.bmp,0.5983937978744507,1.3333
2925,i25.bmp,i25_10_1.bmp,0.9208347201347351,5.8571
2926,i25.bmp,i25_10_2.bmp,0.9092001914978027,5.5714
2927,i25.bmp,i25_10_3.bmp,0.8419904708862305,4.2571
2928,i25.bmp,i25_10_4.bmp,0.7662814855575562,2.1471
2929,i25.bmp,i25_10_5.bmp,0.6592100858688354,1.4722
2930,i25.bmp,i25_11_1.bmp,0.945830225944519,6.0857
2931,i25.bmp,i25_11_2.bmp,0.9274401664733887,5.8611
2932,i25.bmp,i25_11_3.bmp,0.8712819814682007,5.3611
2933,i25.bmp,i25_11_4.bmp,0.8266668319702148,4.9722
2934,i25.bmp,i25_11_5.bmp,0.7540111541748047,4.6
2935,i25.bmp,i25_12_1.bmp,0.9270867109298706,6.0278
2936,i25.bmp,i25_12_2.bmp,0.9276998043060303,5.8
2937,i25.bmp,i25_12_3.bmp,0.8693060874938965,4.8333
2938,i25.bmp,i25_12_4.bmp,0.8675658106803894,5.0303
2939,i25.bmp,i25_12_5.bmp,0.8763302564620972,4.6667
2940,i25.bmp,i25_13_1.bmp,0.8080815076828003,4.8286
2941,i25.bmp,i25_13_2.bmp,0.815555989742279,5.7143
2942,i25.bmp,i25_13_3.bmp,0.706903874874115,3.6857
2943,i25.bmp,i25_13_4.bmp,0.7637234926223755,4.5714
2944,i25.bmp,i25_13_5.bmp,0.7816156148910522,3.0286
2945,i25.bmp,i25_14_1.bmp,0.9933018088340759,5.7143
2946,i25.bmp,i25_14_2.bmp,0.9630557894706726,5.1429
2947,i25.bmp,i25_14_3.bmp,0.9539793729782104,5.0882
2948,i25.bmp,i25_14_4.bmp,0.8916192054748535,3.8286
2949,i25.bmp,i25_14_5.bmp,0.8596346378326416,3.1111
2950,i25.bmp,i25_15_1.bmp,0.9193331599235535,3.2778
2951,i25.bmp,i25_15_2.bmp,0.9189106822013855,2.9394
2952,i25.bmp,i25_15_3.bmp,0.9328346252441406,3.5278
2953,i25.bmp,i25_15_4.bmp,0.9383780360221863,3.9706
2954,i25.bmp,i25_15_5.bmp,0.9576236009597778,4.1429
2955,i25.bmp,i25_16_1.bmp,0.9939844608306885,5.9167
2956,i25.bmp,i25_16_2.bmp,0.986728847026825,6.4167
2957,i25.bmp,i25_16_3.bmp,0.9778510332107544,5.7714
2958,i25.bmp,i25_16_4.bmp,0.9543523788452148,5.5556
2959,i25.bmp,i25_16_5.bmp,0.9432345628738403,4.4706
2960,i25.bmp,i25_17_1.bmp,0.9802152514457703,5.6111
2961,i25.bmp,i25_17_2.bmp,0.9783942103385925,6.8571
2962,i25.bmp,i25_17_3.bmp,0.951556384563446,4.4857
2963,i25.bmp,i25_17_4.bmp,0.9564433097839355,6.3889
2964,i25.bmp,i25_17_5.bmp,0.8947200775146484,3.2857
2965,i25.bmp,i25_18_1.bmp,0.9640883207321167,5.6111
2966,i25.bmp,i25_18_2.bmp,0.9519033432006836,5.0588
2967,i25.bmp,i25_18_3.bmp,0.9413321018218994,4.4444
2968,i25.bmp,i25_18_4.bmp,0.9124059677124023,4.0
2969,i25.bmp,i25_18_5.bmp,0.8489854335784912,2.6765
2970,i25.bmp,i25_19_1.bmp,0.7786414623260498,5.1667
2971,i25.bmp,i25_19_2.bmp,0.7399221658706665,4.2857
2972,i25.bmp,i25_19_3.bmp,0.7053579688072205,3.8333
2973,i25.bmp,i25_19_4.bmp,0.6735541224479675,3.7941
2974,i25.bmp,i25_19_5.bmp,0.634262204170227,3.3429
2975,i25.bmp,i25_20_1.bmp,0.9518585205078125,5.6765
2976,i25.bmp,i25_20_2.bmp,0.9374424815177917,5.5429
2977,i25.bmp,i25_20_3.bmp,0.9177038073539734,5.0
2978,i25.bmp,i25_20_4.bmp,0.8932615518569946,4.9722
2979,i25.bmp,i25_20_5.bmp,0.830329418182373,4.0571
2980,i25.bmp,i25_21_1.bmp,0.7938772439956665,5.1714
2981,i25.bmp,i25_21_2.bmp,0.7429613471031189,4.4571
2982,i25.bmp,i25_21_3.bmp,0.7699184417724609,4.8857
2983,i25.bmp,i25_21_4.bmp,0.6486555337905884,3.4286
2984,i25.bmp,i25_21_5.bmp,0.6300520300865173,2.9143
2985,i25.bmp,i25_22_1.bmp,0.8616105914115906,4.8056
2986,i25.bmp,i25_22_2.bmp,0.8393360376358032,4.25
2987,i25.bmp,i25_22_3.bmp,0.8018687963485718,3.7941
2988,i25.bmp,i25_22_4.bmp,0.7574515342712402,3.4
2989,i25.bmp,i25_22_5.bmp,0.7374569177627563,2.7941
2990,i25.bmp,i25_23_1.bmp,0.9869174361228943,6.3056
2991,i25.bmp,i25_23_2.bmp,0.9655932188034058,6.2778
2992,i25.bmp,i25_23_3.bmp,0.9397465586662292,6.1714
2993,i25.bmp,i25_23_4.bmp,0.9146064519882202,6.1429
2994,i25.bmp,i25_23_5.bmp,0.8831170797348022,5.9714
2995,i25.bmp,i25_24_1.bmp,0.8624796271324158,5.6571
2996,i25.bmp,i25_24_2.bmp,0.8163382411003113,5.4444
2997,i25.bmp,i25_24_3.bmp,0.7568567991256714,4.6286
2998,i25.bmp,i25_24_4.bmp,0.6987648010253906,4.0278
2999,i25.bmp,i25_24_5.bmp,0.6446054577827454,2.7714
