idx,ref_img_path,dis_img_path,score,mos_label
0,i01.bmp,i01_01_1.bmp,0.9539284110069275,5.5143
1,i01.bmp,i01_01_2.bmp,0.9302415251731873,5.5676
2,i01.bmp,i01_01_3.bmp,0.8987621665000916,4.9444
3,i01.bmp,i01_01_4.bmp,0.8554078936576843,4.3784
4,i01.bmp,i01_01_5.bmp,0.8138197064399719,3.8649
5,i01.bmp,i01_02_1.bmp,0.9692361950874329,6.0286
6,i01.bmp,i01_02_2.bmp,0.9508237242698669,6.1081
7,i01.bmp,i01_02_3.bmp,0.9217035174369812,5.3889
8,i01.bmp,i01_02_4.bmp,0.8905532956123352,4.7143
9,i01.bmp,i01_02_5.bmp,0.8515190482139587,4.3611
10,i01.bmp,i01_03_1.bmp,0.8904975056648254,4.7714
11,i01.bmp,i01_03_2.bmp,0.8520062565803528,4.2703
12,i01.bmp,i01_03_3.bmp,0.8047233819961548,3.7027
13,i01.bmp,i01_03_4.bmp,0.7559191584587097,3.1944
14,i01.bmp,i01_03_5.bmp,0.7018503546714783,2.7143
15,i01.bmp,i01_04_1.bmp,0.9940583109855652,5.9714
16,i01.bmp,i01_04_2.bmp,0.9907904863357544,5.7568
17,i01.bmp,i01_04_3.bmp,0.9830772280693054,5.2703
18,i01.bmp,i01_04_4.bmp,0.9713310599327087,5.2432
19,i01.bmp,i01_04_5.bmp,0.9466952681541443,4.7143
20,i01.bmp,i01_05_1.bmp,0.9795923233032227,5.9189
21,i01.bmp,i01_05_2.bmp,0.9656187295913696,5.7027
22,i01.bmp,i01_05_3.bmp,0.9256658554077148,5.0833
23,i01.bmp,i01_05_4.bmp,0.8650506138801575,4.1389
24,i01.bmp,i01_05_5.bmp,0.778870701789856,3.1389
25,i01.bmp,i01_06_1.bmp,0.9476548433303833,4.0
26,i01.bmp,i01_06_2.bmp,0.9228909611701965,3.8919
27,i01.bmp,i01_06_3.bmp,0.8929373025894165,3.7297
28,i01.bmp,i01_06_4.bmp,0.8508635759353638,3.4857
29,i01.bmp,i01_06_5.bmp,0.8051090240478516,2.9444
30,i01.bmp,i01_07_1.bmp,0.9491098523139954,5.0833
31,i01.bmp,i01_07_2.bmp,0.9164363741874695,4.75
32,i01.bmp,i01_07_3.bmp,0.8758309483528137,4.0
33,i01.bmp,i01_07_4.bmp,0.8360450863838196,3.2222
34,i01.bmp,i01_07_5.bmp,0.7634201645851135,2.1944
35,i01.bmp,i01_08_1.bmp,0.9798514246940613,5.1892
36,i01.bmp,i01_08_2.bmp,0.9500603079795837,4.4722
37,i01.bmp,i01_08_3.bmp,0.8782950639724731,3.4865
38,i01.bmp,i01_08_4.bmp,0.7628733515739441,3.0
39,i01.bmp,i01_08_5.bmp,0.647042453289032,2.1111
40,i01.bmp,i01_09_1.bmp,0.9395937323570251,6.0833
41,i01.bmp,i01_09_2.bmp,0.9023430943489075,5.1667
42,i01.bmp,i01_09_3.bmp,0.8362197875976562,4.4286
43,i01.bmp,i01_09_4.bmp,0.7392973303794861,2.8108
44,i01.bmp,i01_09_5.bmp,0.6308701634407043,1.5405
45,i01.bmp,i01_10_1.bmp,0.9679054617881775,5.973
46,i01.bmp,i01_10_2.bmp,0.9413291811943054,5.9459
47,i01.bmp,i01_10_3.bmp,0.8813434839248657,4.9167
48,i01.bmp,i01_10_4.bmp,0.7565297484397888,3.2162
49,i01.bmp,i01_10_5.bmp,0.6717383861541748,2.0811
50,i01.bmp,i01_11_1.bmp,0.9640313386917114,5.9143
51,i01.bmp,i01_11_2.bmp,0.9362251162528992,5.6757
52,i01.bmp,i01_11_3.bmp,0.8973702788352966,4.6944
53,i01.bmp,i01_11_4.bmp,0.7594234943389893,3.6757
54,i01.bmp,i01_11_5.bmp,0.6118783950805664,1.4595
55,i01.bmp,i01_12_1.bmp,0.9677392840385437,5.9459
56,i01.bmp,i01_12_2.bmp,0.962216317653656,5.8649
57,i01.bmp,i01_12_3.bmp,0.8875078558921814,4.2162
58,i01.bmp,i01_12_4.bmp,0.8304584622383118,3.8333
59,i01.bmp,i01_12_5.bmp,0.7803382277488708,3.4324
60,i01.bmp,i01_13_1.bmp,0.9631673693656921,5.4595
61,i01.bmp,i01_13_2.bmp,0.8914392590522766,3.9143
62,i01.bmp,i01_13_3.bmp,0.8220967650413513,3.2778
63,i01.bmp,i01_13_4.bmp,0.801313042640686,3.1667
64,i01.bmp,i01_13_5.bmp,0.7983881831169128,3.1081
65,i01.bmp,i01_14_1.bmp,0.9749462008476257,5.6944
66,i01.bmp,i01_14_2.bmp,0.9845000505447388,6.0541
67,i01.bmp,i01_14_3.bmp,0.954026997089386,5.7568
68,i01.bmp,i01_14_4.bmp,0.9263715147972107,5.5556
69,i01.bmp,i01_14_5.bmp,0.8789472579956055,4.4706
70,i01.bmp,i01_15_1.bmp,0.8603233695030212,2.8333
71,i01.bmp,i01_15_2.bmp,0.8778616189956665,2.8286
72,i01.bmp,i01_15_3.bmp,0.8950569033622742,3.1081
73,i01.bmp,i01_15_4.bmp,0.9189518094062805,3.5833
74,i01.bmp,i01_15_5.bmp,0.9336215853691101,3.8919
75,i01.bmp,i01_16_1.bmp,0.9950140118598938,5.8056
76,i01.bmp,i01_16_2.bmp,0.9905611872673035,6.0541
77,i01.bmp,i01_16_3.bmp,0.975010335445404,4.8889
78,i01.bmp,i01_16_4.bmp,0.96843022108078,5.0278
79,i01.bmp,i01_16_5.bmp,0.9294655919075012,4.1944
80,i01.bmp,i01_17_1.bmp,0.9860236048698425,5.3514
81,i01.bmp,i01_17_2.bmp,0.9751195311546326,6.6216
82,i01.bmp,i01_17_3.bmp,0.9530887603759766,4.0811
83,i01.bmp,i01_17_4.bmp,0.9299112558364868,6.2432
84,i01.bmp,i01_17_5.bmp,0.8638763427734375,2.9714
85,i01.bmp,i01_18_1.bmp,0.9711233973503113,4.6216
86,i01.bmp,i01_18_2.bmp,0.9528299570083618,4.2222
87,i01.bmp,i01_18_3.bmp,0.9165844321250916,3.7714
88,i01.bmp,i01_18_4.bmp,0.8569571375846863,3.4722
89,i01.bmp,i01_18_5.bmp,0.8330402374267578,3.4167
90,i01.bmp,i01_19_1.bmp,0.9634001851081848,5.9444
91,i01.bmp,i01_19_2.bmp,0.9389961361885071,5.4722
92,i01.bmp,i01_19_3.bmp,0.9087323546409607,5.0811
93,i01.bmp,i01_19_4.bmp,0.8688263297080994,4.5278
94,i01.bmp,i01_19_5.bmp,0.8276225328445435,3.9444
95,i01.bmp,i01_20_1.bmp,0.9845924377441406,5.8571
96,i01.bmp,i01_20_2.bmp,0.9728496670722961,5.8333
97,i01.bmp,i01_20_3.bmp,0.948908269405365,6.0278
98,i01.bmp,i01_20_4.bmp,0.9024844169616699,5.0833
99,i01.bmp,i01_20_5.bmp,0.8196372985839844,4.3333
100,i01.bmp,i01_21_1.bmp,0.9472640156745911,5.7027
101,i01.bmp,i01_21_2.bmp,0.918816089630127,5.2778
102,i01.bmp,i01_21_3.bmp,0.8683916926383972,4.6757
103,i01.bmp,i01_21_4.bmp,0.8137372136116028,4.0571
104,i01.bmp,i01_21_5.bmp,0.7261257171630859,3.0541
105,i01.bmp,i01_22_1.bmp,0.9546676874160767,5.5556
106,i01.bmp,i01_22_2.bmp,0.9150577783584595,5.1892
107,i01.bmp,i01_22_3.bmp,0.8827558755874634,4.3056
108,i01.bmp,i01_22_4.bmp,0.830129086971283,3.1622
109,i01.bmp,i01_22_5.bmp,0.7060558199882507,2.1944
110,i01.bmp,i01_23_1.bmp,0.9587599039077759,6.2857
111,i01.bmp,i01_23_2.bmp,0.9215049743652344,5.6111
112,i01.bmp,i01_23_3.bmp,0.8876528739929199,5.7778
113,i01.bmp,i01_23_4.bmp,0.8218246698379517,4.8056
114,i01.bmp,i01_23_5.bmp,0.6618571281433105,2.4054
115,i01.bmp,i01_24_1.bmp,0.9482908248901367,5.7027
116,i01.bmp,i01_24_2.bmp,0.9090970158576965,5.5833
117,i01.bmp,i01_24_3.bmp,0.8528667688369751,5.1081
118,i01.bmp,i01_24_4.bmp,0.7475379109382629,3.0811
119,i01.bmp,i01_24_5.bmp,0.6211836934089661,0.45946
120,i02.bmp,i02_01_1.bmp,0.9500360488891602,5.7429
121,i02.bmp,i02_01_2.bmp,0.9245970845222473,5.3429
122,i02.bmp,i02_01_3.bmp,0.8824057579040527,5.2222
123,i02.bmp,i02_01_4.bmp,0.8295202255249023,4.1944
124,i02.bmp,i02_01_5.bmp,0.7754614353179932,3.973
125,i02.bmp,i02_02_1.bmp,0.9755282402038574,6.0556
126,i02.bmp,i02_02_2.bmp,0.9593178033828735,6.0541
127,i02.bmp,i02_02_3.bmp,0.9295015335083008,5.8889
128,i02.bmp,i02_02_4.bmp,0.8908422589302063,5.2973
129,i02.bmp,i02_02_5.bmp,0.8372716903686523,4.3889
130,i02.bmp,i02_03_1.bmp,0.883638858795166,4.8
131,i02.bmp,i02_03_2.bmp,0.8320143818855286,4.4324
132,i02.bmp,i02_03_3.bmp,0.7766817212104797,3.8378
133,i02.bmp,i02_03_4.bmp,0.7139843106269836,3.5278
134,i02.bmp,i02_03_5.bmp,0.6553964614868164,2.9189
135,i02.bmp,i02_04_1.bmp,0.9906463027000427,6.2857
136,i02.bmp,i02_04_2.bmp,0.9821437001228333,6.1622
137,i02.bmp,i02_04_3.bmp,0.9683181643486023,5.1944
138,i02.bmp,i02_04_4.bmp,0.942924439907074,4.7429
139,i02.bmp,i02_04_5.bmp,0.8982440233230591,4.2857
140,i02.bmp,i02_05_1.bmp,0.975376546382904,6.1177
141,i02.bmp,i02_05_2.bmp,0.9582008719444275,6.1111
142,i02.bmp,i02_05_3.bmp,0.911565899848938,5.4324
143,i02.bmp,i02_05_4.bmp,0.8374847769737244,4.3784
144,i02.bmp,i02_05_5.bmp,0.7374568581581116,3.4167
145,i02.bmp,i02_06_1.bmp,0.9425339102745056,4.5556
146,i02.bmp,i02_06_2.bmp,0.910068929195404,4.2778
147,i02.bmp,i02_06_3.bmp,0.8641902208328247,3.7297
148,i02.bmp,i02_06_4.bmp,0.8076349496841431,3.4857
149,i02.bmp,i02_06_5.bmp,0.7454432845115662,3.1081
150,i02.bmp,i02_07_1.bmp,0.9427270293235779,5.9143
151,i02.bmp,i02_07_2.bmp,0.8963271379470825,5.5833
152,i02.bmp,i02_07_3.bmp,0.8489143252372742,3.7647
153,i02.bmp,i02_07_4.bmp,0.8031736612319946,3.7568
154,i02.bmp,i02_07_5.bmp,0.755403459072113,2.8571
155,i02.bmp,i02_08_1.bmp,0.9824972152709961,6.1081
156,i02.bmp,i02_08_2.bmp,0.9572473764419556,5.1667
157,i02.bmp,i02_08_3.bmp,0.8967806100845337,4.5429
158,i02.bmp,i02_08_4.bmp,0.7836646437644958,3.8378
159,i02.bmp,i02_08_5.bmp,0.67029869556427,3.027
160,i02.bmp,i02_09_1.bmp,0.9110381007194519,6.0
161,i02.bmp,i02_09_2.bmp,0.8761675953865051,5.5143
162,i02.bmp,i02_09_3.bmp,0.8258844614028931,4.5278
163,i02.bmp,i02_09_4.bmp,0.7333385348320007,3.6486
164,i02.bmp,i02_09_5.bmp,0.6348305940628052,2.4167
165,i02.bmp,i02_10_1.bmp,0.9614487886428833,6.0
166,i02.bmp,i02_10_2.bmp,0.933030903339386,5.9722
167,i02.bmp,i02_10_3.bmp,0.8537309765815735,5.4324
168,i02.bmp,i02_10_4.bmp,0.7256373763084412,3.5
169,i02.bmp,i02_10_5.bmp,0.6575621366500854,2.7143
170,i02.bmp,i02_11_1.bmp,0.9229885339736938,5.9167
171,i02.bmp,i02_11_2.bmp,0.8247162103652954,4.8056
172,i02.bmp,i02_11_3.bmp,0.6777396202087402,2.973
173,i02.bmp,i02_11_4.bmp,0.5810055732727051,1.9189
174,i02.bmp,i02_11_5.bmp,0.5486369132995605,1.2778
175,i02.bmp,i02_12_1.bmp,0.9226903915405273,5.3056
176,i02.bmp,i02_12_2.bmp,0.8807852864265442,4.4324
177,i02.bmp,i02_12_3.bmp,0.760357141494751,3.0811
178,i02.bmp,i02_12_4.bmp,0.6689493060112,2.6757
179,i02.bmp,i02_12_5.bmp,0.6097912788391113,2.3714
180,i02.bmp,i02_13_1.bmp,0.8596523404121399,4.4722
181,i02.bmp,i02_13_2.bmp,0.8472997546195984,4.0
182,i02.bmp,i02_13_3.bmp,0.7589330077171326,3.3889
183,i02.bmp,i02_13_4.bmp,0.660849392414093,2.8919
184,i02.bmp,i02_13_5.bmp,0.7763415575027466,3.6111
185,i02.bmp,i02_14_1.bmp,0.9443477988243103,5.75
186,i02.bmp,i02_14_2.bmp,0.9700117111206055,6.0811
187,i02.bmp,i02_14_3.bmp,0.9251508712768555,5.1143
188,i02.bmp,i02_14_4.bmp,0.9060888290405273,5.3143
189,i02.bmp,i02_14_5.bmp,0.8572408556938171,4.2162
190,i02.bmp,i02_15_1.bmp,0.8375561833381653,3.4
191,i02.bmp,i02_15_2.bmp,0.8407935500144958,3.6216
192,i02.bmp,i02_15_3.bmp,0.845448911190033,3.8333
193,i02.bmp,i02_15_4.bmp,0.8583265542984009,3.8378
194,i02.bmp,i02_15_5.bmp,0.8959900140762329,4.2
195,i02.bmp,i02_16_1.bmp,0.9934610724449158,5.9459
196,i02.bmp,i02_16_2.bmp,0.9877239465713501,6.0833
197,i02.bmp,i02_16_3.bmp,0.9651126861572266,5.3243
198,i02.bmp,i02_16_4.bmp,0.9555830359458923,5.1389
199,i02.bmp,i02_16_5.bmp,0.9142757654190063,4.5676
200,i02.bmp,i02_17_1.bmp,0.9860467314720154,5.9167
201,i02.bmp,i02_17_2.bmp,0.9686214327812195,5.6857
202,i02.bmp,i02_17_3.bmp,0.9502394795417786,4.8378
203,i02.bmp,i02_17_4.bmp,0.9261549115180969,4.7714
204,i02.bmp,i02_17_5.bmp,0.8554380536079407,3.9167
205,i02.bmp,i02_18_1.bmp,0.9878274202346802,5.9722
206,i02.bmp,i02_18_2.bmp,0.9826599359512329,5.5946
207,i02.bmp,i02_18_3.bmp,0.9733167886734009,4.8286
208,i02.bmp,i02_18_4.bmp,0.9563283920288086,4.9189
209,i02.bmp,i02_18_5.bmp,0.9330242276191711,4.5429
210,i02.bmp,i02_19_1.bmp,0.9439399838447571,5.7778
211,i02.bmp,i02_19_2.bmp,0.9158926010131836,5.4324
212,i02.bmp,i02_19_3.bmp,0.8752994537353516,4.8333
213,i02.bmp,i02_19_4.bmp,0.8255308270454407,4.2222
214,i02.bmp,i02_19_5.bmp,0.7710466980934143,3.7568
215,i02.bmp,i02_20_1.bmp,0.9666137099266052,6.0541
216,i02.bmp,i02_20_2.bmp,0.931935727596283,6.1714
217,i02.bmp,i02_20_3.bmp,0.8536950945854187,5.3056
218,i02.bmp,i02_20_4.bmp,0.755986213684082,4.0
219,i02.bmp,i02_20_5.bmp,0.6690694689750671,2.8056
220,i02.bmp,i02_21_1.bmp,0.9195847511291504,5.973
221,i02.bmp,i02_21_2.bmp,0.8640857934951782,5.2973
222,i02.bmp,i02_21_3.bmp,0.7926666140556335,4.6
223,i02.bmp,i02_21_4.bmp,0.7059969305992126,3.2778
224,i02.bmp,i02_21_5.bmp,0.6210851073265076,2.3611
225,i02.bmp,i02_22_1.bmp,0.9442507028579712,5.5135
226,i02.bmp,i02_22_2.bmp,0.910700261592865,5.2432
227,i02.bmp,i02_22_3.bmp,0.8504535555839539,4.4857
228,i02.bmp,i02_22_4.bmp,0.7886830568313599,3.8056
229,i02.bmp,i02_22_5.bmp,0.6308808326721191,2.2222
230,i02.bmp,i02_23_1.bmp,0.9625114798545837,6.7778
231,i02.bmp,i02_23_2.bmp,0.8829073309898376,5.5405
232,i02.bmp,i02_23_3.bmp,0.707526445388794,3.4444
233,i02.bmp,i02_23_4.bmp,0.5847510099411011,2.1622
234,i02.bmp,i02_23_5.bmp,0.5474864840507507,0.81081
235,i02.bmp,i02_24_1.bmp,0.9011631011962891,6.0811
236,i02.bmp,i02_24_2.bmp,0.8042387962341309,4.9167
237,i02.bmp,i02_24_3.bmp,0.6776610612869263,3.0
238,i02.bmp,i02_24_4.bmp,0.5804756283760071,2.1111
239,i02.bmp,i02_24_5.bmp,0.5411551594734192,0.89189
240,i03.bmp,i03_01_1.bmp,0.9144336581230164,5.7692
241,i03.bmp,i03_01_2.bmp,0.8835933804512024,5.1053
242,i03.bmp,i03_01_3.bmp,0.8471002578735352,4.6842
243,i03.bmp,i03_01_4.bmp,0.8009134531021118,4.25
244,i03.bmp,i03_01_5.bmp,0.7551538348197937,3.925
245,i03.bmp,i03_02_1.bmp,0.9541754126548767,6.1842
246,i03.bmp,i03_02_2.bmp,0.9305064082145691,6.282
247,i03.bmp,i03_02_3.bmp,0.9004759788513184,5.25
248,i03.bmp,i03_02_4.bmp,0.8624281287193298,5.0
249,i03.bmp,i03_02_5.bmp,0.8175429701805115,4.6
250,i03.bmp,i03_03_1.bmp,0.8475140929222107,4.65
251,i03.bmp,i03_03_2.bmp,0.8055576682090759,4.0769
252,i03.bmp,i03_03_3.bmp,0.7645188570022583,3.85
253,i03.bmp,i03_03_4.bmp,0.7053627371788025,3.282
254,i03.bmp,i03_03_5.bmp,0.6593454480171204,2.8947
255,i03.bmp,i03_04_1.bmp,0.9878290295600891,6.3846
256,i03.bmp,i03_04_2.bmp,0.9780240058898926,5.6579
257,i03.bmp,i03_04_3.bmp,0.9588781595230103,5.225
258,i03.bmp,i03_04_4.bmp,0.921761155128479,4.6
259,i03.bmp,i03_04_5.bmp,0.8682204484939575,3.575
260,i03.bmp,i03_05_1.bmp,0.9515189528465271,6.5
261,i03.bmp,i03_05_2.bmp,0.9270296096801758,5.6316
262,i03.bmp,i03_05_3.bmp,0.876972496509552,5.3
263,i03.bmp,i03_05_4.bmp,0.8086547255516052,4.3077
264,i03.bmp,i03_05_5.bmp,0.7284331321716309,3.4737
265,i03.bmp,i03_06_1.bmp,0.8854460120201111,4.8158
266,i03.bmp,i03_06_2.bmp,0.8500911593437195,4.5385
267,i03.bmp,i03_06_3.bmp,0.8199531435966492,4.1
268,i03.bmp,i03_06_4.bmp,0.7787810564041138,3.75
269,i03.bmp,i03_06_5.bmp,0.7366399168968201,3.5
270,i03.bmp,i03_07_1.bmp,0.8924660086631775,4.9744
271,i03.bmp,i03_07_2.bmp,0.8596741557121277,4.1
272,i03.bmp,i03_07_3.bmp,0.8153529167175293,3.8462
273,i03.bmp,i03_07_4.bmp,0.8010973334312439,3.825
274,i03.bmp,i03_07_5.bmp,0.7687168121337891,3.6154
275,i03.bmp,i03_08_1.bmp,0.9834975600242615,6.3421
276,i03.bmp,i03_08_2.bmp,0.960607647895813,5.6
277,i03.bmp,i03_08_3.bmp,0.9013893008232117,4.4737
278,i03.bmp,i03_08_4.bmp,0.7983495593070984,3.75
279,i03.bmp,i03_08_5.bmp,0.7045214176177979,2.95
280,i03.bmp,i03_09_1.bmp,0.9303335547447205,6.65
281,i03.bmp,i03_09_2.bmp,0.9074353575706482,6.2564
282,i03.bmp,i03_09_3.bmp,0.8579627275466919,5.475
283,i03.bmp,i03_09_4.bmp,0.774685800075531,3.7436
284,i03.bmp,i03_09_5.bmp,0.674266517162323,2.4737
285,i03.bmp,i03_10_1.bmp,0.9553427696228027,6.2368
286,i03.bmp,i03_10_2.bmp,0.928668200969696,5.6667
287,i03.bmp,i03_10_3.bmp,0.8540701270103455,5.0513
288,i03.bmp,i03_10_4.bmp,0.7400262951850891,3.3
289,i03.bmp,i03_10_5.bmp,0.661801278591156,2.4872
290,i03.bmp,i03_11_1.bmp,0.8926727175712585,5.3684
291,i03.bmp,i03_11_2.bmp,0.7853290438652039,4.0769
292,i03.bmp,i03_11_3.bmp,0.6883391737937927,2.8462
293,i03.bmp,i03_11_4.bmp,0.6071697473526001,1.8205
294,i03.bmp,i03_11_5.bmp,0.5684666633605957,0.7
295,i03.bmp,i03_12_1.bmp,0.8920628428459167,5.4103
296,i03.bmp,i03_12_2.bmp,0.8548097610473633,4.0789
297,i03.bmp,i03_12_3.bmp,0.7733135223388672,2.8421
298,i03.bmp,i03_12_4.bmp,0.732616662979126,3.1
299,i03.bmp,i03_12_5.bmp,0.6477999091148376,2.4
300,i03.bmp,i03_13_1.bmp,0.8949026465415955,5.1282
301,i03.bmp,i03_13_2.bmp,0.780056357383728,3.641
302,i03.bmp,i03_13_3.bmp,0.763584315776825,3.925
303,i03.bmp,i03_13_4.bmp,0.7130415439605713,2.925
304,i03.bmp,i03_13_5.bmp,0.6447477340698242,2.4211
305,i03.bmp,i03_14_1.bmp,0.939274787902832,5.0769
306,i03.bmp,i03_14_2.bmp,0.9690782427787781,6.0
307,i03.bmp,i03_14_3.bmp,0.9471390843391418,4.85
308,i03.bmp,i03_14_4.bmp,0.9050077795982361,4.4615
309,i03.bmp,i03_14_5.bmp,0.8652879595756531,3.5
310,i03.bmp,i03_15_1.bmp,0.8310443758964539,3.725
311,i03.bmp,i03_15_2.bmp,0.8451221585273743,4.05
312,i03.bmp,i03_15_3.bmp,0.8621565103530884,4.025
313,i03.bmp,i03_15_4.bmp,0.8839661478996277,4.282
314,i03.bmp,i03_15_5.bmp,0.9165908694267273,4.7949
315,i03.bmp,i03_16_1.bmp,0.9950283169746399,6.8205
316,i03.bmp,i03_16_2.bmp,0.9870492815971375,6.525
317,i03.bmp,i03_16_3.bmp,0.9733604788780212,5.975
318,i03.bmp,i03_16_4.bmp,0.9547759890556335,6.075
319,i03.bmp,i03_16_5.bmp,0.9346538782119751,5.0256
320,i03.bmp,i03_17_1.bmp,0.9858443140983582,6.282
321,i03.bmp,i03_17_2.bmp,0.9677457213401794,6.75
322,i03.bmp,i03_17_3.bmp,0.948948860168457,5.2
323,i03.bmp,i03_17_4.bmp,0.9297065734863281,6.575
324,i03.bmp,i03_17_5.bmp,0.8546659350395203,3.7949
325,i03.bmp,i03_18_1.bmp,0.9824878573417664,5.7692
326,i03.bmp,i03_18_2.bmp,0.9755660891532898,5.718
327,i03.bmp,i03_18_3.bmp,0.962100625038147,5.5641
328,i03.bmp,i03_18_4.bmp,0.9403252601623535,5.0
329,i03.bmp,i03_18_5.bmp,0.9043123126029968,4.6579
330,i03.bmp,i03_19_1.bmp,0.9132240414619446,5.5128
331,i03.bmp,i03_19_2.bmp,0.874091625213623,5.0256
332,i03.bmp,i03_19_3.bmp,0.8351036310195923,4.7
333,i03.bmp,i03_19_4.bmp,0.7894473075866699,4.3077
334,i03.bmp,i03_19_5.bmp,0.7415763735771179,3.6923
335,i03.bmp,i03_20_1.bmp,0.940730094909668,5.8421
336,i03.bmp,i03_20_2.bmp,0.8904346823692322,5.4615
337,i03.bmp,i03_20_3.bmp,0.8156436085700989,4.1579
338,i03.bmp,i03_20_4.bmp,0.7320730686187744,3.1795
339,i03.bmp,i03_20_5.bmp,0.6547116041183472,2.825
340,i03.bmp,i03_21_1.bmp,0.8863834738731384,5.2368
341,i03.bmp,i03_21_2.bmp,0.836804211139679,4.4359
342,i03.bmp,i03_21_3.bmp,0.7816893458366394,3.8974
343,i03.bmp,i03_21_4.bmp,0.7164674401283264,3.1795
344,i03.bmp,i03_21_5.bmp,0.6298236846923828,2.1
345,i03.bmp,i03_22_1.bmp,0.9505988359451294,5.9744
346,i03.bmp,i03_22_2.bmp,0.9219471216201782,5.359
347,i03.bmp,i03_22_3.bmp,0.8878992199897766,5.2308
348,i03.bmp,i03_22_4.bmp,0.8253325819969177,4.359
349,i03.bmp,i03_22_5.bmp,0.7736369371414185,3.9211
350,i03.bmp,i03_23_1.bmp,0.9651393890380859,6.718
351,i03.bmp,i03_23_2.bmp,0.90062016248703,5.8461
352,i03.bmp,i03_23_3.bmp,0.7365817427635193,3.9
353,i03.bmp,i03_23_4.bmp,0.6381353735923767,2.6579
354,i03.bmp,i03_23_5.bmp,0.5885461568832397,1.975
355,i03.bmp,i03_24_1.bmp,0.8756411671638489,5.7436
356,i03.bmp,i03_24_2.bmp,0.7869149446487427,4.2051
357,i03.bmp,i03_24_3.bmp,0.6869328618049622,2.825
358,i03.bmp,i03_24_4.bmp,0.6067021489143372,1.8158
359,i03.bmp,i03_24_5.bmp,0.5691666603088379,0.42105
360,i04.bmp,i04_01_1.bmp,0.9446596503257751,5.7619
361,i04.bmp,i04_01_2.bmp,0.906912624835968,5.4762
362,i04.bmp,i04_01_3.bmp,0.862753689289093,4.9286
363,i04.bmp,i04_01_4.bmp,0.8024916648864746,4.2683
364,i04.bmp,i04_01_5.bmp,0.7411321997642517,4.0
365,i04.bmp,i04_02_1.bmp,0.9656391143798828,6.275
366,i04.bmp,i04_02_2.bmp,0.946227490901947,6.1539
367,i04.bmp,i04_02_3.bmp,0.9102303385734558,5.6829
368,i04.bmp,i04_02_4.bmp,0.8716700673103333,5.3095
369,i04.bmp,i04_02_5.bmp,0.8130657076835632,4.5366
370,i04.bmp,i04_03_1.bmp,0.8652942776679993,4.7805
371,i04.bmp,i04_03_2.bmp,0.8139765858650208,4.2143
372,i04.bmp,i04_03_3.bmp,0.7465055584907532,3.9
373,i04.bmp,i04_03_4.bmp,0.6814109086990356,3.425
374,i04.bmp,i04_03_5.bmp,0.6260259747505188,3.0238
375,i04.bmp,i04_04_1.bmp,0.992037296295166,6.125
376,i04.bmp,i04_04_2.bmp,0.9868027567863464,6.2683
377,i04.bmp,i04_04_3.bmp,0.9754284024238586,6.15
378,i04.bmp,i04_04_4.bmp,0.9500757455825806,5.4762
379,i04.bmp,i04_04_5.bmp,0.9028820395469666,4.8095
380,i04.bmp,i04_05_1.bmp,0.9715501070022583,6.3095
381,i04.bmp,i04_05_2.bmp,0.9499099850654602,5.9024
382,i04.bmp,i04_05_3.bmp,0.8955182433128357,5.325
383,i04.bmp,i04_05_4.bmp,0.8090237975120544,4.4762
384,i04.bmp,i04_05_5.bmp,0.7075141072273254,3.7073
385,i04.bmp,i04_06_1.bmp,0.9068896174430847,5.0238
386,i04.bmp,i04_06_2.bmp,0.8625571131706238,4.561
387,i04.bmp,i04_06_3.bmp,0.8157057762145996,4.2619
388,i04.bmp,i04_06_4.bmp,0.777393102645874,4.1951
389,i04.bmp,i04_06_5.bmp,0.7221893072128296,3.45
390,i04.bmp,i04_07_1.bmp,0.8804861903190613,4.6905
391,i04.bmp,i04_07_2.bmp,0.8361455798149109,4.075
392,i04.bmp,i04_07_3.bmp,0.7809152007102966,3.5238
393,i04.bmp,i04_07_4.bmp,0.7287959456443787,3.1429
394,i04.bmp,i04_07_5.bmp,0.6786060333251953,2.9524
395,i04.bmp,i04_08_1.bmp,0.982972264289856,6.3095
396,i04.bmp,i04_08_2.bmp,0.9638867378234863,5.9268
397,i04.bmp,i04_08_3.bmp,0.9146237373352051,5.381
398,i04.bmp,i04_08_4.bmp,0.8223543167114258,4.375
399,i04.bmp,i04_08_5.bmp,0.7045998573303223,3.6667
400,i04.bmp,i04_09_1.bmp,0.91254061460495,6.381
401,i04.bmp,i04_09_2.bmp,0.8800296187400818,5.8049
402,i04.bmp,i04_09_3.bmp,0.8245777487754822,5.0488
403,i04.bmp,i04_09_4.bmp,0.7411293387413025,3.7805
404,i04.bmp,i04_09_5.bmp,0.6427249908447266,2.5
405,i04.bmp,i04_10_1.bmp,0.9596125483512878,6.0714
406,i04.bmp,i04_10_2.bmp,0.9318972826004028,5.9756
407,i04.bmp,i04_10_3.bmp,0.849838376045227,5.0714
408,i04.bmp,i04_10_4.bmp,0.700604259967804,3.2619
409,i04.bmp,i04_10_5.bmp,0.6081988215446472,2.1905
410,i04.bmp,i04_11_1.bmp,0.8521804809570312,5.3
411,i04.bmp,i04_11_2.bmp,0.7361512184143066,4.0
412,i04.bmp,i04_11_3.bmp,0.6552864909172058,2.9024
413,i04.bmp,i04_11_4.bmp,0.5851211547851562,2.0
414,i04.bmp,i04_11_5.bmp,0.5516008734703064,0.88095
415,i04.bmp,i04_12_1.bmp,0.9398126006126404,6.05
416,i04.bmp,i04_12_2.bmp,0.8542434573173523,4.6429
417,i04.bmp,i04_12_3.bmp,0.7629576921463013,3.9286
418,i04.bmp,i04_12_4.bmp,0.6696284413337708,2.9048
419,i04.bmp,i04_12_5.bmp,0.6293889880180359,2.6585
420,i04.bmp,i04_13_1.bmp,0.8632416129112244,4.6667
421,i04.bmp,i04_13_2.bmp,0.7679874300956726,3.8462
422,i04.bmp,i04_13_3.bmp,0.7229220271110535,3.3571
423,i04.bmp,i04_13_4.bmp,0.7151142954826355,3.4634
424,i04.bmp,i04_13_5.bmp,0.6329447031021118,2.3809
425,i04.bmp,i04_14_1.bmp,0.9201130270957947,5.0714
426,i04.bmp,i04_14_2.bmp,0.9786240458488464,6.4048
427,i04.bmp,i04_14_3.bmp,0.9431235194206238,6.0
428,i04.bmp,i04_14_4.bmp,0.9276763200759888,4.4048
429,i04.bmp,i04_14_5.bmp,0.8721542358398438,3.6098
430,i04.bmp,i04_15_1.bmp,0.8530929684638977,3.3809
431,i04.bmp,i04_15_2.bmp,0.8512186408042908,3.4048
432,i04.bmp,i04_15_3.bmp,0.8594619631767273,3.5
433,i04.bmp,i04_15_4.bmp,0.8754470944404602,3.7561
434,i04.bmp,i04_15_5.bmp,0.9030269980430603,4.0513
435,i04.bmp,i04_16_1.bmp,0.9933103919029236,6.2857
436,i04.bmp,i04_16_2.bmp,0.9905654788017273,6.6429
437,i04.bmp,i04_16_3.bmp,0.9707382321357727,6.0952
438,i04.bmp,i04_16_4.bmp,0.9669538736343384,5.6667
439,i04.bmp,i04_16_5.bmp,0.926173985004425,5.1539
440,i04.bmp,i04_17_1.bmp,0.9891502261161804,6.0
441,i04.bmp,i04_17_2.bmp,0.9734808206558228,6.6667
442,i04.bmp,i04_17_3.bmp,0.9555546045303345,4.7805
443,i04.bmp,i04_17_4.bmp,0.9311952590942383,7.2143
444,i04.bmp,i04_17_5.bmp,0.8563438653945923,3.925
445,i04.bmp,i04_18_1.bmp,0.9766619801521301,5.4146
446,i04.bmp,i04_18_2.bmp,0.9627280235290527,5.0244
447,i04.bmp,i04_18_3.bmp,0.9399906396865845,4.6667
448,i04.bmp,i04_18_4.bmp,0.9022204279899597,4.2381
449,i04.bmp,i04_18_5.bmp,0.8378189206123352,3.9268
450,i04.bmp,i04_19_1.bmp,0.9378840327262878,5.4524
451,i04.bmp,i04_19_2.bmp,0.901646614074707,5.3571
452,i04.bmp,i04_19_3.bmp,0.8509774208068848,4.9024
453,i04.bmp,i04_19_4.bmp,0.7977291941642761,4.425
454,i04.bmp,i04_19_5.bmp,0.740014374256134,4.1667
455,i04.bmp,i04_20_1.bmp,0.957462728023529,6.4524
456,i04.bmp,i04_20_2.bmp,0.8865714073181152,5.225
457,i04.bmp,i04_20_3.bmp,0.7871970534324646,4.1905
458,i04.bmp,i04_20_4.bmp,0.6881934404373169,3.1191
459,i04.bmp,i04_20_5.bmp,0.6281594038009644,2.4146
460,i04.bmp,i04_21_1.bmp,0.8937205672264099,5.1463
461,i04.bmp,i04_21_2.bmp,0.8319913744926453,4.7317
462,i04.bmp,i04_21_3.bmp,0.7574616074562073,3.8095
463,i04.bmp,i04_21_4.bmp,0.6794409155845642,3.2195
464,i04.bmp,i04_21_5.bmp,0.5862453579902649,2.0
465,i04.bmp,i04_22_1.bmp,0.9556196331977844,6.0244
466,i04.bmp,i04_22_2.bmp,0.9238689541816711,5.7857
467,i04.bmp,i04_22_3.bmp,0.8731953501701355,4.4286
468,i04.bmp,i04_22_4.bmp,0.8127140998840332,4.122
469,i04.bmp,i04_22_5.bmp,0.6368187069892883,2.9048
470,i04.bmp,i04_23_1.bmp,0.9308090209960938,6.425
471,i04.bmp,i04_23_2.bmp,0.8209472894668579,5.4048
472,i04.bmp,i04_23_3.bmp,0.6831883192062378,3.878
473,i04.bmp,i04_23_4.bmp,0.623248279094696,2.9512
474,i04.bmp,i04_23_5.bmp,0.5464808940887451,1.4762
475,i04.bmp,i04_24_1.bmp,0.847830593585968,5.5476
476,i04.bmp,i04_24_2.bmp,0.727350115776062,3.7619
477,i04.bmp,i04_24_3.bmp,0.6406130194664001,2.5854
478,i04.bmp,i04_24_4.bmp,0.5812104344367981,1.9048
479,i04.bmp,i04_24_5.bmp,0.5407922863960266,0.58537
480,i05.bmp,i05_01_1.bmp,0.981462299823761,5.525
481,i05.bmp,i05_01_2.bmp,0.9645814299583435,5.5
482,i05.bmp,i05_01_3.bmp,0.9422388076782227,4.8461
483,i05.bmp,i05_01_4.bmp,0.9058184027671814,4.0513
484,i05.bmp,i05_01_5.bmp,0.8586363792419434,3.561
485,i05.bmp,i05_02_1.bmp,0.9890021681785583,5.8293
486,i05.bmp,i05_02_2.bmp,0.9829418063163757,5.6829
487,i05.bmp,i05_02_3.bmp,0.9668313264846802,5.325
488,i05.bmp,i05_02_4.bmp,0.9453533291816711,5.0976
489,i05.bmp,i05_02_5.bmp,0.9057081341743469,4.2564
490,i05.bmp,i05_03_1.bmp,0.9484569430351257,5.0976
491,i05.bmp,i05_03_2.bmp,0.9141168594360352,4.4878
492,i05.bmp,i05_03_3.bmp,0.8724228143692017,3.675
493,i05.bmp,i05_03_4.bmp,0.8182838559150696,3.0732
494,i05.bmp,i05_03_5.bmp,0.7555925250053406,2.375
495,i05.bmp,i05_04_1.bmp,0.9965853095054626,5.6341
496,i05.bmp,i05_04_2.bmp,0.9950478672981262,5.75
497,i05.bmp,i05_04_3.bmp,0.99187833070755,5.575
498,i05.bmp,i05_04_4.bmp,0.9832825064659119,4.9268
499,i05.bmp,i05_04_5.bmp,0.9637781381607056,4.4
500,i05.bmp,i05_05_1.bmp,0.9905716180801392,5.625
501,i05.bmp,i05_05_2.bmp,0.983113706111908,5.3902
502,i05.bmp,i05_05_3.bmp,0.9551160931587219,4.7
503,i05.bmp,i05_05_4.bmp,0.8968170285224915,3.8158
504,i05.bmp,i05_05_5.bmp,0.8102440237998962,2.9231
505,i05.bmp,i05_06_1.bmp,0.9811844229698181,4.375
506,i05.bmp,i05_06_2.bmp,0.9642881751060486,3.9231
507,i05.bmp,i05_06_3.bmp,0.9307543039321899,3.5
508,i05.bmp,i05_06_4.bmp,0.8932755589485168,3.3171
509,i05.bmp,i05_06_5.bmp,0.835101306438446,2.5128
510,i05.bmp,i05_07_1.bmp,0.9780675768852234,5.275
511,i05.bmp,i05_07_2.bmp,0.9565330743789673,5.2683
512,i05.bmp,i05_07_3.bmp,0.9220285415649414,4.5385
513,i05.bmp,i05_07_4.bmp,0.8826573491096497,4.0513
514,i05.bmp,i05_07_5.bmp,0.8430389761924744,3.1463
515,i05.bmp,i05_08_1.bmp,0.9829538464546204,5.4
516,i05.bmp,i05_08_2.bmp,0.9581239819526672,4.6667
517,i05.bmp,i05_08_3.bmp,0.8898199200630188,3.6585
518,i05.bmp,i05_08_4.bmp,0.7731641530990601,2.7805
519,i05.bmp,i05_08_5.bmp,0.6553655862808228,1.25
520,i05.bmp,i05_09_1.bmp,0.9786525964736938,5.825
521,i05.bmp,i05_09_2.bmp,0.9587820172309875,5.825
522,i05.bmp,i05_09_3.bmp,0.9133290648460388,5.325
523,i05.bmp,i05_09_4.bmp,0.806479275226593,3.5
524,i05.bmp,i05_09_5.bmp,0.6598376035690308,1.3659
525,i05.bmp,i05_10_1.bmp,0.977202832698822,5.7317
526,i05.bmp,i05_10_2.bmp,0.9610403180122375,5.1539
527,i05.bmp,i05_10_3.bmp,0.9049885869026184,4.7073
528,i05.bmp,i05_10_4.bmp,0.7882326245307922,3.439
529,i05.bmp,i05_10_5.bmp,0.6980692148208618,1.878
530,i05.bmp,i05_11_1.bmp,0.9856838583946228,5.7561
531,i05.bmp,i05_11_2.bmp,0.9623445868492126,5.4
532,i05.bmp,i05_11_3.bmp,0.9264273643493652,4.5
533,i05.bmp,i05_11_4.bmp,0.8473626971244812,3.6667
534,i05.bmp,i05_11_5.bmp,0.7116521000862122,2.25
535,i05.bmp,i05_12_1.bmp,0.9928762316703796,5.6829
536,i05.bmp,i05_12_2.bmp,0.9939176440238953,5.775
537,i05.bmp,i05_12_3.bmp,0.9623886942863464,5.35
538,i05.bmp,i05_12_4.bmp,0.8952324986457825,3.8
539,i05.bmp,i05_12_5.bmp,0.7945771217346191,2.725
540,i05.bmp,i05_13_1.bmp,0.9573349356651306,5.4634
541,i05.bmp,i05_13_2.bmp,0.9407444000244141,4.9024
542,i05.bmp,i05_13_3.bmp,0.8869194388389587,3.475
543,i05.bmp,i05_13_4.bmp,0.829671323299408,2.9756
544,i05.bmp,i05_13_5.bmp,0.7315967679023743,1.9737
545,i05.bmp,i05_14_1.bmp,0.9842195510864258,5.9268
546,i05.bmp,i05_14_2.bmp,0.9769174456596375,5.5366
547,i05.bmp,i05_14_3.bmp,0.950516402721405,5.6098
548,i05.bmp,i05_14_4.bmp,0.9262086749076843,5.225
549,i05.bmp,i05_14_5.bmp,0.8763697743415833,4.3171
550,i05.bmp,i05_15_1.bmp,0.9036016464233398,3.05
551,i05.bmp,i05_15_2.bmp,0.9150110483169556,3.1
552,i05.bmp,i05_15_3.bmp,0.9345138669013977,3.3171
553,i05.bmp,i05_15_4.bmp,0.9538137316703796,3.9
554,i05.bmp,i05_15_5.bmp,0.9682020545005798,3.8462
555,i05.bmp,i05_16_1.bmp,0.9966069459915161,6.15
556,i05.bmp,i05_16_2.bmp,0.9923614859580994,5.95
557,i05.bmp,i05_16_3.bmp,0.976462185382843,5.5854
558,i05.bmp,i05_16_4.bmp,0.9669416546821594,5.0976
559,i05.bmp,i05_16_5.bmp,0.9329334497451782,4.25
560,i05.bmp,i05_17_1.bmp,0.9906395077705383,5.3
561,i05.bmp,i05_17_2.bmp,0.9789999127388,6.8293
562,i05.bmp,i05_17_3.bmp,0.9583515524864197,4.025
563,i05.bmp,i05_17_4.bmp,0.9427866339683533,6.561
564,i05.bmp,i05_17_5.bmp,0.869371235370636,2.8
565,i05.bmp,i05_18_1.bmp,0.9777025580406189,4.775
566,i05.bmp,i05_18_2.bmp,0.9622621536254883,4.2051
567,i05.bmp,i05_18_3.bmp,0.9359100461006165,3.7436
568,i05.bmp,i05_18_4.bmp,0.8872586488723755,3.5385
569,i05.bmp,i05_18_5.bmp,0.8218242526054382,3.15
570,i05.bmp,i05_19_1.bmp,0.9795050024986267,5.175
571,i05.bmp,i05_19_2.bmp,0.9630569815635681,4.8049
572,i05.bmp,i05_19_3.bmp,0.9381757974624634,4.225
573,i05.bmp,i05_19_4.bmp,0.9052248001098633,3.65
574,i05.bmp,i05_19_5.bmp,0.8589710593223572,3.3659
575,i05.bmp,i05_20_1.bmp,0.9891656041145325,5.6829
576,i05.bmp,i05_20_2.bmp,0.978911817073822,5.561
577,i05.bmp,i05_20_3.bmp,0.9547613263130188,5.0244
578,i05.bmp,i05_20_4.bmp,0.9080066680908203,4.475
579,i05.bmp,i05_20_5.bmp,0.8310858011245728,3.282
580,i05.bmp,i05_21_1.bmp,0.9678196310997009,5.6
581,i05.bmp,i05_21_2.bmp,0.941379725933075,4.925
582,i05.bmp,i05_21_3.bmp,0.9000034332275391,4.3659
583,i05.bmp,i05_21_4.bmp,0.8306824564933777,3.35
584,i05.bmp,i05_21_5.bmp,0.7408725619316101,2.475
585,i05.bmp,i05_22_1.bmp,0.9890886545181274,5.275
586,i05.bmp,i05_22_2.bmp,0.97890704870224,5.25
587,i05.bmp,i05_22_3.bmp,0.9611687064170837,4.7561
588,i05.bmp,i05_22_4.bmp,0.9085752367973328,4.1
589,i05.bmp,i05_22_5.bmp,0.8501593470573425,3.1707
590,i05.bmp,i05_23_1.bmp,0.9832221865653992,5.7317
591,i05.bmp,i05_23_2.bmp,0.9594330191612244,5.575
592,i05.bmp,i05_23_3.bmp,0.9368330836296082,5.6341
593,i05.bmp,i05_23_4.bmp,0.9141094088554382,5.7561
594,i05.bmp,i05_23_5.bmp,0.8635868430137634,5.439
595,i05.bmp,i05_24_1.bmp,0.9771518111228943,5.525
596,i05.bmp,i05_24_2.bmp,0.9523298144340515,5.6098
597,i05.bmp,i05_24_3.bmp,0.9045528769493103,5.2
598,i05.bmp,i05_24_4.bmp,0.8175421953201294,3.9512
599,i05.bmp,i05_24_5.bmp,0.7077061533927917,2.6098
600,i06.bmp,i06_01_1.bmp,0.9689154028892517,5.7568
601,i06.bmp,i06_01_2.bmp,0.9461682438850403,5.1667
602,i06.bmp,i06_01_3.bmp,0.9142372012138367,5.027
603,i06.bmp,i06_01_4.bmp,0.8688673973083496,4.3143
604,i06.bmp,i06_01_5.bmp,0.8170230984687805,3.6111
605,i06.bmp,i06_02_1.bmp,0.9792855381965637,6.1622
606,i06.bmp,i06_02_2.bmp,0.9649638533592224,5.7838
607,i06.bmp,i06_02_3.bmp,0.9449335336685181,5.4595
608,i06.bmp,i06_02_4.bmp,0.9082286953926086,4.8333
609,i06.bmp,i06_02_5.bmp,0.8619961738586426,4.3889
610,i06.bmp,i06_03_1.bmp,0.914937436580658,4.5833
611,i06.bmp,i06_03_2.bmp,0.871068000793457,4.0571
612,i06.bmp,i06_03_3.bmp,0.8165462613105774,3.4722
613,i06.bmp,i06_03_4.bmp,0.7563329935073853,2.9459
614,i06.bmp,i06_03_5.bmp,0.6871477961540222,2.5
615,i06.bmp,i06_04_1.bmp,0.9960178732872009,5.8333
616,i06.bmp,i06_04_2.bmp,0.9929144978523254,5.8611
617,i06.bmp,i06_04_3.bmp,0.9865856170654297,5.6944
618,i06.bmp,i06_04_4.bmp,0.972876250743866,5.0811
619,i06.bmp,i06_04_5.bmp,0.9516598582267761,4.5833
620,i06.bmp,i06_05_1.bmp,0.9855770468711853,5.9189
621,i06.bmp,i06_05_2.bmp,0.9748440980911255,5.7143
622,i06.bmp,i06_05_3.bmp,0.9389301538467407,4.973
623,i06.bmp,i06_05_4.bmp,0.8712169528007507,4.0286
624,i06.bmp,i06_05_5.bmp,0.7739061713218689,2.9459
625,i06.bmp,i06_06_1.bmp,0.9559831619262695,4.6111
626,i06.bmp,i06_06_2.bmp,0.9308845400810242,4.3889
627,i06.bmp,i06_06_3.bmp,0.8953723311424255,3.7778
628,i06.bmp,i06_06_4.bmp,0.8513674139976501,3.5278
629,i06.bmp,i06_06_5.bmp,0.7907754778862,3.0541
630,i06.bmp,i06_07_1.bmp,0.9598354697227478,5.3243
631,i06.bmp,i06_07_2.bmp,0.9262295961380005,5.1143
632,i06.bmp,i06_07_3.bmp,0.9025155901908875,4.4054
633,i06.bmp,i06_07_4.bmp,0.8361862301826477,3.1429
634,i06.bmp,i06_07_5.bmp,0.7849945425987244,2.6857
635,i06.bmp,i06_08_1.bmp,0.9836692214012146,5.1892
636,i06.bmp,i06_08_2.bmp,0.9561166167259216,4.5833
637,i06.bmp,i06_08_3.bmp,0.8873156905174255,3.4857
638,i06.bmp,i06_08_4.bmp,0.7657532095909119,2.7027
639,i06.bmp,i06_08_5.bmp,0.6528471112251282,2.0541
640,i06.bmp,i06_09_1.bmp,0.9540168642997742,6.0541
641,i06.bmp,i06_09_2.bmp,0.9252943396568298,5.8649
642,i06.bmp,i06_09_3.bmp,0.8595539331436157,4.8649
643,i06.bmp,i06_09_4.bmp,0.7437440156936646,3.0
644,i06.bmp,i06_09_5.bmp,0.6169954538345337,1.6571
645,i06.bmp,i06_10_1.bmp,0.9701773524284363,5.8378
646,i06.bmp,i06_10_2.bmp,0.9446377158164978,5.6286
647,i06.bmp,i06_10_3.bmp,0.8762375116348267,5.4286
648,i06.bmp,i06_10_4.bmp,0.7522191405296326,3.1622
649,i06.bmp,i06_10_5.bmp,0.6507893204689026,1.7778
650,i06.bmp,i06_11_1.bmp,0.9682577252388,5.5405
651,i06.bmp,i06_11_2.bmp,0.9343244433403015,5.1944
652,i06.bmp,i06_11_3.bmp,0.8818697333335876,4.5
653,i06.bmp,i06_11_4.bmp,0.7427121996879578,3.0811
654,i06.bmp,i06_11_5.bmp,0.5819317102432251,0.75676
655,i06.bmp,i06_12_1.bmp,0.9727892279624939,5.8611
656,i06.bmp,i06_12_2.bmp,0.9376926422119141,4.75
657,i06.bmp,i06_12_3.bmp,0.9002038240432739,4.3514
658,i06.bmp,i06_12_4.bmp,0.8481465578079224,3.6286
659,i06.bmp,i06_12_5.bmp,0.8215648531913757,3.8378
660,i06.bmp,i06_13_1.bmp,0.9436900019645691,4.6757
661,i06.bmp,i06_13_2.bmp,0.9510582089424133,4.8286
662,i06.bmp,i06_13_3.bmp,0.8746005296707153,4.1714
663,i06.bmp,i06_13_4.bmp,0.785916268825531,3.1944
664,i06.bmp,i06_13_5.bmp,0.7279057502746582,2.7027
665,i06.bmp,i06_14_1.bmp,0.9835314750671387,6.0
666,i06.bmp,i06_14_2.bmp,0.9773609042167664,6.0
667,i06.bmp,i06_14_3.bmp,0.9363356828689575,4.7714
668,i06.bmp,i06_14_4.bmp,0.9145429730415344,4.3333
669,i06.bmp,i06_14_5.bmp,0.8621407747268677,4.3056
670,i06.bmp,i06_15_1.bmp,0.8978895545005798,3.6216
671,i06.bmp,i06_15_2.bmp,0.9034905433654785,3.3243
672,i06.bmp,i06_15_3.bmp,0.9298162460327148,3.75
673,i06.bmp,i06_15_4.bmp,0.9455327987670898,4.4054
674,i06.bmp,i06_15_5.bmp,0.9501016736030579,4.8333
675,i06.bmp,i06_16_1.bmp,0.9972078204154968,5.5676
676,i06.bmp,i06_16_2.bmp,0.9917351007461548,6.25
677,i06.bmp,i06_16_3.bmp,0.9796177744865417,5.0833
678,i06.bmp,i06_16_4.bmp,0.9633097052574158,5.8378
679,i06.bmp,i06_16_5.bmp,0.9360504150390625,4.1389
680,i06.bmp,i06_17_1.bmp,0.9894203543663025,5.5556
681,i06.bmp,i06_17_2.bmp,0.9704513549804688,6.0811
682,i06.bmp,i06_17_3.bmp,0.9535948634147644,4.0556
683,i06.bmp,i06_17_4.bmp,0.9223002791404724,5.8378
684,i06.bmp,i06_17_5.bmp,0.8617715835571289,3.3784
685,i06.bmp,i06_18_1.bmp,0.9770777821540833,5.2
686,i06.bmp,i06_18_2.bmp,0.9603568911552429,4.3611
687,i06.bmp,i06_18_3.bmp,0.9319290518760681,3.8889
688,i06.bmp,i06_18_4.bmp,0.8730078935623169,3.7297
689,i06.bmp,i06_18_5.bmp,0.8166963458061218,3.7838
690,i06.bmp,i06_19_1.bmp,0.9705118536949158,5.3333
691,i06.bmp,i06_19_2.bmp,0.954655647277832,5.2703
692,i06.bmp,i06_19_3.bmp,0.9300527572631836,4.9459
693,i06.bmp,i06_19_4.bmp,0.8871617317199707,4.1944
694,i06.bmp,i06_19_5.bmp,0.8390395045280457,3.5946
695,i06.bmp,i06_20_1.bmp,0.9863068461418152,5.6111
696,i06.bmp,i06_20_2.bmp,0.974408745765686,5.2778
697,i06.bmp,i06_20_3.bmp,0.9449424743652344,5.5946
698,i06.bmp,i06_20_4.bmp,0.8843147158622742,4.9459
699,i06.bmp,i06_20_5.bmp,0.7810733914375305,3.973
700,i06.bmp,i06_21_1.bmp,0.9552759528160095,5.7027
701,i06.bmp,i06_21_2.bmp,0.9165599942207336,5.1111
702,i06.bmp,i06_21_3.bmp,0.8674342036247253,4.7143
703,i06.bmp,i06_21_4.bmp,0.796369194984436,3.6389
704,i06.bmp,i06_21_5.bmp,0.6989345550537109,2.8056
705,i06.bmp,i06_22_1.bmp,0.9675770998001099,5.6389
706,i06.bmp,i06_22_2.bmp,0.9338383078575134,5.2778
707,i06.bmp,i06_22_3.bmp,0.8644490242004395,4.1622
708,i06.bmp,i06_22_4.bmp,0.818532407283783,3.5676
709,i06.bmp,i06_22_5.bmp,0.734247088432312,2.973
710,i06.bmp,i06_23_1.bmp,0.9723226428031921,5.9143
711,i06.bmp,i06_23_2.bmp,0.9323863387107849,5.8056
712,i06.bmp,i06_23_3.bmp,0.8743219375610352,5.6757
713,i06.bmp,i06_23_4.bmp,0.8201114535331726,5.3243
714,i06.bmp,i06_23_5.bmp,0.6325581669807434,2.3429
715,i06.bmp,i06_24_1.bmp,0.9486327171325684,5.8378
716,i06.bmp,i06_24_2.bmp,0.9111784100532532,5.8
717,i06.bmp,i06_24_3.bmp,0.8365676999092102,4.8108
718,i06.bmp,i06_24_4.bmp,0.722059428691864,3.2162
719,i06.bmp,i06_24_5.bmp,0.5781640410423279,0.88889
720,i07.bmp,i07_01_1.bmp,0.955506443977356,5.6818
721,i07.bmp,i07_01_2.bmp,0.9301685690879822,5.0909
722,i07.bmp,i07_01_3.bmp,0.8929716348648071,4.8
723,i07.bmp,i07_01_4.bmp,0.8495321273803711,4.4546
724,i07.bmp,i07_01_5.bmp,0.7982258796691895,3.9762
725,i07.bmp,i07_02_1.bmp,0.9770045280456543,6.0444
726,i07.bmp,i07_02_2.bmp,0.9601578116416931,5.8636
727,i07.bmp,i07_02_3.bmp,0.9355441331863403,5.5581
728,i07.bmp,i07_02_4.bmp,0.9050657153129578,5.2326
729,i07.bmp,i07_02_5.bmp,0.8575279116630554,4.7556
730,i07.bmp,i07_03_1.bmp,0.908298909664154,4.9333
731,i07.bmp,i07_03_2.bmp,0.864963948726654,4.2273
732,i07.bmp,i07_03_3.bmp,0.8103094100952148,3.7333
733,i07.bmp,i07_03_4.bmp,0.7490803003311157,3.3111
734,i07.bmp,i07_03_5.bmp,0.6856712698936462,2.7333
735,i07.bmp,i07_04_1.bmp,0.9936922192573547,5.8667
736,i07.bmp,i07_04_2.bmp,0.9887605905532837,6.0
737,i07.bmp,i07_04_3.bmp,0.9783039093017578,5.4222
738,i07.bmp,i07_04_4.bmp,0.9556183218955994,4.9512
739,i07.bmp,i07_04_5.bmp,0.9170816540718079,4.2093
740,i07.bmp,i07_05_1.bmp,0.9760312438011169,6.0444
741,i07.bmp,i07_05_2.bmp,0.9599131941795349,5.8
742,i07.bmp,i07_05_3.bmp,0.9142770767211914,5.1591
743,i07.bmp,i07_05_4.bmp,0.84442538022995,4.2791
744,i07.bmp,i07_05_5.bmp,0.7549278736114502,3.3182
745,i07.bmp,i07_06_1.bmp,0.948155403137207,4.8333
746,i07.bmp,i07_06_2.bmp,0.922918975353241,4.6136
747,i07.bmp,i07_06_3.bmp,0.8931993842124939,4.1591
748,i07.bmp,i07_06_4.bmp,0.8484336733818054,3.75
749,i07.bmp,i07_06_5.bmp,0.7973520159721375,3.3182
750,i07.bmp,i07_07_1.bmp,0.9414848685264587,5.5814
751,i07.bmp,i07_07_2.bmp,0.9184425473213196,5.1905
752,i07.bmp,i07_07_3.bmp,0.8684577345848083,4.3182
753,i07.bmp,i07_07_4.bmp,0.8132926225662231,3.6222
754,i07.bmp,i07_07_5.bmp,0.7743458151817322,2.8372
755,i07.bmp,i07_08_1.bmp,0.982543408870697,5.8636
756,i07.bmp,i07_08_2.bmp,0.963169276714325,5.5333
757,i07.bmp,i07_08_3.bmp,0.9128171801567078,4.5814
758,i07.bmp,i07_08_4.bmp,0.8115625381469727,3.4222
759,i07.bmp,i07_08_5.bmp,0.6726071238517761,2.6364
760,i07.bmp,i07_09_1.bmp,0.9555900692939758,6.4222
761,i07.bmp,i07_09_2.bmp,0.9309089779853821,6.0222
762,i07.bmp,i07_09_3.bmp,0.8821669816970825,5.2273
763,i07.bmp,i07_09_4.bmp,0.7899308204650879,3.9767
764,i07.bmp,i07_09_5.bmp,0.6665814518928528,2.4667
765,i07.bmp,i07_10_1.bmp,0.9701570868492126,6.1333
766,i07.bmp,i07_10_2.bmp,0.9527366757392883,5.8864
767,i07.bmp,i07_10_3.bmp,0.8892175555229187,5.0454
768,i07.bmp,i07_10_4.bmp,0.7710216641426086,3.7045
769,i07.bmp,i07_10_5.bmp,0.6843935251235962,2.2273
770,i07.bmp,i07_11_1.bmp,0.9356070756912231,5.4884
771,i07.bmp,i07_11_2.bmp,0.8659645915031433,4.5111
772,i07.bmp,i07_11_3.bmp,0.7657244801521301,3.4318
773,i07.bmp,i07_11_4.bmp,0.6654042601585388,2.4222
774,i07.bmp,i07_11_5.bmp,0.5863960981369019,0.97727
775,i07.bmp,i07_12_1.bmp,0.9541043639183044,5.3409
776,i07.bmp,i07_12_2.bmp,0.9235321283340454,4.7273
777,i07.bmp,i07_12_3.bmp,0.855288028717041,3.5333
778,i07.bmp,i07_12_4.bmp,0.7343563437461853,2.8636
779,i07.bmp,i07_12_5.bmp,0.7137033939361572,2.5111
780,i07.bmp,i07_13_1.bmp,0.90008145570755,4.5814
781,i07.bmp,i07_13_2.bmp,0.8623409271240234,4.0682
782,i07.bmp,i07_13_3.bmp,0.7879653573036194,3.3721
783,i07.bmp,i07_13_4.bmp,0.7288163304328918,2.7273
784,i07.bmp,i07_13_5.bmp,0.6843380928039551,2.5111
785,i07.bmp,i07_14_1.bmp,0.9550462961196899,5.7954
786,i07.bmp,i07_14_2.bmp,0.9713919758796692,6.1591
787,i07.bmp,i07_14_3.bmp,0.9397956728935242,5.7046
788,i07.bmp,i07_14_4.bmp,0.9092308282852173,5.2222
789,i07.bmp,i07_14_5.bmp,0.8679445385932922,4.2046
790,i07.bmp,i07_15_1.bmp,0.8957406878471375,3.6364
791,i07.bmp,i07_15_2.bmp,0.8991872668266296,3.2889
792,i07.bmp,i07_15_3.bmp,0.895089328289032,3.0455
793,i07.bmp,i07_15_4.bmp,0.9090816378593445,3.3409
794,i07.bmp,i07_15_5.bmp,0.9361867904663086,3.6512
795,i07.bmp,i07_16_1.bmp,0.9959292411804199,6.2046
796,i07.bmp,i07_16_2.bmp,0.9926496744155884,6.3488
797,i07.bmp,i07_16_3.bmp,0.9783450365066528,5.9333
798,i07.bmp,i07_16_4.bmp,0.9711059927940369,5.3556
799,i07.bmp,i07_16_5.bmp,0.9456388354301453,4.8182
800,i07.bmp,i07_17_1.bmp,0.9891347289085388,5.5454
801,i07.bmp,i07_17_2.bmp,0.9749734997749329,6.4
802,i07.bmp,i07_17_3.bmp,0.9599332213401794,4.4048
803,i07.bmp,i07_17_4.bmp,0.936906635761261,6.7273
804,i07.bmp,i07_17_5.bmp,0.8709045648574829,3.3409
805,i07.bmp,i07_18_1.bmp,0.9761560559272766,5.3864
806,i07.bmp,i07_18_2.bmp,0.9595572352409363,4.9546
807,i07.bmp,i07_18_3.bmp,0.9302011728286743,4.3778
808,i07.bmp,i07_18_4.bmp,0.8752725720405579,3.8636
809,i07.bmp,i07_18_5.bmp,0.8050355911254883,3.6364
810,i07.bmp,i07_19_1.bmp,0.9497610330581665,5.8667
811,i07.bmp,i07_19_2.bmp,0.9214925765991211,5.4444
812,i07.bmp,i07_19_3.bmp,0.8866710066795349,4.8
813,i07.bmp,i07_19_4.bmp,0.8437889218330383,4.1136
814,i07.bmp,i07_19_5.bmp,0.7892217040061951,3.7045
815,i07.bmp,i07_20_1.bmp,0.9682928323745728,5.75
816,i07.bmp,i07_20_2.bmp,0.9324852228164673,5.4222
817,i07.bmp,i07_20_3.bmp,0.8698953986167908,4.4186
818,i07.bmp,i07_20_4.bmp,0.7850832939147949,3.6222
819,i07.bmp,i07_20_5.bmp,0.6975318789482117,2.9302
820,i07.bmp,i07_21_1.bmp,0.9308056235313416,5.6667
821,i07.bmp,i07_21_2.bmp,0.8941734433174133,4.9546
822,i07.bmp,i07_21_3.bmp,0.8275507092475891,4.1111
823,i07.bmp,i07_21_4.bmp,0.7579092979431152,3.3864
824,i07.bmp,i07_21_5.bmp,0.6645781993865967,2.3256
825,i07.bmp,i07_22_1.bmp,0.9668205380439758,5.9333
826,i07.bmp,i07_22_2.bmp,0.9430812001228333,5.2326
827,i07.bmp,i07_22_3.bmp,0.8892948031425476,4.6512
828,i07.bmp,i07_22_4.bmp,0.8336809277534485,4.1429
829,i07.bmp,i07_22_5.bmp,0.7222554087638855,2.6591
830,i07.bmp,i07_23_1.bmp,0.9636238217353821,6.0222
831,i07.bmp,i07_23_2.bmp,0.9131642580032349,5.7333
832,i07.bmp,i07_23_3.bmp,0.8408343195915222,5.0444
833,i07.bmp,i07_23_4.bmp,0.7890080809593201,4.2093
834,i07.bmp,i07_23_5.bmp,0.6535936594009399,2.6444
835,i07.bmp,i07_24_1.bmp,0.9194422960281372,5.7209
836,i07.bmp,i07_24_2.bmp,0.8521490097045898,4.9333
837,i07.bmp,i07_24_3.bmp,0.7599855065345764,3.8636
838,i07.bmp,i07_24_4.bmp,0.6659278869628906,2.25
839,i07.bmp,i07_24_5.bmp,0.5853766798973083,0.47619
840,i08.bmp,i08_01_1.bmp,0.9760487675666809,5.5484
841,i08.bmp,i08_01_2.bmp,0.9637582898139954,4.7097
842,i08.bmp,i08_01_3.bmp,0.9368684887886047,4.8387
843,i08.bmp,i08_01_4.bmp,0.9016933441162109,4.1
844,i08.bmp,i08_01_5.bmp,0.8597103357315063,3.5484
845,i08.bmp,i08_02_1.bmp,0.9840324521064758,5.5938
846,i08.bmp,i08_02_2.bmp,0.9728839993476868,5.5484
847,i08.bmp,i08_02_3.bmp,0.9572378993034363,5.4063
848,i08.bmp,i08_02_4.bmp,0.93036949634552,5.2258
849,i08.bmp,i08_02_5.bmp,0.8967007994651794,4.6452
850,i08.bmp,i08_03_1.bmp,0.9394201636314392,4.6452
851,i08.bmp,i08_03_2.bmp,0.910705029964447,4.2903
852,i08.bmp,i08_03_3.bmp,0.8588771820068359,3.4667
853,i08.bmp,i08_03_4.bmp,0.8048824667930603,2.9688
854,i08.bmp,i08_03_5.bmp,0.7404443025588989,2.3438
855,i08.bmp,i08_04_1.bmp,0.9944118857383728,6.0645
856,i08.bmp,i08_04_2.bmp,0.9926216006278992,5.8387
857,i08.bmp,i08_04_3.bmp,0.9884337782859802,5.625
858,i08.bmp,i08_04_4.bmp,0.9796029925346375,5.4375
859,i08.bmp,i08_04_5.bmp,0.9640910029411316,4.9677
860,i08.bmp,i08_05_1.bmp,0.9892303347587585,5.3333
861,i08.bmp,i08_05_2.bmp,0.9823284149169922,5.4516
862,i08.bmp,i08_05_3.bmp,0.9577198028564453,4.7188
863,i08.bmp,i08_05_4.bmp,0.9050284624099731,3.9677
864,i08.bmp,i08_05_5.bmp,0.8205243945121765,3.125
865,i08.bmp,i08_06_1.bmp,0.9641351699829102,4.3871
866,i08.bmp,i08_06_2.bmp,0.9398924708366394,4.0938
867,i08.bmp,i08_06_3.bmp,0.9118477702140808,3.9333
868,i08.bmp,i08_06_4.bmp,0.8798494338989258,3.6129
869,i08.bmp,i08_06_5.bmp,0.8264644742012024,3.0645
870,i08.bmp,i08_07_1.bmp,0.9706425070762634,5.5
871,i08.bmp,i08_07_2.bmp,0.9514568448066711,4.6452
872,i08.bmp,i08_07_3.bmp,0.9153968691825867,4.1667
873,i08.bmp,i08_07_4.bmp,0.874091625213623,3.4516
874,i08.bmp,i08_07_5.bmp,0.8145729303359985,2.3871
875,i08.bmp,i08_08_1.bmp,0.983568012714386,5.2188
876,i08.bmp,i08_08_2.bmp,0.9566358923912048,4.5938
877,i08.bmp,i08_08_3.bmp,0.8833513259887695,3.9032
878,i08.bmp,i08_08_4.bmp,0.7674739360809326,2.871
879,i08.bmp,i08_08_5.bmp,0.6645630598068237,1.9677
880,i08.bmp,i08_09_1.bmp,0.9535943269729614,5.7097
881,i08.bmp,i08_09_2.bmp,0.9324750304222107,5.875
882,i08.bmp,i08_09_3.bmp,0.8931595683097839,5.0313
883,i08.bmp,i08_09_4.bmp,0.8148512244224548,3.5
884,i08.bmp,i08_09_5.bmp,0.6829144358634949,1.75
885,i08.bmp,i08_10_1.bmp,0.9755153656005859,5.9677
886,i08.bmp,i08_10_2.bmp,0.9570955634117126,5.5938
887,i08.bmp,i08_10_3.bmp,0.9036833047866821,4.6875
888,i08.bmp,i08_10_4.bmp,0.8011755347251892,3.2188
889,i08.bmp,i08_10_5.bmp,0.7179184556007385,1.3438
890,i08.bmp,i08_11_1.bmp,0.9721536636352539,6.0
891,i08.bmp,i08_11_2.bmp,0.9509968757629395,5.25
892,i08.bmp,i08_11_3.bmp,0.9107528924942017,4.5667
893,i08.bmp,i08_11_4.bmp,0.8565232157707214,4.1936
894,i08.bmp,i08_11_5.bmp,0.7128375172615051,2.2667
895,i08.bmp,i08_12_1.bmp,0.9922113418579102,6.1936
896,i08.bmp,i08_12_2.bmp,0.9937203526496887,5.7419
897,i08.bmp,i08_12_3.bmp,0.9632282257080078,5.5
898,i08.bmp,i08_12_4.bmp,0.8957536816596985,4.8125
899,i08.bmp,i08_12_5.bmp,0.9196273684501648,4.25
900,i08.bmp,i08_13_1.bmp,0.9725217819213867,5.7813
901,i08.bmp,i08_13_2.bmp,0.8955380320549011,3.2667
902,i08.bmp,i08_13_3.bmp,0.9530481696128845,4.3871
903,i08.bmp,i08_13_4.bmp,0.8618046641349792,2.7333
904,i08.bmp,i08_13_5.bmp,0.7618736624717712,2.125
905,i08.bmp,i08_14_1.bmp,0.9850838780403137,5.6563
906,i08.bmp,i08_14_2.bmp,0.9794711470603943,5.4375
907,i08.bmp,i08_14_3.bmp,0.9467262625694275,4.871
908,i08.bmp,i08_14_4.bmp,0.9238170981407166,4.75
909,i08.bmp,i08_14_5.bmp,0.8762918710708618,4.0
910,i08.bmp,i08_15_1.bmp,0.9105260968208313,3.7742
911,i08.bmp,i08_15_2.bmp,0.9177530407905579,2.9355
912,i08.bmp,i08_15_3.bmp,0.9216780662536621,3.2813
913,i08.bmp,i08_15_4.bmp,0.9378110766410828,3.6875
914,i08.bmp,i08_15_5.bmp,0.9514479041099548,3.5161
915,i08.bmp,i08_16_1.bmp,0.9958369135856628,6.0625
916,i08.bmp,i08_16_2.bmp,0.9926597476005554,5.75
917,i08.bmp,i08_16_3.bmp,0.9791110157966614,5.871
918,i08.bmp,i08_16_4.bmp,0.96712726354599,4.9032
919,i08.bmp,i08_16_5.bmp,0.9446278810501099,4.5667
920,i08.bmp,i08_17_1.bmp,0.9903022050857544,5.4063
921,i08.bmp,i08_17_2.bmp,0.9740703701972961,5.5807
922,i08.bmp,i08_17_3.bmp,0.9574962854385376,4.1875
923,i08.bmp,i08_17_4.bmp,0.9309857487678528,5.0645
924,i08.bmp,i08_17_5.bmp,0.8692815899848938,3.2581
925,i08.bmp,i08_18_1.bmp,0.9673450589179993,4.25
926,i08.bmp,i08_18_2.bmp,0.9407102465629578,3.7419
927,i08.bmp,i08_18_3.bmp,0.8968068957328796,2.9375
928,i08.bmp,i08_18_4.bmp,0.8635358810424805,2.8438
929,i08.bmp,i08_18_5.bmp,0.840994656085968,2.871
930,i08.bmp,i08_19_1.bmp,0.9800708889961243,5.3871
931,i08.bmp,i08_19_2.bmp,0.9683201909065247,4.9355
932,i08.bmp,i08_19_3.bmp,0.948016345500946,4.6875
933,i08.bmp,i08_19_4.bmp,0.9131956100463867,4.0323
934,i08.bmp,i08_19_5.bmp,0.8786198496818542,3.5938
935,i08.bmp,i08_20_1.bmp,0.989220917224884,5.871
936,i08.bmp,i08_20_2.bmp,0.9807205200195312,5.9677
937,i08.bmp,i08_20_3.bmp,0.9601544737815857,5.2667
938,i08.bmp,i08_20_4.bmp,0.9158287048339844,4.625
939,i08.bmp,i08_20_5.bmp,0.8473089337348938,3.8125
940,i08.bmp,i08_21_1.bmp,0.9667386412620544,5.6875
941,i08.bmp,i08_21_2.bmp,0.9378120303153992,4.9355
942,i08.bmp,i08_21_3.bmp,0.8969888687133789,4.2903
943,i08.bmp,i08_21_4.bmp,0.8371753096580505,3.8064
944,i08.bmp,i08_21_5.bmp,0.7554509043693542,2.6774
945,i08.bmp,i08_22_1.bmp,0.9769960641860962,5.6129
946,i08.bmp,i08_22_2.bmp,0.956878662109375,5.4516
947,i08.bmp,i08_22_3.bmp,0.927897572517395,4.1613
948,i08.bmp,i08_22_4.bmp,0.8696436285972595,3.0625
949,i08.bmp,i08_22_5.bmp,0.8335262537002563,2.375
950,i08.bmp,i08_23_1.bmp,0.9783234596252441,6.0323
951,i08.bmp,i08_23_2.bmp,0.9563245177268982,6.1613
952,i08.bmp,i08_23_3.bmp,0.9353132247924805,5.6774
953,i08.bmp,i08_23_4.bmp,0.9189953207969666,5.5
954,i08.bmp,i08_23_5.bmp,0.8963257670402527,5.4375
955,i08.bmp,i08_24_1.bmp,0.9692859649658203,5.9355
956,i08.bmp,i08_24_2.bmp,0.9398623704910278,5.7813
957,i08.bmp,i08_24_3.bmp,0.8953273892402649,5.2903
958,i08.bmp,i08_24_4.bmp,0.8232293128967285,3.9677
959,i08.bmp,i08_24_5.bmp,0.7228203415870667,2.625
960,i09.bmp,i09_01_1.bmp,0.9543922543525696,5.3636
961,i09.bmp,i09_01_2.bmp,0.9265506863594055,5.0
962,i09.bmp,i09_01_3.bmp,0.8892300724983215,4.5454
963,i09.bmp,i09_01_4.bmp,0.844054639339447,4.0323
964,i09.bmp,i09_01_5.bmp,0.7996487617492676,3.6364
965,i09.bmp,i09_02_1.bmp,0.9778106808662415,5.8788
966,i09.bmp,i09_02_2.bmp,0.9610022902488708,6.0303
967,i09.bmp,i09_02_3.bmp,0.934963047504425,5.5625
968,i09.bmp,i09_02_4.bmp,0.8977758288383484,4.875
969,i09.bmp,i09_02_5.bmp,0.8563583493232727,4.5454
970,i09.bmp,i09_03_1.bmp,0.8908792734146118,4.6061
971,i09.bmp,i09_03_2.bmp,0.8506507873535156,4.0938
972,i09.bmp,i09_03_3.bmp,0.8052064776420593,3.697
973,i09.bmp,i09_03_4.bmp,0.7484122514724731,3.25
974,i09.bmp,i09_03_5.bmp,0.6888100504875183,2.8788
975,i09.bmp,i09_04_1.bmp,0.9916269183158875,5.7419
976,i09.bmp,i09_04_2.bmp,0.9854647517204285,5.5938
977,i09.bmp,i09_04_3.bmp,0.9719110727310181,5.3871
978,i09.bmp,i09_04_4.bmp,0.9475778937339783,4.6774
979,i09.bmp,i09_04_5.bmp,0.9110641479492188,4.2727
980,i09.bmp,i09_05_1.bmp,0.9785332679748535,5.9355
981,i09.bmp,i09_05_2.bmp,0.9637765884399414,5.5
982,i09.bmp,i09_05_3.bmp,0.9177233576774597,4.9688
983,i09.bmp,i09_05_4.bmp,0.8523423075675964,4.0909
984,i09.bmp,i09_05_5.bmp,0.7677624225616455,3.5938
985,i09.bmp,i09_06_1.bmp,0.9307743310928345,5.2188
986,i09.bmp,i09_06_2.bmp,0.9050081372261047,4.3125
987,i09.bmp,i09_06_3.bmp,0.8775849342346191,4.1613
988,i09.bmp,i09_06_4.bmp,0.8380462527275085,3.8125
989,i09.bmp,i09_06_5.bmp,0.7889453172683716,3.3438
990,i09.bmp,i09_07_1.bmp,0.9415346384048462,4.8788
991,i09.bmp,i09_07_2.bmp,0.9139295816421509,4.75
992,i09.bmp,i09_07_3.bmp,0.8699453473091125,4.129
993,i09.bmp,i09_07_4.bmp,0.8233430981636047,3.6667
994,i09.bmp,i09_07_5.bmp,0.777654767036438,2.7097
995,i09.bmp,i09_08_1.bmp,0.9865891337394714,5.875
996,i09.bmp,i09_08_2.bmp,0.9656090140342712,5.2424
997,i09.bmp,i09_08_3.bmp,0.9082142114639282,4.3438
998,i09.bmp,i09_08_4.bmp,0.7942914366722107,3.4848
999,i09.bmp,i09_08_5.bmp,0.67975914478302,2.375
1000,i09.bmp,i09_09_1.bmp,0.9437047839164734,6.5454
1001,i09.bmp,i09_09_2.bmp,0.9181066751480103,6.0909
1002,i09.bmp,i09_09_3.bmp,0.8757360577583313,5.1515
1003,i09.bmp,i09_09_4.bmp,0.800083577632904,3.9063
1004,i09.bmp,i09_09_5.bmp,0.6843972206115723,2.5152
1005,i09.bmp,i09_10_1.bmp,0.9723016023635864,6.0
1006,i09.bmp,i09_10_2.bmp,0.9462205767631531,5.6563
1007,i09.bmp,i09_10_3.bmp,0.8821355700492859,4.9063
1008,i09.bmp,i09_10_4.bmp,0.7711848020553589,3.1936
1009,i09.bmp,i09_10_5.bmp,0.6973028182983398,2.3438
1010,i09.bmp,i09_11_1.bmp,0.9317461252212524,5.9063
1011,i09.bmp,i09_11_2.bmp,0.8862835168838501,5.1563
1012,i09.bmp,i09_11_3.bmp,0.7796205878257751,3.9688
1013,i09.bmp,i09_11_4.bmp,0.6688416600227356,2.4063
1014,i09.bmp,i09_11_5.bmp,0.5923299193382263,0.87879
1015,i09.bmp,i09_12_1.bmp,0.9935557246208191,6.0606
1016,i09.bmp,i09_12_2.bmp,0.9729833006858826,5.9063
1017,i09.bmp,i09_12_3.bmp,0.8675974011421204,4.9063
1018,i09.bmp,i09_12_4.bmp,0.7655653953552246,2.9688
1019,i09.bmp,i09_12_5.bmp,0.7173870205879211,2.8438
1020,i09.bmp,i09_13_1.bmp,0.8994026184082031,4.5152
1021,i09.bmp,i09_13_2.bmp,0.8521009683609009,3.7742
1022,i09.bmp,i09_13_3.bmp,0.768462598323822,3.3333
1023,i09.bmp,i09_13_4.bmp,0.7403435111045837,2.8182
1024,i09.bmp,i09_13_5.bmp,0.767742931842804,2.8788
1025,i09.bmp,i09_14_1.bmp,0.9566873908042908,5.8438
1026,i09.bmp,i09_14_2.bmp,0.9766802787780762,5.4848
1027,i09.bmp,i09_14_3.bmp,0.9322895407676697,6.2813
1028,i09.bmp,i09_14_4.bmp,0.8927988409996033,4.4375
1029,i09.bmp,i09_14_5.bmp,0.8559526801109314,3.3125
1030,i09.bmp,i09_15_1.bmp,0.866818368434906,2.9091
1031,i09.bmp,i09_15_2.bmp,0.8871003985404968,3.0606
1032,i09.bmp,i09_15_3.bmp,0.9026819467544556,3.25
1033,i09.bmp,i09_15_4.bmp,0.9202360510826111,3.5938
1034,i09.bmp,i09_15_5.bmp,0.9503830075263977,5.8485
1035,i09.bmp,i09_16_1.bmp,0.9979953765869141,6.0606
1036,i09.bmp,i09_16_2.bmp,0.9938940405845642,6.303
1037,i09.bmp,i09_16_3.bmp,0.9875878691673279,5.75
1038,i09.bmp,i09_16_4.bmp,0.9736672639846802,5.9032
1039,i09.bmp,i09_16_5.bmp,0.9626099467277527,4.6667
1040,i09.bmp,i09_17_1.bmp,0.9905300140380859,5.8125
1041,i09.bmp,i09_17_2.bmp,0.9802358746528625,6.7879
1042,i09.bmp,i09_17_3.bmp,0.9602099657058716,4.7813
1043,i09.bmp,i09_17_4.bmp,0.9422134757041931,6.3636
1044,i09.bmp,i09_17_5.bmp,0.8736198544502258,3.6061
1045,i09.bmp,i09_18_1.bmp,0.973872184753418,4.8182
1046,i09.bmp,i09_18_2.bmp,0.9563965797424316,4.303
1047,i09.bmp,i09_18_3.bmp,0.9222758412361145,4.0645
1048,i09.bmp,i09_18_4.bmp,0.8617978096008301,3.3125
1049,i09.bmp,i09_18_5.bmp,0.8196880221366882,3.1563
1050,i09.bmp,i09_19_1.bmp,0.9530760645866394,5.5
1051,i09.bmp,i09_19_2.bmp,0.9269960522651672,4.6774
1052,i09.bmp,i09_19_3.bmp,0.8896946907043457,4.5161
1053,i09.bmp,i09_19_4.bmp,0.8467040061950684,4.0625
1054,i09.bmp,i09_19_5.bmp,0.802179753780365,3.4848
1055,i09.bmp,i09_20_1.bmp,0.9700078964233398,5.8125
1056,i09.bmp,i09_20_2.bmp,0.9371433258056641,5.6667
1057,i09.bmp,i09_20_3.bmp,0.881824791431427,4.5
1058,i09.bmp,i09_20_4.bmp,0.8031134605407715,3.9091
1059,i09.bmp,i09_20_5.bmp,0.7126877903938293,2.9091
1060,i09.bmp,i09_21_1.bmp,0.9195762872695923,5.2727
1061,i09.bmp,i09_21_2.bmp,0.8864960074424744,4.8125
1062,i09.bmp,i09_21_3.bmp,0.82815021276474,4.25
1063,i09.bmp,i09_21_4.bmp,0.7701894044876099,3.5
1064,i09.bmp,i09_21_5.bmp,0.6588467955589294,2.1613
1065,i09.bmp,i09_22_1.bmp,0.957436740398407,5.7188
1066,i09.bmp,i09_22_2.bmp,0.9312589764595032,5.7879
1067,i09.bmp,i09_22_3.bmp,0.8987326622009277,5.5
1068,i09.bmp,i09_22_4.bmp,0.8168932795524597,4.0938
1069,i09.bmp,i09_22_5.bmp,0.7502579092979431,2.7188
1070,i09.bmp,i09_23_1.bmp,0.96425861120224,6.25
1071,i09.bmp,i09_23_2.bmp,0.9260684847831726,6.2813
1072,i09.bmp,i09_23_3.bmp,0.8598346710205078,6.0303
1073,i09.bmp,i09_23_4.bmp,0.7995010614395142,4.8125
1074,i09.bmp,i09_23_5.bmp,0.6700217127799988,2.875
1075,i09.bmp,i09_24_1.bmp,0.9299217462539673,5.75
1076,i09.bmp,i09_24_2.bmp,0.8681953549385071,5.0938
1077,i09.bmp,i09_24_3.bmp,0.774847149848938,3.75
1078,i09.bmp,i09_24_4.bmp,0.6709466576576233,2.0303
1079,i09.bmp,i09_24_5.bmp,0.588448166847229,0.24242
1080,i10.bmp,i10_01_1.bmp,0.9498392343521118,5.718
1081,i10.bmp,i10_01_2.bmp,0.9174173474311829,5.4324
1082,i10.bmp,i10_01_3.bmp,0.8803144693374634,4.7436
1083,i10.bmp,i10_01_4.bmp,0.828369140625,4.5385
1084,i10.bmp,i10_01_5.bmp,0.7679022550582886,3.8158
1085,i10.bmp,i10_02_1.bmp,0.971631646156311,6.0541
1086,i10.bmp,i10_02_2.bmp,0.9543743133544922,5.8378
1087,i10.bmp,i10_02_3.bmp,0.9229893684387207,5.7692
1088,i10.bmp,i10_02_4.bmp,0.8862594962120056,5.5263
1089,i10.bmp,i10_02_5.bmp,0.8331863284111023,4.7297
1090,i10.bmp,i10_03_1.bmp,0.8816758394241333,5.0541
1091,i10.bmp,i10_03_2.bmp,0.8243035674095154,4.3611
1092,i10.bmp,i10_03_3.bmp,0.7653443217277527,4.0256
1093,i10.bmp,i10_03_4.bmp,0.701819121837616,3.3077
1094,i10.bmp,i10_03_5.bmp,0.6460680365562439,2.9231
1095,i10.bmp,i10_04_1.bmp,0.9922155737876892,6.0769
1096,i10.bmp,i10_04_2.bmp,0.9887604117393494,5.1111
1097,i10.bmp,i10_04_3.bmp,0.981850266456604,5.1579
1098,i10.bmp,i10_04_4.bmp,0.964313805103302,4.7692
1099,i10.bmp,i10_04_5.bmp,0.9286400675773621,4.2308
1100,i10.bmp,i10_05_1.bmp,0.9763485789299011,6.0513
1101,i10.bmp,i10_05_2.bmp,0.95887291431427,5.7949
1102,i10.bmp,i10_05_3.bmp,0.9096216559410095,5.1795
1103,i10.bmp,i10_05_4.bmp,0.8350836038589478,4.3947
1104,i10.bmp,i10_05_5.bmp,0.7367009520530701,3.3421
1105,i10.bmp,i10_06_1.bmp,0.9374746680259705,5.1579
1106,i10.bmp,i10_06_2.bmp,0.8987541198730469,4.6486
1107,i10.bmp,i10_06_3.bmp,0.8588832020759583,4.5789
1108,i10.bmp,i10_06_4.bmp,0.8178405165672302,3.8421
1109,i10.bmp,i10_06_5.bmp,0.7612975239753723,3.4054
1110,i10.bmp,i10_07_1.bmp,0.9312319159507751,5.5405
1111,i10.bmp,i10_07_2.bmp,0.8932647705078125,5.0256
1112,i10.bmp,i10_07_3.bmp,0.8336891531944275,4.4615
1113,i10.bmp,i10_07_4.bmp,0.7746440172195435,4.0
1114,i10.bmp,i10_07_5.bmp,0.743881106376648,3.0526
1115,i10.bmp,i10_08_1.bmp,0.9846217036247253,5.9737
1116,i10.bmp,i10_08_2.bmp,0.962838351726532,5.3077
1117,i10.bmp,i10_08_3.bmp,0.9031658172607422,4.3514
1118,i10.bmp,i10_08_4.bmp,0.7824477553367615,3.5
1119,i10.bmp,i10_08_5.bmp,0.6577391624450684,2.7895
1120,i10.bmp,i10_09_1.bmp,0.9357225298881531,5.9744
1121,i10.bmp,i10_09_2.bmp,0.9066801071166992,5.6923
1122,i10.bmp,i10_09_3.bmp,0.8425947427749634,5.1795
1123,i10.bmp,i10_09_4.bmp,0.7337245345115662,3.8158
1124,i10.bmp,i10_09_5.bmp,0.6247870326042175,2.282
1125,i10.bmp,i10_10_1.bmp,0.9661834836006165,5.8684
1126,i10.bmp,i10_10_2.bmp,0.9402100443840027,5.8158
1127,i10.bmp,i10_10_3.bmp,0.8695852160453796,5.2051
1128,i10.bmp,i10_10_4.bmp,0.7339693903923035,3.641
1129,i10.bmp,i10_10_5.bmp,0.6519890427589417,2.4359
1130,i10.bmp,i10_11_1.bmp,0.9280387163162231,5.1539
1131,i10.bmp,i10_11_2.bmp,0.845799446105957,4.4615
1132,i10.bmp,i10_11_3.bmp,0.7198864817619324,3.6154
1133,i10.bmp,i10_11_4.bmp,0.6158090829849243,2.1842
1134,i10.bmp,i10_11_5.bmp,0.5474583506584167,1.2368
1135,i10.bmp,i10_12_1.bmp,0.9133524894714355,4.7692
1136,i10.bmp,i10_12_2.bmp,0.931073784828186,5.8421
1137,i10.bmp,i10_12_3.bmp,0.8619903922080994,4.9231
1138,i10.bmp,i10_12_4.bmp,0.785399854183197,4.0526
1139,i10.bmp,i10_12_5.bmp,0.6730934977531433,2.6842
1140,i10.bmp,i10_13_1.bmp,0.9634542465209961,5.7895
1141,i10.bmp,i10_13_2.bmp,0.8230192065238953,3.9211
1142,i10.bmp,i10_13_3.bmp,0.7623637914657593,3.4211
1143,i10.bmp,i10_13_4.bmp,0.7223974466323853,2.6842
1144,i10.bmp,i10_13_5.bmp,0.6920434236526489,2.8974
1145,i10.bmp,i10_14_1.bmp,0.9574045538902283,5.8205
1146,i10.bmp,i10_14_2.bmp,0.9721758961677551,6.1539
1147,i10.bmp,i10_14_3.bmp,0.934112012386322,5.5526
1148,i10.bmp,i10_14_4.bmp,0.8756238222122192,4.2703
1149,i10.bmp,i10_14_5.bmp,0.8658714294433594,3.8421
1150,i10.bmp,i10_15_1.bmp,0.8579773902893066,3.0789
1151,i10.bmp,i10_15_2.bmp,0.8686816096305847,3.2308
1152,i10.bmp,i10_15_3.bmp,0.8913413882255554,3.6154
1153,i10.bmp,i10_15_4.bmp,0.8983567357063293,3.3684
1154,i10.bmp,i10_15_5.bmp,0.9365949630737305,4.1795
1155,i10.bmp,i10_16_1.bmp,0.9948232769966125,6.1282
1156,i10.bmp,i10_16_2.bmp,0.993474006652832,6.1026
1157,i10.bmp,i10_16_3.bmp,0.9771749377250671,6.0256
1158,i10.bmp,i10_16_4.bmp,0.9724554419517517,5.5789
1159,i10.bmp,i10_16_5.bmp,0.9407984018325806,5.1282
1160,i10.bmp,i10_17_1.bmp,0.9888192415237427,5.7105
1161,i10.bmp,i10_17_2.bmp,0.9729875922203064,6.5897
1162,i10.bmp,i10_17_3.bmp,0.9575014114379883,4.5676
1163,i10.bmp,i10_17_4.bmp,0.9280204772949219,6.5641
1164,i10.bmp,i10_17_5.bmp,0.8672643899917603,3.6923
1165,i10.bmp,i10_18_1.bmp,0.9373218417167664,4.5128
1166,i10.bmp,i10_18_2.bmp,0.8901509642601013,4.0769
1167,i10.bmp,i10_18_3.bmp,0.8402553796768188,3.8205
1168,i10.bmp,i10_18_4.bmp,0.8249050974845886,3.6316
1169,i10.bmp,i10_18_5.bmp,0.809855580329895,3.3158
1170,i10.bmp,i10_19_1.bmp,0.9524654746055603,5.5789
1171,i10.bmp,i10_19_2.bmp,0.9249686598777771,5.4211
1172,i10.bmp,i10_19_3.bmp,0.8851040005683899,4.6757
1173,i10.bmp,i10_19_4.bmp,0.8410398364067078,4.2162
1174,i10.bmp,i10_19_5.bmp,0.7878369092941284,3.8718
1175,i10.bmp,i10_20_1.bmp,0.9620329141616821,5.8461
1176,i10.bmp,i10_20_2.bmp,0.9179434776306152,5.3846
1177,i10.bmp,i10_20_3.bmp,0.8413295149803162,4.4359
1178,i10.bmp,i10_20_4.bmp,0.758008599281311,3.5789
1179,i10.bmp,i10_20_5.bmp,0.676470935344696,2.8649
1180,i10.bmp,i10_21_1.bmp,0.9151027798652649,5.5
1181,i10.bmp,i10_21_2.bmp,0.8571884036064148,5.1795
1182,i10.bmp,i10_21_3.bmp,0.8021480441093445,4.2564
1183,i10.bmp,i10_21_4.bmp,0.7273915410041809,3.7692
1184,i10.bmp,i10_21_5.bmp,0.623784601688385,2.5128
1185,i10.bmp,i10_22_1.bmp,0.9610886573791504,5.9737
1186,i10.bmp,i10_22_2.bmp,0.924085259437561,4.8718
1187,i10.bmp,i10_22_3.bmp,0.8789853453636169,4.4865
1188,i10.bmp,i10_22_4.bmp,0.8437164425849915,4.0278
1189,i10.bmp,i10_22_5.bmp,0.7476590871810913,3.2564
1190,i10.bmp,i10_23_1.bmp,0.9584118723869324,6.1539
1191,i10.bmp,i10_23_2.bmp,0.8964654803276062,5.9487
1192,i10.bmp,i10_23_3.bmp,0.7809389233589172,4.5526
1193,i10.bmp,i10_23_4.bmp,0.6370755434036255,2.6053
1194,i10.bmp,i10_23_5.bmp,0.5657577514648438,1.4474
1195,i10.bmp,i10_24_1.bmp,0.9085988998413086,5.4615
1196,i10.bmp,i10_24_2.bmp,0.8389959335327148,4.7895
1197,i10.bmp,i10_24_3.bmp,0.7151505351066589,3.5128
1198,i10.bmp,i10_24_4.bmp,0.5960699319839478,1.8649
1199,i10.bmp,i10_24_5.bmp,0.5374479293823242,0.36842
1200,i11.bmp,i11_01_1.bmp,0.9675183296203613,5.5405
1201,i11.bmp,i11_01_2.bmp,0.9488568305969238,5.1622
1202,i11.bmp,i11_01_3.bmp,0.9148144125938416,5.3514
1203,i11.bmp,i11_01_4.bmp,0.8776659965515137,4.2857
1204,i11.bmp,i11_01_5.bmp,0.8210060000419617,3.8611
1205,i11.bmp,i11_02_1.bmp,0.9798908233642578,5.5556
1206,i11.bmp,i11_02_2.bmp,0.967910885810852,5.8857
1207,i11.bmp,i11_02_3.bmp,0.9473859667778015,5.4444
1208,i11.bmp,i11_02_4.bmp,0.9092710614204407,5.1944
1209,i11.bmp,i11_02_5.bmp,0.8671995401382446,4.75
1210,i11.bmp,i11_03_1.bmp,0.912506103515625,5.0
1211,i11.bmp,i11_03_2.bmp,0.8659570813179016,4.4324
1212,i11.bmp,i11_03_3.bmp,0.8150427937507629,3.8286
1213,i11.bmp,i11_03_4.bmp,0.7555684447288513,3.2703
1214,i11.bmp,i11_03_5.bmp,0.6933917999267578,2.9167
1215,i11.bmp,i11_04_1.bmp,0.9937940835952759,5.4706
1216,i11.bmp,i11_04_2.bmp,0.9904745221138,5.6216
1217,i11.bmp,i11_04_3.bmp,0.9807737469673157,5.2857
1218,i11.bmp,i11_04_4.bmp,0.9637529253959656,5.1944
1219,i11.bmp,i11_04_5.bmp,0.9329525232315063,4.6757
1220,i11.bmp,i11_05_1.bmp,0.9843351244926453,6.027
1221,i11.bmp,i11_05_2.bmp,0.9733759164810181,5.8056
1222,i11.bmp,i11_05_3.bmp,0.9394815564155579,5.2973
1223,i11.bmp,i11_05_4.bmp,0.8716190457344055,4.1944
1224,i11.bmp,i11_05_5.bmp,0.7745261192321777,3.0556
1225,i11.bmp,i11_06_1.bmp,0.9540468454360962,4.6944
1226,i11.bmp,i11_06_2.bmp,0.9270971417427063,4.3889
1227,i11.bmp,i11_06_3.bmp,0.8984453082084656,3.973
1228,i11.bmp,i11_06_4.bmp,0.8533034324645996,3.5405
1229,i11.bmp,i11_06_5.bmp,0.797095537185669,3.0286
1230,i11.bmp,i11_07_1.bmp,0.9524494409561157,5.5676
1231,i11.bmp,i11_07_2.bmp,0.9173685908317566,4.8
1232,i11.bmp,i11_07_3.bmp,0.8736371994018555,4.5278
1233,i11.bmp,i11_07_4.bmp,0.8277900815010071,3.9412
1234,i11.bmp,i11_07_5.bmp,0.7724646925926208,2.7568
1235,i11.bmp,i11_08_1.bmp,0.9837738275527954,4.9429
1236,i11.bmp,i11_08_2.bmp,0.9568848013877869,4.5714
1237,i11.bmp,i11_08_3.bmp,0.8874844908714294,3.7568
1238,i11.bmp,i11_08_4.bmp,0.763218104839325,2.8571
1239,i11.bmp,i11_08_5.bmp,0.6507110595703125,2.3333
1240,i11.bmp,i11_09_1.bmp,0.9456621408462524,5.8108
1241,i11.bmp,i11_09_2.bmp,0.9145432710647583,5.8649
1242,i11.bmp,i11_09_3.bmp,0.8517537117004395,4.6667
1243,i11.bmp,i11_09_4.bmp,0.7517163157463074,3.3333
1244,i11.bmp,i11_09_5.bmp,0.626919686794281,1.9722
1245,i11.bmp,i11_10_1.bmp,0.968575119972229,5.8108
1246,i11.bmp,i11_10_2.bmp,0.9458261728286743,5.6486
1247,i11.bmp,i11_10_3.bmp,0.8819670081138611,5.0278
1248,i11.bmp,i11_10_4.bmp,0.7565966844558716,3.4865
1249,i11.bmp,i11_10_5.bmp,0.6561688780784607,2.2703
1250,i11.bmp,i11_11_1.bmp,0.9623552560806274,5.8611
1251,i11.bmp,i11_11_2.bmp,0.930682361125946,5.4286
1252,i11.bmp,i11_11_3.bmp,0.8615121841430664,4.4722
1253,i11.bmp,i11_11_4.bmp,0.7054570913314819,2.9143
1254,i11.bmp,i11_11_5.bmp,0.575936496257782,0.97222
1255,i11.bmp,i11_12_1.bmp,0.9744386672973633,5.6111
1256,i11.bmp,i11_12_2.bmp,0.9860696792602539,5.9722
1257,i11.bmp,i11_12_3.bmp,0.9035707712173462,4.6216
1258,i11.bmp,i11_12_4.bmp,0.8212591409683228,3.7778
1259,i11.bmp,i11_12_5.bmp,0.6961221098899841,2.0278
1260,i11.bmp,i11_13_1.bmp,0.9172729849815369,4.0833
1261,i11.bmp,i11_13_2.bmp,0.8816914558410645,4.5405
1262,i11.bmp,i11_13_3.bmp,0.8194912075996399,3.25
1263,i11.bmp,i11_13_4.bmp,0.7615629434585571,2.75
1264,i11.bmp,i11_13_5.bmp,0.7013532519340515,2.2778
1265,i11.bmp,i11_14_1.bmp,0.9716777801513672,5.8333
1266,i11.bmp,i11_14_2.bmp,0.965622067451477,5.4571
1267,i11.bmp,i11_14_3.bmp,0.9210687875747681,5.2973
1268,i11.bmp,i11_14_4.bmp,0.88092041015625,5.1667
1269,i11.bmp,i11_14_5.bmp,0.8526749014854431,4.3889
1270,i11.bmp,i11_15_1.bmp,0.8750495910644531,3.1892
1271,i11.bmp,i11_15_2.bmp,0.8788824081420898,3.3889
1272,i11.bmp,i11_15_3.bmp,0.8908735513687134,3.5
1273,i11.bmp,i11_15_4.bmp,0.9026622772216797,3.6757
1274,i11.bmp,i11_15_5.bmp,0.9194488525390625,3.5
1275,i11.bmp,i11_16_1.bmp,0.9946447610855103,6.1081
1276,i11.bmp,i11_16_2.bmp,0.9877845048904419,5.9189
1277,i11.bmp,i11_16_3.bmp,0.9661785960197449,5.6944
1278,i11.bmp,i11_16_4.bmp,0.9612016677856445,4.9459
1279,i11.bmp,i11_16_5.bmp,0.9139928221702576,4.5676
1280,i11.bmp,i11_17_1.bmp,0.9870700836181641,5.5946
1281,i11.bmp,i11_17_2.bmp,0.973737895488739,6.75
1282,i11.bmp,i11_17_3.bmp,0.9564846158027649,4.3429
1283,i11.bmp,i11_17_4.bmp,0.9290348291397095,6.8378
1284,i11.bmp,i11_17_5.bmp,0.8674129843711853,3.2162
1285,i11.bmp,i11_18_1.bmp,0.9669421315193176,4.5556
1286,i11.bmp,i11_18_2.bmp,0.9442837834358215,4.2703
1287,i11.bmp,i11_18_3.bmp,0.9016146063804626,3.5833
1288,i11.bmp,i11_18_4.bmp,0.8355154395103455,3.4412
1289,i11.bmp,i11_18_5.bmp,0.8173262476921082,3.5135
1290,i11.bmp,i11_19_1.bmp,0.9717525839805603,5.6486
1291,i11.bmp,i11_19_2.bmp,0.9478412866592407,5.1111
1292,i11.bmp,i11_19_3.bmp,0.9173992276191711,4.6486
1293,i11.bmp,i11_19_4.bmp,0.8783799409866333,3.9714
1294,i11.bmp,i11_19_5.bmp,0.8275885581970215,3.6216
1295,i11.bmp,i11_20_1.bmp,0.982597827911377,6.0286
1296,i11.bmp,i11_20_2.bmp,0.9658697247505188,5.5946
1297,i11.bmp,i11_20_3.bmp,0.930946946144104,5.3514
1298,i11.bmp,i11_20_4.bmp,0.8602127432823181,4.8889
1299,i11.bmp,i11_20_5.bmp,0.7582642436027527,3.6389
1300,i11.bmp,i11_21_1.bmp,0.9491490721702576,5.7027
1301,i11.bmp,i11_21_2.bmp,0.9076113104820251,5.4167
1302,i11.bmp,i11_21_3.bmp,0.8506841659545898,4.4054
1303,i11.bmp,i11_21_4.bmp,0.779817521572113,3.8611
1304,i11.bmp,i11_21_5.bmp,0.6888190507888794,2.6486
1305,i11.bmp,i11_22_1.bmp,0.9712408185005188,5.5676
1306,i11.bmp,i11_22_2.bmp,0.9518144726753235,5.4054
1307,i11.bmp,i11_22_3.bmp,0.909084141254425,4.8919
1308,i11.bmp,i11_22_4.bmp,0.8374349474906921,3.6486
1309,i11.bmp,i11_22_5.bmp,0.7450523376464844,2.5278
1310,i11.bmp,i11_23_1.bmp,0.9680477380752563,5.8649
1311,i11.bmp,i11_23_2.bmp,0.9317270517349243,5.8378
1312,i11.bmp,i11_23_3.bmp,0.8955506682395935,5.9459
1313,i11.bmp,i11_23_4.bmp,0.8154035806655884,5.2703
1314,i11.bmp,i11_23_5.bmp,0.6636144518852234,2.7568
1315,i11.bmp,i11_24_1.bmp,0.9532495737075806,5.9189
1316,i11.bmp,i11_24_2.bmp,0.9089996218681335,5.4722
1317,i11.bmp,i11_24_3.bmp,0.832989513874054,4.6286
1318,i11.bmp,i11_24_4.bmp,0.7038289904594421,2.8857
1319,i11.bmp,i11_24_5.bmp,0.5749125480651855,0.58333
1320,i12.bmp,i12_01_1.bmp,0.9524785876274109,5.9459
1321,i12.bmp,i12_01_2.bmp,0.9243194460868835,4.9722
1322,i12.bmp,i12_01_3.bmp,0.8843199610710144,4.7895
1323,i12.bmp,i12_01_4.bmp,0.8349677920341492,4.1389
1324,i12.bmp,i12_01_5.bmp,0.7923762798309326,3.7632
1325,i12.bmp,i12_02_1.bmp,0.972800076007843,6.0811
1326,i12.bmp,i12_02_2.bmp,0.9574796557426453,5.973
1327,i12.bmp,i12_02_3.bmp,0.9273101687431335,5.5263
1328,i12.bmp,i12_02_4.bmp,0.890999436378479,5.0526
1329,i12.bmp,i12_02_5.bmp,0.842888355255127,4.5405
1330,i12.bmp,i12_03_1.bmp,0.8910782933235168,4.5676
1331,i12.bmp,i12_03_2.bmp,0.848953366279602,4.1622
1332,i12.bmp,i12_03_3.bmp,0.7922781109809875,3.7568
1333,i12.bmp,i12_03_4.bmp,0.7319770455360413,3.1053
1334,i12.bmp,i12_03_5.bmp,0.6772773265838623,2.7105
1335,i12.bmp,i12_04_1.bmp,0.9905678033828735,5.9189
1336,i12.bmp,i12_04_2.bmp,0.9832254648208618,5.5263
1337,i12.bmp,i12_04_3.bmp,0.9669740796089172,5.2105
1338,i12.bmp,i12_04_4.bmp,0.940061092376709,4.7027
1339,i12.bmp,i12_04_5.bmp,0.8960171937942505,3.7838
1340,i12.bmp,i12_05_1.bmp,0.978298008441925,5.6486
1341,i12.bmp,i12_05_2.bmp,0.9592984318733215,5.8108
1342,i12.bmp,i12_05_3.bmp,0.909768283367157,5.2105
1343,i12.bmp,i12_05_4.bmp,0.8421916961669922,4.3514
1344,i12.bmp,i12_05_5.bmp,0.7538673877716064,3.6579
1345,i12.bmp,i12_06_1.bmp,0.9460224509239197,5.0811
1346,i12.bmp,i12_06_2.bmp,0.8984691500663757,4.8158
1347,i12.bmp,i12_06_3.bmp,0.853096604347229,4.4595
1348,i12.bmp,i12_06_4.bmp,0.8138575553894043,4.0811
1349,i12.bmp,i12_06_5.bmp,0.7626747488975525,3.75
1350,i12.bmp,i12_07_1.bmp,0.9277227520942688,4.6944
1351,i12.bmp,i12_07_2.bmp,0.8911615610122681,4.3947
1352,i12.bmp,i12_07_3.bmp,0.8324692845344543,4.1842
1353,i12.bmp,i12_07_4.bmp,0.7961814999580383,3.1892
1354,i12.bmp,i12_07_5.bmp,0.7504677176475525,3.0278
1355,i12.bmp,i12_08_1.bmp,0.9865929484367371,6.1842
1356,i12.bmp,i12_08_2.bmp,0.9631272554397583,5.4737
1357,i12.bmp,i12_08_3.bmp,0.9078630805015564,4.5263
1358,i12.bmp,i12_08_4.bmp,0.8008000254631042,3.6053
1359,i12.bmp,i12_08_5.bmp,0.6850246787071228,2.7778
1360,i12.bmp,i12_09_1.bmp,0.9359003305435181,6.3158
1361,i12.bmp,i12_09_2.bmp,0.9053730368614197,5.5278
1362,i12.bmp,i12_09_3.bmp,0.8546881079673767,4.7368
1363,i12.bmp,i12_09_4.bmp,0.7717201113700867,3.4324
1364,i12.bmp,i12_09_5.bmp,0.6678716540336609,2.2571
1365,i12.bmp,i12_10_1.bmp,0.9669305086135864,6.0811
1366,i12.bmp,i12_10_2.bmp,0.9413700103759766,5.8947
1367,i12.bmp,i12_10_3.bmp,0.8764211535453796,5.1053
1368,i12.bmp,i12_10_4.bmp,0.7365967631340027,3.1053
1369,i12.bmp,i12_10_5.bmp,0.6631150245666504,2.2368
1370,i12.bmp,i12_11_1.bmp,0.9270644187927246,5.4054
1371,i12.bmp,i12_11_2.bmp,0.8347381949424744,4.6757
1372,i12.bmp,i12_11_3.bmp,0.696875274181366,2.7778
1373,i12.bmp,i12_11_4.bmp,0.6100232005119324,1.9474
1374,i12.bmp,i12_11_5.bmp,0.5623989105224609,0.81579
1375,i12.bmp,i12_12_1.bmp,0.9448936581611633,5.5
1376,i12.bmp,i12_12_2.bmp,0.8811559677124023,5.0526
1377,i12.bmp,i12_12_3.bmp,0.8037976622581482,3.6486
1378,i12.bmp,i12_12_4.bmp,0.7281981110572815,3.0789
1379,i12.bmp,i12_12_5.bmp,0.7119817733764648,3.0811
1380,i12.bmp,i12_13_1.bmp,0.9348827600479126,5.3784
1381,i12.bmp,i12_13_2.bmp,0.8777515292167664,4.5676
1382,i12.bmp,i12_13_3.bmp,0.7784868478775024,3.2368
1383,i12.bmp,i12_13_4.bmp,0.7232553362846375,2.8333
1384,i12.bmp,i12_13_5.bmp,0.885267436504364,4.0
1385,i12.bmp,i12_14_1.bmp,0.9582881927490234,5.5526
1386,i12.bmp,i12_14_2.bmp,0.9767149090766907,6.1579
1387,i12.bmp,i12_14_3.bmp,0.9378346800804138,4.5405
1388,i12.bmp,i12_14_4.bmp,0.9167997241020203,4.4737
1389,i12.bmp,i12_14_5.bmp,0.8690305948257446,3.5676
1390,i12.bmp,i12_15_1.bmp,0.849038302898407,3.5
1391,i12.bmp,i12_15_2.bmp,0.859825074672699,3.5143
1392,i12.bmp,i12_15_3.bmp,0.87136310338974,3.6579
1393,i12.bmp,i12_15_4.bmp,0.8928551077842712,4.0789
1394,i12.bmp,i12_15_5.bmp,0.9038264155387878,4.5429
1395,i12.bmp,i12_16_1.bmp,0.9971590042114258,6.5263
1396,i12.bmp,i12_16_2.bmp,0.994188129901886,6.2973
1397,i12.bmp,i12_16_3.bmp,0.9831075668334961,6.0526
1398,i12.bmp,i12_16_4.bmp,0.9687336087226868,6.1111
1399,i12.bmp,i12_16_5.bmp,0.9539751410484314,5.6757
1400,i12.bmp,i12_17_1.bmp,0.9883049130439758,6.2632
1401,i12.bmp,i12_17_2.bmp,0.9717661142349243,6.8158
1402,i12.bmp,i12_17_3.bmp,0.956752598285675,4.8108
1403,i12.bmp,i12_17_4.bmp,0.9239608645439148,6.2632
1404,i12.bmp,i12_17_5.bmp,0.8650776147842407,4.0263
1405,i12.bmp,i12_18_1.bmp,0.9736629724502563,5.6486
1406,i12.bmp,i12_18_2.bmp,0.9552464485168457,5.3514
1407,i12.bmp,i12_18_3.bmp,0.9244985580444336,5.0
1408,i12.bmp,i12_18_4.bmp,0.8653333783149719,4.4865
1409,i12.bmp,i12_18_5.bmp,0.8012184500694275,4.2973
1410,i12.bmp,i12_19_1.bmp,0.9641642570495605,5.7297
1411,i12.bmp,i12_19_2.bmp,0.9423828125,5.5135
1412,i12.bmp,i12_19_3.bmp,0.9105502963066101,5.2973
1413,i12.bmp,i12_19_4.bmp,0.8710417151451111,4.7105
1414,i12.bmp,i12_19_5.bmp,0.8214815258979797,4.0263
1415,i12.bmp,i12_20_1.bmp,0.9690240025520325,5.5833
1416,i12.bmp,i12_20_2.bmp,0.9268409609794617,5.2778
1417,i12.bmp,i12_20_3.bmp,0.862459659576416,4.4324
1418,i12.bmp,i12_20_4.bmp,0.7694603800773621,3.6053
1419,i12.bmp,i12_20_5.bmp,0.6684107184410095,2.8056
1420,i12.bmp,i12_21_1.bmp,0.9219061136245728,5.1579
1421,i12.bmp,i12_21_2.bmp,0.8648107647895813,4.9459
1422,i12.bmp,i12_21_3.bmp,0.8140207529067993,4.0263
1423,i12.bmp,i12_21_4.bmp,0.7460357546806335,3.0278
1424,i12.bmp,i12_21_5.bmp,0.6261049509048462,2.0
1425,i12.bmp,i12_22_1.bmp,0.9614376425743103,5.25
1426,i12.bmp,i12_22_2.bmp,0.934683620929718,5.1316
1427,i12.bmp,i12_22_3.bmp,0.8832411766052246,4.5676
1428,i12.bmp,i12_22_4.bmp,0.7869831323623657,3.5
1429,i12.bmp,i12_22_5.bmp,0.7076038718223572,2.6216
1430,i12.bmp,i12_23_1.bmp,0.9573087692260742,6.0541
1431,i12.bmp,i12_23_2.bmp,0.8952704668045044,6.1842
1432,i12.bmp,i12_23_3.bmp,0.8156298995018005,4.8947
1433,i12.bmp,i12_23_4.bmp,0.6914476752281189,3.1892
1434,i12.bmp,i12_23_5.bmp,0.5982226729393005,2.2105
1435,i12.bmp,i12_24_1.bmp,0.9143133163452148,5.8649
1436,i12.bmp,i12_24_2.bmp,0.8364920616149902,4.3784
1437,i12.bmp,i12_24_3.bmp,0.7072266936302185,3.0789
1438,i12.bmp,i12_24_4.bmp,0.6036176681518555,1.9737
1439,i12.bmp,i12_24_5.bmp,0.5526131391525269,0.40541
1440,i13.bmp,i13_01_1.bmp,0.9685835242271423,5.5349
1441,i13.bmp,i13_01_2.bmp,0.9559594988822937,5.425
1442,i13.bmp,i13_01_3.bmp,0.9215704202651978,5.0698
1443,i13.bmp,i13_01_4.bmp,0.8806005716323853,4.7907
1444,i13.bmp,i13_01_5.bmp,0.8380717635154724,4.0238
1445,i13.bmp,i13_02_1.bmp,0.9767805337905884,5.3095
1446,i13.bmp,i13_02_2.bmp,0.9591865539550781,5.5366
1447,i13.bmp,i13_02_3.bmp,0.9349422454833984,5.6279
1448,i13.bmp,i13_02_4.bmp,0.9023963212966919,5.4048
1449,i13.bmp,i13_02_5.bmp,0.8670056462287903,4.6667
1450,i13.bmp,i13_03_1.bmp,0.913775622844696,5.1429
1451,i13.bmp,i13_03_2.bmp,0.8708286285400391,5.0714
1452,i13.bmp,i13_03_3.bmp,0.814940869808197,4.1667
1453,i13.bmp,i13_03_4.bmp,0.763331949710846,3.6667
1454,i13.bmp,i13_03_5.bmp,0.7127659916877747,2.7619
1455,i13.bmp,i13_04_1.bmp,0.9921270608901978,5.7317
1456,i13.bmp,i13_04_2.bmp,0.9889516830444336,5.475
1457,i13.bmp,i13_04_3.bmp,0.9830681085586548,5.5581
1458,i13.bmp,i13_04_4.bmp,0.9747458696365356,5.439
1459,i13.bmp,i13_04_5.bmp,0.9542560577392578,4.9286
1460,i13.bmp,i13_05_1.bmp,0.9874631762504578,5.3571
1461,i13.bmp,i13_05_2.bmp,0.9793049097061157,5.0476
1462,i13.bmp,i13_05_3.bmp,0.9526738524436951,5.5116
1463,i13.bmp,i13_05_4.bmp,0.8946008682250977,4.1667
1464,i13.bmp,i13_05_5.bmp,0.7993636727333069,3.0952
1465,i13.bmp,i13_06_1.bmp,0.9656780362129211,4.55
1466,i13.bmp,i13_06_2.bmp,0.9464473724365234,4.2558
1467,i13.bmp,i13_06_3.bmp,0.9075977206230164,3.6667
1468,i13.bmp,i13_06_4.bmp,0.8741380572319031,3.4419
1469,i13.bmp,i13_06_5.bmp,0.8167614340782166,3.0952
1470,i13.bmp,i13_07_1.bmp,0.9668601155281067,5.725
1471,i13.bmp,i13_07_2.bmp,0.9394136667251587,5.3171
1472,i13.bmp,i13_07_3.bmp,0.9016286730766296,4.6429
1473,i13.bmp,i13_07_4.bmp,0.8335103988647461,3.4146
1474,i13.bmp,i13_07_5.bmp,0.7568716406822205,2.8293
1475,i13.bmp,i13_08_1.bmp,0.9727550745010376,4.8095
1476,i13.bmp,i13_08_2.bmp,0.9402746558189392,3.9524
1477,i13.bmp,i13_08_3.bmp,0.8651540875434875,3.122
1478,i13.bmp,i13_08_4.bmp,0.7471908926963806,2.5814
1479,i13.bmp,i13_08_5.bmp,0.6393181085586548,1.7381
1480,i13.bmp,i13_09_1.bmp,0.9396673440933228,5.0732
1481,i13.bmp,i13_09_2.bmp,0.8936614990234375,4.7674
1482,i13.bmp,i13_09_3.bmp,0.8215777277946472,3.186
1483,i13.bmp,i13_09_4.bmp,0.7057164311408997,2.1667
1484,i13.bmp,i13_09_5.bmp,0.6040224432945251,0.4878
1485,i13.bmp,i13_10_1.bmp,0.9603458642959595,5.4884
1486,i13.bmp,i13_10_2.bmp,0.9285057187080383,5.4651
1487,i13.bmp,i13_10_3.bmp,0.8645334243774414,4.475
1488,i13.bmp,i13_10_4.bmp,0.7377102971076965,3.2558
1489,i13.bmp,i13_10_5.bmp,0.6459298133850098,1.1628
1490,i13.bmp,i13_11_1.bmp,0.9788843393325806,5.3256
1491,i13.bmp,i13_11_2.bmp,0.9603895545005798,5.3256
1492,i13.bmp,i13_11_3.bmp,0.9216840863227844,4.6905
1493,i13.bmp,i13_11_4.bmp,0.8443095088005066,4.3488
1494,i13.bmp,i13_11_5.bmp,0.6842140555381775,2.3809
1495,i13.bmp,i13_12_1.bmp,0.9874682426452637,5.2326
1496,i13.bmp,i13_12_2.bmp,0.9827936291694641,5.4419
1497,i13.bmp,i13_12_3.bmp,0.9325634241104126,5.1163
1498,i13.bmp,i13_12_4.bmp,0.9393712878227234,5.2619
1499,i13.bmp,i13_12_5.bmp,0.9009556174278259,5.0476
1500,i13.bmp,i13_13_1.bmp,0.9804202914237976,5.4186
1501,i13.bmp,i13_13_2.bmp,0.9690378308296204,4.9286
1502,i13.bmp,i13_13_3.bmp,0.8893851637840271,4.7907
1503,i13.bmp,i13_13_4.bmp,0.8647722601890564,3.6341
1504,i13.bmp,i13_13_5.bmp,0.757687509059906,2.4048
1505,i13.bmp,i13_14_1.bmp,0.981635570526123,5.6429
1506,i13.bmp,i13_14_2.bmp,0.9528498649597168,5.4048
1507,i13.bmp,i13_14_3.bmp,0.9186040163040161,5.7381
1508,i13.bmp,i13_14_4.bmp,0.884701669216156,5.0233
1509,i13.bmp,i13_14_5.bmp,0.8342790603637695,3.9762
1510,i13.bmp,i13_15_1.bmp,0.8332444429397583,2.7317
1511,i13.bmp,i13_15_2.bmp,0.8353156447410583,2.878
1512,i13.bmp,i13_15_3.bmp,0.8423687219619751,3.0476
1513,i13.bmp,i13_15_4.bmp,0.8818179965019226,3.5714
1514,i13.bmp,i13_15_5.bmp,0.8602222800254822,3.7073
1515,i13.bmp,i13_16_1.bmp,0.9937278628349304,5.6047
1516,i13.bmp,i13_16_2.bmp,0.9874227643013,5.2791
1517,i13.bmp,i13_16_3.bmp,0.9667744040489197,5.439
1518,i13.bmp,i13_16_4.bmp,0.9526264071464539,4.2927
1519,i13.bmp,i13_16_5.bmp,0.9166440367698669,4.4419
1520,i13.bmp,i13_17_1.bmp,0.9841833114624023,4.4884
1521,i13.bmp,i13_17_2.bmp,0.9671722650527954,6.6279
1522,i13.bmp,i13_17_3.bmp,0.9463138580322266,3.7209
1523,i13.bmp,i13_17_4.bmp,0.9179477691650391,6.4884
1524,i13.bmp,i13_17_5.bmp,0.8591068387031555,2.5854
1525,i13.bmp,i13_18_1.bmp,0.9654095768928528,3.9512
1526,i13.bmp,i13_18_2.bmp,0.9425768256187439,3.7442
1527,i13.bmp,i13_18_3.bmp,0.903649628162384,3.1429
1528,i13.bmp,i13_18_4.bmp,0.8492743372917175,2.8462
1529,i13.bmp,i13_18_5.bmp,0.8138818740844727,2.7317
1530,i13.bmp,i13_19_1.bmp,0.9713523983955383,5.2439
1531,i13.bmp,i13_19_2.bmp,0.9530394673347473,5.2619
1532,i13.bmp,i13_19_3.bmp,0.9199487566947937,5.3256
1533,i13.bmp,i13_19_4.bmp,0.8781890869140625,4.5122
1534,i13.bmp,i13_19_5.bmp,0.8281728625297546,4.1628
1535,i13.bmp,i13_20_1.bmp,0.9876754879951477,5.6744
1536,i13.bmp,i13_20_2.bmp,0.9795136451721191,5.0952
1537,i13.bmp,i13_20_3.bmp,0.9687606692314148,5.5238
1538,i13.bmp,i13_20_4.bmp,0.9352554678916931,5.2857
1539,i13.bmp,i13_20_5.bmp,0.8713566064834595,5.2326
1540,i13.bmp,i13_21_1.bmp,0.9590738415718079,5.6512
1541,i13.bmp,i13_21_2.bmp,0.9354107975959778,5.5476
1542,i13.bmp,i13_21_3.bmp,0.9013452529907227,5.0952
1543,i13.bmp,i13_21_4.bmp,0.8335139155387878,4.7209
1544,i13.bmp,i13_21_5.bmp,0.7475662231445312,3.4762
1545,i13.bmp,i13_22_1.bmp,0.9582219123840332,5.4286
1546,i13.bmp,i13_22_2.bmp,0.9280571937561035,4.7805
1547,i13.bmp,i13_22_3.bmp,0.8706310391426086,3.9767
1548,i13.bmp,i13_22_4.bmp,0.8015303015708923,2.9302
1549,i13.bmp,i13_22_5.bmp,0.7311168313026428,2.4186
1550,i13.bmp,i13_23_1.bmp,0.963330864906311,5.6512
1551,i13.bmp,i13_23_2.bmp,0.9233928918838501,5.3953
1552,i13.bmp,i13_23_3.bmp,0.8879213333129883,5.45
1553,i13.bmp,i13_23_4.bmp,0.8598515391349792,5.0465
1554,i13.bmp,i13_23_5.bmp,0.792172908782959,5.2093
1555,i13.bmp,i13_24_1.bmp,0.9488183856010437,5.4419
1556,i13.bmp,i13_24_2.bmp,0.9242761731147766,5.1905
1557,i13.bmp,i13_24_3.bmp,0.8807835578918457,4.3953
1558,i13.bmp,i13_24_4.bmp,0.824351966381073,3.8605
1559,i13.bmp,i13_24_5.bmp,0.7076181769371033,2.8809
1560,i14.bmp,i14_01_1.bmp,0.9758288264274597,5.8919
1561,i14.bmp,i14_01_2.bmp,0.9589027762413025,5.6944
1562,i14.bmp,i14_01_3.bmp,0.9333419799804688,4.7778
1563,i14.bmp,i14_01_4.bmp,0.8968777060508728,4.3143
1564,i14.bmp,i14_01_5.bmp,0.8500341773033142,3.75
1565,i14.bmp,i14_02_1.bmp,0.9876615405082703,5.973
1566,i14.bmp,i14_02_2.bmp,0.9777738451957703,5.9167
1567,i14.bmp,i14_02_3.bmp,0.9634138941764832,5.7714
1568,i14.bmp,i14_02_4.bmp,0.941484272480011,5.1389
1569,i14.bmp,i14_02_5.bmp,0.9078245162963867,4.5278
1570,i14.bmp,i14_03_1.bmp,0.9408489465713501,5.1944
1571,i14.bmp,i14_03_2.bmp,0.90692138671875,4.4324
1572,i14.bmp,i14_03_3.bmp,0.8608226776123047,3.7778
1573,i14.bmp,i14_03_4.bmp,0.8119103312492371,3.0833
1574,i14.bmp,i14_03_5.bmp,0.7413671612739563,2.5946
1575,i14.bmp,i14_04_1.bmp,0.9949519038200378,6.0286
1576,i14.bmp,i14_04_2.bmp,0.992614209651947,5.6389
1577,i14.bmp,i14_04_3.bmp,0.9876959919929504,5.5
1578,i14.bmp,i14_04_4.bmp,0.9781465530395508,4.6571
1579,i14.bmp,i14_04_5.bmp,0.9572457671165466,4.0278
1580,i14.bmp,i14_05_1.bmp,0.9866838455200195,6.0541
1581,i14.bmp,i14_05_2.bmp,0.9775680899620056,5.5946
1582,i14.bmp,i14_05_3.bmp,0.9466487169265747,4.9722
1583,i14.bmp,i14_05_4.bmp,0.8936738967895508,4.1622
1584,i14.bmp,i14_05_5.bmp,0.8091373443603516,3.027
1585,i14.bmp,i14_06_1.bmp,0.966962993144989,5.0833
1586,i14.bmp,i14_06_2.bmp,0.9449058771133423,4.3333
1587,i14.bmp,i14_06_3.bmp,0.9233061075210571,4.0278
1588,i14.bmp,i14_06_4.bmp,0.8857593536376953,3.7778
1589,i14.bmp,i14_06_5.bmp,0.832549512386322,3.1667
1590,i14.bmp,i14_07_1.bmp,0.9648169875144958,5.7222
1591,i14.bmp,i14_07_2.bmp,0.9462346434593201,5.4444
1592,i14.bmp,i14_07_3.bmp,0.895696759223938,4.2778
1593,i14.bmp,i14_07_4.bmp,0.8618925213813782,3.6111
1594,i14.bmp,i14_07_5.bmp,0.8052787780761719,2.9189
1595,i14.bmp,i14_08_1.bmp,0.9853096008300781,5.4324
1596,i14.bmp,i14_08_2.bmp,0.9649507403373718,4.5556
1597,i14.bmp,i14_08_3.bmp,0.9047811627388,3.4865
1598,i14.bmp,i14_08_4.bmp,0.7937027812004089,2.8378
1599,i14.bmp,i14_08_5.bmp,0.6700551509857178,1.5946
1600,i14.bmp,i14_09_1.bmp,0.9515588879585266,6.0541
1601,i14.bmp,i14_09_2.bmp,0.9298936724662781,5.8919
1602,i14.bmp,i14_09_3.bmp,0.8831477165222168,4.5
1603,i14.bmp,i14_09_4.bmp,0.791151762008667,2.8919
1604,i14.bmp,i14_09_5.bmp,0.6715183258056641,1.75
1605,i14.bmp,i14_10_1.bmp,0.9743883013725281,5.7778
1606,i14.bmp,i14_10_2.bmp,0.9515340924263,5.1667
1607,i14.bmp,i14_10_3.bmp,0.8930061459541321,4.25
1608,i14.bmp,i14_10_4.bmp,0.7753256559371948,3.0556
1609,i14.bmp,i14_10_5.bmp,0.6690649390220642,1.8611
1610,i14.bmp,i14_11_1.bmp,0.980385959148407,5.973
1611,i14.bmp,i14_11_2.bmp,0.9515705108642578,5.4722
1612,i14.bmp,i14_11_3.bmp,0.8940526843070984,4.2432
1613,i14.bmp,i14_11_4.bmp,0.7743417024612427,3.0833
1614,i14.bmp,i14_11_5.bmp,0.6380206346511841,1.2857
1615,i14.bmp,i14_12_1.bmp,0.9867721796035767,5.8108
1616,i14.bmp,i14_12_2.bmp,0.953689694404602,5.6471
1617,i14.bmp,i14_12_3.bmp,0.8680837750434875,4.0571
1618,i14.bmp,i14_12_4.bmp,0.8853306174278259,4.1351
1619,i14.bmp,i14_12_5.bmp,0.8272809982299805,3.1892
1620,i14.bmp,i14_13_1.bmp,0.9355940222740173,5.027
1621,i14.bmp,i14_13_2.bmp,0.933842658996582,4.5278
1622,i14.bmp,i14_13_3.bmp,0.8625339865684509,3.6216
1623,i14.bmp,i14_13_4.bmp,0.8093080520629883,3.0833
1624,i14.bmp,i14_13_5.bmp,0.7329466342926025,1.9167
1625,i14.bmp,i14_14_1.bmp,0.9789765477180481,6.0541
1626,i14.bmp,i14_14_2.bmp,0.9768010973930359,5.7027
1627,i14.bmp,i14_14_3.bmp,0.9410214424133301,4.6944
1628,i14.bmp,i14_14_4.bmp,0.889535129070282,4.1667
1629,i14.bmp,i14_14_5.bmp,0.8456606864929199,3.3714
1630,i14.bmp,i14_15_1.bmp,0.8941526412963867,2.9459
1631,i14.bmp,i14_15_2.bmp,0.9054527282714844,3.3514
1632,i14.bmp,i14_15_3.bmp,0.9188891649246216,3.5294
1633,i14.bmp,i14_15_4.bmp,0.934368908405304,3.6216
1634,i14.bmp,i14_15_5.bmp,0.9555526971817017,3.973
1635,i14.bmp,i14_16_1.bmp,0.996677815914154,5.7714
1636,i14.bmp,i14_16_2.bmp,0.9938133358955383,5.973
1637,i14.bmp,i14_16_3.bmp,0.9799827933311462,5.3056
1638,i14.bmp,i14_16_4.bmp,0.9709650278091431,5.1714
1639,i14.bmp,i14_16_5.bmp,0.9438872337341309,4.0286
1640,i14.bmp,i14_17_1.bmp,0.9895610809326172,5.4054
1641,i14.bmp,i14_17_2.bmp,0.9754854440689087,6.4324
1642,i14.bmp,i14_17_3.bmp,0.958133339881897,4.1389
1643,i14.bmp,i14_17_4.bmp,0.9356334805488586,5.9189
1644,i14.bmp,i14_17_5.bmp,0.865996778011322,3.2432
1645,i14.bmp,i14_18_1.bmp,0.9881092309951782,5.3714
1646,i14.bmp,i14_18_2.bmp,0.9806856513023376,5.1389
1647,i14.bmp,i14_18_3.bmp,0.9677222371101379,4.6667
1648,i14.bmp,i14_18_4.bmp,0.9440023303031921,4.1471
1649,i14.bmp,i14_18_5.bmp,0.9026092886924744,3.75
1650,i14.bmp,i14_19_1.bmp,0.9707793593406677,5.3714
1651,i14.bmp,i14_19_2.bmp,0.9535829424858093,5.1111
1652,i14.bmp,i14_19_3.bmp,0.9260358810424805,4.9722
1653,i14.bmp,i14_19_4.bmp,0.8941038250923157,3.9143
1654,i14.bmp,i14_19_5.bmp,0.8487411737442017,3.2286
1655,i14.bmp,i14_20_1.bmp,0.9883785247802734,5.7222
1656,i14.bmp,i14_20_2.bmp,0.9769744277000427,5.5946
1657,i14.bmp,i14_20_3.bmp,0.9548684358596802,5.4167
1658,i14.bmp,i14_20_4.bmp,0.8993083238601685,4.1944
1659,i14.bmp,i14_20_5.bmp,0.8029193878173828,3.2703
1660,i14.bmp,i14_21_1.bmp,0.9667502641677856,5.2973
1661,i14.bmp,i14_21_2.bmp,0.9413127899169922,5.1667
1662,i14.bmp,i14_21_3.bmp,0.8901420831680298,4.5405
1663,i14.bmp,i14_21_4.bmp,0.8294960260391235,3.75
1664,i14.bmp,i14_21_5.bmp,0.7305855751037598,2.6486
1665,i14.bmp,i14_22_1.bmp,0.9848496317863464,5.4054
1666,i14.bmp,i14_22_2.bmp,0.9722480773925781,5.3714
1667,i14.bmp,i14_22_3.bmp,0.9489404559135437,5.0556
1668,i14.bmp,i14_22_4.bmp,0.8708412051200867,3.9714
1669,i14.bmp,i14_22_5.bmp,0.8056475520133972,3.2778
1670,i14.bmp,i14_23_1.bmp,0.9821792840957642,6.0278
1671,i14.bmp,i14_23_2.bmp,0.9543800354003906,6.027
1672,i14.bmp,i14_23_3.bmp,0.9085332751274109,5.6111
1673,i14.bmp,i14_23_4.bmp,0.8672209978103638,5.0
1674,i14.bmp,i14_23_5.bmp,0.7311679720878601,2.7778
1675,i14.bmp,i14_24_1.bmp,0.9729505777359009,6.1351
1676,i14.bmp,i14_24_2.bmp,0.9434855580329895,5.5833
1677,i14.bmp,i14_24_3.bmp,0.885729968547821,4.4444
1678,i14.bmp,i14_24_4.bmp,0.7824533581733704,3.1892
1679,i14.bmp,i14_24_5.bmp,0.6245023608207703,0.91892
1680,i15.bmp,i15_01_1.bmp,0.9462159276008606,5.8222
1681,i15.bmp,i15_01_2.bmp,0.9167820811271667,5.0682
1682,i15.bmp,i15_01_3.bmp,0.8740680813789368,4.9556
1683,i15.bmp,i15_01_4.bmp,0.8214109539985657,4.2791
1684,i15.bmp,i15_01_5.bmp,0.7614098787307739,3.9111
1685,i15.bmp,i15_02_1.bmp,0.9674350619316101,6.0909
1686,i15.bmp,i15_02_2.bmp,0.9464813470840454,5.8182
1687,i15.bmp,i15_02_3.bmp,0.9188295602798462,5.6364
1688,i15.bmp,i15_02_4.bmp,0.8728610873222351,4.8864
1689,i15.bmp,i15_02_5.bmp,0.8215324282646179,4.6364
1690,i15.bmp,i15_03_1.bmp,0.871910572052002,4.3256
1691,i15.bmp,i15_03_2.bmp,0.8156984448432922,3.814
1692,i15.bmp,i15_03_3.bmp,0.754089891910553,3.6136
1693,i15.bmp,i15_03_4.bmp,0.6956878900527954,3.1778
1694,i15.bmp,i15_03_5.bmp,0.6444388031959534,2.6279
1695,i15.bmp,i15_04_1.bmp,0.9846925139427185,6.0227
1696,i15.bmp,i15_04_2.bmp,0.9763596653938293,6.0444
1697,i15.bmp,i15_04_3.bmp,0.9648829698562622,5.8372
1698,i15.bmp,i15_04_4.bmp,0.9473733901977539,5.7778
1699,i15.bmp,i15_04_5.bmp,0.9155526161193848,4.9773
1700,i15.bmp,i15_05_1.bmp,0.9707716107368469,5.7857
1701,i15.bmp,i15_05_2.bmp,0.9528156518936157,5.6512
1702,i15.bmp,i15_05_3.bmp,0.9039842486381531,5.1136
1703,i15.bmp,i15_05_4.bmp,0.8210330009460449,4.0682
1704,i15.bmp,i15_05_5.bmp,0.7227451801300049,3.3182
1705,i15.bmp,i15_06_1.bmp,0.9006111025810242,4.4318
1706,i15.bmp,i15_06_2.bmp,0.8628031015396118,4.1778
1707,i15.bmp,i15_06_3.bmp,0.8263689279556274,3.9767
1708,i15.bmp,i15_06_4.bmp,0.7818000316619873,3.3636
1709,i15.bmp,i15_06_5.bmp,0.7335779070854187,3.1778
1710,i15.bmp,i15_07_1.bmp,0.8943115472793579,4.814
1711,i15.bmp,i15_07_2.bmp,0.8424038290977478,3.9302
1712,i15.bmp,i15_07_3.bmp,0.7951828241348267,3.6136
1713,i15.bmp,i15_07_4.bmp,0.7504284977912903,2.9111
1714,i15.bmp,i15_07_5.bmp,0.7014322280883789,2.4444
1715,i15.bmp,i15_08_1.bmp,0.9824092984199524,5.9556
1716,i15.bmp,i15_08_2.bmp,0.9617008566856384,6.0667
1717,i15.bmp,i15_08_3.bmp,0.9099720120429993,5.1364
1718,i15.bmp,i15_08_4.bmp,0.8252477049827576,3.9318
1719,i15.bmp,i15_08_5.bmp,0.7294654250144958,3.3636
1720,i15.bmp,i15_09_1.bmp,0.9178792238235474,5.9302
1721,i15.bmp,i15_09_2.bmp,0.8859907388687134,5.5454
1722,i15.bmp,i15_09_3.bmp,0.8312377333641052,4.6977
1723,i15.bmp,i15_09_4.bmp,0.7591244578361511,3.7442
1724,i15.bmp,i15_09_5.bmp,0.6663753390312195,2.5
1725,i15.bmp,i15_10_1.bmp,0.9664415717124939,5.7778
1726,i15.bmp,i15_10_2.bmp,0.9368082880973816,5.7046
1727,i15.bmp,i15_10_3.bmp,0.8574934005737305,4.6
1728,i15.bmp,i15_10_4.bmp,0.7165328860282898,3.1778
1729,i15.bmp,i15_10_5.bmp,0.6344022750854492,1.8667
1730,i15.bmp,i15_11_1.bmp,0.9142797589302063,5.8444
1731,i15.bmp,i15_11_2.bmp,0.8114331364631653,4.4
1732,i15.bmp,i15_11_3.bmp,0.7062147855758667,3.0488
1733,i15.bmp,i15_11_4.bmp,0.6251606941223145,2.0
1734,i15.bmp,i15_11_5.bmp,0.5750060677528381,0.65116
1735,i15.bmp,i15_12_1.bmp,0.9380149841308594,5.6667
1736,i15.bmp,i15_12_2.bmp,0.9152624011039734,5.4091
1737,i15.bmp,i15_12_3.bmp,0.815082848072052,4.2222
1738,i15.bmp,i15_12_4.bmp,0.7292500734329224,3.2
1739,i15.bmp,i15_12_5.bmp,0.6407471895217896,2.5682
1740,i15.bmp,i15_13_1.bmp,0.9208747148513794,4.8409
1741,i15.bmp,i15_13_2.bmp,0.8011848330497742,3.7674
1742,i15.bmp,i15_13_3.bmp,0.7699117064476013,3.3488
1743,i15.bmp,i15_13_4.bmp,0.7326868772506714,2.8636
1744,i15.bmp,i15_13_5.bmp,0.6325637698173523,2.1136
1745,i15.bmp,i15_14_1.bmp,0.951611340045929,5.5909
1746,i15.bmp,i15_14_2.bmp,0.9756954312324524,6.1556
1747,i15.bmp,i15_14_3.bmp,0.9506517648696899,5.9556
1748,i15.bmp,i15_14_4.bmp,0.9244037866592407,5.0238
1749,i15.bmp,i15_14_5.bmp,0.8709670305252075,3.7955
1750,i15.bmp,i15_15_1.bmp,0.8566994071006775,3.8864
1751,i15.bmp,i15_15_2.bmp,0.8557682037353516,4.0227
1752,i15.bmp,i15_15_3.bmp,0.873222291469574,3.9545
1753,i15.bmp,i15_15_4.bmp,0.9049546122550964,4.1364
1754,i15.bmp,i15_15_5.bmp,0.9106349349021912,4.9546
1755,i15.bmp,i15_16_1.bmp,0.9939743876457214,6.2273
1756,i15.bmp,i15_16_2.bmp,0.9876585006713867,5.907
1757,i15.bmp,i15_16_3.bmp,0.953275203704834,5.4222
1758,i15.bmp,i15_16_4.bmp,0.9580488204956055,5.3864
1759,i15.bmp,i15_16_5.bmp,0.8816164135932922,4.0233
1760,i15.bmp,i15_17_1.bmp,0.9856352806091309,5.9318
1761,i15.bmp,i15_17_2.bmp,0.9694318175315857,6.6667
1762,i15.bmp,i15_17_3.bmp,0.9477733969688416,5.0
1763,i15.bmp,i15_17_4.bmp,0.9233434796333313,6.3111
1764,i15.bmp,i15_17_5.bmp,0.8505746722221375,3.8222
1765,i15.bmp,i15_18_1.bmp,0.9776651263237,5.1556
1766,i15.bmp,i15_18_2.bmp,0.9622902274131775,4.814
1767,i15.bmp,i15_18_3.bmp,0.9350106120109558,4.3721
1768,i15.bmp,i15_18_4.bmp,0.8844925165176392,4.0909
1769,i15.bmp,i15_18_5.bmp,0.8173843622207642,3.7674
1770,i15.bmp,i15_19_1.bmp,0.9614610075950623,5.9091
1771,i15.bmp,i15_19_2.bmp,0.9391498565673828,5.3333
1772,i15.bmp,i15_19_3.bmp,0.908501148223877,4.7209
1773,i15.bmp,i15_19_4.bmp,0.8590056300163269,4.3721
1774,i15.bmp,i15_19_5.bmp,0.8069921731948853,3.9111
1775,i15.bmp,i15_20_1.bmp,0.9647823572158813,6.3256
1776,i15.bmp,i15_20_2.bmp,0.928327202796936,5.6444
1777,i15.bmp,i15_20_3.bmp,0.8629005551338196,4.7442
1778,i15.bmp,i15_20_4.bmp,0.7544196248054504,3.1333
1779,i15.bmp,i15_20_5.bmp,0.6539503335952759,2.4444
1780,i15.bmp,i15_21_1.bmp,0.9065220952033997,5.2273
1781,i15.bmp,i15_21_2.bmp,0.8580605387687683,4.5556
1782,i15.bmp,i15_21_3.bmp,0.7908851504325867,3.9111
1783,i15.bmp,i15_21_4.bmp,0.7116801142692566,3.1136
1784,i15.bmp,i15_21_5.bmp,0.6500706076622009,2.3023
1785,i15.bmp,i15_22_1.bmp,0.9703672528266907,6.3333
1786,i15.bmp,i15_22_2.bmp,0.9456073045730591,5.8
1787,i15.bmp,i15_22_3.bmp,0.9078546762466431,5.3864
1788,i15.bmp,i15_22_4.bmp,0.839697003364563,4.4889
1789,i15.bmp,i15_22_5.bmp,0.7569283843040466,3.7111
1790,i15.bmp,i15_23_1.bmp,0.9677450060844421,5.9091
1791,i15.bmp,i15_23_2.bmp,0.9225145578384399,5.9091
1792,i15.bmp,i15_23_3.bmp,0.8322867751121521,5.3636
1793,i15.bmp,i15_23_4.bmp,0.7640807628631592,4.4773
1794,i15.bmp,i15_23_5.bmp,0.6857413053512573,3.3721
1795,i15.bmp,i15_24_1.bmp,0.910295307636261,5.7727
1796,i15.bmp,i15_24_2.bmp,0.8283859491348267,4.814
1797,i15.bmp,i15_24_3.bmp,0.7094517350196838,3.2273
1798,i15.bmp,i15_24_4.bmp,0.6199283003807068,1.8864
1799,i15.bmp,i15_24_5.bmp,0.5693657994270325,0.72727
1800,i16.bmp,i16_01_1.bmp,0.9193918108940125,5.6154
1801,i16.bmp,i16_01_2.bmp,0.8850439190864563,5.65
1802,i16.bmp,i16_01_3.bmp,0.8367538452148438,5.0263
1803,i16.bmp,i16_01_4.bmp,0.7880832552909851,4.1539
1804,i16.bmp,i16_01_5.bmp,0.7314929962158203,3.9487
1805,i16.bmp,i16_02_1.bmp,0.9453903436660767,5.9
1806,i16.bmp,i16_02_2.bmp,0.9136096835136414,6.15
1807,i16.bmp,i16_02_3.bmp,0.8820778131484985,5.575
1808,i16.bmp,i16_02_4.bmp,0.8370991945266724,5.2
1809,i16.bmp,i16_02_5.bmp,0.7834798097610474,4.6154
1810,i16.bmp,i16_03_1.bmp,0.8356548547744751,4.7436
1811,i16.bmp,i16_03_2.bmp,0.7833910584449768,4.0789
1812,i16.bmp,i16_03_3.bmp,0.728338897228241,3.6923
1813,i16.bmp,i16_03_4.bmp,0.6728052496910095,3.2368
1814,i16.bmp,i16_03_5.bmp,0.6216796040534973,2.7949
1815,i16.bmp,i16_04_1.bmp,0.9850901961326599,5.825
1816,i16.bmp,i16_04_2.bmp,0.9790502786636353,5.8205
1817,i16.bmp,i16_04_3.bmp,0.9661321043968201,5.75
1818,i16.bmp,i16_04_4.bmp,0.9410688281059265,5.1282
1819,i16.bmp,i16_04_5.bmp,0.9020342826843262,4.6154
1820,i16.bmp,i16_05_1.bmp,0.9547013640403748,5.8
1821,i16.bmp,i16_05_2.bmp,0.9321874976158142,5.6154
1822,i16.bmp,i16_05_3.bmp,0.8794555068016052,5.2308
1823,i16.bmp,i16_05_4.bmp,0.8029753565788269,4.35
1824,i16.bmp,i16_05_5.bmp,0.6995067000389099,3.3947
1825,i16.bmp,i16_06_1.bmp,0.8992314338684082,5.282
1826,i16.bmp,i16_06_2.bmp,0.8555628061294556,4.8205
1827,i16.bmp,i16_06_3.bmp,0.8242868781089783,4.5385
1828,i16.bmp,i16_06_4.bmp,0.7658867239952087,3.9737
1829,i16.bmp,i16_06_5.bmp,0.7221046686172485,3.5897
1830,i16.bmp,i16_07_1.bmp,0.86590176820755,5.475
1831,i16.bmp,i16_07_2.bmp,0.8208436965942383,4.75
1832,i16.bmp,i16_07_3.bmp,0.7640995383262634,4.35
1833,i16.bmp,i16_07_4.bmp,0.7239236235618591,3.6667
1834,i16.bmp,i16_07_5.bmp,0.6910101175308228,3.1026
1835,i16.bmp,i16_08_1.bmp,0.9746060371398926,5.8205
1836,i16.bmp,i16_08_2.bmp,0.9438684582710266,5.225
1837,i16.bmp,i16_08_3.bmp,0.8777756094932556,4.275
1838,i16.bmp,i16_08_4.bmp,0.7651154398918152,3.6154
1839,i16.bmp,i16_08_5.bmp,0.6690880060195923,2.925
1840,i16.bmp,i16_09_1.bmp,0.9024282693862915,6.0256
1841,i16.bmp,i16_09_2.bmp,0.8657352328300476,5.7692
1842,i16.bmp,i16_09_3.bmp,0.7983693480491638,4.5897
1843,i16.bmp,i16_09_4.bmp,0.6900372505187988,3.1282
1844,i16.bmp,i16_09_5.bmp,0.6030910611152649,2.3421
1845,i16.bmp,i16_10_1.bmp,0.9451584815979004,5.9
1846,i16.bmp,i16_10_2.bmp,0.9133540987968445,5.7692
1847,i16.bmp,i16_10_3.bmp,0.8286643028259277,5.2564
1848,i16.bmp,i16_10_4.bmp,0.6927945017814636,3.6154
1849,i16.bmp,i16_10_5.bmp,0.6289131045341492,2.4615
1850,i16.bmp,i16_11_1.bmp,0.8879379630088806,5.875
1851,i16.bmp,i16_11_2.bmp,0.8071479201316833,5.075
1852,i16.bmp,i16_11_3.bmp,0.6350756883621216,2.8974
1853,i16.bmp,i16_11_4.bmp,0.5623324513435364,2.075
1854,i16.bmp,i16_11_5.bmp,0.531261146068573,0.95
1855,i16.bmp,i16_12_1.bmp,0.9374756813049316,5.875
1856,i16.bmp,i16_12_2.bmp,0.9065517783164978,5.575
1857,i16.bmp,i16_12_3.bmp,0.839651882648468,4.925
1858,i16.bmp,i16_12_4.bmp,0.7264775633811951,3.282
1859,i16.bmp,i16_12_5.bmp,0.6078169941902161,2.6
1860,i16.bmp,i16_13_1.bmp,0.8513361215591431,4.6
1861,i16.bmp,i16_13_2.bmp,0.7801920175552368,3.8158
1862,i16.bmp,i16_13_3.bmp,0.7755599021911621,4.4615
1863,i16.bmp,i16_13_4.bmp,0.666984498500824,3.0513
1864,i16.bmp,i16_13_5.bmp,0.7123298048973083,3.625
1865,i16.bmp,i16_14_1.bmp,0.9444639086723328,5.7692
1866,i16.bmp,i16_14_2.bmp,0.9667229056358337,6.1316
1867,i16.bmp,i16_14_3.bmp,0.9451484680175781,5.6154
1868,i16.bmp,i16_14_4.bmp,0.9095142483711243,5.5263
1869,i16.bmp,i16_14_5.bmp,0.8731189966201782,4.575
1870,i16.bmp,i16_15_1.bmp,0.8294450640678406,3.4103
1871,i16.bmp,i16_15_2.bmp,0.8420896530151367,3.5385
1872,i16.bmp,i16_15_3.bmp,0.8446618914604187,3.475
1873,i16.bmp,i16_15_4.bmp,0.8667611479759216,3.65
1874,i16.bmp,i16_15_5.bmp,0.8557939529418945,4.0263
1875,i16.bmp,i16_16_1.bmp,0.9929906725883484,5.9231
1876,i16.bmp,i16_16_2.bmp,0.9870376586914062,6.275
1877,i16.bmp,i16_16_3.bmp,0.9697135090827942,5.6842
1878,i16.bmp,i16_16_4.bmp,0.9571998715400696,5.75
1879,i16.bmp,i16_16_5.bmp,0.9252076148986816,4.6154
1880,i16.bmp,i16_17_1.bmp,0.9860933423042297,5.825
1881,i16.bmp,i16_17_2.bmp,0.9689890742301941,7.1
1882,i16.bmp,i16_17_3.bmp,0.9511870741844177,4.75
1883,i16.bmp,i16_17_4.bmp,0.9169635772705078,6.65
1884,i16.bmp,i16_17_5.bmp,0.8602245450019836,3.359
1885,i16.bmp,i16_18_1.bmp,0.9342228174209595,4.6
1886,i16.bmp,i16_18_2.bmp,0.892444908618927,4.3947
1887,i16.bmp,i16_18_3.bmp,0.8347101211547852,4.05
1888,i16.bmp,i16_18_4.bmp,0.792174756526947,3.9231
1889,i16.bmp,i16_18_5.bmp,0.7678253054618835,3.9474
1890,i16.bmp,i16_19_1.bmp,0.9119580388069153,5.575
1891,i16.bmp,i16_19_2.bmp,0.8809295892715454,5.375
1892,i16.bmp,i16_19_3.bmp,0.8445398211479187,4.6154
1893,i16.bmp,i16_19_4.bmp,0.7929756045341492,4.1539
1894,i16.bmp,i16_19_5.bmp,0.7354828715324402,3.6667
1895,i16.bmp,i16_20_1.bmp,0.9499942660331726,6.0769
1896,i16.bmp,i16_20_2.bmp,0.9065719842910767,5.7436
1897,i16.bmp,i16_20_3.bmp,0.825499951839447,5.1842
1898,i16.bmp,i16_20_4.bmp,0.7283585667610168,4.125
1899,i16.bmp,i16_20_5.bmp,0.6398115754127502,3.5897
1900,i16.bmp,i16_21_1.bmp,0.8851034045219421,5.825
1901,i16.bmp,i16_21_2.bmp,0.8338619470596313,5.4615
1902,i16.bmp,i16_21_3.bmp,0.772406280040741,4.2564
1903,i16.bmp,i16_21_4.bmp,0.6991560459136963,3.7692
1904,i16.bmp,i16_21_5.bmp,0.5658564567565918,1.8461
1905,i16.bmp,i16_22_1.bmp,0.9078565835952759,5.6154
1906,i16.bmp,i16_22_2.bmp,0.877673327922821,5.35
1907,i16.bmp,i16_22_3.bmp,0.8321512341499329,4.9459
1908,i16.bmp,i16_22_4.bmp,0.7549943923950195,3.9737
1909,i16.bmp,i16_22_5.bmp,0.6569827198982239,2.775
1910,i16.bmp,i16_23_1.bmp,0.9294462203979492,6.125
1911,i16.bmp,i16_23_2.bmp,0.7999668121337891,4.825
1912,i16.bmp,i16_23_3.bmp,0.6049708127975464,2.7
1913,i16.bmp,i16_23_4.bmp,0.5634703040122986,2.1579
1914,i16.bmp,i16_23_5.bmp,0.5484945178031921,1.5263
1915,i16.bmp,i16_24_1.bmp,0.8718557357788086,5.3684
1916,i16.bmp,i16_24_2.bmp,0.7592531442642212,4.0526
1917,i16.bmp,i16_24_3.bmp,0.6330507397651672,2.641
1918,i16.bmp,i16_24_4.bmp,0.5674960017204285,1.8421
1919,i16.bmp,i16_24_5.bmp,0.5572059154510498,0.97436
1920,i17.bmp,i17_01_1.bmp,0.9454942941665649,5.8919
1921,i17.bmp,i17_01_2.bmp,0.9153998494148254,5.2105
1922,i17.bmp,i17_01_3.bmp,0.8725963830947876,5.0513
1923,i17.bmp,i17_01_4.bmp,0.8226421475410461,4.3846
1924,i17.bmp,i17_01_5.bmp,0.7726930975914001,3.8718
1925,i17.bmp,i17_02_1.bmp,0.9661778807640076,5.75
1926,i17.bmp,i17_02_2.bmp,0.9448297619819641,6.0
1927,i17.bmp,i17_02_3.bmp,0.9167224764823914,5.825
1928,i17.bmp,i17_02_4.bmp,0.8732033967971802,5.275
1929,i17.bmp,i17_02_5.bmp,0.8214122653007507,4.4872
1930,i17.bmp,i17_03_1.bmp,0.8749713897705078,4.9737
1931,i17.bmp,i17_03_2.bmp,0.82546466588974,4.4359
1932,i17.bmp,i17_03_3.bmp,0.769098699092865,3.8205
1933,i17.bmp,i17_03_4.bmp,0.710963249206543,3.35
1934,i17.bmp,i17_03_5.bmp,0.6522043347358704,2.8974
1935,i17.bmp,i17_04_1.bmp,0.9909650683403015,5.7692
1936,i17.bmp,i17_04_2.bmp,0.9859879612922668,5.9737
1937,i17.bmp,i17_04_3.bmp,0.9734145402908325,5.3333
1938,i17.bmp,i17_04_4.bmp,0.9479507803916931,5.2368
1939,i17.bmp,i17_04_5.bmp,0.9055654406547546,4.7368
1940,i17.bmp,i17_05_1.bmp,0.9753784537315369,5.825
1941,i17.bmp,i17_05_2.bmp,0.9580714106559753,5.925
1942,i17.bmp,i17_05_3.bmp,0.902927577495575,5.2368
1943,i17.bmp,i17_05_4.bmp,0.8254152536392212,4.1795
1944,i17.bmp,i17_05_5.bmp,0.7266985177993774,3.3421
1945,i17.bmp,i17_06_1.bmp,0.9187831878662109,4.2368
1946,i17.bmp,i17_06_2.bmp,0.8870645761489868,4.4324
1947,i17.bmp,i17_06_3.bmp,0.8478447198867798,4.0
1948,i17.bmp,i17_06_4.bmp,0.8062179684638977,3.55
1949,i17.bmp,i17_06_5.bmp,0.7490865588188171,3.3077
1950,i17.bmp,i17_07_1.bmp,0.9110143780708313,5.718
1951,i17.bmp,i17_07_2.bmp,0.8521806001663208,4.6579
1952,i17.bmp,i17_07_3.bmp,0.7865411043167114,3.8974
1953,i17.bmp,i17_07_4.bmp,0.7369674444198608,3.2051
1954,i17.bmp,i17_07_5.bmp,0.7027764916419983,2.4737
1955,i17.bmp,i17_08_1.bmp,0.9818288683891296,5.7436
1956,i17.bmp,i17_08_2.bmp,0.9580524563789368,5.225
1957,i17.bmp,i17_08_3.bmp,0.8962468504905701,4.575
1958,i17.bmp,i17_08_4.bmp,0.783399224281311,3.718
1959,i17.bmp,i17_08_5.bmp,0.6696749925613403,2.95
1960,i17.bmp,i17_09_1.bmp,0.9244505167007446,6.025
1961,i17.bmp,i17_09_2.bmp,0.895270824432373,6.1053
1962,i17.bmp,i17_09_3.bmp,0.8275289535522461,5.025
1963,i17.bmp,i17_09_4.bmp,0.7239715456962585,3.8205
1964,i17.bmp,i17_09_5.bmp,0.6090693473815918,2.4595
1965,i17.bmp,i17_10_1.bmp,0.9641662836074829,6.0513
1966,i17.bmp,i17_10_2.bmp,0.9332094192504883,5.925
1967,i17.bmp,i17_10_3.bmp,0.8607334494590759,5.1539
1968,i17.bmp,i17_10_4.bmp,0.7243701815605164,3.425
1969,i17.bmp,i17_10_5.bmp,0.6387895941734314,2.25
1970,i17.bmp,i17_11_1.bmp,0.9176611304283142,5.5641
1971,i17.bmp,i17_11_2.bmp,0.8448211550712585,5.4359
1972,i17.bmp,i17_11_3.bmp,0.7196189761161804,3.8462
1973,i17.bmp,i17_11_4.bmp,0.6199931502342224,2.7692
1974,i17.bmp,i17_11_5.bmp,0.5398125648498535,1.025
1975,i17.bmp,i17_12_1.bmp,0.9746150374412537,5.875
1976,i17.bmp,i17_12_2.bmp,0.9330503344535828,5.9231
1977,i17.bmp,i17_12_3.bmp,0.9069046378135681,5.0769
1978,i17.bmp,i17_12_4.bmp,0.829516589641571,3.925
1979,i17.bmp,i17_12_5.bmp,0.6182780265808105,2.4872
1980,i17.bmp,i17_13_1.bmp,0.9028787612915039,5.15
1981,i17.bmp,i17_13_2.bmp,0.8610097169876099,4.45
1982,i17.bmp,i17_13_3.bmp,0.7753687500953674,3.2632
1983,i17.bmp,i17_13_4.bmp,0.7219389081001282,2.425
1984,i17.bmp,i17_13_5.bmp,0.6841961741447449,2.3684
1985,i17.bmp,i17_14_1.bmp,0.9572942852973938,5.875
1986,i17.bmp,i17_14_2.bmp,0.9634737968444824,5.7949
1987,i17.bmp,i17_14_3.bmp,0.9248749017715454,5.5263
1988,i17.bmp,i17_14_4.bmp,0.9003269076347351,4.359
1989,i17.bmp,i17_14_5.bmp,0.8498098254203796,3.525
1990,i17.bmp,i17_15_1.bmp,0.8560283780097961,3.55
1991,i17.bmp,i17_15_2.bmp,0.8634028434753418,3.4103
1992,i17.bmp,i17_15_3.bmp,0.8722829818725586,3.2564
1993,i17.bmp,i17_15_4.bmp,0.8909828066825867,3.625
1994,i17.bmp,i17_15_5.bmp,0.905674159526825,4.0
1995,i17.bmp,i17_16_1.bmp,0.9939201474189758,5.925
1996,i17.bmp,i17_16_2.bmp,0.9892450571060181,6.025
1997,i17.bmp,i17_16_3.bmp,0.952366292476654,5.5789
1998,i17.bmp,i17_16_4.bmp,0.9593210220336914,5.1579
1999,i17.bmp,i17_16_5.bmp,0.9021932482719421,4.1795
2000,i17.bmp,i17_17_1.bmp,0.9883681535720825,5.575
2001,i17.bmp,i17_17_2.bmp,0.9686691164970398,6.625
2002,i17.bmp,i17_17_3.bmp,0.9548652768135071,4.4872
2003,i17.bmp,i17_17_4.bmp,0.9200208783149719,7.1
2004,i17.bmp,i17_17_5.bmp,0.8559156656265259,3.3684
2005,i17.bmp,i17_18_1.bmp,0.91070556640625,4.55
2006,i17.bmp,i17_18_2.bmp,0.8641824126243591,4.0769
2007,i17.bmp,i17_18_3.bmp,0.8412052989006042,4.1282
2008,i17.bmp,i17_18_4.bmp,0.8248610496520996,3.8205
2009,i17.bmp,i17_18_5.bmp,0.823090672492981,3.718
2010,i17.bmp,i17_19_1.bmp,0.9496205449104309,5.725
2011,i17.bmp,i17_19_2.bmp,0.9232787489891052,5.3333
2012,i17.bmp,i17_19_3.bmp,0.8870596289634705,4.7692
2013,i17.bmp,i17_19_4.bmp,0.8395344018936157,4.3077
2014,i17.bmp,i17_19_5.bmp,0.7837138175964355,3.9231
2015,i17.bmp,i17_20_1.bmp,0.9668572545051575,5.75
2016,i17.bmp,i17_20_2.bmp,0.9228035807609558,5.45
2017,i17.bmp,i17_20_3.bmp,0.8439375758171082,4.8684
2018,i17.bmp,i17_20_4.bmp,0.7442229390144348,4.3684
2019,i17.bmp,i17_20_5.bmp,0.6580840945243835,2.8649
2020,i17.bmp,i17_21_1.bmp,0.9102617502212524,5.425
2021,i17.bmp,i17_21_2.bmp,0.8569747805595398,4.7949
2022,i17.bmp,i17_21_3.bmp,0.7894415259361267,4.25
2023,i17.bmp,i17_21_4.bmp,0.7194271683692932,3.3846
2024,i17.bmp,i17_21_5.bmp,0.630892276763916,2.5263
2025,i17.bmp,i17_22_1.bmp,0.9455873370170593,5.975
2026,i17.bmp,i17_22_2.bmp,0.9163509607315063,5.6154
2027,i17.bmp,i17_22_3.bmp,0.8244286775588989,4.3421
2028,i17.bmp,i17_22_4.bmp,0.7542673349380493,3.5897
2029,i17.bmp,i17_22_5.bmp,0.6888753771781921,2.8974
2030,i17.bmp,i17_23_1.bmp,0.9458622336387634,5.9
2031,i17.bmp,i17_23_2.bmp,0.8905914425849915,5.9
2032,i17.bmp,i17_23_3.bmp,0.7643413543701172,4.5641
2033,i17.bmp,i17_23_4.bmp,0.6575087904930115,3.1538
2034,i17.bmp,i17_23_5.bmp,0.5634673237800598,1.9231
2035,i17.bmp,i17_24_1.bmp,0.8949455618858337,6.05
2036,i17.bmp,i17_24_2.bmp,0.8395006060600281,5.525
2037,i17.bmp,i17_24_3.bmp,0.7297179102897644,3.9737
2038,i17.bmp,i17_24_4.bmp,0.6022129058837891,2.0256
2039,i17.bmp,i17_24_5.bmp,0.5462992787361145,0.34211
2040,i18.bmp,i18_01_1.bmp,0.9679340720176697,5.6905
2041,i18.bmp,i18_01_2.bmp,0.9453808069229126,5.4146
2042,i18.bmp,i18_01_3.bmp,0.9142835736274719,4.85
2043,i18.bmp,i18_01_4.bmp,0.8707752227783203,4.4634
2044,i18.bmp,i18_01_5.bmp,0.8202873468399048,4.0
2045,i18.bmp,i18_02_1.bmp,0.9822792410850525,5.9512
2046,i18.bmp,i18_02_2.bmp,0.9669147729873657,5.881
2047,i18.bmp,i18_02_3.bmp,0.9469999670982361,5.7381
2048,i18.bmp,i18_02_4.bmp,0.9143674969673157,4.6341
2049,i18.bmp,i18_02_5.bmp,0.8705263137817383,4.2439
2050,i18.bmp,i18_03_1.bmp,0.9171249270439148,4.9762
2051,i18.bmp,i18_03_2.bmp,0.8774701356887817,4.55
2052,i18.bmp,i18_03_3.bmp,0.8228083848953247,3.7381
2053,i18.bmp,i18_03_4.bmp,0.7644869089126587,3.1191
2054,i18.bmp,i18_03_5.bmp,0.698142945766449,2.5476
2055,i18.bmp,i18_04_1.bmp,0.9955169558525085,6.175
2056,i18.bmp,i18_04_2.bmp,0.9919924139976501,5.881
2057,i18.bmp,i18_04_3.bmp,0.9860181212425232,5.878
2058,i18.bmp,i18_04_4.bmp,0.9740325808525085,5.3171
2059,i18.bmp,i18_04_5.bmp,0.9538690447807312,4.3415
2060,i18.bmp,i18_05_1.bmp,0.9860523343086243,6.2439
2061,i18.bmp,i18_05_2.bmp,0.9747253656387329,5.6098
2062,i18.bmp,i18_05_3.bmp,0.9390226602554321,5.1707
2063,i18.bmp,i18_05_4.bmp,0.8732506036758423,4.0
2064,i18.bmp,i18_05_5.bmp,0.7741555571556091,3.125
2065,i18.bmp,i18_06_1.bmp,0.9476274847984314,4.5714
2066,i18.bmp,i18_06_2.bmp,0.9179065823554993,4.15
2067,i18.bmp,i18_06_3.bmp,0.884328305721283,3.8095
2068,i18.bmp,i18_06_4.bmp,0.8411995768547058,3.7317
2069,i18.bmp,i18_06_5.bmp,0.7852229475975037,3.1951
2070,i18.bmp,i18_07_1.bmp,0.9445940256118774,5.5714
2071,i18.bmp,i18_07_2.bmp,0.9132037162780762,4.9286
2072,i18.bmp,i18_07_3.bmp,0.8698167204856873,4.2143
2073,i18.bmp,i18_07_4.bmp,0.8213821649551392,3.4048
2074,i18.bmp,i18_07_5.bmp,0.773095428943634,3.0
2075,i18.bmp,i18_08_1.bmp,0.9838760495185852,5.6905
2076,i18.bmp,i18_08_2.bmp,0.9587308764457703,4.6585
2077,i18.bmp,i18_08_3.bmp,0.8957915306091309,4.1429
2078,i18.bmp,i18_08_4.bmp,0.7906090617179871,3.0476
2079,i18.bmp,i18_08_5.bmp,0.6678226590156555,2.0488
2080,i18.bmp,i18_09_1.bmp,0.9440475702285767,6.0244
2081,i18.bmp,i18_09_2.bmp,0.9164199829101562,5.881
2082,i18.bmp,i18_09_3.bmp,0.8643245697021484,4.2619
2083,i18.bmp,i18_09_4.bmp,0.7502921223640442,3.0244
2084,i18.bmp,i18_09_5.bmp,0.6309844255447388,1.7073
2085,i18.bmp,i18_10_1.bmp,0.9693799018859863,6.0732
2086,i18.bmp,i18_10_2.bmp,0.9459619522094727,5.7805
2087,i18.bmp,i18_10_3.bmp,0.871220052242279,4.675
2088,i18.bmp,i18_10_4.bmp,0.7532473802566528,3.5
2089,i18.bmp,i18_10_5.bmp,0.6618088483810425,2.1707
2090,i18.bmp,i18_11_1.bmp,0.972146213054657,5.8049
2091,i18.bmp,i18_11_2.bmp,0.9411414265632629,5.5
2092,i18.bmp,i18_11_3.bmp,0.8654006123542786,4.5122
2093,i18.bmp,i18_11_4.bmp,0.7332818508148193,3.0714
2094,i18.bmp,i18_11_5.bmp,0.6016128063201904,1.0
2095,i18.bmp,i18_12_1.bmp,0.9724673628807068,6.3571
2096,i18.bmp,i18_12_2.bmp,0.9582744836807251,5.3659
2097,i18.bmp,i18_12_3.bmp,0.8981603980064392,5.561
2098,i18.bmp,i18_12_4.bmp,0.8750635385513306,4.925
2099,i18.bmp,i18_12_5.bmp,0.7517134547233582,2.6585
2100,i18.bmp,i18_13_1.bmp,0.9063277244567871,4.1463
2101,i18.bmp,i18_13_2.bmp,0.8877197504043579,4.3571
2102,i18.bmp,i18_13_3.bmp,0.860089898109436,3.8809
2103,i18.bmp,i18_13_4.bmp,0.7728763222694397,2.9024
2104,i18.bmp,i18_13_5.bmp,0.6940125823020935,2.4634
2105,i18.bmp,i18_14_1.bmp,0.9810207486152649,4.9512
2106,i18.bmp,i18_14_2.bmp,0.9838363528251648,6.0
2107,i18.bmp,i18_14_3.bmp,0.9450961351394653,4.1951
2108,i18.bmp,i18_14_4.bmp,0.9355045557022095,4.1667
2109,i18.bmp,i18_14_5.bmp,0.8887683749198914,3.3415
2110,i18.bmp,i18_15_1.bmp,0.8643812537193298,3.2195
2111,i18.bmp,i18_15_2.bmp,0.878621518611908,3.3415
2112,i18.bmp,i18_15_3.bmp,0.8975272178649902,3.2
2113,i18.bmp,i18_15_4.bmp,0.9072332382202148,3.525
2114,i18.bmp,i18_15_5.bmp,0.9435743689537048,3.9524
2115,i18.bmp,i18_16_1.bmp,0.9954206347465515,6.4146
2116,i18.bmp,i18_16_2.bmp,0.9896919131278992,5.9524
2117,i18.bmp,i18_16_3.bmp,0.9696516990661621,5.6905
2118,i18.bmp,i18_16_4.bmp,0.9572739601135254,5.0
2119,i18.bmp,i18_16_5.bmp,0.9057314991950989,4.2564
2120,i18.bmp,i18_17_1.bmp,0.991249680519104,5.9286
2121,i18.bmp,i18_17_2.bmp,0.9763822555541992,6.0976
2122,i18.bmp,i18_17_3.bmp,0.9621191024780273,4.4146
2123,i18.bmp,i18_17_4.bmp,0.9369029998779297,5.9048
2124,i18.bmp,i18_17_5.bmp,0.8737232089042664,3.4878
2125,i18.bmp,i18_18_1.bmp,0.9826781153678894,5.0244
2126,i18.bmp,i18_18_2.bmp,0.9693455100059509,4.8
2127,i18.bmp,i18_18_3.bmp,0.942783534526825,4.3571
2128,i18.bmp,i18_18_4.bmp,0.8863301277160645,4.0714
2129,i18.bmp,i18_18_5.bmp,0.8081116080284119,4.0952
2130,i18.bmp,i18_19_1.bmp,0.9664708971977234,5.1429
2131,i18.bmp,i18_19_2.bmp,0.9439803957939148,5.0714
2132,i18.bmp,i18_19_3.bmp,0.9119027256965637,4.375
2133,i18.bmp,i18_19_4.bmp,0.8703636527061462,3.8537
2134,i18.bmp,i18_19_5.bmp,0.8204770088195801,3.7073
2135,i18.bmp,i18_20_1.bmp,0.9855268597602844,6.1667
2136,i18.bmp,i18_20_2.bmp,0.9726090431213379,5.5714
2137,i18.bmp,i18_20_3.bmp,0.9383649826049805,5.3659
2138,i18.bmp,i18_20_4.bmp,0.875946044921875,4.3659
2139,i18.bmp,i18_20_5.bmp,0.772636890411377,3.325
2140,i18.bmp,i18_21_1.bmp,0.9482641220092773,5.5238
2141,i18.bmp,i18_21_2.bmp,0.9129562377929688,5.3415
2142,i18.bmp,i18_21_3.bmp,0.8604526519775391,4.5
2143,i18.bmp,i18_21_4.bmp,0.7766358256340027,3.2619
2144,i18.bmp,i18_21_5.bmp,0.6792378425598145,2.3171
2145,i18.bmp,i18_22_1.bmp,0.9748000502586365,5.7143
2146,i18.bmp,i18_22_2.bmp,0.9385202527046204,4.4048
2147,i18.bmp,i18_22_3.bmp,0.8880135416984558,3.6829
2148,i18.bmp,i18_22_4.bmp,0.805577278137207,2.9524
2149,i18.bmp,i18_22_5.bmp,0.7184078693389893,2.3333
2150,i18.bmp,i18_23_1.bmp,0.9751564860343933,6.3095
2151,i18.bmp,i18_23_2.bmp,0.9446258544921875,6.1905
2152,i18.bmp,i18_23_3.bmp,0.9173871874809265,6.075
2153,i18.bmp,i18_23_4.bmp,0.8649500012397766,5.9286
2154,i18.bmp,i18_23_5.bmp,0.7632359266281128,4.0
2155,i18.bmp,i18_24_1.bmp,0.9634650349617004,5.9024
2156,i18.bmp,i18_24_2.bmp,0.9224886894226074,5.5952
2157,i18.bmp,i18_24_3.bmp,0.8527433276176453,4.5854
2158,i18.bmp,i18_24_4.bmp,0.7447105050086975,3.2195
2159,i18.bmp,i18_24_5.bmp,0.5993425250053406,1.0238
2160,i19.bmp,i19_01_1.bmp,0.9720667004585266,5.7297
2161,i19.bmp,i19_01_2.bmp,0.9514927864074707,5.1081
2162,i19.bmp,i19_01_3.bmp,0.9216658473014832,4.6053
2163,i19.bmp,i19_01_4.bmp,0.8782622218132019,4.1351
2164,i19.bmp,i19_01_5.bmp,0.8311273455619812,3.5676
2165,i19.bmp,i19_02_1.bmp,0.981705367565155,6.0811
2166,i19.bmp,i19_02_2.bmp,0.9670978784561157,5.6486
2167,i19.bmp,i19_02_3.bmp,0.947177529335022,5.5789
2168,i19.bmp,i19_02_4.bmp,0.9193744659423828,5.0
2169,i19.bmp,i19_02_5.bmp,0.8816599249839783,4.4722
2170,i19.bmp,i19_03_1.bmp,0.9205535054206848,4.6667
2171,i19.bmp,i19_03_2.bmp,0.8821809887886047,4.0541
2172,i19.bmp,i19_03_3.bmp,0.8321016430854797,3.6316
2173,i19.bmp,i19_03_4.bmp,0.7795115113258362,3.0
2174,i19.bmp,i19_03_5.bmp,0.7191332578659058,2.5263
2175,i19.bmp,i19_04_1.bmp,0.9953396916389465,5.8947
2176,i19.bmp,i19_04_2.bmp,0.9923467636108398,5.9459
2177,i19.bmp,i19_04_3.bmp,0.9853760004043579,5.8947
2178,i19.bmp,i19_04_4.bmp,0.9767791032791138,5.2432
2179,i19.bmp,i19_04_5.bmp,0.948063313961029,4.4865
2180,i19.bmp,i19_05_1.bmp,0.9849808812141418,5.9737
2181,i19.bmp,i19_05_2.bmp,0.9746056795120239,5.5
2182,i19.bmp,i19_05_3.bmp,0.942565381526947,5.0789
2183,i19.bmp,i19_05_4.bmp,0.8836944699287415,4.0
2184,i19.bmp,i19_05_5.bmp,0.7919915318489075,3.1842
2185,i19.bmp,i19_06_1.bmp,0.9580540060997009,4.7368
2186,i19.bmp,i19_06_2.bmp,0.9395300149917603,4.6486
2187,i19.bmp,i19_06_3.bmp,0.9089866876602173,3.8684
2188,i19.bmp,i19_06_4.bmp,0.8741998076438904,3.5676
2189,i19.bmp,i19_06_5.bmp,0.8211027383804321,3.1892
2190,i19.bmp,i19_07_1.bmp,0.9502777457237244,5.3784
2191,i19.bmp,i19_07_2.bmp,0.9247221946716309,4.6757
2192,i19.bmp,i19_07_3.bmp,0.8838343024253845,3.8889
2193,i19.bmp,i19_07_4.bmp,0.8395498394966125,3.1944
2194,i19.bmp,i19_07_5.bmp,0.795663058757782,2.6053
2195,i19.bmp,i19_08_1.bmp,0.9839170575141907,5.3514
2196,i19.bmp,i19_08_2.bmp,0.956348717212677,4.7027
2197,i19.bmp,i19_08_3.bmp,0.890077531337738,3.7632
2198,i19.bmp,i19_08_4.bmp,0.7764450907707214,2.8919
2199,i19.bmp,i19_08_5.bmp,0.6573346257209778,2.2703
2200,i19.bmp,i19_09_1.bmp,0.9490103125572205,6.0811
2201,i19.bmp,i19_09_2.bmp,0.9293028712272644,5.8947
2202,i19.bmp,i19_09_3.bmp,0.8842914700508118,4.8684
2203,i19.bmp,i19_09_4.bmp,0.7995524406433105,3.2703
2204,i19.bmp,i19_09_5.bmp,0.6846845746040344,1.8649
2205,i19.bmp,i19_10_1.bmp,0.9715615510940552,5.7368
2206,i19.bmp,i19_10_2.bmp,0.952812135219574,5.4722
2207,i19.bmp,i19_10_3.bmp,0.8952347040176392,4.8611
2208,i19.bmp,i19_10_4.bmp,0.7899328470230103,3.0
2209,i19.bmp,i19_10_5.bmp,0.6953118443489075,1.6579
2210,i19.bmp,i19_11_1.bmp,0.9583196640014648,5.5263
2211,i19.bmp,i19_11_2.bmp,0.9248860478401184,4.9737
2212,i19.bmp,i19_11_3.bmp,0.8734937906265259,4.5263
2213,i19.bmp,i19_11_4.bmp,0.761131227016449,2.9459
2214,i19.bmp,i19_11_5.bmp,0.6370339393615723,1.2368
2215,i19.bmp,i19_12_1.bmp,0.9873064160346985,6.1316
2216,i19.bmp,i19_12_2.bmp,0.9681028723716736,5.5946
2217,i19.bmp,i19_12_3.bmp,0.9102060198783875,5.1842
2218,i19.bmp,i19_12_4.bmp,0.8872551321983337,5.0811
2219,i19.bmp,i19_12_5.bmp,0.847711980342865,4.5278
2220,i19.bmp,i19_13_1.bmp,0.9579285979270935,4.6757
2221,i19.bmp,i19_13_2.bmp,0.9093348383903503,4.0526
2222,i19.bmp,i19_13_3.bmp,0.8737159967422485,3.6216
2223,i19.bmp,i19_13_4.bmp,0.8078001141548157,3.0789
2224,i19.bmp,i19_13_5.bmp,0.7260771989822388,1.9474
2225,i19.bmp,i19_14_1.bmp,0.981663703918457,5.6111
2226,i19.bmp,i19_14_2.bmp,0.9682189226150513,6.0263
2227,i19.bmp,i19_14_3.bmp,0.9532963037490845,5.4595
2228,i19.bmp,i19_14_4.bmp,0.9327685236930847,4.9211
2229,i19.bmp,i19_14_5.bmp,0.8923191428184509,3.6486
2230,i19.bmp,i19_15_1.bmp,0.9105983972549438,2.8889
2231,i19.bmp,i19_15_2.bmp,0.9181854128837585,3.2778
2232,i19.bmp,i19_15_3.bmp,0.9434564709663391,3.5135
2233,i19.bmp,i19_15_4.bmp,0.9417845010757446,3.6842
2234,i19.bmp,i19_15_5.bmp,0.9190878868103027,3.5405
2235,i19.bmp,i19_16_1.bmp,0.9966888427734375,6.1316
2236,i19.bmp,i19_16_2.bmp,0.992725670337677,6.2632
2237,i19.bmp,i19_16_3.bmp,0.9809576869010925,5.2895
2238,i19.bmp,i19_16_4.bmp,0.9668042063713074,5.8421
2239,i19.bmp,i19_16_5.bmp,0.9481778144836426,4.4167
2240,i19.bmp,i19_17_1.bmp,0.9907240271568298,5.4737
2241,i19.bmp,i19_17_2.bmp,0.9750928282737732,6.1892
2242,i19.bmp,i19_17_3.bmp,0.9575992822647095,4.4324
2243,i19.bmp,i19_17_4.bmp,0.9306820034980774,5.7568
2244,i19.bmp,i19_17_5.bmp,0.8689534068107605,3.3421
2245,i19.bmp,i19_18_1.bmp,0.9794893264770508,5.1351
2246,i19.bmp,i19_18_2.bmp,0.9636494517326355,4.3889
2247,i19.bmp,i19_18_3.bmp,0.9405784606933594,4.2432
2248,i19.bmp,i19_18_4.bmp,0.8947033286094666,4.0811
2249,i19.bmp,i19_18_5.bmp,0.8465235829353333,4.0541
2250,i19.bmp,i19_19_1.bmp,0.970055103302002,5.5405
2251,i19.bmp,i19_19_2.bmp,0.9481605887413025,4.973
2252,i19.bmp,i19_19_3.bmp,0.9172887802124023,4.5556
2253,i19.bmp,i19_19_4.bmp,0.8758396506309509,4.3143
2254,i19.bmp,i19_19_5.bmp,0.8243213891983032,3.5556
2255,i19.bmp,i19_20_1.bmp,0.9855831265449524,5.7027
2256,i19.bmp,i19_20_2.bmp,0.9676044583320618,5.7105
2257,i19.bmp,i19_20_3.bmp,0.9268218874931335,5.1892
2258,i19.bmp,i19_20_4.bmp,0.846831738948822,4.1389
2259,i19.bmp,i19_20_5.bmp,0.7599298357963562,3.0526
2260,i19.bmp,i19_21_1.bmp,0.9511324167251587,5.4054
2261,i19.bmp,i19_21_2.bmp,0.9145429730415344,5.1622
2262,i19.bmp,i19_21_3.bmp,0.8703832626342773,4.0811
2263,i19.bmp,i19_21_4.bmp,0.8068782687187195,3.5676
2264,i19.bmp,i19_21_5.bmp,0.7071673274040222,2.25
2265,i19.bmp,i19_22_1.bmp,0.9746319651603699,5.7368
2266,i19.bmp,i19_22_2.bmp,0.9506815075874329,5.3243
2267,i19.bmp,i19_22_3.bmp,0.9099673628807068,4.4
2268,i19.bmp,i19_22_4.bmp,0.8687435984611511,3.9474
2269,i19.bmp,i19_22_5.bmp,0.749847948551178,2.7568
2270,i19.bmp,i19_23_1.bmp,0.9772775769233704,5.8684
2271,i19.bmp,i19_23_2.bmp,0.9480859637260437,6.2895
2272,i19.bmp,i19_23_3.bmp,0.9200488924980164,5.7568
2273,i19.bmp,i19_23_4.bmp,0.8928818702697754,5.7632
2274,i19.bmp,i19_23_5.bmp,0.8417419791221619,5.2162
2275,i19.bmp,i19_24_1.bmp,0.9451961517333984,5.4595
2276,i19.bmp,i19_24_2.bmp,0.9025576710700989,4.7027
2277,i19.bmp,i19_24_3.bmp,0.8277780413627625,3.6389
2278,i19.bmp,i19_24_4.bmp,0.7318565249443054,2.5
2279,i19.bmp,i19_24_5.bmp,0.6393067240715027,0.77778
2280,i20.bmp,i20_01_1.bmp,0.951507568359375,5.7692
2281,i20.bmp,i20_01_2.bmp,0.9262301325798035,5.5128
2282,i20.bmp,i20_01_3.bmp,0.8932674527168274,4.9211
2283,i20.bmp,i20_01_4.bmp,0.8497650027275085,4.4359
2284,i20.bmp,i20_01_5.bmp,0.8037258386611938,3.7838
2285,i20.bmp,i20_02_1.bmp,0.9743621945381165,5.8421
2286,i20.bmp,i20_02_2.bmp,0.9569154977798462,5.7949
2287,i20.bmp,i20_02_3.bmp,0.9333492517471313,5.5135
2288,i20.bmp,i20_02_4.bmp,0.9023498892784119,5.282
2289,i20.bmp,i20_02_5.bmp,0.8534436225891113,4.4872
2290,i20.bmp,i20_03_1.bmp,0.8927690386772156,4.9474
2291,i20.bmp,i20_03_2.bmp,0.8521709442138672,4.2105
2292,i20.bmp,i20_03_3.bmp,0.8042274713516235,3.8108
2293,i20.bmp,i20_03_4.bmp,0.7495186924934387,3.1282
2294,i20.bmp,i20_03_5.bmp,0.6957961916923523,2.6579
2295,i20.bmp,i20_04_1.bmp,0.9901823997497559,5.7105
2296,i20.bmp,i20_04_2.bmp,0.9824002385139465,5.4737
2297,i20.bmp,i20_04_3.bmp,0.9667766690254211,5.1579
2298,i20.bmp,i20_04_4.bmp,0.9388967752456665,4.7297
2299,i20.bmp,i20_04_5.bmp,0.8898701667785645,4.0541
2300,i20.bmp,i20_05_1.bmp,0.9728757739067078,6.0263
2301,i20.bmp,i20_05_2.bmp,0.9552486538887024,5.7632
2302,i20.bmp,i20_05_3.bmp,0.9114744067192078,5.3947
2303,i20.bmp,i20_05_4.bmp,0.8472860455513,4.2308
2304,i20.bmp,i20_05_5.bmp,0.760934591293335,2.9211
2305,i20.bmp,i20_06_1.bmp,0.9168727993965149,4.9737
2306,i20.bmp,i20_06_2.bmp,0.8723840713500977,4.1389
2307,i20.bmp,i20_06_3.bmp,0.8365432024002075,3.9474
2308,i20.bmp,i20_06_4.bmp,0.7926284670829773,3.4359
2309,i20.bmp,i20_06_5.bmp,0.744136393070221,3.1026
2310,i20.bmp,i20_07_1.bmp,0.9467867016792297,5.282
2311,i20.bmp,i20_07_2.bmp,0.9073980450630188,4.7297
2312,i20.bmp,i20_07_3.bmp,0.8675475120544434,4.4737
2313,i20.bmp,i20_07_4.bmp,0.8300418853759766,3.7368
2314,i20.bmp,i20_07_5.bmp,0.7949421405792236,3.282
2315,i20.bmp,i20_08_1.bmp,0.9871240854263306,5.6579
2316,i20.bmp,i20_08_2.bmp,0.9678459167480469,5.2973
2317,i20.bmp,i20_08_3.bmp,0.9136377573013306,4.0278
2318,i20.bmp,i20_08_4.bmp,0.8038948178291321,3.4211
2319,i20.bmp,i20_08_5.bmp,0.685406506061554,2.5897
2320,i20.bmp,i20_09_1.bmp,0.9555489420890808,6.2632
2321,i20.bmp,i20_09_2.bmp,0.9357635378837585,6.1316
2322,i20.bmp,i20_09_3.bmp,0.8950740694999695,5.3333
2323,i20.bmp,i20_09_4.bmp,0.8035368323326111,3.7568
2324,i20.bmp,i20_09_5.bmp,0.6692139506340027,2.2162
2325,i20.bmp,i20_10_1.bmp,0.9692668914794922,6.1316
2326,i20.bmp,i20_10_2.bmp,0.9492258429527283,5.7368
2327,i20.bmp,i20_10_3.bmp,0.8927094340324402,4.9444
2328,i20.bmp,i20_10_4.bmp,0.7834650278091431,3.5789
2329,i20.bmp,i20_10_5.bmp,0.7126230001449585,2.7436
2330,i20.bmp,i20_11_1.bmp,0.9325225949287415,5.5789
2331,i20.bmp,i20_11_2.bmp,0.8844721913337708,4.8421
2332,i20.bmp,i20_11_3.bmp,0.7646058201789856,3.4324
2333,i20.bmp,i20_11_4.bmp,0.6655375957489014,2.0526
2334,i20.bmp,i20_11_5.bmp,0.5906452536582947,0.74359
2335,i20.bmp,i20_12_1.bmp,0.9598712921142578,6.1282
2336,i20.bmp,i20_12_2.bmp,0.9130794405937195,5.3077
2337,i20.bmp,i20_12_3.bmp,0.871982753276825,4.4474
2338,i20.bmp,i20_12_4.bmp,0.8119670748710632,4.2564
2339,i20.bmp,i20_12_5.bmp,0.6810057759284973,2.5789
2340,i20.bmp,i20_13_1.bmp,0.8809978365898132,5.1539
2341,i20.bmp,i20_13_2.bmp,0.8447807431221008,3.7895
2342,i20.bmp,i20_13_3.bmp,0.9114102721214294,3.8205
2343,i20.bmp,i20_13_4.bmp,0.7412089705467224,2.8919
2344,i20.bmp,i20_13_5.bmp,0.6844673752784729,2.027
2345,i20.bmp,i20_14_1.bmp,0.9781457185745239,6.0263
2346,i20.bmp,i20_14_2.bmp,0.9684196710586548,5.8421
2347,i20.bmp,i20_14_3.bmp,0.9237468838691711,4.5526
2348,i20.bmp,i20_14_4.bmp,0.8712757229804993,4.1282
2349,i20.bmp,i20_14_5.bmp,0.8496951460838318,3.3684
2350,i20.bmp,i20_15_1.bmp,0.8904092907905579,3.2308
2351,i20.bmp,i20_15_2.bmp,0.9038610458374023,3.3421
2352,i20.bmp,i20_15_3.bmp,0.9233599901199341,3.6923
2353,i20.bmp,i20_15_4.bmp,0.9375877380371094,3.8974
2354,i20.bmp,i20_15_5.bmp,0.9382731318473816,4.0513
2355,i20.bmp,i20_16_1.bmp,0.995881974697113,6.0513
2356,i20.bmp,i20_16_2.bmp,0.9869799613952637,6.0541
2357,i20.bmp,i20_16_3.bmp,0.9747101068496704,5.4054
2358,i20.bmp,i20_16_4.bmp,0.957649827003479,5.1351
2359,i20.bmp,i20_16_5.bmp,0.9263534545898438,4.718
2360,i20.bmp,i20_17_1.bmp,0.9864181876182556,5.6154
2361,i20.bmp,i20_17_2.bmp,0.9556694030761719,6.3333
2362,i20.bmp,i20_17_3.bmp,0.9421356320381165,4.3243
2363,i20.bmp,i20_17_4.bmp,0.8964382410049438,5.8718
2364,i20.bmp,i20_17_5.bmp,0.8443817496299744,3.5385
2365,i20.bmp,i20_18_1.bmp,0.9787179827690125,5.6154
2366,i20.bmp,i20_18_2.bmp,0.965183436870575,5.2368
2367,i20.bmp,i20_18_3.bmp,0.9404610991477966,4.5
2368,i20.bmp,i20_18_4.bmp,0.8920186161994934,4.1351
2369,i20.bmp,i20_18_5.bmp,0.8523687720298767,4.1053
2370,i20.bmp,i20_19_1.bmp,0.959633469581604,5.8205
2371,i20.bmp,i20_19_2.bmp,0.9392809271812439,5.1795
2372,i20.bmp,i20_19_3.bmp,0.9107338190078735,4.7949
2373,i20.bmp,i20_19_4.bmp,0.8754192590713501,4.0
2374,i20.bmp,i20_19_5.bmp,0.8315370678901672,3.4615
2375,i20.bmp,i20_20_1.bmp,0.9707388281822205,6.1579
2376,i20.bmp,i20_20_2.bmp,0.9384886622428894,5.4615
2377,i20.bmp,i20_20_3.bmp,0.8803030252456665,4.7895
2378,i20.bmp,i20_20_4.bmp,0.7935711741447449,3.5263
2379,i20.bmp,i20_20_5.bmp,0.7053525447845459,2.718
2380,i20.bmp,i20_21_1.bmp,0.9278154373168945,5.5526
2381,i20.bmp,i20_21_2.bmp,0.8839605450630188,4.7632
2382,i20.bmp,i20_21_3.bmp,0.8349029421806335,4.0
2383,i20.bmp,i20_21_4.bmp,0.7728688716888428,3.2432
2384,i20.bmp,i20_21_5.bmp,0.7072335481643677,2.5789
2385,i20.bmp,i20_22_1.bmp,0.9448200464248657,6.0
2386,i20.bmp,i20_22_2.bmp,0.9104167222976685,5.1053
2387,i20.bmp,i20_22_3.bmp,0.8737327456474304,4.5263
2388,i20.bmp,i20_22_4.bmp,0.836129367351532,4.1081
2389,i20.bmp,i20_22_5.bmp,0.7800784707069397,3.7297
2390,i20.bmp,i20_23_1.bmp,0.966534435749054,5.9487
2391,i20.bmp,i20_23_2.bmp,0.9289811253547668,6.2564
2392,i20.bmp,i20_23_3.bmp,0.8675978779792786,5.8205
2393,i20.bmp,i20_23_4.bmp,0.8059030771255493,4.7297
2394,i20.bmp,i20_23_5.bmp,0.6722497344017029,3.1538
2395,i20.bmp,i20_24_1.bmp,0.9345486760139465,6.1842
2396,i20.bmp,i20_24_2.bmp,0.8774757385253906,5.0789
2397,i20.bmp,i20_24_3.bmp,0.7874066233634949,3.4324
2398,i20.bmp,i20_24_4.bmp,0.6639844179153442,1.9744
2399,i20.bmp,i20_24_5.bmp,0.5876993536949158,0.84211
2400,i21.bmp,i21_01_1.bmp,0.9619558453559875,5.5116
2401,i21.bmp,i21_01_2.bmp,0.9405887722969055,5.0698
2402,i21.bmp,i21_01_3.bmp,0.9174909591674805,4.4884
2403,i21.bmp,i21_01_4.bmp,0.8742267489433289,3.907
2404,i21.bmp,i21_01_5.bmp,0.8331344723701477,3.4884
2405,i21.bmp,i21_02_1.bmp,0.9775616526603699,5.8095
2406,i21.bmp,i21_02_2.bmp,0.9627715945243835,5.5349
2407,i21.bmp,i21_02_3.bmp,0.9415904879570007,5.4419
2408,i21.bmp,i21_02_4.bmp,0.9153688549995422,4.814
2409,i21.bmp,i21_02_5.bmp,0.8748258948326111,4.15
2410,i21.bmp,i21_03_1.bmp,0.9113069772720337,4.3953
2411,i21.bmp,i21_03_2.bmp,0.8761192560195923,3.9268
2412,i21.bmp,i21_03_3.bmp,0.8255993127822876,3.1667
2413,i21.bmp,i21_03_4.bmp,0.7799276113510132,3.0698
2414,i21.bmp,i21_03_5.bmp,0.7118388414382935,2.5581
2415,i21.bmp,i21_04_1.bmp,0.994270920753479,5.9302
2416,i21.bmp,i21_04_2.bmp,0.9911879897117615,6.0233
2417,i21.bmp,i21_04_3.bmp,0.9846305847167969,5.4634
2418,i21.bmp,i21_04_4.bmp,0.9729288220405579,5.3333
2419,i21.bmp,i21_04_5.bmp,0.952232837677002,4.65
2420,i21.bmp,i21_05_1.bmp,0.9826421737670898,5.6977
2421,i21.bmp,i21_05_2.bmp,0.969730019569397,5.907
2422,i21.bmp,i21_05_3.bmp,0.9386295676231384,5.1163
2423,i21.bmp,i21_05_4.bmp,0.8832521438598633,3.9286
2424,i21.bmp,i21_05_5.bmp,0.7958390116691589,3.0
2425,i21.bmp,i21_06_1.bmp,0.9501194953918457,4.9268
2426,i21.bmp,i21_06_2.bmp,0.9281892776489258,4.381
2427,i21.bmp,i21_06_3.bmp,0.9047502875328064,4.0244
2428,i21.bmp,i21_06_4.bmp,0.8661244511604309,3.5
2429,i21.bmp,i21_06_5.bmp,0.8210563659667969,3.0476
2430,i21.bmp,i21_07_1.bmp,0.9545467495918274,5.0244
2431,i21.bmp,i21_07_2.bmp,0.9247633218765259,4.45
2432,i21.bmp,i21_07_3.bmp,0.8907683491706848,4.1667
2433,i21.bmp,i21_07_4.bmp,0.8548404574394226,3.5952
2434,i21.bmp,i21_07_5.bmp,0.8066688776016235,3.1667
2435,i21.bmp,i21_08_1.bmp,0.9827175140380859,5.5
2436,i21.bmp,i21_08_2.bmp,0.9609932899475098,4.8571
2437,i21.bmp,i21_08_3.bmp,0.9026331305503845,4.1163
2438,i21.bmp,i21_08_4.bmp,0.7929179072380066,3.2326
2439,i21.bmp,i21_08_5.bmp,0.6729741096496582,2.1628
2440,i21.bmp,i21_09_1.bmp,0.9504954218864441,6.075
2441,i21.bmp,i21_09_2.bmp,0.9284641146659851,6.1905
2442,i21.bmp,i21_09_3.bmp,0.8813589215278625,5.3095
2443,i21.bmp,i21_09_4.bmp,0.7911651134490967,3.7674
2444,i21.bmp,i21_09_5.bmp,0.6580150723457336,2.093
2445,i21.bmp,i21_10_1.bmp,0.9666587114334106,6.3095
2446,i21.bmp,i21_10_2.bmp,0.9398545622825623,5.881
2447,i21.bmp,i21_10_3.bmp,0.8849368095397949,5.1395
2448,i21.bmp,i21_10_4.bmp,0.7840940356254578,3.2619
2449,i21.bmp,i21_10_5.bmp,0.6888868808746338,1.9268
2450,i21.bmp,i21_11_1.bmp,0.9541038870811462,6.122
2451,i21.bmp,i21_11_2.bmp,0.9273284077644348,5.3953
2452,i21.bmp,i21_11_3.bmp,0.8774351477622986,4.6905
2453,i21.bmp,i21_11_4.bmp,0.7418301105499268,3.0
2454,i21.bmp,i21_11_5.bmp,0.6010125279426575,1.0465
2455,i21.bmp,i21_12_1.bmp,0.9905083775520325,5.7907
2456,i21.bmp,i21_12_2.bmp,0.9283900260925293,4.7674
2457,i21.bmp,i21_12_3.bmp,0.962536633014679,6.0
2458,i21.bmp,i21_12_4.bmp,0.9287843704223633,5.619
2459,i21.bmp,i21_12_5.bmp,0.7389430999755859,2.0238
2460,i21.bmp,i21_13_1.bmp,0.9407324194908142,4.4524
2461,i21.bmp,i21_13_2.bmp,0.8965386748313904,3.6905
2462,i21.bmp,i21_13_3.bmp,0.8470749855041504,3.1707
2463,i21.bmp,i21_13_4.bmp,0.7755123972892761,2.3488
2464,i21.bmp,i21_13_5.bmp,0.7446886897087097,2.5581
2465,i21.bmp,i21_14_1.bmp,0.9840637445449829,5.907
2466,i21.bmp,i21_14_2.bmp,0.9811826944351196,6.1707
2467,i21.bmp,i21_14_3.bmp,0.9548014998435974,5.9524
2468,i21.bmp,i21_14_4.bmp,0.9101466536521912,4.3333
2469,i21.bmp,i21_14_5.bmp,0.8692131042480469,3.6512
2470,i21.bmp,i21_15_1.bmp,0.8802381753921509,2.8537
2471,i21.bmp,i21_15_2.bmp,0.8932411074638367,3.2683
2472,i21.bmp,i21_15_3.bmp,0.9076418280601501,3.5714
2473,i21.bmp,i21_15_4.bmp,0.9176214337348938,3.7619
2474,i21.bmp,i21_15_5.bmp,0.923314094543457,3.7143
2475,i21.bmp,i21_16_1.bmp,0.9964287877082825,6.122
2476,i21.bmp,i21_16_2.bmp,0.9924678802490234,5.9302
2477,i21.bmp,i21_16_3.bmp,0.979604184627533,5.7143
2478,i21.bmp,i21_16_4.bmp,0.9682496190071106,5.1667
2479,i21.bmp,i21_16_5.bmp,0.9467914700508118,4.6744
2480,i21.bmp,i21_17_1.bmp,0.9870826005935669,5.3415
2481,i21.bmp,i21_17_2.bmp,0.9765469431877136,6.2619
2482,i21.bmp,i21_17_3.bmp,0.9515275955200195,4.3571
2483,i21.bmp,i21_17_4.bmp,0.9367372393608093,6.3023
2484,i21.bmp,i21_17_5.bmp,0.8669724464416504,3.55
2485,i21.bmp,i21_18_1.bmp,0.9765371680259705,4.8571
2486,i21.bmp,i21_18_2.bmp,0.9594557881355286,4.3171
2487,i21.bmp,i21_18_3.bmp,0.9270544052124023,4.119
2488,i21.bmp,i21_18_4.bmp,0.862309455871582,3.6098
2489,i21.bmp,i21_18_5.bmp,0.8221290707588196,3.7857
2490,i21.bmp,i21_19_1.bmp,0.9580438733100891,5.381
2491,i21.bmp,i21_19_2.bmp,0.9425874948501587,4.7907
2492,i21.bmp,i21_19_3.bmp,0.9135405421257019,4.0714
2493,i21.bmp,i21_19_4.bmp,0.8795487284660339,3.6429
2494,i21.bmp,i21_19_5.bmp,0.8374097943305969,3.4186
2495,i21.bmp,i21_20_1.bmp,0.9830421805381775,5.975
2496,i21.bmp,i21_20_2.bmp,0.9702909588813782,5.6744
2497,i21.bmp,i21_20_3.bmp,0.9455806612968445,5.6905
2498,i21.bmp,i21_20_4.bmp,0.8881899118423462,4.8837
2499,i21.bmp,i21_20_5.bmp,0.7906155586242676,3.8372
2500,i21.bmp,i21_21_1.bmp,0.9502453207969666,5.5349
2501,i21.bmp,i21_21_2.bmp,0.9223217964172363,5.1429
2502,i21.bmp,i21_21_3.bmp,0.8760074973106384,4.3095
2503,i21.bmp,i21_21_4.bmp,0.8127325177192688,3.6191
2504,i21.bmp,i21_21_5.bmp,0.7185942530632019,2.7317
2505,i21.bmp,i21_22_1.bmp,0.9599405527114868,5.3571
2506,i21.bmp,i21_22_2.bmp,0.9310663342475891,5.4762
2507,i21.bmp,i21_22_3.bmp,0.898960292339325,4.4419
2508,i21.bmp,i21_22_4.bmp,0.8536863327026367,3.3721
2509,i21.bmp,i21_22_5.bmp,0.8001893162727356,3.0
2510,i21.bmp,i21_23_1.bmp,0.9668033719062805,6.1163
2511,i21.bmp,i21_23_2.bmp,0.9304267764091492,5.9048
2512,i21.bmp,i21_23_3.bmp,0.8779392242431641,5.6744
2513,i21.bmp,i21_23_4.bmp,0.8283365368843079,5.2381
2514,i21.bmp,i21_23_5.bmp,0.6914240121841431,2.8571
2515,i21.bmp,i21_24_1.bmp,0.9537731409072876,5.8837
2516,i21.bmp,i21_24_2.bmp,0.9205857515335083,5.7209
2517,i21.bmp,i21_24_3.bmp,0.8533922433853149,5.0
2518,i21.bmp,i21_24_4.bmp,0.7476391196250916,3.0732
2519,i21.bmp,i21_24_5.bmp,0.6012768149375916,0.52381
2520,i22.bmp,i22_01_1.bmp,0.9678821563720703,5.8158
2521,i22.bmp,i22_01_2.bmp,0.947695255279541,5.2368
2522,i22.bmp,i22_01_3.bmp,0.915779709815979,4.8461
2523,i22.bmp,i22_01_4.bmp,0.8823202252388,4.1579
2524,i22.bmp,i22_01_5.bmp,0.835753858089447,3.718
2525,i22.bmp,i22_02_1.bmp,0.9823128581047058,5.6053
2526,i22.bmp,i22_02_2.bmp,0.9720146059989929,5.8205
2527,i22.bmp,i22_02_3.bmp,0.9522011876106262,5.4737
2528,i22.bmp,i22_02_4.bmp,0.9185552597045898,5.1316
2529,i22.bmp,i22_02_5.bmp,0.8819642066955566,4.5789
2530,i22.bmp,i22_03_1.bmp,0.9185188412666321,4.7949
2531,i22.bmp,i22_03_2.bmp,0.8771694302558899,4.3421
2532,i22.bmp,i22_03_3.bmp,0.8306228518486023,3.6842
2533,i22.bmp,i22_03_4.bmp,0.7776693105697632,3.0769
2534,i22.bmp,i22_03_5.bmp,0.7065455317497253,2.7027
2535,i22.bmp,i22_04_1.bmp,0.9925384521484375,5.7692
2536,i22.bmp,i22_04_2.bmp,0.9895152449607849,5.718
2537,i22.bmp,i22_04_3.bmp,0.9801344275474548,5.4359
2538,i22.bmp,i22_04_4.bmp,0.9633792042732239,5.0
2539,i22.bmp,i22_04_5.bmp,0.93268221616745,4.3077
2540,i22.bmp,i22_05_1.bmp,0.9827808737754822,5.8684
2541,i22.bmp,i22_05_2.bmp,0.9735232591629028,5.6842
2542,i22.bmp,i22_05_3.bmp,0.9407960176467896,4.8718
2543,i22.bmp,i22_05_4.bmp,0.8836628794670105,4.1842
2544,i22.bmp,i22_05_5.bmp,0.7941802740097046,3.1842
2545,i22.bmp,i22_06_1.bmp,0.9554738998413086,4.7027
2546,i22.bmp,i22_06_2.bmp,0.9226785898208618,4.2432
2547,i22.bmp,i22_06_3.bmp,0.8953485488891602,3.7632
2548,i22.bmp,i22_06_4.bmp,0.856148362159729,3.5676
2549,i22.bmp,i22_06_5.bmp,0.8049026727676392,3.2432
2550,i22.bmp,i22_07_1.bmp,0.9583741426467896,5.5897
2551,i22.bmp,i22_07_2.bmp,0.9262667894363403,5.0811
2552,i22.bmp,i22_07_3.bmp,0.8886672854423523,4.5789
2553,i22.bmp,i22_07_4.bmp,0.8385378122329712,3.8947
2554,i22.bmp,i22_07_5.bmp,0.7672277092933655,2.7436
2555,i22.bmp,i22_08_1.bmp,0.9843870401382446,5.4474
2556,i22.bmp,i22_08_2.bmp,0.9601032137870789,4.6316
2557,i22.bmp,i22_08_3.bmp,0.9007877707481384,3.7838
2558,i22.bmp,i22_08_4.bmp,0.7832803130149841,3.1282
2559,i22.bmp,i22_08_5.bmp,0.669843852519989,2.5385
2560,i22.bmp,i22_09_1.bmp,0.9407915472984314,5.8461
2561,i22.bmp,i22_09_2.bmp,0.9106336832046509,5.5263
2562,i22.bmp,i22_09_3.bmp,0.855409562587738,4.6216
2563,i22.bmp,i22_09_4.bmp,0.7723602652549744,3.3333
2564,i22.bmp,i22_09_5.bmp,0.6636924147605896,2.0513
2565,i22.bmp,i22_10_1.bmp,0.9677727818489075,5.8378
2566,i22.bmp,i22_10_2.bmp,0.9478555917739868,5.5897
2567,i22.bmp,i22_10_3.bmp,0.877626359462738,5.0
2568,i22.bmp,i22_10_4.bmp,0.7508261203765869,3.5897
2569,i22.bmp,i22_10_5.bmp,0.6699649095535278,2.0789
2570,i22.bmp,i22_11_1.bmp,0.9582088589668274,5.359
2571,i22.bmp,i22_11_2.bmp,0.9125913977622986,5.5128
2572,i22.bmp,i22_11_3.bmp,0.8056427240371704,4.2632
2573,i22.bmp,i22_11_4.bmp,0.668483316898346,2.6316
2574,i22.bmp,i22_11_5.bmp,0.5569120645523071,0.86842
2575,i22.bmp,i22_12_1.bmp,0.9408640265464783,5.2632
2576,i22.bmp,i22_12_2.bmp,0.9492530226707458,5.7692
2577,i22.bmp,i22_12_3.bmp,0.9272505640983582,5.7436
2578,i22.bmp,i22_12_4.bmp,0.8426557779312134,4.3684
2579,i22.bmp,i22_12_5.bmp,0.7122815847396851,2.7632
2580,i22.bmp,i22_13_1.bmp,0.9469043612480164,5.2564
2581,i22.bmp,i22_13_2.bmp,0.8908201456069946,4.4359
2582,i22.bmp,i22_13_3.bmp,0.8436803817749023,3.6842
2583,i22.bmp,i22_13_4.bmp,0.7685295939445496,2.8718
2584,i22.bmp,i22_13_5.bmp,0.7271282076835632,2.5128
2585,i22.bmp,i22_14_1.bmp,0.9703546762466431,5.7692
2586,i22.bmp,i22_14_2.bmp,0.9760848879814148,5.8611
2587,i22.bmp,i22_14_3.bmp,0.9521008729934692,5.7632
2588,i22.bmp,i22_14_4.bmp,0.9067589044570923,4.6216
2589,i22.bmp,i22_14_5.bmp,0.8754324913024902,4.1026
2590,i22.bmp,i22_15_1.bmp,0.8834279179573059,3.0526
2591,i22.bmp,i22_15_2.bmp,0.8994577527046204,3.0263
2592,i22.bmp,i22_15_3.bmp,0.9107166528701782,3.2162
2593,i22.bmp,i22_15_4.bmp,0.9258341193199158,3.3947
2594,i22.bmp,i22_15_5.bmp,0.932873547077179,3.7368
2595,i22.bmp,i22_16_1.bmp,0.9964731335639954,5.8649
2596,i22.bmp,i22_16_2.bmp,0.9924895167350769,5.4103
2597,i22.bmp,i22_16_3.bmp,0.9779998660087585,6.0513
2598,i22.bmp,i22_16_4.bmp,0.9668483138084412,4.6053
2599,i22.bmp,i22_16_5.bmp,0.9401654601097107,5.2564
2600,i22.bmp,i22_17_1.bmp,0.9891694188117981,5.3333
2601,i22.bmp,i22_17_2.bmp,0.9744061827659607,6.0
2602,i22.bmp,i22_17_3.bmp,0.9554972648620605,4.2222
2603,i22.bmp,i22_17_4.bmp,0.9316102266311646,6.2308
2604,i22.bmp,i22_17_5.bmp,0.8633436560630798,3.3784
2605,i22.bmp,i22_18_1.bmp,0.9785369038581848,5.1539
2606,i22.bmp,i22_18_2.bmp,0.9658302664756775,4.6842
2607,i22.bmp,i22_18_3.bmp,0.9413938522338867,4.2368
2608,i22.bmp,i22_18_4.bmp,0.8938695788383484,3.7632
2609,i22.bmp,i22_18_5.bmp,0.8123344779014587,3.25
2610,i22.bmp,i22_19_1.bmp,0.9693662524223328,5.1316
2611,i22.bmp,i22_19_2.bmp,0.9549955725669861,5.1316
2612,i22.bmp,i22_19_3.bmp,0.9281385540962219,4.6667
2613,i22.bmp,i22_19_4.bmp,0.8887730836868286,4.0
2614,i22.bmp,i22_19_5.bmp,0.8391723036766052,3.5897
2615,i22.bmp,i22_20_1.bmp,0.9831838607788086,5.7105
2616,i22.bmp,i22_20_2.bmp,0.9719986319541931,5.7368
2617,i22.bmp,i22_20_3.bmp,0.9374481439590454,5.5526
2618,i22.bmp,i22_20_4.bmp,0.8653766512870789,4.8974
2619,i22.bmp,i22_20_5.bmp,0.7599148154258728,3.6486
2620,i22.bmp,i22_21_1.bmp,0.9527128338813782,5.5789
2621,i22.bmp,i22_21_2.bmp,0.9102960824966431,5.0263
2622,i22.bmp,i22_21_3.bmp,0.8603935241699219,4.6579
2623,i22.bmp,i22_21_4.bmp,0.7924689650535583,3.5641
2624,i22.bmp,i22_21_5.bmp,0.6802711486816406,2.6316
2625,i22.bmp,i22_22_1.bmp,0.9753684997558594,5.9231
2626,i22.bmp,i22_22_2.bmp,0.9525074362754822,5.3514
2627,i22.bmp,i22_22_3.bmp,0.9239118695259094,4.8974
2628,i22.bmp,i22_22_4.bmp,0.8599740862846375,4.4474
2629,i22.bmp,i22_22_5.bmp,0.7585801482200623,2.8947
2630,i22.bmp,i22_23_1.bmp,0.9770157933235168,6.3243
2631,i22.bmp,i22_23_2.bmp,0.94704669713974,6.1316
2632,i22.bmp,i22_23_3.bmp,0.8888582587242126,5.2105
2633,i22.bmp,i22_23_4.bmp,0.8101255297660828,4.4359
2634,i22.bmp,i22_23_5.bmp,0.6262596845626831,2.1026
2635,i22.bmp,i22_24_1.bmp,0.9523923993110657,5.8205
2636,i22.bmp,i22_24_2.bmp,0.9080986380577087,5.4211
2637,i22.bmp,i22_24_3.bmp,0.8207115530967712,4.2162
2638,i22.bmp,i22_24_4.bmp,0.6750571131706238,2.2564
2639,i22.bmp,i22_24_5.bmp,0.553148627281189,0.36842
2640,i23.bmp,i23_01_1.bmp,0.9585054516792297,5.6857
2641,i23.bmp,i23_01_2.bmp,0.9319694638252258,5.0571
2642,i23.bmp,i23_01_3.bmp,0.9000430107116699,4.7647
2643,i23.bmp,i23_01_4.bmp,0.8540458083152771,4.0857
2644,i23.bmp,i23_01_5.bmp,0.8059835433959961,3.7353
2645,i23.bmp,i23_02_1.bmp,0.9785307049751282,6.1471
2646,i23.bmp,i23_02_2.bmp,0.9641653299331665,5.8485
2647,i23.bmp,i23_02_3.bmp,0.9400811195373535,5.4571
2648,i23.bmp,i23_02_4.bmp,0.9073414206504822,5.0286
2649,i23.bmp,i23_02_5.bmp,0.866933286190033,4.3235
2650,i23.bmp,i23_03_1.bmp,0.907362163066864,4.6177
2651,i23.bmp,i23_03_2.bmp,0.8619512915611267,4.1714
2652,i23.bmp,i23_03_3.bmp,0.8076733946800232,3.5588
2653,i23.bmp,i23_03_4.bmp,0.759527862071991,3.2647
2654,i23.bmp,i23_03_5.bmp,0.7053764462471008,2.6765
2655,i23.bmp,i23_04_1.bmp,0.9943508505821228,5.6177
2656,i23.bmp,i23_04_2.bmp,0.9901027679443359,5.6471
2657,i23.bmp,i23_04_3.bmp,0.9805412292480469,5.3235
2658,i23.bmp,i23_04_4.bmp,0.9604033827781677,4.7941
2659,i23.bmp,i23_04_5.bmp,0.9255024194717407,4.5294
2660,i23.bmp,i23_05_1.bmp,0.9798957705497742,6.0571
2661,i23.bmp,i23_05_2.bmp,0.9653917551040649,5.5
2662,i23.bmp,i23_05_3.bmp,0.9239187240600586,5.0909
2663,i23.bmp,i23_05_4.bmp,0.8602039217948914,4.3143
2664,i23.bmp,i23_05_5.bmp,0.7789865732192993,3.3529
2665,i23.bmp,i23_06_1.bmp,0.9161197543144226,4.6177
2666,i23.bmp,i23_06_2.bmp,0.8878119587898254,4.3529
2667,i23.bmp,i23_06_3.bmp,0.865700900554657,4.0294
2668,i23.bmp,i23_06_4.bmp,0.8291040658950806,3.6176
2669,i23.bmp,i23_06_5.bmp,0.7880172729492188,3.2941
2670,i23.bmp,i23_07_1.bmp,0.9271965026855469,4.9706
2671,i23.bmp,i23_07_2.bmp,0.876298725605011,3.8485
2672,i23.bmp,i23_07_3.bmp,0.8309403657913208,3.6857
2673,i23.bmp,i23_07_4.bmp,0.7875704765319824,3.4412
2674,i23.bmp,i23_07_5.bmp,0.7398256063461304,2.7879
2675,i23.bmp,i23_08_1.bmp,0.9887956976890564,5.9429
2676,i23.bmp,i23_08_2.bmp,0.9727640151977539,5.5294
2677,i23.bmp,i23_08_3.bmp,0.9323564767837524,4.6765
2678,i23.bmp,i23_08_4.bmp,0.8415879607200623,3.9412
2679,i23.bmp,i23_08_5.bmp,0.7344404458999634,2.7714
2680,i23.bmp,i23_09_1.bmp,0.9454086422920227,6.697
2681,i23.bmp,i23_09_2.bmp,0.921496570110321,6.0571
2682,i23.bmp,i23_09_3.bmp,0.8869487643241882,5.7059
2683,i23.bmp,i23_09_4.bmp,0.8220083117485046,4.2647
2684,i23.bmp,i23_09_5.bmp,0.7163040041923523,2.6471
2685,i23.bmp,i23_10_1.bmp,0.9781121611595154,5.9714
2686,i23.bmp,i23_10_2.bmp,0.957672119140625,5.7941
2687,i23.bmp,i23_10_3.bmp,0.8953877687454224,5.0294
2688,i23.bmp,i23_10_4.bmp,0.7760272026062012,3.6471
2689,i23.bmp,i23_10_5.bmp,0.6896856427192688,2.4
2690,i23.bmp,i23_11_1.bmp,0.9186634421348572,5.2571
2691,i23.bmp,i23_11_2.bmp,0.8415907025337219,4.5714
2692,i23.bmp,i23_11_3.bmp,0.7594743967056274,3.1176
2693,i23.bmp,i23_11_4.bmp,0.6875432729721069,2.2424
2694,i23.bmp,i23_11_5.bmp,0.603622555732727,0.82353
2695,i23.bmp,i23_12_1.bmp,0.9523515701293945,5.9697
2696,i23.bmp,i23_12_2.bmp,0.9254947900772095,5.7429
2697,i23.bmp,i23_12_3.bmp,0.860740602016449,3.8
2698,i23.bmp,i23_12_4.bmp,0.7767311334609985,2.8857
2699,i23.bmp,i23_12_5.bmp,0.6551417708396912,1.8571
2700,i23.bmp,i23_13_1.bmp,0.9462106823921204,4.5429
2701,i23.bmp,i23_13_2.bmp,0.8578655123710632,4.1515
2702,i23.bmp,i23_13_3.bmp,0.8099939227104187,3.3429
2703,i23.bmp,i23_13_4.bmp,0.7471758723258972,2.4706
2704,i23.bmp,i23_13_5.bmp,0.7171027064323425,2.5882
2705,i23.bmp,i23_14_1.bmp,0.9715946316719055,6.0857
2706,i23.bmp,i23_14_2.bmp,0.9771348834037781,6.2941
2707,i23.bmp,i23_14_3.bmp,0.9572705626487732,5.0588
2708,i23.bmp,i23_14_4.bmp,0.9185396432876587,5.0588
2709,i23.bmp,i23_14_5.bmp,0.8907409906387329,3.6
2710,i23.bmp,i23_15_1.bmp,0.853546142578125,2.9429
2711,i23.bmp,i23_15_2.bmp,0.8651533126831055,2.9714
2712,i23.bmp,i23_15_3.bmp,0.8855075836181641,3.2571
2713,i23.bmp,i23_15_4.bmp,0.9178163409233093,3.4118
2714,i23.bmp,i23_15_5.bmp,0.9361850619316101,3.6286
2715,i23.bmp,i23_16_1.bmp,0.9971124529838562,6.3333
2716,i23.bmp,i23_16_2.bmp,0.9923166632652283,5.8286
2717,i23.bmp,i23_16_3.bmp,0.9822972416877747,5.8235
2718,i23.bmp,i23_16_4.bmp,0.964000403881073,5.2
2719,i23.bmp,i23_16_5.bmp,0.9558407068252563,5.7143
2720,i23.bmp,i23_17_1.bmp,0.9900869727134705,5.6667
2721,i23.bmp,i23_17_2.bmp,0.972565770149231,6.8
2722,i23.bmp,i23_17_3.bmp,0.9566575884819031,4.8286
2723,i23.bmp,i23_17_4.bmp,0.9278687834739685,6.6857
2724,i23.bmp,i23_17_5.bmp,0.861807644367218,3.8824
2725,i23.bmp,i23_18_1.bmp,0.9891694188117981,5.7647
2726,i23.bmp,i23_18_2.bmp,0.9826133847236633,5.6471
2727,i23.bmp,i23_18_3.bmp,0.9710403680801392,5.4412
2728,i23.bmp,i23_18_4.bmp,0.9478307962417603,5.0571
2729,i23.bmp,i23_18_5.bmp,0.9037643671035767,4.3823
2730,i23.bmp,i23_19_1.bmp,0.9480481147766113,5.7143
2731,i23.bmp,i23_19_2.bmp,0.9172361493110657,4.9714
2732,i23.bmp,i23_19_3.bmp,0.8784788250923157,4.6177
2733,i23.bmp,i23_19_4.bmp,0.8347188234329224,3.8857
2734,i23.bmp,i23_19_5.bmp,0.7841262817382812,3.4286
2735,i23.bmp,i23_20_1.bmp,0.9706476330757141,5.6
2736,i23.bmp,i23_20_2.bmp,0.9267544150352478,5.0882
2737,i23.bmp,i23_20_3.bmp,0.8656803369522095,4.0938
2738,i23.bmp,i23_20_4.bmp,0.790654182434082,3.3429
2739,i23.bmp,i23_20_5.bmp,0.7147197127342224,2.6571
2740,i23.bmp,i23_21_1.bmp,0.9305402040481567,5.6
2741,i23.bmp,i23_21_2.bmp,0.9000949263572693,4.7941
2742,i23.bmp,i23_21_3.bmp,0.8496305346488953,4.1212
2743,i23.bmp,i23_21_4.bmp,0.7884309887886047,3.5143
2744,i23.bmp,i23_21_5.bmp,0.6940252184867859,2.4118
2745,i23.bmp,i23_22_1.bmp,0.97011798620224,6.1765
2746,i23.bmp,i23_22_2.bmp,0.9484177827835083,5.8857
2747,i23.bmp,i23_22_3.bmp,0.9215378165245056,5.0294
2748,i23.bmp,i23_22_4.bmp,0.87352055311203,4.6471
2749,i23.bmp,i23_22_5.bmp,0.8091257214546204,4.0
2750,i23.bmp,i23_23_1.bmp,0.968235433101654,6.303
2751,i23.bmp,i23_23_2.bmp,0.9266568422317505,5.9118
2752,i23.bmp,i23_23_3.bmp,0.855415940284729,5.1714
2753,i23.bmp,i23_23_4.bmp,0.771766185760498,3.7576
2754,i23.bmp,i23_23_5.bmp,0.6796445250511169,3.0
2755,i23.bmp,i23_24_1.bmp,0.9176694750785828,5.8529
2756,i23.bmp,i23_24_2.bmp,0.8616609573364258,4.7353
2757,i23.bmp,i23_24_3.bmp,0.7735544443130493,3.6765
2758,i23.bmp,i23_24_4.bmp,0.6592816710472107,1.7273
2759,i23.bmp,i23_24_5.bmp,0.5977246165275574,0.78788
2760,i24.bmp,i24_01_1.bmp,0.9450272917747498,5.8857
2761,i24.bmp,i24_01_2.bmp,0.9130420684814453,5.0556
2762,i24.bmp,i24_01_3.bmp,0.8660691380500793,4.7222
2763,i24.bmp,i24_01_4.bmp,0.8166427612304688,4.1429
2764,i24.bmp,i24_01_5.bmp,0.7504963278770447,3.5833
2765,i24.bmp,i24_02_1.bmp,0.9671360850334167,6.4444
2766,i24.bmp,i24_02_2.bmp,0.9475628137588501,5.9118
2767,i24.bmp,i24_02_3.bmp,0.9146812558174133,5.1389
2768,i24.bmp,i24_02_4.bmp,0.8687330484390259,5.0857
2769,i24.bmp,i24_02_5.bmp,0.8169984221458435,4.5278
2770,i24.bmp,i24_03_1.bmp,0.8760132193565369,4.8
2771,i24.bmp,i24_03_2.bmp,0.8198546767234802,4.2571
2772,i24.bmp,i24_03_3.bmp,0.7602868676185608,3.8286
2773,i24.bmp,i24_03_4.bmp,0.692963719367981,3.2857
2774,i24.bmp,i24_03_5.bmp,0.6335978507995605,2.6944
2775,i24.bmp,i24_04_1.bmp,0.9945961236953735,5.8571
2776,i24.bmp,i24_04_2.bmp,0.9918986558914185,5.8333
2777,i24.bmp,i24_04_3.bmp,0.986128032207489,5.5294
2778,i24.bmp,i24_04_4.bmp,0.9746862649917603,5.1667
2779,i24.bmp,i24_04_5.bmp,0.9516947865486145,4.5714
2780,i24.bmp,i24_05_1.bmp,0.9751017689704895,5.8056
2781,i24.bmp,i24_05_2.bmp,0.9573685526847839,5.3333
2782,i24.bmp,i24_05_3.bmp,0.9025846719741821,5.1389
2783,i24.bmp,i24_05_4.bmp,0.8217501044273376,4.0286
2784,i24.bmp,i24_05_5.bmp,0.7168559432029724,3.25
2785,i24.bmp,i24_06_1.bmp,0.9486705660820007,4.6471
2786,i24.bmp,i24_06_2.bmp,0.9207701086997986,4.3714
2787,i24.bmp,i24_06_3.bmp,0.8754385113716125,3.9714
2788,i24.bmp,i24_06_4.bmp,0.8277423977851868,3.6667
2789,i24.bmp,i24_06_5.bmp,0.7591388821601868,3.2857
2790,i24.bmp,i24_07_1.bmp,0.9250232577323914,5.5278
2791,i24.bmp,i24_07_2.bmp,0.878759503364563,4.5714
2792,i24.bmp,i24_07_3.bmp,0.834991455078125,4.0882
2793,i24.bmp,i24_07_4.bmp,0.7786885499954224,2.8857
2794,i24.bmp,i24_07_5.bmp,0.7271954417228699,2.4444
2795,i24.bmp,i24_08_1.bmp,0.9839286804199219,5.9444
2796,i24.bmp,i24_08_2.bmp,0.9582830667495728,4.9714
2797,i24.bmp,i24_08_3.bmp,0.890802800655365,4.0571
2798,i24.bmp,i24_08_4.bmp,0.7620745897293091,3.1765
2799,i24.bmp,i24_08_5.bmp,0.6392240524291992,2.6176
2800,i24.bmp,i24_09_1.bmp,0.9393364191055298,6.0
2801,i24.bmp,i24_09_2.bmp,0.9065518379211426,5.2941
2802,i24.bmp,i24_09_3.bmp,0.8363146185874939,4.5278
2803,i24.bmp,i24_09_4.bmp,0.7219608426094055,3.3889
2804,i24.bmp,i24_09_5.bmp,0.6051440834999084,2.0
2805,i24.bmp,i24_10_1.bmp,0.9587621092796326,5.8857
2806,i24.bmp,i24_10_2.bmp,0.9321973919868469,5.8286
2807,i24.bmp,i24_10_3.bmp,0.8588343858718872,4.6571
2808,i24.bmp,i24_10_4.bmp,0.7264484167098999,3.2778
2809,i24.bmp,i24_10_5.bmp,0.6470488905906677,1.8529
2810,i24.bmp,i24_11_1.bmp,0.9472994208335876,5.4
2811,i24.bmp,i24_11_2.bmp,0.8970821499824524,4.697
2812,i24.bmp,i24_11_3.bmp,0.8068063855171204,4.0294
2813,i24.bmp,i24_11_4.bmp,0.6351718306541443,2.5714
2814,i24.bmp,i24_11_5.bmp,0.5456207394599915,0.91667
2815,i24.bmp,i24_12_1.bmp,0.9161425828933716,5.6857
2816,i24.bmp,i24_12_2.bmp,0.9784418344497681,6.0857
2817,i24.bmp,i24_12_3.bmp,0.9342138171195984,5.4848
2818,i24.bmp,i24_12_4.bmp,0.7928741574287415,3.5
2819,i24.bmp,i24_12_5.bmp,0.673931360244751,2.5833
2820,i24.bmp,i24_13_1.bmp,0.9115607142448425,4.0588
2821,i24.bmp,i24_13_2.bmp,0.8286213278770447,3.7429
2822,i24.bmp,i24_13_3.bmp,0.7757470011711121,3.3143
2823,i24.bmp,i24_13_4.bmp,0.6795524954795837,2.8889
2824,i24.bmp,i24_13_5.bmp,0.7019830346107483,2.5
2825,i24.bmp,i24_14_1.bmp,0.9664468765258789,6.0
2826,i24.bmp,i24_14_2.bmp,0.9854226112365723,5.9714
2827,i24.bmp,i24_14_3.bmp,0.9593958854675293,5.3429
2828,i24.bmp,i24_14_4.bmp,0.9195681810379028,5.1389
2829,i24.bmp,i24_14_5.bmp,0.8945067524909973,4.6389
2830,i24.bmp,i24_15_1.bmp,0.9187400937080383,4.0278
2831,i24.bmp,i24_15_2.bmp,0.928656280040741,4.4
2832,i24.bmp,i24_15_3.bmp,0.9276691675186157,3.8857
2833,i24.bmp,i24_15_4.bmp,0.9433912634849548,3.6667
2834,i24.bmp,i24_15_5.bmp,0.918359100818634,3.3889
2835,i24.bmp,i24_16_1.bmp,0.9964357614517212,5.9714
2836,i24.bmp,i24_16_2.bmp,0.994046688079834,6.1111
2837,i24.bmp,i24_16_3.bmp,0.9785392880439758,5.4571
2838,i24.bmp,i24_16_4.bmp,0.9752256274223328,5.6111
2839,i24.bmp,i24_16_5.bmp,0.9396283030509949,4.8857
2840,i24.bmp,i24_17_1.bmp,0.9889972805976868,5.75
2841,i24.bmp,i24_17_2.bmp,0.9787359237670898,6.4722
2842,i24.bmp,i24_17_3.bmp,0.9576408267021179,4.8056
2843,i24.bmp,i24_17_4.bmp,0.9451006054878235,6.7222
2844,i24.bmp,i24_17_5.bmp,0.8664132952690125,3.6
2845,i24.bmp,i24_18_1.bmp,0.9543210864067078,4.8
2846,i24.bmp,i24_18_2.bmp,0.9185798764228821,4.3939
2847,i24.bmp,i24_18_3.bmp,0.8666042685508728,3.9118
2848,i24.bmp,i24_18_4.bmp,0.835358738899231,4.1143
2849,i24.bmp,i24_18_5.bmp,0.8191165328025818,3.7941
2850,i24.bmp,i24_19_1.bmp,0.9485460519790649,5.5714
2851,i24.bmp,i24_19_2.bmp,0.919062614440918,5.1765
2852,i24.bmp,i24_19_3.bmp,0.8721818327903748,4.7778
2853,i24.bmp,i24_19_4.bmp,0.8254269957542419,4.0882
2854,i24.bmp,i24_19_5.bmp,0.7567931413650513,3.8571
2855,i24.bmp,i24_20_1.bmp,0.9708299040794373,6.1429
2856,i24.bmp,i24_20_2.bmp,0.9434095621109009,5.6111
2857,i24.bmp,i24_20_3.bmp,0.8892241716384888,5.1714
2858,i24.bmp,i24_20_4.bmp,0.8004776239395142,4.0286
2859,i24.bmp,i24_20_5.bmp,0.7022482752799988,3.5143
2860,i24.bmp,i24_21_1.bmp,0.9143043756484985,5.7778
2861,i24.bmp,i24_21_2.bmp,0.8560488820075989,4.8286
2862,i24.bmp,i24_21_3.bmp,0.7929800152778625,4.1429
2863,i24.bmp,i24_21_4.bmp,0.7178844809532166,3.3611
2864,i24.bmp,i24_21_5.bmp,0.6323135495185852,2.6857
2865,i24.bmp,i24_22_1.bmp,0.9608518481254578,5.7714
2866,i24.bmp,i24_22_2.bmp,0.9305059313774109,5.0294
2867,i24.bmp,i24_22_3.bmp,0.8656259775161743,4.6177
2868,i24.bmp,i24_22_4.bmp,0.7482330203056335,3.3333
2869,i24.bmp,i24_22_5.bmp,0.6859057545661926,2.7429
2870,i24.bmp,i24_23_1.bmp,0.9680690169334412,5.8
2871,i24.bmp,i24_23_2.bmp,0.9336051344871521,6.0278
2872,i24.bmp,i24_23_3.bmp,0.8835495114326477,5.6857
2873,i24.bmp,i24_23_4.bmp,0.8259401321411133,5.0882
2874,i24.bmp,i24_23_5.bmp,0.6177989840507507,2.2941
2875,i24.bmp,i24_24_1.bmp,0.934562623500824,5.7059
2876,i24.bmp,i24_24_2.bmp,0.8681710362434387,5.3429
2877,i24.bmp,i24_24_3.bmp,0.7799486517906189,4.3429
2878,i24.bmp,i24_24_4.bmp,0.6634653210639954,2.7429
2879,i24.bmp,i24_24_5.bmp,0.5450288653373718,0.41667
2880,i25.bmp,i25_01_1.bmp,0.9423786997795105,5.1429
2881,i25.bmp,i25_01_2.bmp,0.9271038174629211,4.6765
2882,i25.bmp,i25_01_3.bmp,0.9097524881362915,4.4
2883,i25.bmp,i25_01_4.bmp,0.8859459161758423,3.8857
2884,i25.bmp,i25_01_5.bmp,0.8556318283081055,3.4444
2885,i25.bmp,i25_02_1.bmp,0.962117612361908,5.5429
2886,i25.bmp,i25_02_2.bmp,0.9501420855522156,5.2778
2887,i25.bmp,i25_02_3.bmp,0.9337148666381836,5.25
2888,i25.bmp,i25_02_4.bmp,0.9161185622215271,4.4571
2889,i25.bmp,i25_02_5.bmp,0.8909890055656433,3.7714
2890,i25.bmp,i25_03_1.bmp,0.9085525870323181,4.0
2891,i25.bmp,i25_03_2.bmp,0.88898104429245,3.5833
2892,i25.bmp,i25_03_3.bmp,0.8609671592712402,3.25
2893,i25.bmp,i25_03_4.bmp,0.8285751342773438,2.9143
2894,i25.bmp,i25_03_5.bmp,0.7886871695518494,2.4167
2895,i25.bmp,i25_04_1.bmp,0.9952868819236755,6.3939
2896,i25.bmp,i25_04_2.bmp,0.9919422268867493,6.1667
2897,i25.bmp,i25_04_3.bmp,0.9855567812919617,5.8889
2898,i25.bmp,i25_04_4.bmp,0.9723882079124451,5.5
2899,i25.bmp,i25_04_5.bmp,0.9510259628295898,5.2353
2900,i25.bmp,i25_05_1.bmp,0.9616137742996216,5.3333
2901,i25.bmp,i25_05_2.bmp,0.9489952921867371,5.2571
2902,i25.bmp,i25_05_3.bmp,0.9214068651199341,4.6111
2903,i25.bmp,i25_05_4.bmp,0.8816966414451599,3.8571
2904,i25.bmp,i25_05_5.bmp,0.8169412016868591,2.75
2905,i25.bmp,i25_06_1.bmp,0.940424919128418,4.4
2906,i25.bmp,i25_06_2.bmp,0.9172919392585754,4.2857
2907,i25.bmp,i25_06_3.bmp,0.8945093154907227,3.7059
2908,i25.bmp,i25_06_4.bmp,0.867585301399231,3.4722
2909,i25.bmp,i25_06_5.bmp,0.8284236788749695,3.0278
2910,i25.bmp,i25_07_1.bmp,0.9574600458145142,3.5
2911,i25.bmp,i25_07_2.bmp,0.9487308859825134,3.1429
2912,i25.bmp,i25_07_3.bmp,0.935694694519043,3.0303
2913,i25.bmp,i25_07_4.bmp,0.9258187413215637,2.7143
2914,i25.bmp,i25_07_5.bmp,0.8912083506584167,2.7429
2915,i25.bmp,i25_08_1.bmp,0.978000819683075,5.5294
2916,i25.bmp,i25_08_2.bmp,0.9454488754272461,5.0556
2917,i25.bmp,i25_08_3.bmp,0.869954526424408,4.2941
2918,i25.bmp,i25_08_4.bmp,0.7619807124137878,3.1765
2919,i25.bmp,i25_08_5.bmp,0.6745875477790833,1.9444
2920,i25.bmp,i25_09_1.bmp,0.9855832457542419,5.8333
2921,i25.bmp,i25_09_2.bmp,0.971707820892334,5.2
2922,i25.bmp,i25_09_3.bmp,0.9417972564697266,4.2286
2923,i25.bmp,i25_09_4.bmp,0.8945621848106384,3.1176
2924,i25.bmp,i25_09_5.bmp,0.785801112651825,1.3333
2925,i25.bmp,i25_10_1.bmp,0.9814891219139099,5.8571
2926,i25.bmp,i25_10_2.bmp,0.9708414077758789,5.5714
2927,i25.bmp,i25_10_3.bmp,0.9330482482910156,4.2571
2928,i25.bmp,i25_10_4.bmp,0.8781011700630188,2.1471
2929,i25.bmp,i25_10_5.bmp,0.8010679483413696,1.4722
2930,i25.bmp,i25_11_1.bmp,0.9869705438613892,6.0857
2931,i25.bmp,i25_11_2.bmp,0.9769431948661804,5.8611
2932,i25.bmp,i25_11_3.bmp,0.9586201906204224,5.3611
2933,i25.bmp,i25_11_4.bmp,0.9372234344482422,4.9722
2934,i25.bmp,i25_11_5.bmp,0.892919659614563,4.6
2935,i25.bmp,i25_12_1.bmp,0.9809830784797668,6.0278
2936,i25.bmp,i25_12_2.bmp,0.9816352725028992,5.8
2937,i25.bmp,i25_12_3.bmp,0.9467607736587524,4.8333
2938,i25.bmp,i25_12_4.bmp,0.9339616894721985,5.0303
2939,i25.bmp,i25_12_5.bmp,0.9302480816841125,4.6667
2940,i25.bmp,i25_13_1.bmp,0.928867757320404,4.8286
2941,i25.bmp,i25_13_2.bmp,0.9466388821601868,5.7143
2942,i25.bmp,i25_13_3.bmp,0.8763729333877563,3.6857
2943,i25.bmp,i25_13_4.bmp,0.9189913868904114,4.5714
2944,i25.bmp,i25_13_5.bmp,0.8923279047012329,3.0286
2945,i25.bmp,i25_14_1.bmp,0.9958000183105469,5.7143
2946,i25.bmp,i25_14_2.bmp,0.9751787185668945,5.1429
2947,i25.bmp,i25_14_3.bmp,0.9627248048782349,5.0882
2948,i25.bmp,i25_14_4.bmp,0.9286642074584961,3.8286
2949,i25.bmp,i25_14_5.bmp,0.902840793132782,3.1111
2950,i25.bmp,i25_15_1.bmp,0.9102563858032227,3.2778
2951,i25.bmp,i25_15_2.bmp,0.9090068936347961,2.9394
2952,i25.bmp,i25_15_3.bmp,0.9250251054763794,3.5278
2953,i25.bmp,i25_15_4.bmp,0.9329507946968079,3.9706
2954,i25.bmp,i25_15_5.bmp,0.9409241080284119,4.1429
2955,i25.bmp,i25_16_1.bmp,0.9970348477363586,5.9167
2956,i25.bmp,i25_16_2.bmp,0.9930326342582703,6.4167
2957,i25.bmp,i25_16_3.bmp,0.9859045147895813,5.7714
2958,i25.bmp,i25_16_4.bmp,0.9667589068412781,5.5556
2959,i25.bmp,i25_16_5.bmp,0.9560489058494568,4.4706
2960,i25.bmp,i25_17_1.bmp,0.9897335171699524,5.6111
2961,i25.bmp,i25_17_2.bmp,0.9825167059898376,6.8571
2962,i25.bmp,i25_17_3.bmp,0.9577423334121704,4.4857
2963,i25.bmp,i25_17_4.bmp,0.9542248845100403,6.3889
2964,i25.bmp,i25_17_5.bmp,0.8702735304832458,3.2857
2965,i25.bmp,i25_18_1.bmp,0.9871450662612915,5.6111
2966,i25.bmp,i25_18_2.bmp,0.9798260927200317,5.0588
2967,i25.bmp,i25_18_3.bmp,0.969866931438446,4.4444
2968,i25.bmp,i25_18_4.bmp,0.946988046169281,4.0
2969,i25.bmp,i25_18_5.bmp,0.908125102519989,2.6765
2970,i25.bmp,i25_19_1.bmp,0.9482890963554382,5.1667
2971,i25.bmp,i25_19_2.bmp,0.9323078989982605,4.2857
2972,i25.bmp,i25_19_3.bmp,0.9128054976463318,3.8333
2973,i25.bmp,i25_19_4.bmp,0.8890959024429321,3.7941
2974,i25.bmp,i25_19_5.bmp,0.8588307499885559,3.3429
2975,i25.bmp,i25_20_1.bmp,0.9888269305229187,5.6765
2976,i25.bmp,i25_20_2.bmp,0.9818849563598633,5.5429
2977,i25.bmp,i25_20_3.bmp,0.9732264876365662,5.0
2978,i25.bmp,i25_20_4.bmp,0.9612106680870056,4.9722
2979,i25.bmp,i25_20_5.bmp,0.9335746169090271,4.0571
2980,i25.bmp,i25_21_1.bmp,0.9536541104316711,5.1714
2981,i25.bmp,i25_21_2.bmp,0.929265022277832,4.4571
2982,i25.bmp,i25_21_3.bmp,0.9349390864372253,4.8857
2983,i25.bmp,i25_21_4.bmp,0.861861526966095,3.4286
2984,i25.bmp,i25_21_5.bmp,0.8301108479499817,2.9143
2985,i25.bmp,i25_22_1.bmp,0.9563366770744324,4.8056
2986,i25.bmp,i25_22_2.bmp,0.9459348917007446,4.25
2987,i25.bmp,i25_22_3.bmp,0.923712432384491,3.7941
2988,i25.bmp,i25_22_4.bmp,0.9078062176704407,3.4
2989,i25.bmp,i25_22_5.bmp,0.8939762115478516,2.7941
2990,i25.bmp,i25_23_1.bmp,0.9944517016410828,6.3056
2991,i25.bmp,i25_23_2.bmp,0.988006591796875,6.2778
2992,i25.bmp,i25_23_3.bmp,0.9799497723579407,6.1714
2993,i25.bmp,i25_23_4.bmp,0.9718170166015625,6.1429
2994,i25.bmp,i25_23_5.bmp,0.9617893099784851,5.9714
2995,i25.bmp,i25_24_1.bmp,0.9662918448448181,5.6571
2996,i25.bmp,i25_24_2.bmp,0.9521719217300415,5.4444
2997,i25.bmp,i25_24_3.bmp,0.9291402697563171,4.6286
2998,i25.bmp,i25_24_4.bmp,0.8967602849006653,4.0278
2999,i25.bmp,i25_24_5.bmp,0.8376501202583313,2.7714
