idx,ref_img_path,dis_img_path,score,mos_label
0,i01.bmp,i01_01_1.bmp,0.9096245765686035,5.5143
1,i01.bmp,i01_01_2.bmp,0.8731433749198914,5.5676
2,i01.bmp,i01_01_3.bmp,0.8312404751777649,4.9444
3,i01.bmp,i01_01_4.bmp,0.7725988626480103,4.3784
4,i01.bmp,i01_01_5.bmp,0.7216746807098389,3.8649
5,i01.bmp,i01_02_1.bmp,0.9395040273666382,6.0286
6,i01.bmp,i01_02_2.bmp,0.9101399183273315,6.1081
7,i01.bmp,i01_02_3.bmp,0.8686315417289734,5.3889
8,i01.bmp,i01_02_4.bmp,0.8223967552185059,4.7143
9,i01.bmp,i01_02_5.bmp,0.7746250629425049,4.3611
10,i01.bmp,i01_03_1.bmp,0.8213052749633789,4.7714
11,i01.bmp,i01_03_2.bmp,0.7748222947120667,4.2703
12,i01.bmp,i01_03_3.bmp,0.7169381380081177,3.7027
13,i01.bmp,i01_03_4.bmp,0.6570881009101868,3.1944
14,i01.bmp,i01_03_5.bmp,0.5914744138717651,2.7143
15,i01.bmp,i01_04_1.bmp,0.9846898317337036,5.9714
16,i01.bmp,i01_04_2.bmp,0.9778116345405579,5.7568
17,i01.bmp,i01_04_3.bmp,0.9636579751968384,5.2703
18,i01.bmp,i01_04_4.bmp,0.9436199069023132,5.2432
19,i01.bmp,i01_04_5.bmp,0.9046181440353394,4.7143
20,i01.bmp,i01_05_1.bmp,0.9500588774681091,5.9189
21,i01.bmp,i01_05_2.bmp,0.9262064099311829,5.7027
22,i01.bmp,i01_05_3.bmp,0.8649077415466309,5.0833
23,i01.bmp,i01_05_4.bmp,0.7786952257156372,4.1389
24,i01.bmp,i01_05_5.bmp,0.6677036881446838,3.1389
25,i01.bmp,i01_06_1.bmp,0.9051473140716553,4.0
26,i01.bmp,i01_06_2.bmp,0.8729869723320007,3.8919
27,i01.bmp,i01_06_3.bmp,0.827216386795044,3.7297
28,i01.bmp,i01_06_4.bmp,0.7703880071640015,3.4857
29,i01.bmp,i01_06_5.bmp,0.712432861328125,2.9444
30,i01.bmp,i01_07_1.bmp,0.9060387015342712,5.0833
31,i01.bmp,i01_07_2.bmp,0.8624985814094543,4.75
32,i01.bmp,i01_07_3.bmp,0.8171466588973999,4.0
33,i01.bmp,i01_07_4.bmp,0.7590962052345276,3.2222
34,i01.bmp,i01_07_5.bmp,0.6663050055503845,2.1944
35,i01.bmp,i01_08_1.bmp,0.9559229612350464,5.1892
36,i01.bmp,i01_08_2.bmp,0.900333046913147,4.4722
37,i01.bmp,i01_08_3.bmp,0.7764350175857544,3.4865
38,i01.bmp,i01_08_4.bmp,0.6078246831893921,3.0
39,i01.bmp,i01_08_5.bmp,0.47734031081199646,2.1111
40,i01.bmp,i01_09_1.bmp,0.8941608667373657,6.0833
41,i01.bmp,i01_09_2.bmp,0.8371618986129761,5.1667
42,i01.bmp,i01_09_3.bmp,0.7397536039352417,4.4286
43,i01.bmp,i01_09_4.bmp,0.6148111820220947,2.8108
44,i01.bmp,i01_09_5.bmp,0.4829274117946625,1.5405
45,i01.bmp,i01_10_1.bmp,0.9405240416526794,5.973
46,i01.bmp,i01_10_2.bmp,0.8994276523590088,5.9459
47,i01.bmp,i01_10_3.bmp,0.8269402384757996,4.9167
48,i01.bmp,i01_10_4.bmp,0.6711845397949219,3.2162
49,i01.bmp,i01_10_5.bmp,0.5674455761909485,2.0811
50,i01.bmp,i01_11_1.bmp,0.928225576877594,5.9143
51,i01.bmp,i01_11_2.bmp,0.8831607103347778,5.6757
52,i01.bmp,i01_11_3.bmp,0.8338049054145813,4.6944
53,i01.bmp,i01_11_4.bmp,0.6516485810279846,3.6757
54,i01.bmp,i01_11_5.bmp,0.4760621190071106,1.4595
55,i01.bmp,i01_12_1.bmp,0.9448716640472412,5.9459
56,i01.bmp,i01_12_2.bmp,0.945443332195282,5.8649
57,i01.bmp,i01_12_3.bmp,0.8439446091651917,4.2162
58,i01.bmp,i01_12_4.bmp,0.7695527076721191,3.8333
59,i01.bmp,i01_12_5.bmp,0.7135164141654968,3.4324
60,i01.bmp,i01_13_1.bmp,0.9262263774871826,5.4595
61,i01.bmp,i01_13_2.bmp,0.8319644927978516,3.9143
62,i01.bmp,i01_13_3.bmp,0.7419087290763855,3.2778
63,i01.bmp,i01_13_4.bmp,0.7165695428848267,3.1667
64,i01.bmp,i01_13_5.bmp,0.7116612195968628,3.1081
65,i01.bmp,i01_14_1.bmp,0.9629986882209778,5.6944
66,i01.bmp,i01_14_2.bmp,0.9783356189727783,6.0541
67,i01.bmp,i01_14_3.bmp,0.9455859661102295,5.7568
68,i01.bmp,i01_14_4.bmp,0.9081393480300903,5.5556
69,i01.bmp,i01_14_5.bmp,0.865705132484436,4.4706
70,i01.bmp,i01_15_1.bmp,0.8364472985267639,2.8333
71,i01.bmp,i01_15_2.bmp,0.8571919798851013,2.8286
72,i01.bmp,i01_15_3.bmp,0.8718738555908203,3.1081
73,i01.bmp,i01_15_4.bmp,0.9013521671295166,3.5833
74,i01.bmp,i01_15_5.bmp,0.9377933144569397,3.8919
75,i01.bmp,i01_16_1.bmp,0.9916827082633972,5.8056
76,i01.bmp,i01_16_2.bmp,0.9844709634780884,6.0541
77,i01.bmp,i01_16_3.bmp,0.9580174088478088,4.8889
78,i01.bmp,i01_16_4.bmp,0.9490060210227966,5.0278
79,i01.bmp,i01_16_5.bmp,0.8849232196807861,4.1944
80,i01.bmp,i01_17_1.bmp,0.9758058190345764,5.3514
81,i01.bmp,i01_17_2.bmp,0.9517937302589417,6.6216
82,i01.bmp,i01_17_3.bmp,0.9216071367263794,4.0811
83,i01.bmp,i01_17_4.bmp,0.8727127313613892,6.2432
84,i01.bmp,i01_17_5.bmp,0.7756291627883911,2.9714
85,i01.bmp,i01_18_1.bmp,0.9436401128768921,4.6216
86,i01.bmp,i01_18_2.bmp,0.9133502244949341,4.2222
87,i01.bmp,i01_18_3.bmp,0.8535240888595581,3.7714
88,i01.bmp,i01_18_4.bmp,0.7633933424949646,3.4722
89,i01.bmp,i01_18_5.bmp,0.7403994798660278,3.4167
90,i01.bmp,i01_19_1.bmp,0.9272007942199707,5.9444
91,i01.bmp,i01_19_2.bmp,0.8897905349731445,5.4722
92,i01.bmp,i01_19_3.bmp,0.8407478332519531,5.0811
93,i01.bmp,i01_19_4.bmp,0.7862971425056458,4.5278
94,i01.bmp,i01_19_5.bmp,0.7317034602165222,3.9444
95,i01.bmp,i01_20_1.bmp,0.9614661335945129,5.8571
96,i01.bmp,i01_20_2.bmp,0.9419934153556824,5.8333
97,i01.bmp,i01_20_3.bmp,0.9031410813331604,6.0278
98,i01.bmp,i01_20_4.bmp,0.8452681303024292,5.0833
99,i01.bmp,i01_20_5.bmp,0.7531924843788147,4.3333
100,i01.bmp,i01_21_1.bmp,0.9001582264900208,5.7027
101,i01.bmp,i01_21_2.bmp,0.8649976253509521,5.2778
102,i01.bmp,i01_21_3.bmp,0.8002826571464539,4.6757
103,i01.bmp,i01_21_4.bmp,0.7411941289901733,4.0571
104,i01.bmp,i01_21_5.bmp,0.6483461260795593,3.0541
105,i01.bmp,i01_22_1.bmp,0.922084629535675,5.5556
106,i01.bmp,i01_22_2.bmp,0.8652259111404419,5.1892
107,i01.bmp,i01_22_3.bmp,0.820993185043335,4.3056
108,i01.bmp,i01_22_4.bmp,0.7592780590057373,3.1622
109,i01.bmp,i01_22_5.bmp,0.6051075458526611,2.1944
110,i01.bmp,i01_23_1.bmp,0.9312341213226318,6.2857
111,i01.bmp,i01_23_2.bmp,0.8757525682449341,5.6111
112,i01.bmp,i01_23_3.bmp,0.822664737701416,5.7778
113,i01.bmp,i01_23_4.bmp,0.7123150825500488,4.8056
114,i01.bmp,i01_23_5.bmp,0.5077171921730042,2.4054
115,i01.bmp,i01_24_1.bmp,0.9081228971481323,5.7027
116,i01.bmp,i01_24_2.bmp,0.8477396965026855,5.5833
117,i01.bmp,i01_24_3.bmp,0.7769057154655457,5.1081
118,i01.bmp,i01_24_4.bmp,0.6362419724464417,3.0811
119,i01.bmp,i01_24_5.bmp,0.49249929189682007,0.45946
120,i02.bmp,i02_01_1.bmp,0.9043832421302795,5.7429
121,i02.bmp,i02_01_2.bmp,0.8663747310638428,5.3429
122,i02.bmp,i02_01_3.bmp,0.8014880418777466,5.2222
123,i02.bmp,i02_01_4.bmp,0.7298259735107422,4.1944
124,i02.bmp,i02_01_5.bmp,0.6597356796264648,3.973
125,i02.bmp,i02_02_1.bmp,0.9507791996002197,6.0556
126,i02.bmp,i02_02_2.bmp,0.9231769442558289,6.0541
127,i02.bmp,i02_02_3.bmp,0.8763797283172607,5.8889
128,i02.bmp,i02_02_4.bmp,0.8192048072814941,5.2973
129,i02.bmp,i02_02_5.bmp,0.743366539478302,4.3889
130,i02.bmp,i02_03_1.bmp,0.8117936849594116,4.8
131,i02.bmp,i02_03_2.bmp,0.7454577684402466,4.4324
132,i02.bmp,i02_03_3.bmp,0.6784836053848267,3.8378
133,i02.bmp,i02_03_4.bmp,0.6031491756439209,3.5278
134,i02.bmp,i02_03_5.bmp,0.5399513840675354,2.9189
135,i02.bmp,i02_04_1.bmp,0.9809205532073975,6.2857
136,i02.bmp,i02_04_2.bmp,0.9691226482391357,6.1622
137,i02.bmp,i02_04_3.bmp,0.9440380930900574,5.1944
138,i02.bmp,i02_04_4.bmp,0.8994306325912476,4.7429
139,i02.bmp,i02_04_5.bmp,0.8303284049034119,4.2857
140,i02.bmp,i02_05_1.bmp,0.9519578218460083,6.1177
141,i02.bmp,i02_05_2.bmp,0.9219055771827698,6.1111
142,i02.bmp,i02_05_3.bmp,0.8426680564880371,5.4324
143,i02.bmp,i02_05_4.bmp,0.7309713363647461,4.3784
144,i02.bmp,i02_05_5.bmp,0.6063990592956543,3.4167
145,i02.bmp,i02_06_1.bmp,0.9066526889801025,4.5556
146,i02.bmp,i02_06_2.bmp,0.8631001710891724,4.2778
147,i02.bmp,i02_06_3.bmp,0.7956657409667969,3.7297
148,i02.bmp,i02_06_4.bmp,0.7285391688346863,3.4857
149,i02.bmp,i02_06_5.bmp,0.6475606560707092,3.1081
150,i02.bmp,i02_07_1.bmp,0.9042515754699707,5.9143
151,i02.bmp,i02_07_2.bmp,0.8415757417678833,5.5833
152,i02.bmp,i02_07_3.bmp,0.7716012597084045,3.7647
153,i02.bmp,i02_07_4.bmp,0.7173702716827393,3.7568
154,i02.bmp,i02_07_5.bmp,0.6411134600639343,2.8571
155,i02.bmp,i02_08_1.bmp,0.9664578437805176,6.1081
156,i02.bmp,i02_08_2.bmp,0.9200931191444397,5.1667
157,i02.bmp,i02_08_3.bmp,0.819902777671814,4.5429
158,i02.bmp,i02_08_4.bmp,0.6721704602241516,3.8378
159,i02.bmp,i02_08_5.bmp,0.5508820414543152,3.027
160,i02.bmp,i02_09_1.bmp,0.8392162919044495,6.0
161,i02.bmp,i02_09_2.bmp,0.7891433835029602,5.5143
162,i02.bmp,i02_09_3.bmp,0.7279710173606873,4.5278
163,i02.bmp,i02_09_4.bmp,0.621357798576355,3.6486
164,i02.bmp,i02_09_5.bmp,0.5086284279823303,2.4167
165,i02.bmp,i02_10_1.bmp,0.9269660711288452,6.0
166,i02.bmp,i02_10_2.bmp,0.8816103935241699,5.9722
167,i02.bmp,i02_10_3.bmp,0.780040442943573,5.4324
168,i02.bmp,i02_10_4.bmp,0.633394181728363,3.5
169,i02.bmp,i02_10_5.bmp,0.560234546661377,2.7143
170,i02.bmp,i02_11_1.bmp,0.8648262619972229,5.9167
171,i02.bmp,i02_11_2.bmp,0.7255411148071289,4.8056
172,i02.bmp,i02_11_3.bmp,0.5600406527519226,2.973
173,i02.bmp,i02_11_4.bmp,0.48102307319641113,1.9189
174,i02.bmp,i02_11_5.bmp,0.44614601135253906,1.2778
175,i02.bmp,i02_12_1.bmp,0.8839132785797119,5.3056
176,i02.bmp,i02_12_2.bmp,0.8364127278327942,4.4324
177,i02.bmp,i02_12_3.bmp,0.7105353474617004,3.0811
178,i02.bmp,i02_12_4.bmp,0.6386401057243347,2.6757
179,i02.bmp,i02_12_5.bmp,0.5949218273162842,2.3714
180,i02.bmp,i02_13_1.bmp,0.7760438323020935,4.4722
181,i02.bmp,i02_13_2.bmp,0.7865673303604126,4.0
182,i02.bmp,i02_13_3.bmp,0.6615886688232422,3.3889
183,i02.bmp,i02_13_4.bmp,0.5564271807670593,2.8919
184,i02.bmp,i02_13_5.bmp,0.724058210849762,3.6111
185,i02.bmp,i02_14_1.bmp,0.9243068695068359,5.75
186,i02.bmp,i02_14_2.bmp,0.9704425930976868,6.0811
187,i02.bmp,i02_14_3.bmp,0.9184186458587646,5.1143
188,i02.bmp,i02_14_4.bmp,0.8987371325492859,5.3143
189,i02.bmp,i02_14_5.bmp,0.8439786434173584,4.2162
190,i02.bmp,i02_15_1.bmp,0.8269745707511902,3.4
191,i02.bmp,i02_15_2.bmp,0.8362699151039124,3.6216
192,i02.bmp,i02_15_3.bmp,0.8428948521614075,3.8333
193,i02.bmp,i02_15_4.bmp,0.8566665053367615,3.8378
194,i02.bmp,i02_15_5.bmp,0.8954148888587952,4.2
195,i02.bmp,i02_16_1.bmp,0.9904910326004028,5.9459
196,i02.bmp,i02_16_2.bmp,0.9820936918258667,6.0833
197,i02.bmp,i02_16_3.bmp,0.9435662031173706,5.3243
198,i02.bmp,i02_16_4.bmp,0.9360215663909912,5.1389
199,i02.bmp,i02_16_5.bmp,0.8641181588172913,4.5676
200,i02.bmp,i02_17_1.bmp,0.9754184484481812,5.9167
201,i02.bmp,i02_17_2.bmp,0.9445492029190063,5.6857
202,i02.bmp,i02_17_3.bmp,0.9084621667861938,4.8378
203,i02.bmp,i02_17_4.bmp,0.8578313589096069,4.7714
204,i02.bmp,i02_17_5.bmp,0.7397976517677307,3.9167
205,i02.bmp,i02_18_1.bmp,0.9750298261642456,5.9722
206,i02.bmp,i02_18_2.bmp,0.964184045791626,5.5946
207,i02.bmp,i02_18_3.bmp,0.9418433904647827,4.8286
208,i02.bmp,i02_18_4.bmp,0.9029601812362671,4.9189
209,i02.bmp,i02_18_5.bmp,0.8465240001678467,4.5429
210,i02.bmp,i02_19_1.bmp,0.8990126848220825,5.7778
211,i02.bmp,i02_19_2.bmp,0.8487417101860046,5.4324
212,i02.bmp,i02_19_3.bmp,0.787542462348938,4.8333
213,i02.bmp,i02_19_4.bmp,0.7204031944274902,4.2222
214,i02.bmp,i02_19_5.bmp,0.6535555124282837,3.7568
215,i02.bmp,i02_20_1.bmp,0.9335182905197144,6.0541
216,i02.bmp,i02_20_2.bmp,0.8766714334487915,6.1714
217,i02.bmp,i02_20_3.bmp,0.7769049406051636,5.3056
218,i02.bmp,i02_20_4.bmp,0.6931301355361938,4.0
219,i02.bmp,i02_20_5.bmp,0.6407707929611206,2.8056
220,i02.bmp,i02_21_1.bmp,0.8643016815185547,5.973
221,i02.bmp,i02_21_2.bmp,0.7880038022994995,5.2973
222,i02.bmp,i02_21_3.bmp,0.7112306356430054,4.6
223,i02.bmp,i02_21_4.bmp,0.6274819374084473,3.2778
224,i02.bmp,i02_21_5.bmp,0.5434683561325073,2.3611
225,i02.bmp,i02_22_1.bmp,0.9014750719070435,5.5135
226,i02.bmp,i02_22_2.bmp,0.8522584438323975,5.2432
227,i02.bmp,i02_22_3.bmp,0.7772523760795593,4.4857
228,i02.bmp,i02_22_4.bmp,0.7091009616851807,3.8056
229,i02.bmp,i02_22_5.bmp,0.5299345254898071,2.2222
230,i02.bmp,i02_23_1.bmp,0.9376118779182434,6.7778
231,i02.bmp,i02_23_2.bmp,0.8224835991859436,5.5405
232,i02.bmp,i02_23_3.bmp,0.6228634119033813,3.4444
233,i02.bmp,i02_23_4.bmp,0.4947565197944641,2.1622
234,i02.bmp,i02_23_5.bmp,0.4497816562652588,0.81081
235,i02.bmp,i02_24_1.bmp,0.8321467041969299,6.0811
236,i02.bmp,i02_24_2.bmp,0.7042732238769531,4.9167
237,i02.bmp,i02_24_3.bmp,0.5712279081344604,3.0
238,i02.bmp,i02_24_4.bmp,0.4865078032016754,2.1111
239,i02.bmp,i02_24_5.bmp,0.44492805004119873,0.89189
240,i03.bmp,i03_01_1.bmp,0.8372864723205566,5.7692
241,i03.bmp,i03_01_2.bmp,0.7917936444282532,5.1053
242,i03.bmp,i03_01_3.bmp,0.7407312989234924,4.6842
243,i03.bmp,i03_01_4.bmp,0.6824986934661865,4.25
244,i03.bmp,i03_01_5.bmp,0.6254807114601135,3.925
245,i03.bmp,i03_02_1.bmp,0.9016809463500977,6.1842
246,i03.bmp,i03_02_2.bmp,0.8632772564888,6.282
247,i03.bmp,i03_02_3.bmp,0.8155778646469116,5.25
248,i03.bmp,i03_02_4.bmp,0.7621477842330933,5.0
249,i03.bmp,i03_02_5.bmp,0.7017350196838379,4.6
250,i03.bmp,i03_03_1.bmp,0.7486745715141296,4.65
251,i03.bmp,i03_03_2.bmp,0.6953902840614319,4.0769
252,i03.bmp,i03_03_3.bmp,0.6445682644844055,3.85
253,i03.bmp,i03_03_4.bmp,0.5768219232559204,3.282
254,i03.bmp,i03_03_5.bmp,0.517194926738739,2.8947
255,i03.bmp,i03_04_1.bmp,0.9717538952827454,6.3846
256,i03.bmp,i03_04_2.bmp,0.9546420574188232,5.6579
257,i03.bmp,i03_04_3.bmp,0.9244882464408875,5.225
258,i03.bmp,i03_04_4.bmp,0.8662281036376953,4.6
259,i03.bmp,i03_04_5.bmp,0.785489559173584,3.575
260,i03.bmp,i03_05_1.bmp,0.9004090428352356,6.5
261,i03.bmp,i03_05_2.bmp,0.8587043881416321,5.6316
262,i03.bmp,i03_05_3.bmp,0.7783433198928833,5.3
263,i03.bmp,i03_05_4.bmp,0.685731053352356,4.3077
264,i03.bmp,i03_05_5.bmp,0.5811107754707336,3.4737
265,i03.bmp,i03_06_1.bmp,0.8164439797401428,4.8158
266,i03.bmp,i03_06_2.bmp,0.7657607197761536,4.5385
267,i03.bmp,i03_06_3.bmp,0.7235465049743652,4.1
268,i03.bmp,i03_06_4.bmp,0.6687024235725403,3.75
269,i03.bmp,i03_06_5.bmp,0.6086025834083557,3.5
270,i03.bmp,i03_07_1.bmp,0.8209691047668457,4.9744
271,i03.bmp,i03_07_2.bmp,0.7758620977401733,4.1
272,i03.bmp,i03_07_3.bmp,0.7270457148551941,3.8462
273,i03.bmp,i03_07_4.bmp,0.7053261995315552,3.825
274,i03.bmp,i03_07_5.bmp,0.6544777154922485,3.6154
275,i03.bmp,i03_08_1.bmp,0.9655849933624268,6.3421
276,i03.bmp,i03_08_2.bmp,0.9260554909706116,5.6
277,i03.bmp,i03_08_3.bmp,0.8353261947631836,4.4737
278,i03.bmp,i03_08_4.bmp,0.7014238238334656,3.75
279,i03.bmp,i03_08_5.bmp,0.5975402593612671,2.95
280,i03.bmp,i03_09_1.bmp,0.866107702255249,6.65
281,i03.bmp,i03_09_2.bmp,0.8366110324859619,6.2564
282,i03.bmp,i03_09_3.bmp,0.7705015540122986,5.475
283,i03.bmp,i03_09_4.bmp,0.672318160533905,3.7436
284,i03.bmp,i03_09_5.bmp,0.555557370185852,2.4737
285,i03.bmp,i03_10_1.bmp,0.9069008231163025,6.2368
286,i03.bmp,i03_10_2.bmp,0.864569902420044,5.6667
287,i03.bmp,i03_10_3.bmp,0.76365727186203,5.0513
288,i03.bmp,i03_10_4.bmp,0.6434237957000732,3.3
289,i03.bmp,i03_10_5.bmp,0.5721299052238464,2.4872
290,i03.bmp,i03_11_1.bmp,0.8127886056900024,5.3684
291,i03.bmp,i03_11_2.bmp,0.6755797863006592,4.0769
292,i03.bmp,i03_11_3.bmp,0.5803188681602478,2.8462
293,i03.bmp,i03_11_4.bmp,0.5077338218688965,1.8205
294,i03.bmp,i03_11_5.bmp,0.46612048149108887,0.7
295,i03.bmp,i03_12_1.bmp,0.8353155851364136,5.4103
296,i03.bmp,i03_12_2.bmp,0.8004031181335449,4.0789
297,i03.bmp,i03_12_3.bmp,0.7238483428955078,2.8421
298,i03.bmp,i03_12_4.bmp,0.6937382221221924,3.1
299,i03.bmp,i03_12_5.bmp,0.6072798371315002,2.4
300,i03.bmp,i03_13_1.bmp,0.8187639713287354,5.1282
301,i03.bmp,i03_13_2.bmp,0.6796693801879883,3.641
302,i03.bmp,i03_13_3.bmp,0.6484547853469849,3.925
303,i03.bmp,i03_13_4.bmp,0.5701703429222107,2.925
304,i03.bmp,i03_13_5.bmp,0.5137418508529663,2.4211
305,i03.bmp,i03_14_1.bmp,0.9113273620605469,5.0769
306,i03.bmp,i03_14_2.bmp,0.9685778021812439,6.0
307,i03.bmp,i03_14_3.bmp,0.9460272192955017,4.85
308,i03.bmp,i03_14_4.bmp,0.8902514576911926,4.4615
309,i03.bmp,i03_14_5.bmp,0.8401973247528076,3.5
310,i03.bmp,i03_15_1.bmp,0.8132131695747375,3.725
311,i03.bmp,i03_15_2.bmp,0.8312785625457764,4.05
312,i03.bmp,i03_15_3.bmp,0.8505250215530396,4.025
313,i03.bmp,i03_15_4.bmp,0.876502275466919,4.282
314,i03.bmp,i03_15_5.bmp,0.9183154106140137,4.7949
315,i03.bmp,i03_16_1.bmp,0.9896512627601624,6.8205
316,i03.bmp,i03_16_2.bmp,0.9789959192276001,6.525
317,i03.bmp,i03_16_3.bmp,0.9520232677459717,5.975
318,i03.bmp,i03_16_4.bmp,0.9242718815803528,6.075
319,i03.bmp,i03_16_5.bmp,0.8966333270072937,5.0256
320,i03.bmp,i03_17_1.bmp,0.9722412824630737,6.282
321,i03.bmp,i03_17_2.bmp,0.94023197889328,6.75
322,i03.bmp,i03_17_3.bmp,0.9046879410743713,5.2
323,i03.bmp,i03_17_4.bmp,0.8778936266899109,6.575
324,i03.bmp,i03_17_5.bmp,0.7545298337936401,3.7949
325,i03.bmp,i03_18_1.bmp,0.9588860869407654,5.7692
326,i03.bmp,i03_18_2.bmp,0.9436566233634949,5.718
327,i03.bmp,i03_18_3.bmp,0.9133710861206055,5.5641
328,i03.bmp,i03_18_4.bmp,0.8671659231185913,5.0
329,i03.bmp,i03_18_5.bmp,0.7936547994613647,4.6579
330,i03.bmp,i03_19_1.bmp,0.8352821469306946,5.5128
331,i03.bmp,i03_19_2.bmp,0.7771317958831787,5.0256
332,i03.bmp,i03_19_3.bmp,0.7241477966308594,4.7
333,i03.bmp,i03_19_4.bmp,0.6687065362930298,4.3077
334,i03.bmp,i03_19_5.bmp,0.6081700325012207,3.6923
335,i03.bmp,i03_20_1.bmp,0.8758364915847778,5.8421
336,i03.bmp,i03_20_2.bmp,0.7998946905136108,5.4615
337,i03.bmp,i03_20_3.bmp,0.7221965789794922,4.1579
338,i03.bmp,i03_20_4.bmp,0.6504984498023987,3.1795
339,i03.bmp,i03_20_5.bmp,0.5984760522842407,2.825
340,i03.bmp,i03_21_1.bmp,0.8003889322280884,5.2368
341,i03.bmp,i03_21_2.bmp,0.73745197057724,4.4359
342,i03.bmp,i03_21_3.bmp,0.6754546761512756,3.8974
343,i03.bmp,i03_21_4.bmp,0.6117434501647949,3.1795
344,i03.bmp,i03_21_5.bmp,0.5269558429718018,2.1
345,i03.bmp,i03_22_1.bmp,0.9041280746459961,5.9744
346,i03.bmp,i03_22_2.bmp,0.857373833656311,5.359
347,i03.bmp,i03_22_3.bmp,0.8050812482833862,5.2308
348,i03.bmp,i03_22_4.bmp,0.7277644276618958,4.359
349,i03.bmp,i03_22_5.bmp,0.6632698178291321,3.9211
350,i03.bmp,i03_23_1.bmp,0.9379385113716125,6.718
351,i03.bmp,i03_23_2.bmp,0.8457946181297302,5.8461
352,i03.bmp,i03_23_3.bmp,0.6374052166938782,3.9
353,i03.bmp,i03_23_4.bmp,0.5400059223175049,2.6579
354,i03.bmp,i03_23_5.bmp,0.49344953894615173,1.975
355,i03.bmp,i03_24_1.bmp,0.7880284786224365,5.7436
356,i03.bmp,i03_24_2.bmp,0.6803684234619141,4.2051
357,i03.bmp,i03_24_3.bmp,0.5750454664230347,2.825
358,i03.bmp,i03_24_4.bmp,0.5099589228630066,1.8158
359,i03.bmp,i03_24_5.bmp,0.47576627135276794,0.42105
360,i04.bmp,i04_01_1.bmp,0.8899953365325928,5.7619
361,i04.bmp,i04_01_2.bmp,0.8320879936218262,5.4762
362,i04.bmp,i04_01_3.bmp,0.7737753391265869,4.9286
363,i04.bmp,i04_01_4.bmp,0.6947476863861084,4.2683
364,i04.bmp,i04_01_5.bmp,0.6162197589874268,4.0
365,i04.bmp,i04_02_1.bmp,0.9276686906814575,6.275
366,i04.bmp,i04_02_2.bmp,0.8961934447288513,6.1539
367,i04.bmp,i04_02_3.bmp,0.8412657380104065,5.6829
368,i04.bmp,i04_02_4.bmp,0.7878156304359436,5.3095
369,i04.bmp,i04_02_5.bmp,0.7104584574699402,4.5366
370,i04.bmp,i04_03_1.bmp,0.7837580442428589,4.7805
371,i04.bmp,i04_03_2.bmp,0.7211238741874695,4.2143
372,i04.bmp,i04_03_3.bmp,0.6389032602310181,3.9
373,i04.bmp,i04_03_4.bmp,0.563584566116333,3.425
374,i04.bmp,i04_03_5.bmp,0.49509477615356445,3.0238
375,i04.bmp,i04_04_1.bmp,0.9766920804977417,6.125
376,i04.bmp,i04_04_2.bmp,0.9671450257301331,6.2683
377,i04.bmp,i04_04_3.bmp,0.9480142593383789,6.15
378,i04.bmp,i04_04_4.bmp,0.9066351056098938,5.4762
379,i04.bmp,i04_04_5.bmp,0.8326531648635864,4.8095
380,i04.bmp,i04_05_1.bmp,0.9348324537277222,6.3095
381,i04.bmp,i04_05_2.bmp,0.8989853262901306,5.9024
382,i04.bmp,i04_05_3.bmp,0.8124809265136719,5.325
383,i04.bmp,i04_05_4.bmp,0.6900326013565063,4.4762
384,i04.bmp,i04_05_5.bmp,0.5598427653312683,3.7073
385,i04.bmp,i04_06_1.bmp,0.8518903255462646,5.0238
386,i04.bmp,i04_06_2.bmp,0.793084979057312,4.561
387,i04.bmp,i04_06_3.bmp,0.7232553362846375,4.2619
388,i04.bmp,i04_06_4.bmp,0.6670467257499695,4.1951
389,i04.bmp,i04_06_5.bmp,0.5971918702125549,3.45
390,i04.bmp,i04_07_1.bmp,0.808549165725708,4.6905
391,i04.bmp,i04_07_2.bmp,0.7568418979644775,4.075
392,i04.bmp,i04_07_3.bmp,0.6861892342567444,3.5238
393,i04.bmp,i04_07_4.bmp,0.6278018355369568,3.1429
394,i04.bmp,i04_07_5.bmp,0.5775691866874695,2.9524
395,i04.bmp,i04_08_1.bmp,0.9655903577804565,6.3095
396,i04.bmp,i04_08_2.bmp,0.9305061101913452,5.9268
397,i04.bmp,i04_08_3.bmp,0.8487321734428406,5.381
398,i04.bmp,i04_08_4.bmp,0.7206444144248962,4.375
399,i04.bmp,i04_08_5.bmp,0.5820672512054443,3.6667
400,i04.bmp,i04_09_1.bmp,0.8361960053443909,6.381
401,i04.bmp,i04_09_2.bmp,0.7893614768981934,5.8049
402,i04.bmp,i04_09_3.bmp,0.7185521721839905,5.0488
403,i04.bmp,i04_09_4.bmp,0.6215570569038391,3.7805
404,i04.bmp,i04_09_5.bmp,0.5215875506401062,2.5
405,i04.bmp,i04_10_1.bmp,0.919905960559845,6.0714
406,i04.bmp,i04_10_2.bmp,0.8744323253631592,5.9756
407,i04.bmp,i04_10_3.bmp,0.7620362043380737,5.0714
408,i04.bmp,i04_10_4.bmp,0.5971957445144653,3.2619
409,i04.bmp,i04_10_5.bmp,0.512237012386322,2.1905
410,i04.bmp,i04_11_1.bmp,0.7501938939094543,5.3
411,i04.bmp,i04_11_2.bmp,0.618412971496582,4.0
412,i04.bmp,i04_11_3.bmp,0.528265118598938,2.9024
413,i04.bmp,i04_11_4.bmp,0.47484803199768066,2.0
414,i04.bmp,i04_11_5.bmp,0.4452703893184662,0.88095
415,i04.bmp,i04_12_1.bmp,0.9045023918151855,6.05
416,i04.bmp,i04_12_2.bmp,0.8014907836914062,4.6429
417,i04.bmp,i04_12_3.bmp,0.7034027576446533,3.9286
418,i04.bmp,i04_12_4.bmp,0.6399182677268982,2.9048
419,i04.bmp,i04_12_5.bmp,0.5731749534606934,2.6585
420,i04.bmp,i04_13_1.bmp,0.7805874347686768,4.6667
421,i04.bmp,i04_13_2.bmp,0.6639519929885864,3.8462
422,i04.bmp,i04_13_3.bmp,0.6122615337371826,3.3571
423,i04.bmp,i04_13_4.bmp,0.6060889959335327,3.4634
424,i04.bmp,i04_13_5.bmp,0.4965262711048126,2.3809
425,i04.bmp,i04_14_1.bmp,0.884324848651886,5.0714
426,i04.bmp,i04_14_2.bmp,0.9807068109512329,6.4048
427,i04.bmp,i04_14_3.bmp,0.9416465759277344,6.0
428,i04.bmp,i04_14_4.bmp,0.9275373816490173,4.4048
429,i04.bmp,i04_14_5.bmp,0.8614220023155212,3.6098
430,i04.bmp,i04_15_1.bmp,0.8526642322540283,3.3809
431,i04.bmp,i04_15_2.bmp,0.8613986968994141,3.4048
432,i04.bmp,i04_15_3.bmp,0.8714027404785156,3.5
433,i04.bmp,i04_15_4.bmp,0.8892043828964233,3.7561
434,i04.bmp,i04_15_5.bmp,0.9166895151138306,4.0513
435,i04.bmp,i04_16_1.bmp,0.9929620027542114,6.2857
436,i04.bmp,i04_16_2.bmp,0.9876276254653931,6.6429
437,i04.bmp,i04_16_3.bmp,0.9556387066841125,6.0952
438,i04.bmp,i04_16_4.bmp,0.9512394666671753,5.6667
439,i04.bmp,i04_16_5.bmp,0.879129946231842,5.1539
440,i04.bmp,i04_17_1.bmp,0.9780738353729248,6.0
441,i04.bmp,i04_17_2.bmp,0.9563817977905273,6.6667
442,i04.bmp,i04_17_3.bmp,0.9282416701316833,4.7805
443,i04.bmp,i04_17_4.bmp,0.8854023218154907,7.2143
444,i04.bmp,i04_17_5.bmp,0.779829204082489,3.925
445,i04.bmp,i04_18_1.bmp,0.9569451808929443,5.4146
446,i04.bmp,i04_18_2.bmp,0.9322673082351685,5.0244
447,i04.bmp,i04_18_3.bmp,0.8925952315330505,4.6667
448,i04.bmp,i04_18_4.bmp,0.8265053033828735,4.2381
449,i04.bmp,i04_18_5.bmp,0.7172607183456421,3.9268
450,i04.bmp,i04_19_1.bmp,0.8829332590103149,5.4524
451,i04.bmp,i04_19_2.bmp,0.8297853469848633,5.3571
452,i04.bmp,i04_19_3.bmp,0.7636814117431641,4.9024
453,i04.bmp,i04_19_4.bmp,0.6945955753326416,4.425
454,i04.bmp,i04_19_5.bmp,0.6182654500007629,4.1667
455,i04.bmp,i04_20_1.bmp,0.9053410291671753,6.4524
456,i04.bmp,i04_20_2.bmp,0.8042134642601013,5.225
457,i04.bmp,i04_20_3.bmp,0.7001532912254333,4.1905
458,i04.bmp,i04_20_4.bmp,0.6386400461196899,3.1191
459,i04.bmp,i04_20_5.bmp,0.6093434691429138,2.4146
460,i04.bmp,i04_21_1.bmp,0.8194783926010132,5.1463
461,i04.bmp,i04_21_2.bmp,0.744905948638916,4.7317
462,i04.bmp,i04_21_3.bmp,0.6636629104614258,3.8095
463,i04.bmp,i04_21_4.bmp,0.5852320790290833,3.2195
464,i04.bmp,i04_21_5.bmp,0.5137494206428528,2.0
465,i04.bmp,i04_22_1.bmp,0.9169859886169434,6.0244
466,i04.bmp,i04_22_2.bmp,0.8715654611587524,5.7857
467,i04.bmp,i04_22_3.bmp,0.8032174110412598,4.4286
468,i04.bmp,i04_22_4.bmp,0.7236685752868652,4.122
469,i04.bmp,i04_22_5.bmp,0.5547707080841064,2.9048
470,i04.bmp,i04_23_1.bmp,0.8865836262702942,6.425
471,i04.bmp,i04_23_2.bmp,0.7319952845573425,5.4048
472,i04.bmp,i04_23_3.bmp,0.571350634098053,3.878
473,i04.bmp,i04_23_4.bmp,0.5069959163665771,2.9512
474,i04.bmp,i04_23_5.bmp,0.43042945861816406,1.4762
475,i04.bmp,i04_24_1.bmp,0.7524928450584412,5.5476
476,i04.bmp,i04_24_2.bmp,0.6036269664764404,3.7619
477,i04.bmp,i04_24_3.bmp,0.526849627494812,2.5854
478,i04.bmp,i04_24_4.bmp,0.4782649874687195,1.9048
479,i04.bmp,i04_24_5.bmp,0.4239308834075928,0.58537
480,i05.bmp,i05_01_1.bmp,0.9624396562576294,5.525
481,i05.bmp,i05_01_2.bmp,0.9330167770385742,5.5
482,i05.bmp,i05_01_3.bmp,0.8916550874710083,4.8461
483,i05.bmp,i05_01_4.bmp,0.8307187557220459,4.0513
484,i05.bmp,i05_01_5.bmp,0.7620494365692139,3.561
485,i05.bmp,i05_02_1.bmp,0.9775484204292297,5.8293
486,i05.bmp,i05_02_2.bmp,0.9633665680885315,5.6829
487,i05.bmp,i05_02_3.bmp,0.9371641278266907,5.325
488,i05.bmp,i05_02_4.bmp,0.9007960557937622,5.0976
489,i05.bmp,i05_02_5.bmp,0.8344748616218567,4.2564
490,i05.bmp,i05_03_1.bmp,0.90800541639328,5.0976
491,i05.bmp,i05_03_2.bmp,0.853097677230835,4.4878
492,i05.bmp,i05_03_3.bmp,0.7881973385810852,3.675
493,i05.bmp,i05_03_4.bmp,0.7127578258514404,3.0732
494,i05.bmp,i05_03_5.bmp,0.6354467272758484,2.375
495,i05.bmp,i05_04_1.bmp,0.9919685125350952,5.6341
496,i05.bmp,i05_04_2.bmp,0.9882348775863647,5.75
497,i05.bmp,i05_04_3.bmp,0.980688214302063,5.575
498,i05.bmp,i05_04_4.bmp,0.9641333818435669,4.9268
499,i05.bmp,i05_04_5.bmp,0.9282417893409729,4.4
500,i05.bmp,i05_05_1.bmp,0.9807417392730713,5.625
501,i05.bmp,i05_05_2.bmp,0.9669735431671143,5.3902
502,i05.bmp,i05_05_3.bmp,0.9146152138710022,4.7
503,i05.bmp,i05_05_4.bmp,0.8152592182159424,3.8158
504,i05.bmp,i05_05_5.bmp,0.6931354403495789,2.9231
505,i05.bmp,i05_06_1.bmp,0.9631310105323792,4.375
506,i05.bmp,i05_06_2.bmp,0.9345307946205139,3.9231
507,i05.bmp,i05_06_3.bmp,0.8800300359725952,3.5
508,i05.bmp,i05_06_4.bmp,0.8207191228866577,3.3171
509,i05.bmp,i05_06_5.bmp,0.7306631207466125,2.5128
510,i05.bmp,i05_07_1.bmp,0.9565781950950623,5.275
511,i05.bmp,i05_07_2.bmp,0.9224144220352173,5.2683
512,i05.bmp,i05_07_3.bmp,0.8751766085624695,4.5385
513,i05.bmp,i05_07_4.bmp,0.8187413811683655,4.0513
514,i05.bmp,i05_07_5.bmp,0.7657790780067444,3.1463
515,i05.bmp,i05_08_1.bmp,0.965846061706543,5.4
516,i05.bmp,i05_08_2.bmp,0.9122815132141113,4.6667
517,i05.bmp,i05_08_3.bmp,0.7849485278129578,3.6585
518,i05.bmp,i05_08_4.bmp,0.6091868877410889,2.7805
519,i05.bmp,i05_08_5.bmp,0.47319626808166504,1.25
520,i05.bmp,i05_09_1.bmp,0.955570638179779,5.825
521,i05.bmp,i05_09_2.bmp,0.9247236251831055,5.825
522,i05.bmp,i05_09_3.bmp,0.8493078947067261,5.325
523,i05.bmp,i05_09_4.bmp,0.6894403696060181,3.5
524,i05.bmp,i05_09_5.bmp,0.4998509883880615,1.3659
525,i05.bmp,i05_10_1.bmp,0.9578416347503662,5.7317
526,i05.bmp,i05_10_2.bmp,0.9290426969528198,5.1539
527,i05.bmp,i05_10_3.bmp,0.8401911854743958,4.7073
528,i05.bmp,i05_10_4.bmp,0.6999677419662476,3.439
529,i05.bmp,i05_10_5.bmp,0.60917729139328,1.878
530,i05.bmp,i05_11_1.bmp,0.9700506925582886,5.7561
531,i05.bmp,i05_11_2.bmp,0.9308552145957947,5.4
532,i05.bmp,i05_11_3.bmp,0.8650310039520264,4.5
533,i05.bmp,i05_11_4.bmp,0.7525432109832764,3.6667
534,i05.bmp,i05_11_5.bmp,0.5885619521141052,2.25
535,i05.bmp,i05_12_1.bmp,0.9846118688583374,5.6829
536,i05.bmp,i05_12_2.bmp,0.9888021945953369,5.775
537,i05.bmp,i05_12_3.bmp,0.9443156719207764,5.35
538,i05.bmp,i05_12_4.bmp,0.8648501038551331,3.8
539,i05.bmp,i05_12_5.bmp,0.7255006432533264,2.725
540,i05.bmp,i05_13_1.bmp,0.9202767014503479,5.4634
541,i05.bmp,i05_13_2.bmp,0.9079064130783081,4.9024
542,i05.bmp,i05_13_3.bmp,0.8053784370422363,3.475
543,i05.bmp,i05_13_4.bmp,0.7304326295852661,2.9756
544,i05.bmp,i05_13_5.bmp,0.615543782711029,1.9737
545,i05.bmp,i05_14_1.bmp,0.9774102568626404,5.9268
546,i05.bmp,i05_14_2.bmp,0.9724850654602051,5.5366
547,i05.bmp,i05_14_3.bmp,0.9404261112213135,5.6098
548,i05.bmp,i05_14_4.bmp,0.9109887480735779,5.225
549,i05.bmp,i05_14_5.bmp,0.8552712202072144,4.3171
550,i05.bmp,i05_15_1.bmp,0.88700270652771,3.05
551,i05.bmp,i05_15_2.bmp,0.9024641513824463,3.1
552,i05.bmp,i05_15_3.bmp,0.9307811856269836,3.3171
553,i05.bmp,i05_15_4.bmp,0.9570885300636292,3.9
554,i05.bmp,i05_15_5.bmp,0.9816712141036987,3.8462
555,i05.bmp,i05_16_1.bmp,0.9924362897872925,6.15
556,i05.bmp,i05_16_2.bmp,0.9863081574440002,5.95
557,i05.bmp,i05_16_3.bmp,0.958971381187439,5.5854
558,i05.bmp,i05_16_4.bmp,0.9467421174049377,5.0976
559,i05.bmp,i05_16_5.bmp,0.8921142816543579,4.25
560,i05.bmp,i05_17_1.bmp,0.9822540283203125,5.3
561,i05.bmp,i05_17_2.bmp,0.9604702591896057,6.8293
562,i05.bmp,i05_17_3.bmp,0.9237364530563354,4.025
563,i05.bmp,i05_17_4.bmp,0.8960314393043518,6.561
564,i05.bmp,i05_17_5.bmp,0.7616563439369202,2.8
565,i05.bmp,i05_18_1.bmp,0.9603497982025146,4.775
566,i05.bmp,i05_18_2.bmp,0.9320442080497742,4.2051
567,i05.bmp,i05_18_3.bmp,0.8849496841430664,3.7436
568,i05.bmp,i05_18_4.bmp,0.8086737394332886,3.5385
569,i05.bmp,i05_18_5.bmp,0.7246994972229004,3.15
570,i05.bmp,i05_19_1.bmp,0.9622205495834351,5.175
571,i05.bmp,i05_19_2.bmp,0.9331412315368652,4.8049
572,i05.bmp,i05_19_3.bmp,0.8882445096969604,4.225
573,i05.bmp,i05_19_4.bmp,0.8348684906959534,3.65
574,i05.bmp,i05_19_5.bmp,0.763659656047821,3.3659
575,i05.bmp,i05_20_1.bmp,0.9765970706939697,5.6829
576,i05.bmp,i05_20_2.bmp,0.9558505415916443,5.561
577,i05.bmp,i05_20_3.bmp,0.9126631021499634,5.0244
578,i05.bmp,i05_20_4.bmp,0.8339013457298279,4.475
579,i05.bmp,i05_20_5.bmp,0.7349992990493774,3.282
580,i05.bmp,i05_21_1.bmp,0.9373118877410889,5.6
581,i05.bmp,i05_21_2.bmp,0.8876522779464722,4.925
582,i05.bmp,i05_21_3.bmp,0.8265676498413086,4.3659
583,i05.bmp,i05_21_4.bmp,0.7342679500579834,3.35
584,i05.bmp,i05_21_5.bmp,0.6352686285972595,2.475
585,i05.bmp,i05_22_1.bmp,0.9770574569702148,5.275
586,i05.bmp,i05_22_2.bmp,0.9585282206535339,5.25
587,i05.bmp,i05_22_3.bmp,0.9315510392189026,4.7561
588,i05.bmp,i05_22_4.bmp,0.8545747995376587,4.1
589,i05.bmp,i05_22_5.bmp,0.7779437899589539,3.1707
590,i05.bmp,i05_23_1.bmp,0.9668852686882019,5.7317
591,i05.bmp,i05_23_2.bmp,0.9283368587493896,5.575
592,i05.bmp,i05_23_3.bmp,0.8896055817604065,5.6341
593,i05.bmp,i05_23_4.bmp,0.8524128198623657,5.7561
594,i05.bmp,i05_23_5.bmp,0.7658305764198303,5.439
595,i05.bmp,i05_24_1.bmp,0.9542700052261353,5.525
596,i05.bmp,i05_24_2.bmp,0.9120326638221741,5.6098
597,i05.bmp,i05_24_3.bmp,0.8332358598709106,5.2
598,i05.bmp,i05_24_4.bmp,0.7185521125793457,3.9512
599,i05.bmp,i05_24_5.bmp,0.5823974013328552,2.6098
600,i06.bmp,i06_01_1.bmp,0.9435998797416687,5.7568
601,i06.bmp,i06_01_2.bmp,0.9098639488220215,5.1667
602,i06.bmp,i06_01_3.bmp,0.8638915419578552,5.027
603,i06.bmp,i06_01_4.bmp,0.7978026270866394,4.3143
604,i06.bmp,i06_01_5.bmp,0.7248680591583252,3.6111
605,i06.bmp,i06_02_1.bmp,0.9621932506561279,6.1622
606,i06.bmp,i06_02_2.bmp,0.939326286315918,5.7838
607,i06.bmp,i06_02_3.bmp,0.9126458764076233,5.4595
608,i06.bmp,i06_02_4.bmp,0.8582543134689331,4.8333
609,i06.bmp,i06_02_5.bmp,0.7946985960006714,4.3889
610,i06.bmp,i06_03_1.bmp,0.8707013726234436,4.5833
611,i06.bmp,i06_03_2.bmp,0.8095422387123108,4.0571
612,i06.bmp,i06_03_3.bmp,0.7335254549980164,3.4722
613,i06.bmp,i06_03_4.bmp,0.6583282351493835,2.9459
614,i06.bmp,i06_03_5.bmp,0.5690889358520508,2.5
615,i06.bmp,i06_04_1.bmp,0.9880440831184387,5.8333
616,i06.bmp,i06_04_2.bmp,0.98304283618927,5.8611
617,i06.bmp,i06_04_3.bmp,0.9735377430915833,5.6944
618,i06.bmp,i06_04_4.bmp,0.9537457227706909,5.0811
619,i06.bmp,i06_04_5.bmp,0.9218327403068542,4.5833
620,i06.bmp,i06_05_1.bmp,0.9697120785713196,5.9189
621,i06.bmp,i06_05_2.bmp,0.9529199004173279,5.7143
622,i06.bmp,i06_05_3.bmp,0.8974812626838684,4.973
623,i06.bmp,i06_05_4.bmp,0.7987061738967896,4.0286
624,i06.bmp,i06_05_5.bmp,0.6642052531242371,2.9459
625,i06.bmp,i06_06_1.bmp,0.9376673698425293,4.6111
626,i06.bmp,i06_06_2.bmp,0.9025591611862183,4.3889
627,i06.bmp,i06_06_3.bmp,0.8481944799423218,3.7778
628,i06.bmp,i06_06_4.bmp,0.7848994731903076,3.5278
629,i06.bmp,i06_06_5.bmp,0.7018823623657227,3.0541
630,i06.bmp,i06_07_1.bmp,0.9381105899810791,5.3243
631,i06.bmp,i06_07_2.bmp,0.8953346014022827,5.1143
632,i06.bmp,i06_07_3.bmp,0.8614248037338257,4.4054
633,i06.bmp,i06_07_4.bmp,0.7756067514419556,3.1429
634,i06.bmp,i06_07_5.bmp,0.7163556814193726,2.6857
635,i06.bmp,i06_08_1.bmp,0.9649891257286072,5.1892
636,i06.bmp,i06_08_2.bmp,0.9115695953369141,4.5833
637,i06.bmp,i06_08_3.bmp,0.7866145968437195,3.4857
638,i06.bmp,i06_08_4.bmp,0.6114119291305542,2.7027
639,i06.bmp,i06_08_5.bmp,0.48713868856430054,2.0541
640,i06.bmp,i06_09_1.bmp,0.9167304635047913,6.0541
641,i06.bmp,i06_09_2.bmp,0.873500406742096,5.8649
642,i06.bmp,i06_09_3.bmp,0.7791295051574707,4.8649
643,i06.bmp,i06_09_4.bmp,0.6275582313537598,3.0
644,i06.bmp,i06_09_5.bmp,0.4707203507423401,1.6571
645,i06.bmp,i06_10_1.bmp,0.9476926326751709,5.8378
646,i06.bmp,i06_10_2.bmp,0.9087321758270264,5.6286
647,i06.bmp,i06_10_3.bmp,0.820064127445221,5.4286
648,i06.bmp,i06_10_4.bmp,0.6802345514297485,3.1622
649,i06.bmp,i06_10_5.bmp,0.563759446144104,1.7778
650,i06.bmp,i06_11_1.bmp,0.9429129362106323,5.5405
651,i06.bmp,i06_11_2.bmp,0.8895794153213501,5.1944
652,i06.bmp,i06_11_3.bmp,0.8115196228027344,4.5
653,i06.bmp,i06_11_4.bmp,0.6379374861717224,3.0811
654,i06.bmp,i06_11_5.bmp,0.4394070506095886,0.75676
655,i06.bmp,i06_12_1.bmp,0.956311821937561,5.8611
656,i06.bmp,i06_12_2.bmp,0.9126624464988708,4.75
657,i06.bmp,i06_12_3.bmp,0.8691451549530029,4.3514
658,i06.bmp,i06_12_4.bmp,0.8060764670372009,3.6286
659,i06.bmp,i06_12_5.bmp,0.8045418858528137,3.8378
660,i06.bmp,i06_13_1.bmp,0.9152745604515076,4.6757
661,i06.bmp,i06_13_2.bmp,0.9228078722953796,4.8286
662,i06.bmp,i06_13_3.bmp,0.8233656883239746,4.1714
663,i06.bmp,i06_13_4.bmp,0.7039958834648132,3.1944
664,i06.bmp,i06_13_5.bmp,0.6358758211135864,2.7027
665,i06.bmp,i06_14_1.bmp,0.9798482060432434,6.0
666,i06.bmp,i06_14_2.bmp,0.974786639213562,6.0
667,i06.bmp,i06_14_3.bmp,0.9342274069786072,4.7714
668,i06.bmp,i06_14_4.bmp,0.9102396965026855,4.3333
669,i06.bmp,i06_14_5.bmp,0.8579367399215698,4.3056
670,i06.bmp,i06_15_1.bmp,0.9016269445419312,3.6216
671,i06.bmp,i06_15_2.bmp,0.9061161875724792,3.3243
672,i06.bmp,i06_15_3.bmp,0.9373176097869873,3.75
673,i06.bmp,i06_15_4.bmp,0.9546892046928406,4.4054
674,i06.bmp,i06_15_5.bmp,0.9594743847846985,4.8333
675,i06.bmp,i06_16_1.bmp,0.9938721060752869,5.5676
676,i06.bmp,i06_16_2.bmp,0.9867002367973328,6.25
677,i06.bmp,i06_16_3.bmp,0.9673601984977722,5.0833
678,i06.bmp,i06_16_4.bmp,0.9485684633255005,5.8378
679,i06.bmp,i06_16_5.bmp,0.9063986539840698,4.1389
680,i06.bmp,i06_17_1.bmp,0.9800599217414856,5.5556
681,i06.bmp,i06_17_2.bmp,0.9507160782814026,6.0811
682,i06.bmp,i06_17_3.bmp,0.9242900609970093,4.0556
683,i06.bmp,i06_17_4.bmp,0.8745196461677551,5.8378
684,i06.bmp,i06_17_5.bmp,0.7786091566085815,3.3784
685,i06.bmp,i06_18_1.bmp,0.9581186771392822,5.2
686,i06.bmp,i06_18_2.bmp,0.9296243786811829,4.3611
687,i06.bmp,i06_18_3.bmp,0.8822610974311829,3.8889
688,i06.bmp,i06_18_4.bmp,0.7950551509857178,3.7297
689,i06.bmp,i06_18_5.bmp,0.7176843881607056,3.7838
690,i06.bmp,i06_19_1.bmp,0.9489365816116333,5.3333
691,i06.bmp,i06_19_2.bmp,0.9255675673484802,5.2703
692,i06.bmp,i06_19_3.bmp,0.8917949199676514,4.9459
693,i06.bmp,i06_19_4.bmp,0.8256877660751343,4.1944
694,i06.bmp,i06_19_5.bmp,0.7589147090911865,3.5946
695,i06.bmp,i06_20_1.bmp,0.9688044786453247,5.6111
696,i06.bmp,i06_20_2.bmp,0.9488295316696167,5.2778
697,i06.bmp,i06_20_3.bmp,0.9066528677940369,5.5946
698,i06.bmp,i06_20_4.bmp,0.8216360807418823,4.9459
699,i06.bmp,i06_20_5.bmp,0.7105763554573059,3.973
700,i06.bmp,i06_21_1.bmp,0.9237798452377319,5.7027
701,i06.bmp,i06_21_2.bmp,0.8708738088607788,5.1111
702,i06.bmp,i06_21_3.bmp,0.800491452217102,4.7143
703,i06.bmp,i06_21_4.bmp,0.7234737873077393,3.6389
704,i06.bmp,i06_21_5.bmp,0.6275201439857483,2.8056
705,i06.bmp,i06_22_1.bmp,0.9469952583312988,5.6389
706,i06.bmp,i06_22_2.bmp,0.9032369256019592,5.2778
707,i06.bmp,i06_22_3.bmp,0.8216475248336792,4.1622
708,i06.bmp,i06_22_4.bmp,0.7656704187393188,3.5676
709,i06.bmp,i06_22_5.bmp,0.6579979658126831,2.973
710,i06.bmp,i06_23_1.bmp,0.9519245028495789,5.9143
711,i06.bmp,i06_23_2.bmp,0.8919755220413208,5.8056
712,i06.bmp,i06_23_3.bmp,0.8008058071136475,5.6757
713,i06.bmp,i06_23_4.bmp,0.7188398838043213,5.3243
714,i06.bmp,i06_23_5.bmp,0.48414134979248047,2.3429
715,i06.bmp,i06_24_1.bmp,0.9156403541564941,5.8378
716,i06.bmp,i06_24_2.bmp,0.8622796535491943,5.8
717,i06.bmp,i06_24_3.bmp,0.761768102645874,4.8108
718,i06.bmp,i06_24_4.bmp,0.6206218004226685,3.2162
719,i06.bmp,i06_24_5.bmp,0.4473528563976288,0.88889
720,i07.bmp,i07_01_1.bmp,0.9105455279350281,5.6818
721,i07.bmp,i07_01_2.bmp,0.8710622191429138,5.0909
722,i07.bmp,i07_01_3.bmp,0.816451907157898,4.8
723,i07.bmp,i07_01_4.bmp,0.7532690763473511,4.4546
724,i07.bmp,i07_01_5.bmp,0.6846298575401306,3.9762
725,i07.bmp,i07_02_1.bmp,0.9495906233787537,6.0444
726,i07.bmp,i07_02_2.bmp,0.9194709658622742,5.8636
727,i07.bmp,i07_02_3.bmp,0.8827778100967407,5.5581
728,i07.bmp,i07_02_4.bmp,0.8379942178726196,5.2326
729,i07.bmp,i07_02_5.bmp,0.7707536220550537,4.7556
730,i07.bmp,i07_03_1.bmp,0.8409831523895264,4.9333
731,i07.bmp,i07_03_2.bmp,0.7817751169204712,4.2273
732,i07.bmp,i07_03_3.bmp,0.707196056842804,3.7333
733,i07.bmp,i07_03_4.bmp,0.6305769085884094,3.3111
734,i07.bmp,i07_03_5.bmp,0.5512179136276245,2.7333
735,i07.bmp,i07_04_1.bmp,0.982536792755127,5.8667
736,i07.bmp,i07_04_2.bmp,0.9726780652999878,6.0
737,i07.bmp,i07_04_3.bmp,0.9536436796188354,5.4222
738,i07.bmp,i07_04_4.bmp,0.9143974781036377,4.9512
739,i07.bmp,i07_04_5.bmp,0.8532528877258301,4.2093
740,i07.bmp,i07_05_1.bmp,0.9491305351257324,6.0444
741,i07.bmp,i07_05_2.bmp,0.9195215106010437,5.8
742,i07.bmp,i07_05_3.bmp,0.8473860025405884,5.1591
743,i07.bmp,i07_05_4.bmp,0.742317795753479,4.2791
744,i07.bmp,i07_05_5.bmp,0.6210938096046448,3.3182
745,i07.bmp,i07_06_1.bmp,0.9113964438438416,4.8333
746,i07.bmp,i07_06_2.bmp,0.8676879405975342,4.6136
747,i07.bmp,i07_06_3.bmp,0.8223045468330383,4.1591
748,i07.bmp,i07_06_4.bmp,0.7635093927383423,3.75
749,i07.bmp,i07_06_5.bmp,0.6900720000267029,3.3182
750,i07.bmp,i07_07_1.bmp,0.8948109149932861,5.5814
751,i07.bmp,i07_07_2.bmp,0.8653559684753418,5.1905
752,i07.bmp,i07_07_3.bmp,0.798263430595398,4.3182
753,i07.bmp,i07_07_4.bmp,0.7259472608566284,3.6222
754,i07.bmp,i07_07_5.bmp,0.677933931350708,2.8372
755,i07.bmp,i07_08_1.bmp,0.9671289920806885,5.8636
756,i07.bmp,i07_08_2.bmp,0.9305692911148071,5.5333
757,i07.bmp,i07_08_3.bmp,0.8446056842803955,4.5814
758,i07.bmp,i07_08_4.bmp,0.6946876049041748,3.4222
759,i07.bmp,i07_08_5.bmp,0.5201922655105591,2.6364
760,i07.bmp,i07_09_1.bmp,0.9128130674362183,6.4222
761,i07.bmp,i07_09_2.bmp,0.875944972038269,6.0222
762,i07.bmp,i07_09_3.bmp,0.8073220252990723,5.2273
763,i07.bmp,i07_09_4.bmp,0.693892240524292,3.9767
764,i07.bmp,i07_09_5.bmp,0.5447781085968018,2.4667
765,i07.bmp,i07_10_1.bmp,0.9369651675224304,6.1333
766,i07.bmp,i07_10_2.bmp,0.9085022211074829,5.8864
767,i07.bmp,i07_10_3.bmp,0.8175839781761169,5.0454
768,i07.bmp,i07_10_4.bmp,0.6862863898277283,3.7045
769,i07.bmp,i07_10_5.bmp,0.61269211769104,2.2273
770,i07.bmp,i07_11_1.bmp,0.8775444626808167,5.4884
771,i07.bmp,i07_11_2.bmp,0.7780643701553345,4.5111
772,i07.bmp,i07_11_3.bmp,0.6608124375343323,3.4318
773,i07.bmp,i07_11_4.bmp,0.5513876676559448,2.4222
774,i07.bmp,i07_11_5.bmp,0.47492074966430664,0.97727
775,i07.bmp,i07_12_1.bmp,0.9343442916870117,5.3409
776,i07.bmp,i07_12_2.bmp,0.8830181360244751,4.7273
777,i07.bmp,i07_12_3.bmp,0.7971222400665283,3.5333
778,i07.bmp,i07_12_4.bmp,0.6694652438163757,2.8636
779,i07.bmp,i07_12_5.bmp,0.6671044826507568,2.5111
780,i07.bmp,i07_13_1.bmp,0.8269996047019958,4.5814
781,i07.bmp,i07_13_2.bmp,0.7826410531997681,4.0682
782,i07.bmp,i07_13_3.bmp,0.68668532371521,3.3721
783,i07.bmp,i07_13_4.bmp,0.6188808679580688,2.7273
784,i07.bmp,i07_13_5.bmp,0.5717592239379883,2.5111
785,i07.bmp,i07_14_1.bmp,0.9398026466369629,5.7954
786,i07.bmp,i07_14_2.bmp,0.9659706950187683,6.1591
787,i07.bmp,i07_14_3.bmp,0.9328652620315552,5.7046
788,i07.bmp,i07_14_4.bmp,0.8990293741226196,5.2222
789,i07.bmp,i07_14_5.bmp,0.8586272597312927,4.2046
790,i07.bmp,i07_15_1.bmp,0.8871499300003052,3.6364
791,i07.bmp,i07_15_2.bmp,0.8918887972831726,3.2889
792,i07.bmp,i07_15_3.bmp,0.8916280269622803,3.0455
793,i07.bmp,i07_15_4.bmp,0.9092326164245605,3.3409
794,i07.bmp,i07_15_5.bmp,0.9349548816680908,3.6512
795,i07.bmp,i07_16_1.bmp,0.9930359721183777,6.2046
796,i07.bmp,i07_16_2.bmp,0.9876253008842468,6.3488
797,i07.bmp,i07_16_3.bmp,0.9628111720085144,5.9333
798,i07.bmp,i07_16_4.bmp,0.9534962773323059,5.3556
799,i07.bmp,i07_16_5.bmp,0.910002589225769,4.8182
800,i07.bmp,i07_17_1.bmp,0.9803087115287781,5.5454
801,i07.bmp,i07_17_2.bmp,0.9570043087005615,6.4
802,i07.bmp,i07_17_3.bmp,0.9291063547134399,4.4048
803,i07.bmp,i07_17_4.bmp,0.888313889503479,6.7273
804,i07.bmp,i07_17_5.bmp,0.7810913324356079,3.3409
805,i07.bmp,i07_18_1.bmp,0.9570938944816589,5.3864
806,i07.bmp,i07_18_2.bmp,0.9307786822319031,4.9546
807,i07.bmp,i07_18_3.bmp,0.8827516436576843,4.3778
808,i07.bmp,i07_18_4.bmp,0.7995123267173767,3.8636
809,i07.bmp,i07_18_5.bmp,0.7034195065498352,3.6364
810,i07.bmp,i07_19_1.bmp,0.9050046801567078,5.8667
811,i07.bmp,i07_19_2.bmp,0.8612278699874878,5.4444
812,i07.bmp,i07_19_3.bmp,0.8111395239830017,4.8
813,i07.bmp,i07_19_4.bmp,0.7527933120727539,4.1136
814,i07.bmp,i07_19_5.bmp,0.6815459132194519,3.7045
815,i07.bmp,i07_20_1.bmp,0.9291108250617981,5.75
816,i07.bmp,i07_20_2.bmp,0.8708818554878235,5.4222
817,i07.bmp,i07_20_3.bmp,0.7864118218421936,4.4186
818,i07.bmp,i07_20_4.bmp,0.7036266922950745,3.6222
819,i07.bmp,i07_20_5.bmp,0.6422789096832275,2.9302
820,i07.bmp,i07_21_1.bmp,0.8674588799476624,5.6667
821,i07.bmp,i07_21_2.bmp,0.8177916407585144,4.9546
822,i07.bmp,i07_21_3.bmp,0.734604001045227,4.1111
823,i07.bmp,i07_21_4.bmp,0.6543307304382324,3.3864
824,i07.bmp,i07_21_5.bmp,0.5642282962799072,2.3256
825,i07.bmp,i07_22_1.bmp,0.9342763423919678,5.9333
826,i07.bmp,i07_22_2.bmp,0.8977313041687012,5.2326
827,i07.bmp,i07_22_3.bmp,0.822200357913971,4.6512
828,i07.bmp,i07_22_4.bmp,0.747904896736145,4.1429
829,i07.bmp,i07_22_5.bmp,0.6382604837417603,2.6591
830,i07.bmp,i07_23_1.bmp,0.9386447668075562,6.0222
831,i07.bmp,i07_23_2.bmp,0.8613442778587341,5.7333
832,i07.bmp,i07_23_3.bmp,0.7650147676467896,5.0444
833,i07.bmp,i07_23_4.bmp,0.7031190991401672,4.2093
834,i07.bmp,i07_23_5.bmp,0.5375848412513733,2.6444
835,i07.bmp,i07_24_1.bmp,0.8608387112617493,5.7209
836,i07.bmp,i07_24_2.bmp,0.7687330842018127,4.9333
837,i07.bmp,i07_24_3.bmp,0.658710241317749,3.8636
838,i07.bmp,i07_24_4.bmp,0.5609577894210815,2.25
839,i07.bmp,i07_24_5.bmp,0.48138904571533203,0.47619
840,i08.bmp,i08_01_1.bmp,0.9551688432693481,5.5484
841,i08.bmp,i08_01_2.bmp,0.9323112964630127,4.7097
842,i08.bmp,i08_01_3.bmp,0.8943463563919067,4.8387
843,i08.bmp,i08_01_4.bmp,0.8419752717018127,4.1
844,i08.bmp,i08_01_5.bmp,0.787490963935852,3.5484
845,i08.bmp,i08_02_1.bmp,0.9693053364753723,5.5938
846,i08.bmp,i08_02_2.bmp,0.9534319639205933,5.5484
847,i08.bmp,i08_02_3.bmp,0.9313269257545471,5.4063
848,i08.bmp,i08_02_4.bmp,0.8926227688789368,5.2258
849,i08.bmp,i08_02_5.bmp,0.8442599773406982,4.6452
850,i08.bmp,i08_03_1.bmp,0.9035220742225647,4.6452
851,i08.bmp,i08_03_2.bmp,0.8641507625579834,4.2903
852,i08.bmp,i08_03_3.bmp,0.7975600957870483,3.4667
853,i08.bmp,i08_03_4.bmp,0.7254509925842285,2.9688
854,i08.bmp,i08_03_5.bmp,0.6509922742843628,2.3438
855,i08.bmp,i08_04_1.bmp,0.9907591342926025,6.0645
856,i08.bmp,i08_04_2.bmp,0.9867255091667175,5.8387
857,i08.bmp,i08_04_3.bmp,0.978792667388916,5.625
858,i08.bmp,i08_04_4.bmp,0.9630754590034485,5.4375
859,i08.bmp,i08_04_5.bmp,0.9339401721954346,4.9677
860,i08.bmp,i08_05_1.bmp,0.9769799113273621,5.3333
861,i08.bmp,i08_05_2.bmp,0.9645949602127075,5.4516
862,i08.bmp,i08_05_3.bmp,0.922160267829895,4.7188
863,i08.bmp,i08_05_4.bmp,0.8413740992546082,3.9677
864,i08.bmp,i08_05_5.bmp,0.7269222736358643,3.125
865,i08.bmp,i08_06_1.bmp,0.938128650188446,4.3871
866,i08.bmp,i08_06_2.bmp,0.8949790596961975,4.0938
867,i08.bmp,i08_06_3.bmp,0.8560220003128052,3.9333
868,i08.bmp,i08_06_4.bmp,0.8125624060630798,3.6129
869,i08.bmp,i08_06_5.bmp,0.7399786710739136,3.0645
870,i08.bmp,i08_07_1.bmp,0.9444992542266846,5.5
871,i08.bmp,i08_07_2.bmp,0.9209351539611816,4.6452
872,i08.bmp,i08_07_3.bmp,0.8753398656845093,4.1667
873,i08.bmp,i08_07_4.bmp,0.8220314979553223,3.4516
874,i08.bmp,i08_07_5.bmp,0.744529128074646,2.3871
875,i08.bmp,i08_08_1.bmp,0.9644846320152283,5.2188
876,i08.bmp,i08_08_2.bmp,0.9098836779594421,4.5938
877,i08.bmp,i08_08_3.bmp,0.7840963006019592,3.9032
878,i08.bmp,i08_08_4.bmp,0.6126126050949097,2.871
879,i08.bmp,i08_08_5.bmp,0.4926326870918274,1.9677
880,i08.bmp,i08_09_1.bmp,0.9165740013122559,5.7097
881,i08.bmp,i08_09_2.bmp,0.8854421377182007,5.875
882,i08.bmp,i08_09_3.bmp,0.8282129764556885,5.0313
883,i08.bmp,i08_09_4.bmp,0.7264357805252075,3.5
884,i08.bmp,i08_09_5.bmp,0.5644130706787109,1.75
885,i08.bmp,i08_10_1.bmp,0.9559236764907837,5.9677
886,i08.bmp,i08_10_2.bmp,0.9286623597145081,5.5938
887,i08.bmp,i08_10_3.bmp,0.8564466238021851,4.6875
888,i08.bmp,i08_10_4.bmp,0.7357295155525208,3.2188
889,i08.bmp,i08_10_5.bmp,0.6403793692588806,1.3438
890,i08.bmp,i08_11_1.bmp,0.9495067596435547,6.0
891,i08.bmp,i08_11_2.bmp,0.9127017855644226,5.25
892,i08.bmp,i08_11_3.bmp,0.8561229705810547,4.5667
893,i08.bmp,i08_11_4.bmp,0.7856206297874451,4.1936
894,i08.bmp,i08_11_5.bmp,0.6114992499351501,2.2667
895,i08.bmp,i08_12_1.bmp,0.9830783605575562,6.1936
896,i08.bmp,i08_12_2.bmp,0.9881643056869507,5.7419
897,i08.bmp,i08_12_3.bmp,0.9415767192840576,5.5
898,i08.bmp,i08_12_4.bmp,0.8651366829872131,4.8125
899,i08.bmp,i08_12_5.bmp,0.8988642692565918,4.25
900,i08.bmp,i08_13_1.bmp,0.9526178240776062,5.7813
901,i08.bmp,i08_13_2.bmp,0.8356873393058777,3.2667
902,i08.bmp,i08_13_3.bmp,0.9291484951972961,4.3871
903,i08.bmp,i08_13_4.bmp,0.79137122631073,2.7333
904,i08.bmp,i08_13_5.bmp,0.674411416053772,2.125
905,i08.bmp,i08_14_1.bmp,0.9808456897735596,5.6563
906,i08.bmp,i08_14_2.bmp,0.9776185154914856,5.4375
907,i08.bmp,i08_14_3.bmp,0.9438185691833496,4.871
908,i08.bmp,i08_14_4.bmp,0.913472056388855,4.75
909,i08.bmp,i08_14_5.bmp,0.861221969127655,4.0
910,i08.bmp,i08_15_1.bmp,0.8996143937110901,3.7742
911,i08.bmp,i08_15_2.bmp,0.9134333729743958,2.9355
912,i08.bmp,i08_15_3.bmp,0.9220688939094543,3.2813
913,i08.bmp,i08_15_4.bmp,0.9386882781982422,3.6875
914,i08.bmp,i08_15_5.bmp,0.9600671529769897,3.5161
915,i08.bmp,i08_16_1.bmp,0.9938141107559204,6.0625
916,i08.bmp,i08_16_2.bmp,0.9876208305358887,5.75
917,i08.bmp,i08_16_3.bmp,0.9678188562393188,5.871
918,i08.bmp,i08_16_4.bmp,0.944819450378418,4.9032
919,i08.bmp,i08_16_5.bmp,0.9137227535247803,4.5667
920,i08.bmp,i08_17_1.bmp,0.9820968508720398,5.4063
921,i08.bmp,i08_17_2.bmp,0.9553130865097046,5.5807
922,i08.bmp,i08_17_3.bmp,0.9274355173110962,4.1875
923,i08.bmp,i08_17_4.bmp,0.8825749754905701,5.0645
924,i08.bmp,i08_17_5.bmp,0.7835257053375244,3.2581
925,i08.bmp,i08_18_1.bmp,0.9514965415000916,4.25
926,i08.bmp,i08_18_2.bmp,0.915286123752594,3.7419
927,i08.bmp,i08_18_3.bmp,0.8625468015670776,2.9375
928,i08.bmp,i08_18_4.bmp,0.8319219350814819,2.8438
929,i08.bmp,i08_18_5.bmp,0.8290146589279175,2.871
930,i08.bmp,i08_19_1.bmp,0.9610850214958191,5.3871
931,i08.bmp,i08_19_2.bmp,0.9417293667793274,4.9355
932,i08.bmp,i08_19_3.bmp,0.9087508916854858,4.6875
933,i08.bmp,i08_19_4.bmp,0.8559421300888062,4.0323
934,i08.bmp,i08_19_5.bmp,0.805063009262085,3.5938
935,i08.bmp,i08_20_1.bmp,0.976054310798645,5.871
936,i08.bmp,i08_20_2.bmp,0.9596450328826904,5.9677
937,i08.bmp,i08_20_3.bmp,0.9266695380210876,5.2667
938,i08.bmp,i08_20_4.bmp,0.861814022064209,4.625
939,i08.bmp,i08_20_5.bmp,0.7816892862319946,3.8125
940,i08.bmp,i08_21_1.bmp,0.9392639994621277,5.6875
941,i08.bmp,i08_21_2.bmp,0.8956987261772156,4.9355
942,i08.bmp,i08_21_3.bmp,0.837162971496582,4.2903
943,i08.bmp,i08_21_4.bmp,0.7688019871711731,3.8064
944,i08.bmp,i08_21_5.bmp,0.6817761659622192,2.6774
945,i08.bmp,i08_22_1.bmp,0.9590092301368713,5.6129
946,i08.bmp,i08_22_2.bmp,0.9296773672103882,5.4516
947,i08.bmp,i08_22_3.bmp,0.886931836605072,4.1613
948,i08.bmp,i08_22_4.bmp,0.8105771541595459,3.0625
949,i08.bmp,i08_22_5.bmp,0.7765981554985046,2.375
950,i08.bmp,i08_23_1.bmp,0.9657535552978516,6.0323
951,i08.bmp,i08_23_2.bmp,0.9313909411430359,6.1613
952,i08.bmp,i08_23_3.bmp,0.8977453112602234,5.6774
953,i08.bmp,i08_23_4.bmp,0.8715910911560059,5.5
954,i08.bmp,i08_23_5.bmp,0.8352581858634949,5.4375
955,i08.bmp,i08_24_1.bmp,0.9443475008010864,5.9355
956,i08.bmp,i08_24_2.bmp,0.9022439122200012,5.7813
957,i08.bmp,i08_24_3.bmp,0.8433664441108704,5.2903
958,i08.bmp,i08_24_4.bmp,0.7550963759422302,3.9677
959,i08.bmp,i08_24_5.bmp,0.6286346912384033,2.625
960,i09.bmp,i09_01_1.bmp,0.8960595726966858,5.3636
961,i09.bmp,i09_01_2.bmp,0.8535563945770264,5.0
962,i09.bmp,i09_01_3.bmp,0.7926836013793945,4.5454
963,i09.bmp,i09_01_4.bmp,0.7271778583526611,4.0323
964,i09.bmp,i09_01_5.bmp,0.6661054491996765,3.6364
965,i09.bmp,i09_02_1.bmp,0.9406489133834839,5.8788
966,i09.bmp,i09_02_2.bmp,0.9105733633041382,6.0303
967,i09.bmp,i09_02_3.bmp,0.8684448599815369,5.5625
968,i09.bmp,i09_02_4.bmp,0.8097867369651794,4.875
969,i09.bmp,i09_02_5.bmp,0.7491916418075562,4.5454
970,i09.bmp,i09_03_1.bmp,0.8067151308059692,4.6061
971,i09.bmp,i09_03_2.bmp,0.7509444952011108,4.0938
972,i09.bmp,i09_03_3.bmp,0.6898103952407837,3.697
973,i09.bmp,i09_03_4.bmp,0.6160454154014587,3.25
974,i09.bmp,i09_03_5.bmp,0.5458160042762756,2.8788
975,i09.bmp,i09_04_1.bmp,0.9781830906867981,5.7419
976,i09.bmp,i09_04_2.bmp,0.9666194915771484,5.5938
977,i09.bmp,i09_04_3.bmp,0.94265216588974,5.3871
978,i09.bmp,i09_04_4.bmp,0.9006931781768799,4.6774
979,i09.bmp,i09_04_5.bmp,0.8380943536758423,4.2727
980,i09.bmp,i09_05_1.bmp,0.941663384437561,5.9355
981,i09.bmp,i09_05_2.bmp,0.912034273147583,5.5
982,i09.bmp,i09_05_3.bmp,0.8320894837379456,4.9688
983,i09.bmp,i09_05_4.bmp,0.7302364110946655,4.0909
984,i09.bmp,i09_05_5.bmp,0.6152009963989258,3.5938
985,i09.bmp,i09_06_1.bmp,0.8832477331161499,5.2188
986,i09.bmp,i09_06_2.bmp,0.8388146162033081,4.3125
987,i09.bmp,i09_06_3.bmp,0.7921122312545776,4.1613
988,i09.bmp,i09_06_4.bmp,0.7330137491226196,3.8125
989,i09.bmp,i09_06_5.bmp,0.6624279022216797,3.3438
990,i09.bmp,i09_07_1.bmp,0.8924341201782227,4.8788
991,i09.bmp,i09_07_2.bmp,0.8536802530288696,4.75
992,i09.bmp,i09_07_3.bmp,0.7954131960868835,4.129
993,i09.bmp,i09_07_4.bmp,0.7347066402435303,3.6667
994,i09.bmp,i09_07_5.bmp,0.6806049346923828,2.7097
995,i09.bmp,i09_08_1.bmp,0.9633697271347046,5.875
996,i09.bmp,i09_08_2.bmp,0.9199219346046448,5.2424
997,i09.bmp,i09_08_3.bmp,0.8161213397979736,4.3438
998,i09.bmp,i09_08_4.bmp,0.6510728597640991,3.4848
999,i09.bmp,i09_08_5.bmp,0.5161672234535217,2.375
1000,i09.bmp,i09_09_1.bmp,0.8844361305236816,6.5454
1001,i09.bmp,i09_09_2.bmp,0.8454798460006714,6.0909
1002,i09.bmp,i09_09_3.bmp,0.7874603867530823,5.1515
1003,i09.bmp,i09_09_4.bmp,0.6897521018981934,3.9063
1004,i09.bmp,i09_09_5.bmp,0.5523232817649841,2.5152
1005,i09.bmp,i09_10_1.bmp,0.9330297708511353,6.0
1006,i09.bmp,i09_10_2.bmp,0.8913671374320984,5.6563
1007,i09.bmp,i09_10_3.bmp,0.8030523061752319,4.9063
1008,i09.bmp,i09_10_4.bmp,0.6777592897415161,3.1936
1009,i09.bmp,i09_10_5.bmp,0.6084445714950562,2.3438
1010,i09.bmp,i09_11_1.bmp,0.8644002676010132,5.9063
1011,i09.bmp,i09_11_2.bmp,0.7961095571517944,5.1563
1012,i09.bmp,i09_11_3.bmp,0.6686149835586548,3.9688
1013,i09.bmp,i09_11_4.bmp,0.551661491394043,2.4063
1014,i09.bmp,i09_11_5.bmp,0.470989465713501,0.87879
1015,i09.bmp,i09_12_1.bmp,0.9773446321487427,6.0606
1016,i09.bmp,i09_12_2.bmp,0.9475421905517578,5.9063
1017,i09.bmp,i09_12_3.bmp,0.8228263854980469,4.9063
1018,i09.bmp,i09_12_4.bmp,0.7039494514465332,2.9688
1019,i09.bmp,i09_12_5.bmp,0.6664330959320068,2.8438
1020,i09.bmp,i09_13_1.bmp,0.8206206560134888,4.5152
1021,i09.bmp,i09_13_2.bmp,0.7548342347145081,3.7742
1022,i09.bmp,i09_13_3.bmp,0.6464149355888367,3.3333
1023,i09.bmp,i09_13_4.bmp,0.6207945942878723,2.8182
1024,i09.bmp,i09_13_5.bmp,0.6534581780433655,2.8788
1025,i09.bmp,i09_14_1.bmp,0.9326462149620056,5.8438
1026,i09.bmp,i09_14_2.bmp,0.9724225997924805,5.4848
1027,i09.bmp,i09_14_3.bmp,0.9225964546203613,6.2813
1028,i09.bmp,i09_14_4.bmp,0.8769615292549133,4.4375
1029,i09.bmp,i09_14_5.bmp,0.8377354741096497,3.3125
1030,i09.bmp,i09_15_1.bmp,0.8685793280601501,2.9091
1031,i09.bmp,i09_15_2.bmp,0.8897857069969177,3.0606
1032,i09.bmp,i09_15_3.bmp,0.9078250527381897,3.25
1033,i09.bmp,i09_15_4.bmp,0.926638126373291,3.5938
1034,i09.bmp,i09_15_5.bmp,0.9540905952453613,5.8485
1035,i09.bmp,i09_16_1.bmp,0.994288444519043,6.0606
1036,i09.bmp,i09_16_2.bmp,0.9895163178443909,6.303
1037,i09.bmp,i09_16_3.bmp,0.9769978523254395,5.75
1038,i09.bmp,i09_16_4.bmp,0.9585390090942383,5.9032
1039,i09.bmp,i09_16_5.bmp,0.9426352977752686,4.6667
1040,i09.bmp,i09_17_1.bmp,0.9792789220809937,5.8125
1041,i09.bmp,i09_17_2.bmp,0.9589404463768005,6.7879
1042,i09.bmp,i09_17_3.bmp,0.9283798933029175,4.7813
1043,i09.bmp,i09_17_4.bmp,0.8926655054092407,6.3636
1044,i09.bmp,i09_17_5.bmp,0.7894065380096436,3.6061
1045,i09.bmp,i09_18_1.bmp,0.9480525851249695,4.8182
1046,i09.bmp,i09_18_2.bmp,0.9216780066490173,4.303
1047,i09.bmp,i09_18_3.bmp,0.8721021413803101,4.0645
1048,i09.bmp,i09_18_4.bmp,0.7895017862319946,3.3125
1049,i09.bmp,i09_18_5.bmp,0.7568267583847046,3.1563
1050,i09.bmp,i09_19_1.bmp,0.8967341184616089,5.5
1051,i09.bmp,i09_19_2.bmp,0.852087676525116,4.6774
1052,i09.bmp,i09_19_3.bmp,0.7962091565132141,4.5161
1053,i09.bmp,i09_19_4.bmp,0.7345764636993408,4.0625
1054,i09.bmp,i09_19_5.bmp,0.6731628179550171,3.4848
1055,i09.bmp,i09_20_1.bmp,0.9234169721603394,5.8125
1056,i09.bmp,i09_20_2.bmp,0.8672621250152588,5.6667
1057,i09.bmp,i09_20_3.bmp,0.7957801818847656,4.5
1058,i09.bmp,i09_20_4.bmp,0.7116182446479797,3.9091
1059,i09.bmp,i09_20_5.bmp,0.6424483060836792,2.9091
1060,i09.bmp,i09_21_1.bmp,0.8456090688705444,5.2727
1061,i09.bmp,i09_21_2.bmp,0.8003963828086853,4.8125
1062,i09.bmp,i09_21_3.bmp,0.7284035086631775,4.25
1063,i09.bmp,i09_21_4.bmp,0.6597877740859985,3.5
1064,i09.bmp,i09_21_5.bmp,0.5571093559265137,2.1613
1065,i09.bmp,i09_22_1.bmp,0.9110268950462341,5.7188
1066,i09.bmp,i09_22_2.bmp,0.8721790313720703,5.7879
1067,i09.bmp,i09_22_3.bmp,0.821432888507843,5.5
1068,i09.bmp,i09_22_4.bmp,0.7242380380630493,4.0938
1069,i09.bmp,i09_22_5.bmp,0.6614694595336914,2.7188
1070,i09.bmp,i09_23_1.bmp,0.929243266582489,6.25
1071,i09.bmp,i09_23_2.bmp,0.8625972270965576,6.2813
1072,i09.bmp,i09_23_3.bmp,0.7560059428215027,6.0303
1073,i09.bmp,i09_23_4.bmp,0.6715386509895325,4.8125
1074,i09.bmp,i09_23_5.bmp,0.5160515904426575,2.875
1075,i09.bmp,i09_24_1.bmp,0.8641080260276794,5.75
1076,i09.bmp,i09_24_2.bmp,0.7776092886924744,5.0938
1077,i09.bmp,i09_24_3.bmp,0.6626394987106323,3.75
1078,i09.bmp,i09_24_4.bmp,0.5605615377426147,2.0303
1079,i09.bmp,i09_24_5.bmp,0.475869357585907,0.24242
1080,i10.bmp,i10_01_1.bmp,0.9011290073394775,5.718
1081,i10.bmp,i10_01_2.bmp,0.8483604192733765,5.4324
1082,i10.bmp,i10_01_3.bmp,0.7950654029846191,4.7436
1083,i10.bmp,i10_01_4.bmp,0.7162083387374878,4.5385
1084,i10.bmp,i10_01_5.bmp,0.6336472034454346,3.8158
1085,i10.bmp,i10_02_1.bmp,0.9426584243774414,6.0541
1086,i10.bmp,i10_02_2.bmp,0.9119646549224854,5.8378
1087,i10.bmp,i10_02_3.bmp,0.8638701438903809,5.7692
1088,i10.bmp,i10_02_4.bmp,0.8076342344284058,5.5263
1089,i10.bmp,i10_02_5.bmp,0.7274957299232483,4.7297
1090,i10.bmp,i10_03_1.bmp,0.8038108348846436,5.0541
1091,i10.bmp,i10_03_2.bmp,0.7261587381362915,4.3611
1092,i10.bmp,i10_03_3.bmp,0.6437459588050842,4.0256
1093,i10.bmp,i10_03_4.bmp,0.5684579014778137,3.3077
1094,i10.bmp,i10_03_5.bmp,0.5016602277755737,2.9231
1095,i10.bmp,i10_04_1.bmp,0.981731116771698,6.0769
1096,i10.bmp,i10_04_2.bmp,0.9757744669914246,5.1111
1097,i10.bmp,i10_04_3.bmp,0.9614335298538208,5.1579
1098,i10.bmp,i10_04_4.bmp,0.9307913780212402,4.7692
1099,i10.bmp,i10_04_5.bmp,0.8717550039291382,4.2308
1100,i10.bmp,i10_05_1.bmp,0.9461707472801208,6.0513
1101,i10.bmp,i10_05_2.bmp,0.9162108898162842,5.7949
1102,i10.bmp,i10_05_3.bmp,0.8324037194252014,5.1795
1103,i10.bmp,i10_05_4.bmp,0.7193397879600525,4.3947
1104,i10.bmp,i10_05_5.bmp,0.5826582908630371,3.3421
1105,i10.bmp,i10_06_1.bmp,0.8957089185714722,5.1579
1106,i10.bmp,i10_06_2.bmp,0.8402343988418579,4.6486
1107,i10.bmp,i10_06_3.bmp,0.7764492034912109,4.5789
1108,i10.bmp,i10_06_4.bmp,0.7184591889381409,3.8421
1109,i10.bmp,i10_06_5.bmp,0.6411280035972595,3.4054
1110,i10.bmp,i10_07_1.bmp,0.8822578191757202,5.5405
1111,i10.bmp,i10_07_2.bmp,0.8340567350387573,5.0256
1112,i10.bmp,i10_07_3.bmp,0.7579408884048462,4.4615
1113,i10.bmp,i10_07_4.bmp,0.6860172748565674,4.0
1114,i10.bmp,i10_07_5.bmp,0.6450535655021667,3.0526
1115,i10.bmp,i10_08_1.bmp,0.9648550748825073,5.9737
1116,i10.bmp,i10_08_2.bmp,0.9244893789291382,5.3077
1117,i10.bmp,i10_08_3.bmp,0.8234025835990906,4.3514
1118,i10.bmp,i10_08_4.bmp,0.6460453867912292,3.5
1119,i10.bmp,i10_08_5.bmp,0.5039417743682861,2.7895
1120,i10.bmp,i10_09_1.bmp,0.8824703693389893,5.9744
1121,i10.bmp,i10_09_2.bmp,0.8409869074821472,5.6923
1122,i10.bmp,i10_09_3.bmp,0.7521732449531555,5.1795
1123,i10.bmp,i10_09_4.bmp,0.6114702820777893,3.8158
1124,i10.bmp,i10_09_5.bmp,0.49047237634658813,2.282
1125,i10.bmp,i10_10_1.bmp,0.9340647459030151,5.8684
1126,i10.bmp,i10_10_2.bmp,0.8938246369361877,5.8158
1127,i10.bmp,i10_10_3.bmp,0.8037322759628296,5.2051
1128,i10.bmp,i10_10_4.bmp,0.6451101899147034,3.641
1129,i10.bmp,i10_10_5.bmp,0.5507588386535645,2.4359
1130,i10.bmp,i10_11_1.bmp,0.8683972954750061,5.1539
1131,i10.bmp,i10_11_2.bmp,0.759850025177002,4.4615
1132,i10.bmp,i10_11_3.bmp,0.6050370335578918,3.6154
1133,i10.bmp,i10_11_4.bmp,0.49342671036720276,2.1842
1134,i10.bmp,i10_11_5.bmp,0.41639721393585205,1.2368
1135,i10.bmp,i10_12_1.bmp,0.8870621919631958,4.7692
1136,i10.bmp,i10_12_2.bmp,0.9011472463607788,5.8421
1137,i10.bmp,i10_12_3.bmp,0.8344064950942993,4.9231
1138,i10.bmp,i10_12_4.bmp,0.7685103416442871,4.0526
1139,i10.bmp,i10_12_5.bmp,0.6375830173492432,2.6842
1140,i10.bmp,i10_13_1.bmp,0.9373037219047546,5.7895
1141,i10.bmp,i10_13_2.bmp,0.7364420294761658,3.9211
1142,i10.bmp,i10_13_3.bmp,0.6603327393531799,3.4211
1143,i10.bmp,i10_13_4.bmp,0.5908709168434143,2.6842
1144,i10.bmp,i10_13_5.bmp,0.5746958255767822,2.8974
1145,i10.bmp,i10_14_1.bmp,0.945000171661377,5.8205
1146,i10.bmp,i10_14_2.bmp,0.976001501083374,6.1539
1147,i10.bmp,i10_14_3.bmp,0.9387733936309814,5.5526
1148,i10.bmp,i10_14_4.bmp,0.879709780216217,4.2703
1149,i10.bmp,i10_14_5.bmp,0.8706193566322327,3.8421
1150,i10.bmp,i10_15_1.bmp,0.8566497564315796,3.0789
1151,i10.bmp,i10_15_2.bmp,0.8701894283294678,3.2308
1152,i10.bmp,i10_15_3.bmp,0.8983187675476074,3.6154
1153,i10.bmp,i10_15_4.bmp,0.9124343991279602,3.3684
1154,i10.bmp,i10_15_5.bmp,0.9382575154304504,4.1795
1155,i10.bmp,i10_16_1.bmp,0.9940152168273926,6.1282
1156,i10.bmp,i10_16_2.bmp,0.9907759428024292,6.1026
1157,i10.bmp,i10_16_3.bmp,0.9691528081893921,6.0256
1158,i10.bmp,i10_16_4.bmp,0.9630780220031738,5.5789
1159,i10.bmp,i10_16_5.bmp,0.9169734716415405,5.1282
1160,i10.bmp,i10_17_1.bmp,0.9805809259414673,5.7105
1161,i10.bmp,i10_17_2.bmp,0.956246554851532,6.5897
1162,i10.bmp,i10_17_3.bmp,0.9340308308601379,4.5676
1163,i10.bmp,i10_17_4.bmp,0.8841561079025269,6.5641
1164,i10.bmp,i10_17_5.bmp,0.7953692674636841,3.6923
1165,i10.bmp,i10_18_1.bmp,0.8987457156181335,4.5128
1166,i10.bmp,i10_18_2.bmp,0.8324783444404602,4.0769
1167,i10.bmp,i10_18_3.bmp,0.7747686505317688,3.8205
1168,i10.bmp,i10_18_4.bmp,0.776419997215271,3.6316
1169,i10.bmp,i10_18_5.bmp,0.7546666264533997,3.3158
1170,i10.bmp,i10_19_1.bmp,0.9062207937240601,5.5789
1171,i10.bmp,i10_19_2.bmp,0.863118588924408,5.4211
1172,i10.bmp,i10_19_3.bmp,0.8022180795669556,4.6757
1173,i10.bmp,i10_19_4.bmp,0.7387806177139282,4.2162
1174,i10.bmp,i10_19_5.bmp,0.6667617559432983,3.8718
1175,i10.bmp,i10_20_1.bmp,0.92047119140625,5.8461
1176,i10.bmp,i10_20_2.bmp,0.8488770127296448,5.3846
1177,i10.bmp,i10_20_3.bmp,0.753088653087616,4.4359
1178,i10.bmp,i10_20_4.bmp,0.6800352931022644,3.5789
1179,i10.bmp,i10_20_5.bmp,0.6322104930877686,2.8649
1180,i10.bmp,i10_21_1.bmp,0.8533607721328735,5.5
1181,i10.bmp,i10_21_2.bmp,0.7721251845359802,5.1795
1182,i10.bmp,i10_21_3.bmp,0.7114174365997314,4.2564
1183,i10.bmp,i10_21_4.bmp,0.6186904907226562,3.7692
1184,i10.bmp,i10_21_5.bmp,0.5329853296279907,2.5128
1185,i10.bmp,i10_22_1.bmp,0.9269914031028748,5.9737
1186,i10.bmp,i10_22_2.bmp,0.8769389390945435,4.8718
1187,i10.bmp,i10_22_3.bmp,0.8090527653694153,4.4865
1188,i10.bmp,i10_22_4.bmp,0.7586133480072021,4.0278
1189,i10.bmp,i10_22_5.bmp,0.6571686267852783,3.2564
1190,i10.bmp,i10_23_1.bmp,0.9324218034744263,6.1539
1191,i10.bmp,i10_23_2.bmp,0.8285119533538818,5.9487
1192,i10.bmp,i10_23_3.bmp,0.6616390347480774,4.5526
1193,i10.bmp,i10_23_4.bmp,0.4987233579158783,2.6053
1194,i10.bmp,i10_23_5.bmp,0.4305002689361572,1.4474
1195,i10.bmp,i10_24_1.bmp,0.8460046052932739,5.4615
1196,i10.bmp,i10_24_2.bmp,0.7548556923866272,4.7895
1197,i10.bmp,i10_24_3.bmp,0.6023716330528259,3.5128
1198,i10.bmp,i10_24_4.bmp,0.4811908006668091,1.8649
1199,i10.bmp,i10_24_5.bmp,0.4184054732322693,0.36842
1200,i11.bmp,i11_01_1.bmp,0.9356092214584351,5.5405
1201,i11.bmp,i11_01_2.bmp,0.9056304693222046,5.1622
1202,i11.bmp,i11_01_3.bmp,0.8478649854660034,5.3514
1203,i11.bmp,i11_01_4.bmp,0.795617938041687,4.2857
1204,i11.bmp,i11_01_5.bmp,0.7183939218521118,3.8611
1205,i11.bmp,i11_02_1.bmp,0.9578062891960144,5.5556
1206,i11.bmp,i11_02_2.bmp,0.9379736185073853,5.8857
1207,i11.bmp,i11_02_3.bmp,0.9045238494873047,5.4444
1208,i11.bmp,i11_02_4.bmp,0.8486223220825195,5.1944
1209,i11.bmp,i11_02_5.bmp,0.7840515375137329,4.75
1210,i11.bmp,i11_03_1.bmp,0.8541009426116943,5.0
1211,i11.bmp,i11_03_2.bmp,0.787757396697998,4.4324
1212,i11.bmp,i11_03_3.bmp,0.7195968627929688,3.8286
1213,i11.bmp,i11_03_4.bmp,0.645045280456543,3.2703
1214,i11.bmp,i11_03_5.bmp,0.568642795085907,2.9167
1215,i11.bmp,i11_04_1.bmp,0.9841943979263306,5.4706
1216,i11.bmp,i11_04_2.bmp,0.9777069687843323,5.6216
1217,i11.bmp,i11_04_3.bmp,0.9637284874916077,5.2857
1218,i11.bmp,i11_04_4.bmp,0.9352988600730896,5.1944
1219,i11.bmp,i11_04_5.bmp,0.8848873376846313,4.6757
1220,i11.bmp,i11_05_1.bmp,0.9644051194190979,6.027
1221,i11.bmp,i11_05_2.bmp,0.9458446502685547,5.8056
1222,i11.bmp,i11_05_3.bmp,0.8888789415359497,5.2973
1223,i11.bmp,i11_05_4.bmp,0.7852035760879517,4.1944
1224,i11.bmp,i11_05_5.bmp,0.6562715768814087,3.0556
1225,i11.bmp,i11_06_1.bmp,0.9280981421470642,4.6944
1226,i11.bmp,i11_06_2.bmp,0.8820556402206421,4.3889
1227,i11.bmp,i11_06_3.bmp,0.8419044017791748,3.973
1228,i11.bmp,i11_06_4.bmp,0.773269772529602,3.5405
1229,i11.bmp,i11_06_5.bmp,0.6937179565429688,3.0286
1230,i11.bmp,i11_07_1.bmp,0.9204887747764587,5.5676
1231,i11.bmp,i11_07_2.bmp,0.8667826652526855,4.8
1232,i11.bmp,i11_07_3.bmp,0.8027225136756897,4.5278
1233,i11.bmp,i11_07_4.bmp,0.7452629208564758,3.9412
1234,i11.bmp,i11_07_5.bmp,0.6709011793136597,2.7568
1235,i11.bmp,i11_08_1.bmp,0.9622496366500854,4.9429
1236,i11.bmp,i11_08_2.bmp,0.9082342386245728,4.5714
1237,i11.bmp,i11_08_3.bmp,0.7790854573249817,3.7568
1238,i11.bmp,i11_08_4.bmp,0.5965506434440613,2.8571
1239,i11.bmp,i11_08_5.bmp,0.47189533710479736,2.3333
1240,i11.bmp,i11_09_1.bmp,0.9009042978286743,5.8108
1241,i11.bmp,i11_09_2.bmp,0.852608859539032,5.8649
1242,i11.bmp,i11_09_3.bmp,0.7572238445281982,4.6667
1243,i11.bmp,i11_09_4.bmp,0.622582197189331,3.3333
1244,i11.bmp,i11_09_5.bmp,0.4761964976787567,1.9722
1245,i11.bmp,i11_10_1.bmp,0.9401555061340332,5.8108
1246,i11.bmp,i11_10_2.bmp,0.902647078037262,5.6486
1247,i11.bmp,i11_10_3.bmp,0.8164550065994263,5.0278
1248,i11.bmp,i11_10_4.bmp,0.6796262264251709,3.4865
1249,i11.bmp,i11_10_5.bmp,0.5770461559295654,2.2703
1250,i11.bmp,i11_11_1.bmp,0.9263511896133423,5.8611
1251,i11.bmp,i11_11_2.bmp,0.8735568523406982,5.4286
1252,i11.bmp,i11_11_3.bmp,0.7723579406738281,4.4722
1253,i11.bmp,i11_11_4.bmp,0.5809865593910217,2.9143
1254,i11.bmp,i11_11_5.bmp,0.4372170567512512,0.97222
1255,i11.bmp,i11_12_1.bmp,0.9570273160934448,5.6111
1256,i11.bmp,i11_12_2.bmp,0.9708185791969299,5.9722
1257,i11.bmp,i11_12_3.bmp,0.8631970286369324,4.6216
1258,i11.bmp,i11_12_4.bmp,0.7666929960250854,3.7778
1259,i11.bmp,i11_12_5.bmp,0.648487389087677,2.0278
1260,i11.bmp,i11_13_1.bmp,0.8769153952598572,4.0833
1261,i11.bmp,i11_13_2.bmp,0.8067812323570251,4.5405
1262,i11.bmp,i11_13_3.bmp,0.7343131899833679,3.25
1263,i11.bmp,i11_13_4.bmp,0.6687381863594055,2.75
1264,i11.bmp,i11_13_5.bmp,0.6053302884101868,2.2778
1265,i11.bmp,i11_14_1.bmp,0.9605705738067627,5.8333
1266,i11.bmp,i11_14_2.bmp,0.9626099467277527,5.4571
1267,i11.bmp,i11_14_3.bmp,0.9085540771484375,5.2973
1268,i11.bmp,i11_14_4.bmp,0.8690970540046692,5.1667
1269,i11.bmp,i11_14_5.bmp,0.8391473889350891,4.3889
1270,i11.bmp,i11_15_1.bmp,0.8578639030456543,3.1892
1271,i11.bmp,i11_15_2.bmp,0.863448441028595,3.3889
1272,i11.bmp,i11_15_3.bmp,0.8785204291343689,3.5
1273,i11.bmp,i11_15_4.bmp,0.8917708396911621,3.6757
1274,i11.bmp,i11_15_5.bmp,0.9022613763809204,3.5
1275,i11.bmp,i11_16_1.bmp,0.9908289313316345,6.1081
1276,i11.bmp,i11_16_2.bmp,0.9841006994247437,5.9189
1277,i11.bmp,i11_16_3.bmp,0.9491139054298401,5.6944
1278,i11.bmp,i11_16_4.bmp,0.9438449144363403,4.9459
1279,i11.bmp,i11_16_5.bmp,0.8729640245437622,4.5676
1280,i11.bmp,i11_17_1.bmp,0.9799076914787292,5.5946
1281,i11.bmp,i11_17_2.bmp,0.9571071267127991,6.75
1282,i11.bmp,i11_17_3.bmp,0.929539680480957,4.3429
1283,i11.bmp,i11_17_4.bmp,0.8796597719192505,6.8378
1284,i11.bmp,i11_17_5.bmp,0.7840247750282288,3.2162
1285,i11.bmp,i11_18_1.bmp,0.9457894563674927,4.5556
1286,i11.bmp,i11_18_2.bmp,0.9095227718353271,4.2703
1287,i11.bmp,i11_18_3.bmp,0.8434898257255554,3.5833
1288,i11.bmp,i11_18_4.bmp,0.7478459477424622,3.4412
1289,i11.bmp,i11_18_5.bmp,0.7369282245635986,3.5135
1290,i11.bmp,i11_19_1.bmp,0.9433045387268066,5.6486
1291,i11.bmp,i11_19_2.bmp,0.9004760980606079,5.1111
1292,i11.bmp,i11_19_3.bmp,0.8521553874015808,4.6486
1293,i11.bmp,i11_19_4.bmp,0.7917108535766602,3.9714
1294,i11.bmp,i11_19_5.bmp,0.7250838279724121,3.6216
1295,i11.bmp,i11_20_1.bmp,0.9594779014587402,6.0286
1296,i11.bmp,i11_20_2.bmp,0.9298425912857056,5.5946
1297,i11.bmp,i11_20_3.bmp,0.8703363537788391,5.3514
1298,i11.bmp,i11_20_4.bmp,0.776268720626831,4.8889
1299,i11.bmp,i11_20_5.bmp,0.6737959384918213,3.6389
1300,i11.bmp,i11_21_1.bmp,0.9031838774681091,5.7027
1301,i11.bmp,i11_21_2.bmp,0.8443724513053894,5.4167
1302,i11.bmp,i11_21_3.bmp,0.7709088325500488,4.4054
1303,i11.bmp,i11_21_4.bmp,0.6880725026130676,3.8611
1304,i11.bmp,i11_21_5.bmp,0.5999083518981934,2.6486
1305,i11.bmp,i11_22_1.bmp,0.9459968209266663,5.5676
1306,i11.bmp,i11_22_2.bmp,0.9207808971405029,5.4054
1307,i11.bmp,i11_22_3.bmp,0.8572503924369812,4.8919
1308,i11.bmp,i11_22_4.bmp,0.7699612379074097,3.6486
1309,i11.bmp,i11_22_5.bmp,0.661596417427063,2.5278
1310,i11.bmp,i11_23_1.bmp,0.9441165328025818,5.8649
1311,i11.bmp,i11_23_2.bmp,0.882810652256012,5.8378
1312,i11.bmp,i11_23_3.bmp,0.8248373866081238,5.9459
1313,i11.bmp,i11_23_4.bmp,0.6928879618644714,5.2703
1314,i11.bmp,i11_23_5.bmp,0.5059799551963806,2.7568
1315,i11.bmp,i11_24_1.bmp,0.9121010303497314,5.9189
1316,i11.bmp,i11_24_2.bmp,0.8460456132888794,5.4722
1317,i11.bmp,i11_24_3.bmp,0.7434234619140625,4.6286
1318,i11.bmp,i11_24_4.bmp,0.581884503364563,2.8857
1319,i11.bmp,i11_24_5.bmp,0.4466919004917145,0.58333
1320,i12.bmp,i12_01_1.bmp,0.9075667858123779,5.9459
1321,i12.bmp,i12_01_2.bmp,0.8631104230880737,4.9722
1322,i12.bmp,i12_01_3.bmp,0.8029665350914001,4.7895
1323,i12.bmp,i12_01_4.bmp,0.7295346260070801,4.1389
1324,i12.bmp,i12_01_5.bmp,0.6730742454528809,3.7632
1325,i12.bmp,i12_02_1.bmp,0.9438244104385376,6.0811
1326,i12.bmp,i12_02_2.bmp,0.9183429479598999,5.973
1327,i12.bmp,i12_02_3.bmp,0.8695492148399353,5.5263
1328,i12.bmp,i12_02_4.bmp,0.8159658312797546,5.0526
1329,i12.bmp,i12_02_5.bmp,0.7454542517662048,4.5405
1330,i12.bmp,i12_03_1.bmp,0.8244941234588623,4.5676
1331,i12.bmp,i12_03_2.bmp,0.7655923366546631,4.1622
1332,i12.bmp,i12_03_3.bmp,0.6889052987098694,3.7568
1333,i12.bmp,i12_03_4.bmp,0.6162774562835693,3.1053
1334,i12.bmp,i12_03_5.bmp,0.5470864772796631,2.7105
1335,i12.bmp,i12_04_1.bmp,0.9772915244102478,5.9189
1336,i12.bmp,i12_04_2.bmp,0.9640678763389587,5.5263
1337,i12.bmp,i12_04_3.bmp,0.935911238193512,5.2105
1338,i12.bmp,i12_04_4.bmp,0.8884173631668091,4.7027
1339,i12.bmp,i12_04_5.bmp,0.8169897794723511,3.7838
1340,i12.bmp,i12_05_1.bmp,0.952385425567627,5.6486
1341,i12.bmp,i12_05_2.bmp,0.9208328127861023,5.8108
1342,i12.bmp,i12_05_3.bmp,0.8380152583122253,5.2105
1343,i12.bmp,i12_05_4.bmp,0.73092120885849,4.3514
1344,i12.bmp,i12_05_5.bmp,0.60849529504776,3.6579
1345,i12.bmp,i12_06_1.bmp,0.9132470488548279,5.0811
1346,i12.bmp,i12_06_2.bmp,0.8433474898338318,4.8158
1347,i12.bmp,i12_06_3.bmp,0.7739558815956116,4.4595
1348,i12.bmp,i12_06_4.bmp,0.712640643119812,4.0811
1349,i12.bmp,i12_06_5.bmp,0.6383718848228455,3.75
1350,i12.bmp,i12_07_1.bmp,0.8821051120758057,4.6944
1351,i12.bmp,i12_07_2.bmp,0.8355549573898315,4.3947
1352,i12.bmp,i12_07_3.bmp,0.7497619390487671,4.1842
1353,i12.bmp,i12_07_4.bmp,0.712295651435852,3.1892
1354,i12.bmp,i12_07_5.bmp,0.650627613067627,3.0278
1355,i12.bmp,i12_08_1.bmp,0.9680893421173096,6.1842
1356,i12.bmp,i12_08_2.bmp,0.9231535196304321,5.4737
1357,i12.bmp,i12_08_3.bmp,0.821123480796814,4.5263
1358,i12.bmp,i12_08_4.bmp,0.6629858613014221,3.6053
1359,i12.bmp,i12_08_5.bmp,0.527715802192688,2.7778
1360,i12.bmp,i12_09_1.bmp,0.8826510906219482,6.3158
1361,i12.bmp,i12_09_2.bmp,0.835616946220398,5.5278
1362,i12.bmp,i12_09_3.bmp,0.7660272717475891,4.7368
1363,i12.bmp,i12_09_4.bmp,0.65032559633255,3.4324
1364,i12.bmp,i12_09_5.bmp,0.5263375043869019,2.2571
1365,i12.bmp,i12_10_1.bmp,0.9358475804328918,6.0811
1366,i12.bmp,i12_10_2.bmp,0.894905686378479,5.8947
1367,i12.bmp,i12_10_3.bmp,0.804570734500885,5.1053
1368,i12.bmp,i12_10_4.bmp,0.6327165365219116,3.1053
1369,i12.bmp,i12_10_5.bmp,0.558659017086029,2.2368
1370,i12.bmp,i12_11_1.bmp,0.8684185147285461,5.4054
1371,i12.bmp,i12_11_2.bmp,0.7380402088165283,4.6757
1372,i12.bmp,i12_11_3.bmp,0.5703696608543396,2.7778
1373,i12.bmp,i12_11_4.bmp,0.48073822259902954,1.9474
1374,i12.bmp,i12_11_5.bmp,0.43480056524276733,0.81579
1375,i12.bmp,i12_12_1.bmp,0.9196405410766602,5.5
1376,i12.bmp,i12_12_2.bmp,0.8324806094169617,5.0526
1377,i12.bmp,i12_12_3.bmp,0.736814022064209,3.6486
1378,i12.bmp,i12_12_4.bmp,0.7046315670013428,3.0789
1379,i12.bmp,i12_12_5.bmp,0.6516136527061462,3.0811
1380,i12.bmp,i12_13_1.bmp,0.8943771719932556,5.3784
1381,i12.bmp,i12_13_2.bmp,0.8011028170585632,4.5676
1382,i12.bmp,i12_13_3.bmp,0.6759892106056213,3.2368
1383,i12.bmp,i12_13_4.bmp,0.6205376386642456,2.8333
1384,i12.bmp,i12_13_5.bmp,0.824601411819458,4.0
1385,i12.bmp,i12_14_1.bmp,0.9343908429145813,5.5526
1386,i12.bmp,i12_14_2.bmp,0.9730111956596375,6.1579
1387,i12.bmp,i12_14_3.bmp,0.9323950409889221,4.5405
1388,i12.bmp,i12_14_4.bmp,0.9038074016571045,4.4737
1389,i12.bmp,i12_14_5.bmp,0.8498625755310059,3.5676
1390,i12.bmp,i12_15_1.bmp,0.8363023400306702,3.5
1391,i12.bmp,i12_15_2.bmp,0.8496506214141846,3.5143
1392,i12.bmp,i12_15_3.bmp,0.8617116212844849,3.6579
1393,i12.bmp,i12_15_4.bmp,0.885673999786377,4.0789
1394,i12.bmp,i12_15_5.bmp,0.8968993425369263,4.5429
1395,i12.bmp,i12_16_1.bmp,0.9942143559455872,6.5263
1396,i12.bmp,i12_16_2.bmp,0.9882431626319885,6.2973
1397,i12.bmp,i12_16_3.bmp,0.9743312001228333,6.0526
1398,i12.bmp,i12_16_4.bmp,0.9494893550872803,6.1111
1399,i12.bmp,i12_16_5.bmp,0.9326759576797485,5.6757
1400,i12.bmp,i12_17_1.bmp,0.9797368049621582,6.2632
1401,i12.bmp,i12_17_2.bmp,0.9551818370819092,6.8158
1402,i12.bmp,i12_17_3.bmp,0.9268004894256592,4.8108
1403,i12.bmp,i12_17_4.bmp,0.8757323622703552,6.2632
1404,i12.bmp,i12_17_5.bmp,0.7774667143821716,4.0263
1405,i12.bmp,i12_18_1.bmp,0.9559674263000488,5.6486
1406,i12.bmp,i12_18_2.bmp,0.9265379309654236,5.3514
1407,i12.bmp,i12_18_3.bmp,0.8738901019096375,5.0
1408,i12.bmp,i12_18_4.bmp,0.7787036299705505,4.4865
1409,i12.bmp,i12_18_5.bmp,0.6900712847709656,4.2973
1410,i12.bmp,i12_19_1.bmp,0.9285885095596313,5.7297
1411,i12.bmp,i12_19_2.bmp,0.8956037759780884,5.5135
1412,i12.bmp,i12_19_3.bmp,0.8429313898086548,5.2973
1413,i12.bmp,i12_19_4.bmp,0.7862054109573364,4.7105
1414,i12.bmp,i12_19_5.bmp,0.7160478830337524,4.0263
1415,i12.bmp,i12_20_1.bmp,0.9335956573486328,5.5833
1416,i12.bmp,i12_20_2.bmp,0.8659254908561707,5.2778
1417,i12.bmp,i12_20_3.bmp,0.775774359703064,4.4324
1418,i12.bmp,i12_20_4.bmp,0.6846487522125244,3.6053
1419,i12.bmp,i12_20_5.bmp,0.6139969825744629,2.8056
1420,i12.bmp,i12_21_1.bmp,0.8626736402511597,5.1579
1421,i12.bmp,i12_21_2.bmp,0.783074140548706,4.9459
1422,i12.bmp,i12_21_3.bmp,0.7247483134269714,4.0263
1423,i12.bmp,i12_21_4.bmp,0.6434348225593567,3.0278
1424,i12.bmp,i12_21_5.bmp,0.5233781337738037,2.0
1425,i12.bmp,i12_22_1.bmp,0.928177535533905,5.25
1426,i12.bmp,i12_22_2.bmp,0.8926682472229004,5.1316
1427,i12.bmp,i12_22_3.bmp,0.8195883631706238,4.5676
1428,i12.bmp,i12_22_4.bmp,0.7041481733322144,3.5
1429,i12.bmp,i12_22_5.bmp,0.6167292594909668,2.6216
1430,i12.bmp,i12_23_1.bmp,0.9239369630813599,6.0541
1431,i12.bmp,i12_23_2.bmp,0.8220592737197876,6.1842
1432,i12.bmp,i12_23_3.bmp,0.7038400173187256,4.8947
1433,i12.bmp,i12_23_4.bmp,0.5512033700942993,3.1892
1434,i12.bmp,i12_23_5.bmp,0.4563849866390228,2.2105
1435,i12.bmp,i12_24_1.bmp,0.8511862754821777,5.8649
1436,i12.bmp,i12_24_2.bmp,0.7399501204490662,4.3784
1437,i12.bmp,i12_24_3.bmp,0.5802180767059326,3.0789
1438,i12.bmp,i12_24_4.bmp,0.47584110498428345,1.9737
1439,i12.bmp,i12_24_5.bmp,0.4293919801712036,0.40541
1440,i13.bmp,i13_01_1.bmp,0.9441149830818176,5.5349
1441,i13.bmp,i13_01_2.bmp,0.9292395710945129,5.425
1442,i13.bmp,i13_01_3.bmp,0.8787176609039307,5.0698
1443,i13.bmp,i13_01_4.bmp,0.8270947337150574,4.7907
1444,i13.bmp,i13_01_5.bmp,0.7785850167274475,4.0238
1445,i13.bmp,i13_02_1.bmp,0.9586901664733887,5.3095
1446,i13.bmp,i13_02_2.bmp,0.9328687787055969,5.5366
1447,i13.bmp,i13_02_3.bmp,0.9000402092933655,5.6279
1448,i13.bmp,i13_02_4.bmp,0.8590103387832642,5.4048
1449,i13.bmp,i13_02_5.bmp,0.8150182962417603,4.6667
1450,i13.bmp,i13_03_1.bmp,0.873826801776886,5.1429
1451,i13.bmp,i13_03_2.bmp,0.821826696395874,5.0714
1452,i13.bmp,i13_03_3.bmp,0.7514592409133911,4.1667
1453,i13.bmp,i13_03_4.bmp,0.6869736909866333,3.6667
1454,i13.bmp,i13_03_5.bmp,0.6245691776275635,2.7619
1455,i13.bmp,i13_04_1.bmp,0.9847304821014404,5.7317
1456,i13.bmp,i13_04_2.bmp,0.9794528484344482,5.475
1457,i13.bmp,i13_04_3.bmp,0.9696363210678101,5.5581
1458,i13.bmp,i13_04_4.bmp,0.9552081823348999,5.439
1459,i13.bmp,i13_04_5.bmp,0.923358678817749,4.9286
1460,i13.bmp,i13_05_1.bmp,0.9741821885108948,5.3571
1461,i13.bmp,i13_05_2.bmp,0.9609482288360596,5.0476
1462,i13.bmp,i13_05_3.bmp,0.921066164970398,5.5116
1463,i13.bmp,i13_05_4.bmp,0.8413633108139038,4.1667
1464,i13.bmp,i13_05_5.bmp,0.7184103727340698,3.0952
1465,i13.bmp,i13_06_1.bmp,0.9439193606376648,4.55
1466,i13.bmp,i13_06_2.bmp,0.9175398349761963,4.2558
1467,i13.bmp,i13_06_3.bmp,0.86365807056427,3.6667
1468,i13.bmp,i13_06_4.bmp,0.8201383352279663,3.4419
1469,i13.bmp,i13_06_5.bmp,0.7463622093200684,3.0952
1470,i13.bmp,i13_07_1.bmp,0.9413544535636902,5.725
1471,i13.bmp,i13_07_2.bmp,0.9067121744155884,5.3171
1472,i13.bmp,i13_07_3.bmp,0.85700923204422,4.6429
1473,i13.bmp,i13_07_4.bmp,0.7797454595565796,3.4146
1474,i13.bmp,i13_07_5.bmp,0.6916601657867432,2.8293
1475,i13.bmp,i13_08_1.bmp,0.9444140791893005,4.8095
1476,i13.bmp,i13_08_2.bmp,0.8813289999961853,3.9524
1477,i13.bmp,i13_08_3.bmp,0.7465754747390747,3.122
1478,i13.bmp,i13_08_4.bmp,0.5665277242660522,2.5814
1479,i13.bmp,i13_08_5.bmp,0.45053359866142273,1.7381
1480,i13.bmp,i13_09_1.bmp,0.9002553820610046,5.0732
1481,i13.bmp,i13_09_2.bmp,0.8335393667221069,4.7674
1482,i13.bmp,i13_09_3.bmp,0.7276937961578369,3.186
1483,i13.bmp,i13_09_4.bmp,0.5701795220375061,2.1667
1484,i13.bmp,i13_09_5.bmp,0.4347164034843445,0.4878
1485,i13.bmp,i13_10_1.bmp,0.9323071241378784,5.4884
1486,i13.bmp,i13_10_2.bmp,0.8914912939071655,5.4651
1487,i13.bmp,i13_10_3.bmp,0.8162696361541748,4.475
1488,i13.bmp,i13_10_4.bmp,0.66823810338974,3.2558
1489,i13.bmp,i13_10_5.bmp,0.5534970164299011,1.1628
1490,i13.bmp,i13_11_1.bmp,0.9638733863830566,5.3256
1491,i13.bmp,i13_11_2.bmp,0.9309706091880798,5.3256
1492,i13.bmp,i13_11_3.bmp,0.8692044019699097,4.6905
1493,i13.bmp,i13_11_4.bmp,0.7701858282089233,4.3488
1494,i13.bmp,i13_11_5.bmp,0.5598771572113037,2.3809
1495,i13.bmp,i13_12_1.bmp,0.9748786687850952,5.2326
1496,i13.bmp,i13_12_2.bmp,0.9705138206481934,5.4419
1497,i13.bmp,i13_12_3.bmp,0.9128105640411377,5.1163
1498,i13.bmp,i13_12_4.bmp,0.9252829551696777,5.2619
1499,i13.bmp,i13_12_5.bmp,0.8910953998565674,5.0476
1500,i13.bmp,i13_13_1.bmp,0.964513897895813,5.4186
1501,i13.bmp,i13_13_2.bmp,0.9470834136009216,4.9286
1502,i13.bmp,i13_13_3.bmp,0.8321282267570496,4.7907
1503,i13.bmp,i13_13_4.bmp,0.8131985664367676,3.6341
1504,i13.bmp,i13_13_5.bmp,0.6837365031242371,2.4048
1505,i13.bmp,i13_14_1.bmp,0.9725762605667114,5.6429
1506,i13.bmp,i13_14_2.bmp,0.9413190484046936,5.4048
1507,i13.bmp,i13_14_3.bmp,0.9070361256599426,5.7381
1508,i13.bmp,i13_14_4.bmp,0.8698534369468689,5.0233
1509,i13.bmp,i13_14_5.bmp,0.8207552433013916,3.9762
1510,i13.bmp,i13_15_1.bmp,0.8131827712059021,2.7317
1511,i13.bmp,i13_15_2.bmp,0.8213921189308167,2.878
1512,i13.bmp,i13_15_3.bmp,0.8329199552536011,3.0476
1513,i13.bmp,i13_15_4.bmp,0.8694549798965454,3.5714
1514,i13.bmp,i13_15_5.bmp,0.8510525226593018,3.7073
1515,i13.bmp,i13_16_1.bmp,0.9884372353553772,5.6047
1516,i13.bmp,i13_16_2.bmp,0.9789170622825623,5.2791
1517,i13.bmp,i13_16_3.bmp,0.9417202472686768,5.439
1518,i13.bmp,i13_16_4.bmp,0.9230906963348389,4.2927
1519,i13.bmp,i13_16_5.bmp,0.866009533405304,4.4419
1520,i13.bmp,i13_17_1.bmp,0.9720748066902161,4.4884
1521,i13.bmp,i13_17_2.bmp,0.9439951777458191,6.6279
1522,i13.bmp,i13_17_3.bmp,0.9067594408988953,3.7209
1523,i13.bmp,i13_17_4.bmp,0.8576058149337769,6.4884
1524,i13.bmp,i13_17_5.bmp,0.7559225559234619,2.5854
1525,i13.bmp,i13_18_1.bmp,0.9410313367843628,3.9512
1526,i13.bmp,i13_18_2.bmp,0.9048025608062744,3.7442
1527,i13.bmp,i13_18_3.bmp,0.8431494832038879,3.1429
1528,i13.bmp,i13_18_4.bmp,0.7590440511703491,2.8462
1529,i13.bmp,i13_18_5.bmp,0.7098168730735779,2.7317
1530,i13.bmp,i13_19_1.bmp,0.947047770023346,5.2439
1531,i13.bmp,i13_19_2.bmp,0.9213505983352661,5.2619
1532,i13.bmp,i13_19_3.bmp,0.8749253749847412,5.3256
1533,i13.bmp,i13_19_4.bmp,0.8170813322067261,4.5122
1534,i13.bmp,i13_19_5.bmp,0.7503615617752075,4.1628
1535,i13.bmp,i13_20_1.bmp,0.9765845537185669,5.6744
1536,i13.bmp,i13_20_2.bmp,0.9638361930847168,5.0952
1537,i13.bmp,i13_20_3.bmp,0.9421837329864502,5.5238
1538,i13.bmp,i13_20_4.bmp,0.8963892459869385,5.2857
1539,i13.bmp,i13_20_5.bmp,0.818141758441925,5.2326
1540,i13.bmp,i13_21_1.bmp,0.9306331872940063,5.6512
1541,i13.bmp,i13_21_2.bmp,0.9020755290985107,5.5476
1542,i13.bmp,i13_21_3.bmp,0.8584873080253601,5.0952
1543,i13.bmp,i13_21_4.bmp,0.7843254804611206,4.7209
1544,i13.bmp,i13_21_5.bmp,0.6971467733383179,3.4762
1545,i13.bmp,i13_22_1.bmp,0.9335756301879883,5.4286
1546,i13.bmp,i13_22_2.bmp,0.88972407579422,4.7805
1547,i13.bmp,i13_22_3.bmp,0.8251295685768127,3.9767
1548,i13.bmp,i13_22_4.bmp,0.7260476350784302,2.9302
1549,i13.bmp,i13_22_5.bmp,0.6565213799476624,2.4186
1550,i13.bmp,i13_23_1.bmp,0.9340181350708008,5.6512
1551,i13.bmp,i13_23_2.bmp,0.8680490255355835,5.3953
1552,i13.bmp,i13_23_3.bmp,0.8117261528968811,5.45
1553,i13.bmp,i13_23_4.bmp,0.770026445388794,5.0465
1554,i13.bmp,i13_23_5.bmp,0.663407564163208,5.2093
1555,i13.bmp,i13_24_1.bmp,0.917060911655426,5.4419
1556,i13.bmp,i13_24_2.bmp,0.8791844844818115,5.1905
1557,i13.bmp,i13_24_3.bmp,0.8208683729171753,4.3953
1558,i13.bmp,i13_24_4.bmp,0.7519264817237854,3.8605
1559,i13.bmp,i13_24_5.bmp,0.6029372811317444,2.8809
1560,i14.bmp,i14_01_1.bmp,0.9521000385284424,5.8919
1561,i14.bmp,i14_01_2.bmp,0.9207361340522766,5.6944
1562,i14.bmp,i14_01_3.bmp,0.8811565637588501,4.7778
1563,i14.bmp,i14_01_4.bmp,0.8226348161697388,4.3143
1564,i14.bmp,i14_01_5.bmp,0.7507001161575317,3.75
1565,i14.bmp,i14_02_1.bmp,0.9707624912261963,5.973
1566,i14.bmp,i14_02_2.bmp,0.9540975093841553,5.9167
1567,i14.bmp,i14_02_3.bmp,0.9287860989570618,5.7714
1568,i14.bmp,i14_02_4.bmp,0.8911838531494141,5.1389
1569,i14.bmp,i14_02_5.bmp,0.8395405411720276,4.5278
1570,i14.bmp,i14_03_1.bmp,0.8938204050064087,5.1944
1571,i14.bmp,i14_03_2.bmp,0.8419302701950073,4.4324
1572,i14.bmp,i14_03_3.bmp,0.7766470909118652,3.7778
1573,i14.bmp,i14_03_4.bmp,0.707073450088501,3.0833
1574,i14.bmp,i14_03_5.bmp,0.6125890612602234,2.5946
1575,i14.bmp,i14_04_1.bmp,0.9893536567687988,6.0286
1576,i14.bmp,i14_04_2.bmp,0.9853748679161072,5.6389
1577,i14.bmp,i14_04_3.bmp,0.976637601852417,5.5
1578,i14.bmp,i14_04_4.bmp,0.9593797326087952,4.6571
1579,i14.bmp,i14_04_5.bmp,0.9238572120666504,4.0278
1580,i14.bmp,i14_05_1.bmp,0.9727174043655396,6.0541
1581,i14.bmp,i14_05_2.bmp,0.9546536207199097,5.5946
1582,i14.bmp,i14_05_3.bmp,0.9014531970024109,4.9722
1583,i14.bmp,i14_05_4.bmp,0.8141555786132812,4.1622
1584,i14.bmp,i14_05_5.bmp,0.6855442523956299,3.027
1585,i14.bmp,i14_06_1.bmp,0.9460342526435852,5.0833
1586,i14.bmp,i14_06_2.bmp,0.9084936380386353,4.3333
1587,i14.bmp,i14_06_3.bmp,0.8726834058761597,4.0278
1588,i14.bmp,i14_06_4.bmp,0.818783700466156,3.7778
1589,i14.bmp,i14_06_5.bmp,0.7352607846260071,3.1667
1590,i14.bmp,i14_07_1.bmp,0.9343536496162415,5.7222
1591,i14.bmp,i14_07_2.bmp,0.9064173698425293,5.4444
1592,i14.bmp,i14_07_3.bmp,0.8337401747703552,4.2778
1593,i14.bmp,i14_07_4.bmp,0.7906085252761841,3.6111
1594,i14.bmp,i14_07_5.bmp,0.7177345156669617,2.9189
1595,i14.bmp,i14_08_1.bmp,0.9694317579269409,5.4324
1596,i14.bmp,i14_08_2.bmp,0.9244932532310486,4.5556
1597,i14.bmp,i14_08_3.bmp,0.812624990940094,3.4865
1598,i14.bmp,i14_08_4.bmp,0.6444312930107117,2.8378
1599,i14.bmp,i14_08_5.bmp,0.5015145540237427,1.5946
1600,i14.bmp,i14_09_1.bmp,0.9068055152893066,6.0541
1601,i14.bmp,i14_09_2.bmp,0.8713449239730835,5.8919
1602,i14.bmp,i14_09_3.bmp,0.7950553297996521,4.5
1603,i14.bmp,i14_09_4.bmp,0.6609514951705933,2.8919
1604,i14.bmp,i14_09_5.bmp,0.5096770524978638,1.75
1605,i14.bmp,i14_10_1.bmp,0.9459351301193237,5.7778
1606,i14.bmp,i14_10_2.bmp,0.910880446434021,5.1667
1607,i14.bmp,i14_10_3.bmp,0.8248932957649231,4.25
1608,i14.bmp,i14_10_4.bmp,0.6783032417297363,3.0556
1609,i14.bmp,i14_10_5.bmp,0.5709760785102844,1.8611
1610,i14.bmp,i14_11_1.bmp,0.9557874202728271,5.973
1611,i14.bmp,i14_11_2.bmp,0.9062100648880005,5.4722
1612,i14.bmp,i14_11_3.bmp,0.8144404888153076,4.2432
1613,i14.bmp,i14_11_4.bmp,0.6606094837188721,3.0833
1614,i14.bmp,i14_11_5.bmp,0.4951809048652649,1.2857
1615,i14.bmp,i14_12_1.bmp,0.9728279113769531,5.8108
1616,i14.bmp,i14_12_2.bmp,0.9262693524360657,5.6471
1617,i14.bmp,i14_12_3.bmp,0.8301767110824585,4.0571
1618,i14.bmp,i14_12_4.bmp,0.8483072519302368,4.1351
1619,i14.bmp,i14_12_5.bmp,0.8044751286506653,3.1892
1620,i14.bmp,i14_13_1.bmp,0.899160623550415,5.027
1621,i14.bmp,i14_13_2.bmp,0.8856816291809082,4.5278
1622,i14.bmp,i14_13_3.bmp,0.7881431579589844,3.6216
1623,i14.bmp,i14_13_4.bmp,0.7078947424888611,3.0833
1624,i14.bmp,i14_13_5.bmp,0.6273126006126404,1.9167
1625,i14.bmp,i14_14_1.bmp,0.9715447425842285,6.0541
1626,i14.bmp,i14_14_2.bmp,0.9747363328933716,5.7027
1627,i14.bmp,i14_14_3.bmp,0.9376540184020996,4.6944
1628,i14.bmp,i14_14_4.bmp,0.8839861154556274,4.1667
1629,i14.bmp,i14_14_5.bmp,0.8382598161697388,3.3714
1630,i14.bmp,i14_15_1.bmp,0.8946400880813599,2.9459
1631,i14.bmp,i14_15_2.bmp,0.9087873697280884,3.3514
1632,i14.bmp,i14_15_3.bmp,0.9269663095474243,3.5294
1633,i14.bmp,i14_15_4.bmp,0.941717803478241,3.6216
1634,i14.bmp,i14_15_5.bmp,0.9649463891983032,3.973
1635,i14.bmp,i14_16_1.bmp,0.9940018653869629,5.7714
1636,i14.bmp,i14_16_2.bmp,0.9889150857925415,5.973
1637,i14.bmp,i14_16_3.bmp,0.969978928565979,5.3056
1638,i14.bmp,i14_16_4.bmp,0.9547646641731262,5.1714
1639,i14.bmp,i14_16_5.bmp,0.9158385992050171,4.0286
1640,i14.bmp,i14_17_1.bmp,0.9813470840454102,5.4054
1641,i14.bmp,i14_17_2.bmp,0.9571888446807861,6.4324
1642,i14.bmp,i14_17_3.bmp,0.9244093894958496,4.1389
1643,i14.bmp,i14_17_4.bmp,0.8833386898040771,5.9189
1644,i14.bmp,i14_17_5.bmp,0.7635830640792847,3.2432
1645,i14.bmp,i14_18_1.bmp,0.9768146276473999,5.3714
1646,i14.bmp,i14_18_2.bmp,0.9623361825942993,5.1389
1647,i14.bmp,i14_18_3.bmp,0.9370267391204834,4.6667
1648,i14.bmp,i14_18_4.bmp,0.8927255272865295,4.1471
1649,i14.bmp,i14_18_5.bmp,0.817055881023407,3.75
1650,i14.bmp,i14_19_1.bmp,0.9410650134086609,5.3714
1651,i14.bmp,i14_19_2.bmp,0.9118255376815796,5.1111
1652,i14.bmp,i14_19_3.bmp,0.8656889200210571,4.9722
1653,i14.bmp,i14_19_4.bmp,0.8183878064155579,3.9143
1654,i14.bmp,i14_19_5.bmp,0.7486795783042908,3.2286
1655,i14.bmp,i14_20_1.bmp,0.9742105603218079,5.7222
1656,i14.bmp,i14_20_2.bmp,0.9520878791809082,5.5946
1657,i14.bmp,i14_20_3.bmp,0.9127893447875977,5.4167
1658,i14.bmp,i14_20_4.bmp,0.8261253833770752,4.1944
1659,i14.bmp,i14_20_5.bmp,0.7052523493766785,3.2703
1660,i14.bmp,i14_21_1.bmp,0.9343287944793701,5.2973
1661,i14.bmp,i14_21_2.bmp,0.8951281309127808,5.1667
1662,i14.bmp,i14_21_3.bmp,0.817199170589447,4.5405
1663,i14.bmp,i14_21_4.bmp,0.7366597652435303,3.75
1664,i14.bmp,i14_21_5.bmp,0.6237705945968628,2.6486
1665,i14.bmp,i14_22_1.bmp,0.9686498641967773,5.4054
1666,i14.bmp,i14_22_2.bmp,0.9457231760025024,5.3714
1667,i14.bmp,i14_22_3.bmp,0.9121251106262207,5.0556
1668,i14.bmp,i14_22_4.bmp,0.8016770482063293,3.9714
1669,i14.bmp,i14_22_5.bmp,0.7184642553329468,3.2778
1670,i14.bmp,i14_23_1.bmp,0.9653052091598511,6.0278
1671,i14.bmp,i14_23_2.bmp,0.9176629781723022,6.027
1672,i14.bmp,i14_23_3.bmp,0.8419851064682007,5.6111
1673,i14.bmp,i14_23_4.bmp,0.7765281200408936,5.0
1674,i14.bmp,i14_23_5.bmp,0.5993240475654602,2.7778
1675,i14.bmp,i14_24_1.bmp,0.9426393508911133,6.1351
1676,i14.bmp,i14_24_2.bmp,0.8951733112335205,5.5833
1677,i14.bmp,i14_24_3.bmp,0.8060605525970459,4.4444
1678,i14.bmp,i14_24_4.bmp,0.6655870079994202,3.1892
1679,i14.bmp,i14_24_5.bmp,0.4809032678604126,0.91892
1680,i15.bmp,i15_01_1.bmp,0.893852174282074,5.8222
1681,i15.bmp,i15_01_2.bmp,0.8459213972091675,5.0682
1682,i15.bmp,i15_01_3.bmp,0.7889331579208374,4.9556
1683,i15.bmp,i15_01_4.bmp,0.7203556895256042,4.2791
1684,i15.bmp,i15_01_5.bmp,0.6450807452201843,3.9111
1685,i15.bmp,i15_02_1.bmp,0.9292399287223816,6.0909
1686,i15.bmp,i15_02_2.bmp,0.89504075050354,5.8182
1687,i15.bmp,i15_02_3.bmp,0.8532402515411377,5.6364
1688,i15.bmp,i15_02_4.bmp,0.7901942729949951,4.8864
1689,i15.bmp,i15_02_5.bmp,0.7220224142074585,4.6364
1690,i15.bmp,i15_03_1.bmp,0.7967700958251953,4.3256
1691,i15.bmp,i15_03_2.bmp,0.7256785035133362,3.814
1692,i15.bmp,i15_03_3.bmp,0.6558594703674316,3.6136
1693,i15.bmp,i15_03_4.bmp,0.5838901996612549,3.1778
1694,i15.bmp,i15_03_5.bmp,0.5210102200508118,2.6279
1695,i15.bmp,i15_04_1.bmp,0.9700464606285095,6.0227
1696,i15.bmp,i15_04_2.bmp,0.9588033556938171,6.0444
1697,i15.bmp,i15_04_3.bmp,0.9411911964416504,5.8372
1698,i15.bmp,i15_04_4.bmp,0.9125276803970337,5.7778
1699,i15.bmp,i15_04_5.bmp,0.8640494346618652,4.9773
1700,i15.bmp,i15_05_1.bmp,0.9334797263145447,5.7857
1701,i15.bmp,i15_05_2.bmp,0.9013542532920837,5.6512
1702,i15.bmp,i15_05_3.bmp,0.8220524787902832,5.1136
1703,i15.bmp,i15_05_4.bmp,0.7099501490592957,4.0682
1704,i15.bmp,i15_05_5.bmp,0.5882691144943237,3.3182
1705,i15.bmp,i15_06_1.bmp,0.850117564201355,4.4318
1706,i15.bmp,i15_06_2.bmp,0.7930078506469727,4.1778
1707,i15.bmp,i15_06_3.bmp,0.7365932464599609,3.9767
1708,i15.bmp,i15_06_4.bmp,0.6767474412918091,3.3636
1709,i15.bmp,i15_06_5.bmp,0.6156007051467896,3.1778
1710,i15.bmp,i15_07_1.bmp,0.8329294919967651,4.814
1711,i15.bmp,i15_07_2.bmp,0.7687439918518066,3.9302
1712,i15.bmp,i15_07_3.bmp,0.7034756541252136,3.6136
1713,i15.bmp,i15_07_4.bmp,0.6496427655220032,2.9111
1714,i15.bmp,i15_07_5.bmp,0.5859721302986145,2.4444
1715,i15.bmp,i15_08_1.bmp,0.9597102403640747,5.9556
1716,i15.bmp,i15_08_2.bmp,0.9164317846298218,6.0667
1717,i15.bmp,i15_08_3.bmp,0.8279256820678711,5.1364
1718,i15.bmp,i15_08_4.bmp,0.710625171661377,3.9318
1719,i15.bmp,i15_08_5.bmp,0.6108850240707397,3.3636
1720,i15.bmp,i15_09_1.bmp,0.8367992043495178,5.9302
1721,i15.bmp,i15_09_2.bmp,0.7883468866348267,5.5454
1722,i15.bmp,i15_09_3.bmp,0.7204189300537109,4.6977
1723,i15.bmp,i15_09_4.bmp,0.6408495903015137,3.7442
1724,i15.bmp,i15_09_5.bmp,0.5474554300308228,2.5
1725,i15.bmp,i15_10_1.bmp,0.9279972314834595,5.7778
1726,i15.bmp,i15_10_2.bmp,0.878964364528656,5.7046
1727,i15.bmp,i15_10_3.bmp,0.7782914042472839,4.6
1728,i15.bmp,i15_10_4.bmp,0.6137030720710754,3.1778
1729,i15.bmp,i15_10_5.bmp,0.5283052325248718,1.8667
1730,i15.bmp,i15_11_1.bmp,0.8381825685501099,5.8444
1731,i15.bmp,i15_11_2.bmp,0.7004131078720093,4.4
1732,i15.bmp,i15_11_3.bmp,0.5862715244293213,3.0488
1733,i15.bmp,i15_11_4.bmp,0.5134834051132202,2.0
1734,i15.bmp,i15_11_5.bmp,0.4702042043209076,0.65116
1735,i15.bmp,i15_12_1.bmp,0.9120179414749146,5.6667
1736,i15.bmp,i15_12_2.bmp,0.8849122524261475,5.4091
1737,i15.bmp,i15_12_3.bmp,0.7426441311836243,4.2222
1738,i15.bmp,i15_12_4.bmp,0.6764847040176392,3.2
1739,i15.bmp,i15_12_5.bmp,0.5829315185546875,2.5682
1740,i15.bmp,i15_13_1.bmp,0.8661692142486572,4.8409
1741,i15.bmp,i15_13_2.bmp,0.7023033499717712,3.7674
1742,i15.bmp,i15_13_3.bmp,0.6509453058242798,3.3488
1743,i15.bmp,i15_13_4.bmp,0.6315825581550598,2.8636
1744,i15.bmp,i15_13_5.bmp,0.5084563493728638,2.1136
1745,i15.bmp,i15_14_1.bmp,0.9279633164405823,5.5909
1746,i15.bmp,i15_14_2.bmp,0.9754341244697571,6.1556
1747,i15.bmp,i15_14_3.bmp,0.9467337727546692,5.9556
1748,i15.bmp,i15_14_4.bmp,0.9180364012718201,5.0238
1749,i15.bmp,i15_14_5.bmp,0.8613710999488831,3.7955
1750,i15.bmp,i15_15_1.bmp,0.8594892024993896,3.8864
1751,i15.bmp,i15_15_2.bmp,0.8596463799476624,4.0227
1752,i15.bmp,i15_15_3.bmp,0.8844048380851746,3.9545
1753,i15.bmp,i15_15_4.bmp,0.9081322550773621,4.1364
1754,i15.bmp,i15_15_5.bmp,0.9179902672767639,4.9546
1755,i15.bmp,i15_16_1.bmp,0.9870152473449707,6.2273
1756,i15.bmp,i15_16_2.bmp,0.9766072034835815,5.907
1757,i15.bmp,i15_16_3.bmp,0.9220283031463623,5.4222
1758,i15.bmp,i15_16_4.bmp,0.9236742258071899,5.3864
1759,i15.bmp,i15_16_5.bmp,0.8079581260681152,4.0233
1760,i15.bmp,i15_17_1.bmp,0.972437858581543,5.9318
1761,i15.bmp,i15_17_2.bmp,0.9451128840446472,6.6667
1762,i15.bmp,i15_17_3.bmp,0.9108512997627258,5.0
1763,i15.bmp,i15_17_4.bmp,0.8710407614707947,6.3111
1764,i15.bmp,i15_17_5.bmp,0.7557250261306763,3.8222
1765,i15.bmp,i15_18_1.bmp,0.9519563317298889,5.1556
1766,i15.bmp,i15_18_2.bmp,0.9234962463378906,4.814
1767,i15.bmp,i15_18_3.bmp,0.8749065399169922,4.3721
1768,i15.bmp,i15_18_4.bmp,0.7896783351898193,4.0909
1769,i15.bmp,i15_18_5.bmp,0.6949954032897949,3.7674
1770,i15.bmp,i15_19_1.bmp,0.9217846393585205,5.9091
1771,i15.bmp,i15_19_2.bmp,0.8876166939735413,5.3333
1772,i15.bmp,i15_19_3.bmp,0.8413684368133545,4.7209
1773,i15.bmp,i15_19_4.bmp,0.7767322063446045,4.3721
1774,i15.bmp,i15_19_5.bmp,0.7093492746353149,3.9111
1775,i15.bmp,i15_20_1.bmp,0.920452892780304,6.3256
1776,i15.bmp,i15_20_2.bmp,0.8606363534927368,5.6444
1777,i15.bmp,i15_20_3.bmp,0.7846822738647461,4.7442
1778,i15.bmp,i15_20_4.bmp,0.6884057521820068,3.1333
1779,i15.bmp,i15_20_5.bmp,0.6165676116943359,2.4444
1780,i15.bmp,i15_21_1.bmp,0.8403762578964233,5.2273
1781,i15.bmp,i15_21_2.bmp,0.7808558344841003,4.5556
1782,i15.bmp,i15_21_3.bmp,0.7161123752593994,3.9111
1783,i15.bmp,i15_21_4.bmp,0.6309316754341125,3.1136
1784,i15.bmp,i15_21_5.bmp,0.5737610459327698,2.3023
1785,i15.bmp,i15_22_1.bmp,0.9344836473464966,6.3333
1786,i15.bmp,i15_22_2.bmp,0.897254228591919,5.8
1787,i15.bmp,i15_22_3.bmp,0.8407250642776489,5.3864
1788,i15.bmp,i15_22_4.bmp,0.7506253123283386,4.4889
1789,i15.bmp,i15_22_5.bmp,0.6614375710487366,3.7111
1790,i15.bmp,i15_23_1.bmp,0.9414149522781372,5.9091
1791,i15.bmp,i15_23_2.bmp,0.8693796992301941,5.9091
1792,i15.bmp,i15_23_3.bmp,0.7390745282173157,5.3636
1793,i15.bmp,i15_23_4.bmp,0.651877760887146,4.4773
1794,i15.bmp,i15_23_5.bmp,0.5661011338233948,3.3721
1795,i15.bmp,i15_24_1.bmp,0.8331773281097412,5.7727
1796,i15.bmp,i15_24_2.bmp,0.7263044714927673,4.814
1797,i15.bmp,i15_24_3.bmp,0.5952630043029785,3.2273
1798,i15.bmp,i15_24_4.bmp,0.5182301998138428,1.8864
1799,i15.bmp,i15_24_5.bmp,0.48686978220939636,0.72727
1800,i16.bmp,i16_01_1.bmp,0.8574784994125366,5.6154
1801,i16.bmp,i16_01_2.bmp,0.8048399686813354,5.65
1802,i16.bmp,i16_01_3.bmp,0.7386314868927002,5.0263
1803,i16.bmp,i16_01_4.bmp,0.6716493964195251,4.1539
1804,i16.bmp,i16_01_5.bmp,0.6000251770019531,3.9487
1805,i16.bmp,i16_02_1.bmp,0.9000639319419861,5.9
1806,i16.bmp,i16_02_2.bmp,0.8548609018325806,6.15
1807,i16.bmp,i16_02_3.bmp,0.8122172355651855,5.575
1808,i16.bmp,i16_02_4.bmp,0.7449066638946533,5.2
1809,i16.bmp,i16_02_5.bmp,0.6692311763763428,4.6154
1810,i16.bmp,i16_03_1.bmp,0.7533912062644958,4.7436
1811,i16.bmp,i16_03_2.bmp,0.6828730702400208,4.0789
1812,i16.bmp,i16_03_3.bmp,0.6115064024925232,3.6923
1813,i16.bmp,i16_03_4.bmp,0.5348291397094727,3.2368
1814,i16.bmp,i16_03_5.bmp,0.4743077754974365,2.7949
1815,i16.bmp,i16_04_1.bmp,0.9675208926200867,5.825
1816,i16.bmp,i16_04_2.bmp,0.9563022255897522,5.8205
1817,i16.bmp,i16_04_3.bmp,0.9351939558982849,5.75
1818,i16.bmp,i16_04_4.bmp,0.8949543237686157,5.1282
1819,i16.bmp,i16_04_5.bmp,0.8353492617607117,4.6154
1820,i16.bmp,i16_05_1.bmp,0.9076099395751953,5.8
1821,i16.bmp,i16_05_2.bmp,0.8706232905387878,5.6154
1822,i16.bmp,i16_05_3.bmp,0.7901774048805237,5.2308
1823,i16.bmp,i16_05_4.bmp,0.6828679442405701,4.35
1824,i16.bmp,i16_05_5.bmp,0.5488160848617554,3.3947
1825,i16.bmp,i16_06_1.bmp,0.8417010307312012,5.282
1826,i16.bmp,i16_06_2.bmp,0.7811452150344849,4.8205
1827,i16.bmp,i16_06_3.bmp,0.7327073812484741,4.5385
1828,i16.bmp,i16_06_4.bmp,0.6563770771026611,3.9737
1829,i16.bmp,i16_06_5.bmp,0.5961464047431946,3.5897
1830,i16.bmp,i16_07_1.bmp,0.8014639616012573,5.475
1831,i16.bmp,i16_07_2.bmp,0.7429880499839783,4.75
1832,i16.bmp,i16_07_3.bmp,0.6656187176704407,4.35
1833,i16.bmp,i16_07_4.bmp,0.6139019131660461,3.6667
1834,i16.bmp,i16_07_5.bmp,0.5672803521156311,3.1026
1835,i16.bmp,i16_08_1.bmp,0.9456228017807007,5.8205
1836,i16.bmp,i16_08_2.bmp,0.8916158676147461,5.225
1837,i16.bmp,i16_08_3.bmp,0.781139075756073,4.275
1838,i16.bmp,i16_08_4.bmp,0.6338865160942078,3.6154
1839,i16.bmp,i16_08_5.bmp,0.529976487159729,2.925
1840,i16.bmp,i16_09_1.bmp,0.8277092576026917,6.0256
1841,i16.bmp,i16_09_2.bmp,0.7736371755599976,5.7692
1842,i16.bmp,i16_09_3.bmp,0.6856033205986023,4.5897
1843,i16.bmp,i16_09_4.bmp,0.5573377013206482,3.1282
1844,i16.bmp,i16_09_5.bmp,0.48091429471969604,2.3421
1845,i16.bmp,i16_10_1.bmp,0.899911105632782,5.9
1846,i16.bmp,i16_10_2.bmp,0.8548260927200317,5.7692
1847,i16.bmp,i16_10_3.bmp,0.7542629837989807,5.2564
1848,i16.bmp,i16_10_4.bmp,0.5926679372787476,3.6154
1849,i16.bmp,i16_10_5.bmp,0.5207139253616333,2.4615
1850,i16.bmp,i16_11_1.bmp,0.8136954307556152,5.875
1851,i16.bmp,i16_11_2.bmp,0.7094184160232544,5.075
1852,i16.bmp,i16_11_3.bmp,0.5102938413619995,2.8974
1853,i16.bmp,i16_11_4.bmp,0.4473472237586975,2.075
1854,i16.bmp,i16_11_5.bmp,0.40027254819869995,0.95
1855,i16.bmp,i16_12_1.bmp,0.8998969793319702,5.875
1856,i16.bmp,i16_12_2.bmp,0.8523269295692444,5.575
1857,i16.bmp,i16_12_3.bmp,0.7980793118476868,4.925
1858,i16.bmp,i16_12_4.bmp,0.6974332928657532,3.282
1859,i16.bmp,i16_12_5.bmp,0.5217449069023132,2.6
1860,i16.bmp,i16_13_1.bmp,0.7804720401763916,4.6
1861,i16.bmp,i16_13_2.bmp,0.6925244331359863,3.8158
1862,i16.bmp,i16_13_3.bmp,0.6726820468902588,4.4615
1863,i16.bmp,i16_13_4.bmp,0.5552439093589783,3.0513
1864,i16.bmp,i16_13_5.bmp,0.5941944122314453,3.625
1865,i16.bmp,i16_14_1.bmp,0.9252768158912659,5.7692
1866,i16.bmp,i16_14_2.bmp,0.9644320607185364,6.1316
1867,i16.bmp,i16_14_3.bmp,0.9445661306381226,5.6154
1868,i16.bmp,i16_14_4.bmp,0.9037442207336426,5.5263
1869,i16.bmp,i16_14_5.bmp,0.8675899505615234,4.575
1870,i16.bmp,i16_15_1.bmp,0.8136325478553772,3.4103
1871,i16.bmp,i16_15_2.bmp,0.8286837935447693,3.5385
1872,i16.bmp,i16_15_3.bmp,0.8299226760864258,3.475
1873,i16.bmp,i16_15_4.bmp,0.8547775745391846,3.65
1874,i16.bmp,i16_15_5.bmp,0.8518106341362,4.0263
1875,i16.bmp,i16_16_1.bmp,0.990154504776001,5.9231
1876,i16.bmp,i16_16_2.bmp,0.9801548719406128,6.275
1877,i16.bmp,i16_16_3.bmp,0.9555279612541199,5.6842
1878,i16.bmp,i16_16_4.bmp,0.9368270635604858,5.75
1879,i16.bmp,i16_16_5.bmp,0.8911008238792419,4.6154
1880,i16.bmp,i16_17_1.bmp,0.9742121696472168,5.825
1881,i16.bmp,i16_17_2.bmp,0.9472066760063171,7.1
1882,i16.bmp,i16_17_3.bmp,0.9227084517478943,4.75
1883,i16.bmp,i16_17_4.bmp,0.8721224069595337,6.65
1884,i16.bmp,i16_17_5.bmp,0.7900718450546265,3.359
1885,i16.bmp,i16_18_1.bmp,0.8864485025405884,4.6
1886,i16.bmp,i16_18_2.bmp,0.8155511021614075,4.3947
1887,i16.bmp,i16_18_3.bmp,0.7222929000854492,4.05
1888,i16.bmp,i16_18_4.bmp,0.6680413484573364,3.9231
1889,i16.bmp,i16_18_5.bmp,0.653586745262146,3.9474
1890,i16.bmp,i16_19_1.bmp,0.8448584675788879,5.575
1891,i16.bmp,i16_19_2.bmp,0.8015881776809692,5.375
1892,i16.bmp,i16_19_3.bmp,0.7492561936378479,4.6154
1893,i16.bmp,i16_19_4.bmp,0.6814437508583069,4.1539
1894,i16.bmp,i16_19_5.bmp,0.6060818433761597,3.6667
1895,i16.bmp,i16_20_1.bmp,0.9013503193855286,6.0769
1896,i16.bmp,i16_20_2.bmp,0.839307427406311,5.7436
1897,i16.bmp,i16_20_3.bmp,0.7509329915046692,5.1842
1898,i16.bmp,i16_20_4.bmp,0.6695458292961121,4.125
1899,i16.bmp,i16_20_5.bmp,0.6112632751464844,3.5897
1900,i16.bmp,i16_21_1.bmp,0.8158258199691772,5.825
1901,i16.bmp,i16_21_2.bmp,0.7551565170288086,5.4615
1902,i16.bmp,i16_21_3.bmp,0.6890496611595154,4.2564
1903,i16.bmp,i16_21_4.bmp,0.6143074631690979,3.7692
1904,i16.bmp,i16_21_5.bmp,0.49797022342681885,1.8461
1905,i16.bmp,i16_22_1.bmp,0.8447294235229492,5.6154
1906,i16.bmp,i16_22_2.bmp,0.7968171238899231,5.35
1907,i16.bmp,i16_22_3.bmp,0.7338104248046875,4.9459
1908,i16.bmp,i16_22_4.bmp,0.6447228789329529,3.9737
1909,i16.bmp,i16_22_5.bmp,0.5498051047325134,2.775
1910,i16.bmp,i16_23_1.bmp,0.8812583684921265,6.125
1911,i16.bmp,i16_23_2.bmp,0.6871396899223328,4.825
1912,i16.bmp,i16_23_3.bmp,0.47796744108200073,2.7
1913,i16.bmp,i16_23_4.bmp,0.4391425848007202,2.1579
1914,i16.bmp,i16_23_5.bmp,0.42244094610214233,1.5263
1915,i16.bmp,i16_24_1.bmp,0.7937905788421631,5.3684
1916,i16.bmp,i16_24_2.bmp,0.6498064994812012,4.0526
1917,i16.bmp,i16_24_3.bmp,0.5124455690383911,2.641
1918,i16.bmp,i16_24_4.bmp,0.46288570761680603,1.8421
1919,i16.bmp,i16_24_5.bmp,0.426918089389801,0.97436
1920,i17.bmp,i17_01_1.bmp,0.9086593985557556,5.8919
1921,i17.bmp,i17_01_2.bmp,0.8624383211135864,5.2105
1922,i17.bmp,i17_01_3.bmp,0.8028757572174072,5.0513
1923,i17.bmp,i17_01_4.bmp,0.7380286455154419,4.3846
1924,i17.bmp,i17_01_5.bmp,0.6726773381233215,3.8718
1925,i17.bmp,i17_02_1.bmp,0.9438425898551941,5.75
1926,i17.bmp,i17_02_2.bmp,0.9115710854530334,6.0
1927,i17.bmp,i17_02_3.bmp,0.8763449788093567,5.825
1928,i17.bmp,i17_02_4.bmp,0.8136466145515442,5.275
1929,i17.bmp,i17_02_5.bmp,0.745312511920929,4.4872
1930,i17.bmp,i17_03_1.bmp,0.8191157579421997,4.9737
1931,i17.bmp,i17_03_2.bmp,0.7566715478897095,4.4359
1932,i17.bmp,i17_03_3.bmp,0.6820410490036011,3.8205
1933,i17.bmp,i17_03_4.bmp,0.6083686351776123,3.35
1934,i17.bmp,i17_03_5.bmp,0.5352670550346375,2.8974
1935,i17.bmp,i17_04_1.bmp,0.9803372621536255,5.7692
1936,i17.bmp,i17_04_2.bmp,0.9725307822227478,5.9737
1937,i17.bmp,i17_04_3.bmp,0.9527851939201355,5.3333
1938,i17.bmp,i17_04_4.bmp,0.9126819372177124,5.2368
1939,i17.bmp,i17_04_5.bmp,0.8494492173194885,4.7368
1940,i17.bmp,i17_05_1.bmp,0.9521214365959167,5.825
1941,i17.bmp,i17_05_2.bmp,0.9243889451026917,5.925
1942,i17.bmp,i17_05_3.bmp,0.8412811160087585,5.2368
1943,i17.bmp,i17_05_4.bmp,0.7327640056610107,4.1795
1944,i17.bmp,i17_05_5.bmp,0.605197012424469,3.3421
1945,i17.bmp,i17_06_1.bmp,0.8826760053634644,4.2368
1946,i17.bmp,i17_06_2.bmp,0.8382622599601746,4.4324
1947,i17.bmp,i17_06_3.bmp,0.784577488899231,4.0
1948,i17.bmp,i17_06_4.bmp,0.7308423519134521,3.55
1949,i17.bmp,i17_06_5.bmp,0.651513934135437,3.3077
1950,i17.bmp,i17_07_1.bmp,0.8774281740188599,5.718
1951,i17.bmp,i17_07_2.bmp,0.7956123948097229,4.6579
1952,i17.bmp,i17_07_3.bmp,0.7101213932037354,3.8974
1953,i17.bmp,i17_07_4.bmp,0.6464460492134094,3.2051
1954,i17.bmp,i17_07_5.bmp,0.5925723910331726,2.4737
1955,i17.bmp,i17_08_1.bmp,0.9624371528625488,5.7436
1956,i17.bmp,i17_08_2.bmp,0.9155413508415222,5.225
1957,i17.bmp,i17_08_3.bmp,0.8055604696273804,4.575
1958,i17.bmp,i17_08_4.bmp,0.6408997774124146,3.718
1959,i17.bmp,i17_08_5.bmp,0.5112159848213196,2.95
1960,i17.bmp,i17_09_1.bmp,0.8688919544219971,6.025
1961,i17.bmp,i17_09_2.bmp,0.822002649307251,6.1053
1962,i17.bmp,i17_09_3.bmp,0.7306172251701355,5.025
1963,i17.bmp,i17_09_4.bmp,0.6086814999580383,3.8205
1964,i17.bmp,i17_09_5.bmp,0.479051411151886,2.4595
1965,i17.bmp,i17_10_1.bmp,0.9398424029350281,6.0513
1966,i17.bmp,i17_10_2.bmp,0.8945703506469727,5.925
1967,i17.bmp,i17_10_3.bmp,0.7992119789123535,5.1539
1968,i17.bmp,i17_10_4.bmp,0.6435738205909729,3.425
1969,i17.bmp,i17_10_5.bmp,0.5399631261825562,2.25
1970,i17.bmp,i17_11_1.bmp,0.8628851771354675,5.5641
1971,i17.bmp,i17_11_2.bmp,0.7608343362808228,5.4359
1972,i17.bmp,i17_11_3.bmp,0.6088976860046387,3.8462
1973,i17.bmp,i17_11_4.bmp,0.4955211877822876,2.7692
1974,i17.bmp,i17_11_5.bmp,0.3980850577354431,1.025
1975,i17.bmp,i17_12_1.bmp,0.9537398815155029,5.875
1976,i17.bmp,i17_12_2.bmp,0.9029076099395752,5.9231
1977,i17.bmp,i17_12_3.bmp,0.8705523014068604,5.0769
1978,i17.bmp,i17_12_4.bmp,0.7894934415817261,3.925
1979,i17.bmp,i17_12_5.bmp,0.5759128928184509,2.4872
1980,i17.bmp,i17_13_1.bmp,0.8499022722244263,5.15
1981,i17.bmp,i17_13_2.bmp,0.7893081903457642,4.45
1982,i17.bmp,i17_13_3.bmp,0.6771528720855713,3.2632
1983,i17.bmp,i17_13_4.bmp,0.6224097609519958,2.425
1984,i17.bmp,i17_13_5.bmp,0.5541005730628967,2.3684
1985,i17.bmp,i17_14_1.bmp,0.9388062953948975,5.875
1986,i17.bmp,i17_14_2.bmp,0.9609265923500061,5.7949
1987,i17.bmp,i17_14_3.bmp,0.9177860021591187,5.5263
1988,i17.bmp,i17_14_4.bmp,0.8823005557060242,4.359
1989,i17.bmp,i17_14_5.bmp,0.8300342559814453,3.525
1990,i17.bmp,i17_15_1.bmp,0.8462306261062622,3.55
1991,i17.bmp,i17_15_2.bmp,0.8570082187652588,3.4103
1992,i17.bmp,i17_15_3.bmp,0.8679519891738892,3.2564
1993,i17.bmp,i17_15_4.bmp,0.886978030204773,3.625
1994,i17.bmp,i17_15_5.bmp,0.9250820875167847,4.0
1995,i17.bmp,i17_16_1.bmp,0.9898337125778198,5.925
1996,i17.bmp,i17_16_2.bmp,0.9820355176925659,6.025
1997,i17.bmp,i17_16_3.bmp,0.9312787055969238,5.5789
1998,i17.bmp,i17_16_4.bmp,0.9351263046264648,5.1579
1999,i17.bmp,i17_16_5.bmp,0.8560578227043152,4.1795
2000,i17.bmp,i17_17_1.bmp,0.9791308641433716,5.575
2001,i17.bmp,i17_17_2.bmp,0.9520156383514404,6.625
2002,i17.bmp,i17_17_3.bmp,0.9243113398551941,4.4872
2003,i17.bmp,i17_17_4.bmp,0.8755204677581787,7.1
2004,i17.bmp,i17_17_5.bmp,0.7626641392707825,3.3684
2005,i17.bmp,i17_18_1.bmp,0.8706278800964355,4.55
2006,i17.bmp,i17_18_2.bmp,0.8112455010414124,4.0769
2007,i17.bmp,i17_18_3.bmp,0.7883590459823608,4.1282
2008,i17.bmp,i17_18_4.bmp,0.7722867131233215,3.8205
2009,i17.bmp,i17_18_5.bmp,0.7719981074333191,3.718
2010,i17.bmp,i17_19_1.bmp,0.9144700765609741,5.725
2011,i17.bmp,i17_19_2.bmp,0.8782908916473389,5.3333
2012,i17.bmp,i17_19_3.bmp,0.8269001245498657,4.7692
2013,i17.bmp,i17_19_4.bmp,0.7595879435539246,4.3077
2014,i17.bmp,i17_19_5.bmp,0.687746524810791,3.9231
2015,i17.bmp,i17_20_1.bmp,0.9348083734512329,5.75
2016,i17.bmp,i17_20_2.bmp,0.8677679300308228,5.45
2017,i17.bmp,i17_20_3.bmp,0.7673689723014832,4.8684
2018,i17.bmp,i17_20_4.bmp,0.6687503457069397,4.3684
2019,i17.bmp,i17_20_5.bmp,0.6220976710319519,2.8649
2020,i17.bmp,i17_21_1.bmp,0.8528391718864441,5.425
2021,i17.bmp,i17_21_2.bmp,0.783297061920166,4.7949
2022,i17.bmp,i17_21_3.bmp,0.7028720378875732,4.25
2023,i17.bmp,i17_21_4.bmp,0.6351815462112427,3.3846
2024,i17.bmp,i17_21_5.bmp,0.5539305210113525,2.5263
2025,i17.bmp,i17_22_1.bmp,0.916654109954834,5.975
2026,i17.bmp,i17_22_2.bmp,0.8768014907836914,5.6154
2027,i17.bmp,i17_22_3.bmp,0.7660977840423584,4.3421
2028,i17.bmp,i17_22_4.bmp,0.6695138812065125,3.5897
2029,i17.bmp,i17_22_5.bmp,0.593520998954773,2.8974
2030,i17.bmp,i17_23_1.bmp,0.9193140268325806,5.9
2031,i17.bmp,i17_23_2.bmp,0.8374802470207214,5.9
2032,i17.bmp,i17_23_3.bmp,0.6553024053573608,4.5641
2033,i17.bmp,i17_23_4.bmp,0.5217458009719849,3.1538
2034,i17.bmp,i17_23_5.bmp,0.41656434535980225,1.9231
2035,i17.bmp,i17_24_1.bmp,0.8352391719818115,6.05
2036,i17.bmp,i17_24_2.bmp,0.7591754198074341,5.525
2037,i17.bmp,i17_24_3.bmp,0.6306031346321106,3.9737
2038,i17.bmp,i17_24_4.bmp,0.48934054374694824,2.0256
2039,i17.bmp,i17_24_5.bmp,0.41555631160736084,0.34211
2040,i18.bmp,i18_01_1.bmp,0.9346972107887268,5.6905
2041,i18.bmp,i18_01_2.bmp,0.9007115364074707,5.4146
2042,i18.bmp,i18_01_3.bmp,0.8547942638397217,4.85
2043,i18.bmp,i18_01_4.bmp,0.7972628474235535,4.4634
2044,i18.bmp,i18_01_5.bmp,0.7268745303153992,4.0
2045,i18.bmp,i18_02_1.bmp,0.9616366624832153,5.9512
2046,i18.bmp,i18_02_2.bmp,0.9363191723823547,5.881
2047,i18.bmp,i18_02_3.bmp,0.9060270190238953,5.7381
2048,i18.bmp,i18_02_4.bmp,0.8571996092796326,4.6341
2049,i18.bmp,i18_02_5.bmp,0.7987261414527893,4.2439
2050,i18.bmp,i18_03_1.bmp,0.8655842542648315,4.9762
2051,i18.bmp,i18_03_2.bmp,0.8100463151931763,4.55
2052,i18.bmp,i18_03_3.bmp,0.7416549921035767,3.7381
2053,i18.bmp,i18_03_4.bmp,0.6668951511383057,3.1191
2054,i18.bmp,i18_03_5.bmp,0.5908651947975159,2.5476
2055,i18.bmp,i18_04_1.bmp,0.9881502389907837,6.175
2056,i18.bmp,i18_04_2.bmp,0.9831111431121826,5.881
2057,i18.bmp,i18_04_3.bmp,0.9741257429122925,5.878
2058,i18.bmp,i18_04_4.bmp,0.9566194415092468,5.3171
2059,i18.bmp,i18_04_5.bmp,0.9254626631736755,4.3415
2060,i18.bmp,i18_05_1.bmp,0.9670414328575134,6.2439
2061,i18.bmp,i18_05_2.bmp,0.9467498660087585,5.6098
2062,i18.bmp,i18_05_3.bmp,0.889922022819519,5.1707
2063,i18.bmp,i18_05_4.bmp,0.7915252447128296,4.0
2064,i18.bmp,i18_05_5.bmp,0.6606389880180359,3.125
2065,i18.bmp,i18_06_1.bmp,0.918148398399353,4.5714
2066,i18.bmp,i18_06_2.bmp,0.8767601251602173,4.15
2067,i18.bmp,i18_06_3.bmp,0.8250689506530762,3.8095
2068,i18.bmp,i18_06_4.bmp,0.7606300711631775,3.7317
2069,i18.bmp,i18_06_5.bmp,0.6829681396484375,3.1951
2070,i18.bmp,i18_07_1.bmp,0.9091434478759766,5.5714
2071,i18.bmp,i18_07_2.bmp,0.8683522939682007,4.9286
2072,i18.bmp,i18_07_3.bmp,0.8130981922149658,4.2143
2073,i18.bmp,i18_07_4.bmp,0.7488296031951904,3.4048
2074,i18.bmp,i18_07_5.bmp,0.6784653067588806,3.0
2075,i18.bmp,i18_08_1.bmp,0.9654368162155151,5.6905
2076,i18.bmp,i18_08_2.bmp,0.9170293211936951,4.6585
2077,i18.bmp,i18_08_3.bmp,0.8040956258773804,4.1429
2078,i18.bmp,i18_08_4.bmp,0.643296480178833,3.0476
2079,i18.bmp,i18_08_5.bmp,0.5000006556510925,2.0488
2080,i18.bmp,i18_09_1.bmp,0.8988893628120422,6.0244
2081,i18.bmp,i18_09_2.bmp,0.8587939739227295,5.881
2082,i18.bmp,i18_09_3.bmp,0.7756680250167847,4.2619
2083,i18.bmp,i18_09_4.bmp,0.6166487336158752,3.0244
2084,i18.bmp,i18_09_5.bmp,0.4746638238430023,1.7073
2085,i18.bmp,i18_10_1.bmp,0.9407353401184082,6.0732
2086,i18.bmp,i18_10_2.bmp,0.9058365225791931,5.7805
2087,i18.bmp,i18_10_3.bmp,0.8011188507080078,4.675
2088,i18.bmp,i18_10_4.bmp,0.6738890409469604,3.5
2089,i18.bmp,i18_10_5.bmp,0.5750249624252319,2.1707
2090,i18.bmp,i18_11_1.bmp,0.9435251951217651,5.8049
2091,i18.bmp,i18_11_2.bmp,0.8936756253242493,5.5
2092,i18.bmp,i18_11_3.bmp,0.7828386425971985,4.5122
2093,i18.bmp,i18_11_4.bmp,0.6111545562744141,3.0714
2094,i18.bmp,i18_11_5.bmp,0.4672841429710388,1.0
2095,i18.bmp,i18_12_1.bmp,0.9511821269989014,6.3571
2096,i18.bmp,i18_12_2.bmp,0.9384947419166565,5.3659
2097,i18.bmp,i18_12_3.bmp,0.8725515604019165,5.561
2098,i18.bmp,i18_12_4.bmp,0.8493596315383911,4.925
2099,i18.bmp,i18_12_5.bmp,0.7091385722160339,2.6585
2100,i18.bmp,i18_13_1.bmp,0.8544178009033203,4.1463
2101,i18.bmp,i18_13_2.bmp,0.8281891345977783,4.3571
2102,i18.bmp,i18_13_3.bmp,0.7792809009552002,3.8809
2103,i18.bmp,i18_13_4.bmp,0.6829720139503479,2.9024
2104,i18.bmp,i18_13_5.bmp,0.6004555225372314,2.4634
2105,i18.bmp,i18_14_1.bmp,0.9715022444725037,4.9512
2106,i18.bmp,i18_14_2.bmp,0.984310507774353,6.0
2107,i18.bmp,i18_14_3.bmp,0.9454196095466614,4.1951
2108,i18.bmp,i18_14_4.bmp,0.9390744566917419,4.1667
2109,i18.bmp,i18_14_5.bmp,0.8894314169883728,3.3415
2110,i18.bmp,i18_15_1.bmp,0.8601810932159424,3.2195
2111,i18.bmp,i18_15_2.bmp,0.8792327642440796,3.3415
2112,i18.bmp,i18_15_3.bmp,0.8967148661613464,3.2
2113,i18.bmp,i18_15_4.bmp,0.9063265323638916,3.525
2114,i18.bmp,i18_15_5.bmp,0.9595930576324463,3.9524
2115,i18.bmp,i18_16_1.bmp,0.9910160899162292,6.4146
2116,i18.bmp,i18_16_2.bmp,0.9829332828521729,5.9524
2117,i18.bmp,i18_16_3.bmp,0.9511572122573853,5.6905
2118,i18.bmp,i18_16_4.bmp,0.9362845420837402,5.0
2119,i18.bmp,i18_16_5.bmp,0.8628370761871338,4.2564
2120,i18.bmp,i18_17_1.bmp,0.9817823171615601,5.9286
2121,i18.bmp,i18_17_2.bmp,0.9577706456184387,6.0976
2122,i18.bmp,i18_17_3.bmp,0.9294731616973877,4.4146
2123,i18.bmp,i18_17_4.bmp,0.8922865986824036,5.9048
2124,i18.bmp,i18_17_5.bmp,0.7791886925697327,3.4878
2125,i18.bmp,i18_18_1.bmp,0.9628539085388184,5.0244
2126,i18.bmp,i18_18_2.bmp,0.9396507740020752,4.8
2127,i18.bmp,i18_18_3.bmp,0.8918820023536682,4.3571
2128,i18.bmp,i18_18_4.bmp,0.8043273687362671,4.0714
2129,i18.bmp,i18_18_5.bmp,0.6986185312271118,4.0952
2130,i18.bmp,i18_19_1.bmp,0.9363321661949158,5.1429
2131,i18.bmp,i18_19_2.bmp,0.8996920585632324,5.0714
2132,i18.bmp,i18_19_3.bmp,0.8492813110351562,4.375
2133,i18.bmp,i18_19_4.bmp,0.7908065915107727,3.8537
2134,i18.bmp,i18_19_5.bmp,0.7247074842453003,3.7073
2135,i18.bmp,i18_20_1.bmp,0.9650989174842834,6.1667
2136,i18.bmp,i18_20_2.bmp,0.9405312538146973,5.5714
2137,i18.bmp,i18_20_3.bmp,0.8870410323143005,5.3659
2138,i18.bmp,i18_20_4.bmp,0.805811882019043,4.3659
2139,i18.bmp,i18_20_5.bmp,0.6995128989219666,3.325
2140,i18.bmp,i18_21_1.bmp,0.9071192741394043,5.5238
2141,i18.bmp,i18_21_2.bmp,0.8574413061141968,5.3415
2142,i18.bmp,i18_21_3.bmp,0.7912071347236633,4.5
2143,i18.bmp,i18_21_4.bmp,0.6910656690597534,3.2619
2144,i18.bmp,i18_21_5.bmp,0.5898741483688354,2.3171
2145,i18.bmp,i18_22_1.bmp,0.9542843699455261,5.7143
2146,i18.bmp,i18_22_2.bmp,0.9023385047912598,4.4048
2147,i18.bmp,i18_22_3.bmp,0.8301311731338501,3.6829
2148,i18.bmp,i18_22_4.bmp,0.7293004989624023,2.9524
2149,i18.bmp,i18_22_5.bmp,0.6216680407524109,2.3333
2150,i18.bmp,i18_23_1.bmp,0.9570502638816833,6.3095
2151,i18.bmp,i18_23_2.bmp,0.9086533188819885,6.1905
2152,i18.bmp,i18_23_3.bmp,0.8634811639785767,6.075
2153,i18.bmp,i18_23_4.bmp,0.7776224613189697,5.9286
2154,i18.bmp,i18_23_5.bmp,0.6300119161605835,4.0
2155,i18.bmp,i18_24_1.bmp,0.9254022836685181,5.9024
2156,i18.bmp,i18_24_2.bmp,0.8654206991195679,5.5952
2157,i18.bmp,i18_24_3.bmp,0.7741031646728516,4.5854
2158,i18.bmp,i18_24_4.bmp,0.6299700736999512,3.2195
2159,i18.bmp,i18_24_5.bmp,0.4633100628852844,1.0238
2160,i19.bmp,i19_01_1.bmp,0.9405911564826965,5.7297
2161,i19.bmp,i19_01_2.bmp,0.9096143245697021,5.1081
2162,i19.bmp,i19_01_3.bmp,0.8652098178863525,4.6053
2163,i19.bmp,i19_01_4.bmp,0.8016175627708435,4.1351
2164,i19.bmp,i19_01_5.bmp,0.7353475689888,3.5676
2165,i19.bmp,i19_02_1.bmp,0.9604219198226929,6.0811
2166,i19.bmp,i19_02_2.bmp,0.9403833746910095,5.6486
2167,i19.bmp,i19_02_3.bmp,0.9100582003593445,5.5789
2168,i19.bmp,i19_02_4.bmp,0.8682662844657898,5.0
2169,i19.bmp,i19_02_5.bmp,0.8190486431121826,4.4722
2170,i19.bmp,i19_03_1.bmp,0.872098445892334,4.6667
2171,i19.bmp,i19_03_2.bmp,0.8224168419837952,4.0541
2172,i19.bmp,i19_03_3.bmp,0.751022458076477,3.6316
2173,i19.bmp,i19_03_4.bmp,0.6825420260429382,3.0
2174,i19.bmp,i19_03_5.bmp,0.6064565777778625,2.5263
2175,i19.bmp,i19_04_1.bmp,0.9877644181251526,5.8947
2176,i19.bmp,i19_04_2.bmp,0.9808130860328674,5.9459
2177,i19.bmp,i19_04_3.bmp,0.9697306156158447,5.8947
2178,i19.bmp,i19_04_4.bmp,0.9537326693534851,5.2432
2179,i19.bmp,i19_04_5.bmp,0.9062367081642151,4.4865
2180,i19.bmp,i19_05_1.bmp,0.9650729298591614,5.9737
2181,i19.bmp,i19_05_2.bmp,0.9464117884635925,5.5
2182,i19.bmp,i19_05_3.bmp,0.8944878578186035,5.0789
2183,i19.bmp,i19_05_4.bmp,0.806206464767456,4.0
2184,i19.bmp,i19_05_5.bmp,0.6761891841888428,3.1842
2185,i19.bmp,i19_06_1.bmp,0.9330686330795288,4.7368
2186,i19.bmp,i19_06_2.bmp,0.9034615159034729,4.6486
2187,i19.bmp,i19_06_3.bmp,0.8570536971092224,3.8684
2188,i19.bmp,i19_06_4.bmp,0.8014225363731384,3.5676
2189,i19.bmp,i19_06_5.bmp,0.7232819199562073,3.1892
2190,i19.bmp,i19_07_1.bmp,0.9203594923019409,5.3784
2191,i19.bmp,i19_07_2.bmp,0.8873510956764221,4.6757
2192,i19.bmp,i19_07_3.bmp,0.8305304050445557,3.8889
2193,i19.bmp,i19_07_4.bmp,0.7742757201194763,3.1944
2194,i19.bmp,i19_07_5.bmp,0.718264102935791,2.6053
2195,i19.bmp,i19_08_1.bmp,0.9641841053962708,5.3514
2196,i19.bmp,i19_08_2.bmp,0.9160536527633667,4.7027
2197,i19.bmp,i19_08_3.bmp,0.801507830619812,3.7632
2198,i19.bmp,i19_08_4.bmp,0.6306911110877991,2.8919
2199,i19.bmp,i19_08_5.bmp,0.49216681718826294,2.2703
2200,i19.bmp,i19_09_1.bmp,0.911536455154419,6.0811
2201,i19.bmp,i19_09_2.bmp,0.8790864944458008,5.8947
2202,i19.bmp,i19_09_3.bmp,0.8145527243614197,4.8684
2203,i19.bmp,i19_09_4.bmp,0.7004317045211792,3.2703
2204,i19.bmp,i19_09_5.bmp,0.5660063624382019,1.8649
2205,i19.bmp,i19_10_1.bmp,0.9459989666938782,5.7368
2206,i19.bmp,i19_10_2.bmp,0.915492057800293,5.4722
2207,i19.bmp,i19_10_3.bmp,0.8398559093475342,4.8611
2208,i19.bmp,i19_10_4.bmp,0.7159731388092041,3.0
2209,i19.bmp,i19_10_5.bmp,0.6095466613769531,1.6579
2210,i19.bmp,i19_11_1.bmp,0.9199516177177429,5.5263
2211,i19.bmp,i19_11_2.bmp,0.8692780137062073,4.9737
2212,i19.bmp,i19_11_3.bmp,0.799896776676178,4.5263
2213,i19.bmp,i19_11_4.bmp,0.6609981060028076,2.9459
2214,i19.bmp,i19_11_5.bmp,0.5301901698112488,1.2368
2215,i19.bmp,i19_12_1.bmp,0.9702407121658325,6.1316
2216,i19.bmp,i19_12_2.bmp,0.9536044597625732,5.5946
2217,i19.bmp,i19_12_3.bmp,0.8763425350189209,5.1842
2218,i19.bmp,i19_12_4.bmp,0.8720311522483826,5.0811
2219,i19.bmp,i19_12_5.bmp,0.7991431951522827,4.5278
2220,i19.bmp,i19_13_1.bmp,0.9239283800125122,4.6757
2221,i19.bmp,i19_13_2.bmp,0.8474045395851135,4.0526
2222,i19.bmp,i19_13_3.bmp,0.7921428680419922,3.6216
2223,i19.bmp,i19_13_4.bmp,0.7163538336753845,3.0789
2224,i19.bmp,i19_13_5.bmp,0.6253751516342163,1.9474
2225,i19.bmp,i19_14_1.bmp,0.97222900390625,5.6111
2226,i19.bmp,i19_14_2.bmp,0.962399423122406,6.0263
2227,i19.bmp,i19_14_3.bmp,0.9467887878417969,5.4595
2228,i19.bmp,i19_14_4.bmp,0.9257211685180664,4.9211
2229,i19.bmp,i19_14_5.bmp,0.8796331882476807,3.6486
2230,i19.bmp,i19_15_1.bmp,0.8935467600822449,2.8889
2231,i19.bmp,i19_15_2.bmp,0.9092275500297546,3.2778
2232,i19.bmp,i19_15_3.bmp,0.9352841377258301,3.5135
2233,i19.bmp,i19_15_4.bmp,0.9370366334915161,3.6842
2234,i19.bmp,i19_15_5.bmp,0.9181497693061829,3.5405
2235,i19.bmp,i19_16_1.bmp,0.9942841529846191,6.1316
2236,i19.bmp,i19_16_2.bmp,0.9883832931518555,6.2632
2237,i19.bmp,i19_16_3.bmp,0.972553551197052,5.2895
2238,i19.bmp,i19_16_4.bmp,0.9542433619499207,5.8421
2239,i19.bmp,i19_16_5.bmp,0.9273214340209961,4.4167
2240,i19.bmp,i19_17_1.bmp,0.9799728393554688,5.4737
2241,i19.bmp,i19_17_2.bmp,0.9558537006378174,6.1892
2242,i19.bmp,i19_17_3.bmp,0.9235701560974121,4.4324
2243,i19.bmp,i19_17_4.bmp,0.8820770382881165,5.7568
2244,i19.bmp,i19_17_5.bmp,0.7769783735275269,3.3421
2245,i19.bmp,i19_18_1.bmp,0.9639390707015991,5.1351
2246,i19.bmp,i19_18_2.bmp,0.941084086894989,4.3889
2247,i19.bmp,i19_18_3.bmp,0.9043639898300171,4.2432
2248,i19.bmp,i19_18_4.bmp,0.8361477851867676,4.0811
2249,i19.bmp,i19_18_5.bmp,0.7665284872055054,4.0541
2250,i19.bmp,i19_19_1.bmp,0.9388012886047363,5.5405
2251,i19.bmp,i19_19_2.bmp,0.9061715006828308,4.973
2252,i19.bmp,i19_19_3.bmp,0.8598098754882812,4.5556
2253,i19.bmp,i19_19_4.bmp,0.8001499772071838,4.3143
2254,i19.bmp,i19_19_5.bmp,0.7289637327194214,3.5556
2255,i19.bmp,i19_20_1.bmp,0.9629359245300293,5.7027
2256,i19.bmp,i19_20_2.bmp,0.9309344291687012,5.7105
2257,i19.bmp,i19_20_3.bmp,0.8672995567321777,5.1892
2258,i19.bmp,i19_20_4.bmp,0.7673782110214233,4.1389
2259,i19.bmp,i19_20_5.bmp,0.6865839958190918,3.0526
2260,i19.bmp,i19_21_1.bmp,0.9097341895103455,5.4054
2261,i19.bmp,i19_21_2.bmp,0.8578490018844604,5.1622
2262,i19.bmp,i19_21_3.bmp,0.7999576330184937,4.0811
2263,i19.bmp,i19_21_4.bmp,0.7244833111763,3.5676
2264,i19.bmp,i19_21_5.bmp,0.6164256930351257,2.25
2265,i19.bmp,i19_22_1.bmp,0.9530366659164429,5.7368
2266,i19.bmp,i19_22_2.bmp,0.9174203872680664,5.3243
2267,i19.bmp,i19_22_3.bmp,0.8595287203788757,4.4
2268,i19.bmp,i19_22_4.bmp,0.8054482340812683,3.9474
2269,i19.bmp,i19_22_5.bmp,0.664139449596405,2.7568
2270,i19.bmp,i19_23_1.bmp,0.962128758430481,5.8684
2271,i19.bmp,i19_23_2.bmp,0.9200628995895386,6.2895
2272,i19.bmp,i19_23_3.bmp,0.8802285194396973,5.7568
2273,i19.bmp,i19_23_4.bmp,0.8384653329849243,5.7632
2274,i19.bmp,i19_23_5.bmp,0.7605219483375549,5.2162
2275,i19.bmp,i19_24_1.bmp,0.9064813852310181,5.4595
2276,i19.bmp,i19_24_2.bmp,0.8426221609115601,4.7027
2277,i19.bmp,i19_24_3.bmp,0.7391517758369446,3.6389
2278,i19.bmp,i19_24_4.bmp,0.6352410316467285,2.5
2279,i19.bmp,i19_24_5.bmp,0.5494164824485779,0.77778
2280,i20.bmp,i20_01_1.bmp,0.899773359298706,5.7692
2281,i20.bmp,i20_01_2.bmp,0.8596320748329163,5.5128
2282,i20.bmp,i20_01_3.bmp,0.8089544773101807,4.9211
2283,i20.bmp,i20_01_4.bmp,0.746982753276825,4.4359
2284,i20.bmp,i20_01_5.bmp,0.6869639158248901,3.7838
2285,i20.bmp,i20_02_1.bmp,0.9361262321472168,5.8421
2286,i20.bmp,i20_02_2.bmp,0.9098360538482666,5.7949
2287,i20.bmp,i20_02_3.bmp,0.873432457447052,5.5135
2288,i20.bmp,i20_02_4.bmp,0.8296716809272766,5.282
2289,i20.bmp,i20_02_5.bmp,0.7612382769584656,4.4872
2290,i20.bmp,i20_03_1.bmp,0.8248187303543091,4.9474
2291,i20.bmp,i20_03_2.bmp,0.7677326202392578,4.2105
2292,i20.bmp,i20_03_3.bmp,0.7052524089813232,3.8108
2293,i20.bmp,i20_03_4.bmp,0.6372957229614258,3.1282
2294,i20.bmp,i20_03_5.bmp,0.5723463892936707,2.6579
2295,i20.bmp,i20_04_1.bmp,0.9774351119995117,5.7105
2296,i20.bmp,i20_04_2.bmp,0.9655337333679199,5.4737
2297,i20.bmp,i20_04_3.bmp,0.941740870475769,5.1579
2298,i20.bmp,i20_04_4.bmp,0.8975694179534912,4.7297
2299,i20.bmp,i20_04_5.bmp,0.8226973414421082,4.0541
2300,i20.bmp,i20_05_1.bmp,0.9334367513656616,6.0263
2301,i20.bmp,i20_05_2.bmp,0.9032557010650635,5.7632
2302,i20.bmp,i20_05_3.bmp,0.8327796459197998,5.3947
2303,i20.bmp,i20_05_4.bmp,0.7404230237007141,4.2308
2304,i20.bmp,i20_05_5.bmp,0.6216152906417847,2.9211
2305,i20.bmp,i20_06_1.bmp,0.8709681034088135,4.9737
2306,i20.bmp,i20_06_2.bmp,0.8018105030059814,4.1389
2307,i20.bmp,i20_06_3.bmp,0.7440906763076782,3.9474
2308,i20.bmp,i20_06_4.bmp,0.6906570196151733,3.4359
2309,i20.bmp,i20_06_5.bmp,0.6165533065795898,3.1026
2310,i20.bmp,i20_07_1.bmp,0.9005892276763916,5.282
2311,i20.bmp,i20_07_2.bmp,0.8506855368614197,4.7297
2312,i20.bmp,i20_07_3.bmp,0.8057782053947449,4.4737
2313,i20.bmp,i20_07_4.bmp,0.7612621784210205,3.7368
2314,i20.bmp,i20_07_5.bmp,0.7094796299934387,3.282
2315,i20.bmp,i20_08_1.bmp,0.9713318347930908,5.6579
2316,i20.bmp,i20_08_2.bmp,0.9366746544837952,5.2973
2317,i20.bmp,i20_08_3.bmp,0.8471722602844238,4.0278
2318,i20.bmp,i20_08_4.bmp,0.69051194190979,3.4211
2319,i20.bmp,i20_08_5.bmp,0.5595768690109253,2.5897
2320,i20.bmp,i20_09_1.bmp,0.9059572219848633,6.2632
2321,i20.bmp,i20_09_2.bmp,0.8765829205513,6.1316
2322,i20.bmp,i20_09_3.bmp,0.8290544152259827,5.3333
2323,i20.bmp,i20_09_4.bmp,0.707897961139679,3.7568
2324,i20.bmp,i20_09_5.bmp,0.5448175668716431,2.2162
2325,i20.bmp,i20_10_1.bmp,0.9294129610061646,6.1316
2326,i20.bmp,i20_10_2.bmp,0.9006516337394714,5.7368
2327,i20.bmp,i20_10_3.bmp,0.8265397548675537,4.9444
2328,i20.bmp,i20_10_4.bmp,0.7031587958335876,3.5789
2329,i20.bmp,i20_10_5.bmp,0.6415805816650391,2.7436
2330,i20.bmp,i20_11_1.bmp,0.8714292645454407,5.5789
2331,i20.bmp,i20_11_2.bmp,0.8081158399581909,4.8421
2332,i20.bmp,i20_11_3.bmp,0.6702278256416321,3.4324
2333,i20.bmp,i20_11_4.bmp,0.5623118281364441,2.0526
2334,i20.bmp,i20_11_5.bmp,0.4852697253227234,0.74359
2335,i20.bmp,i20_12_1.bmp,0.9418405294418335,6.1282
2336,i20.bmp,i20_12_2.bmp,0.8708189725875854,5.3077
2337,i20.bmp,i20_12_3.bmp,0.8262230157852173,4.4474
2338,i20.bmp,i20_12_4.bmp,0.775177001953125,4.2564
2339,i20.bmp,i20_12_5.bmp,0.6383424401283264,2.5789
2340,i20.bmp,i20_13_1.bmp,0.8189882636070251,5.1539
2341,i20.bmp,i20_13_2.bmp,0.7530076503753662,3.7895
2342,i20.bmp,i20_13_3.bmp,0.8546232581138611,3.8205
2343,i20.bmp,i20_13_4.bmp,0.6217464208602905,2.8919
2344,i20.bmp,i20_13_5.bmp,0.5488409399986267,2.027
2345,i20.bmp,i20_14_1.bmp,0.9702308177947998,6.0263
2346,i20.bmp,i20_14_2.bmp,0.9683546423912048,5.8421
2347,i20.bmp,i20_14_3.bmp,0.9211398959159851,4.5526
2348,i20.bmp,i20_14_4.bmp,0.8731429576873779,4.1282
2349,i20.bmp,i20_14_5.bmp,0.8470762372016907,3.3684
2350,i20.bmp,i20_15_1.bmp,0.8786643147468567,3.2308
2351,i20.bmp,i20_15_2.bmp,0.8933573961257935,3.3421
2352,i20.bmp,i20_15_3.bmp,0.9173681735992432,3.6923
2353,i20.bmp,i20_15_4.bmp,0.9349951148033142,3.8974
2354,i20.bmp,i20_15_5.bmp,0.9496486783027649,4.0513
2355,i20.bmp,i20_16_1.bmp,0.9890050292015076,6.0513
2356,i20.bmp,i20_16_2.bmp,0.9710703492164612,6.0541
2357,i20.bmp,i20_16_3.bmp,0.9500818848609924,5.4054
2358,i20.bmp,i20_16_4.bmp,0.9235305786132812,5.1351
2359,i20.bmp,i20_16_5.bmp,0.8737956881523132,4.718
2360,i20.bmp,i20_17_1.bmp,0.9709126949310303,5.6154
2361,i20.bmp,i20_17_2.bmp,0.9246405363082886,6.3333
2362,i20.bmp,i20_17_3.bmp,0.8968826532363892,4.3243
2363,i20.bmp,i20_17_4.bmp,0.8363468050956726,5.8718
2364,i20.bmp,i20_17_5.bmp,0.7407316565513611,3.5385
2365,i20.bmp,i20_18_1.bmp,0.9540363550186157,5.6154
2366,i20.bmp,i20_18_2.bmp,0.9340975284576416,5.2368
2367,i20.bmp,i20_18_3.bmp,0.8983469605445862,4.5
2368,i20.bmp,i20_18_4.bmp,0.8296856880187988,4.1351
2369,i20.bmp,i20_18_5.bmp,0.7883912324905396,4.1053
2370,i20.bmp,i20_19_1.bmp,0.9139714241027832,5.8205
2371,i20.bmp,i20_19_2.bmp,0.8858145475387573,5.1795
2372,i20.bmp,i20_19_3.bmp,0.8410947918891907,4.7949
2373,i20.bmp,i20_19_4.bmp,0.7904559373855591,4.0
2374,i20.bmp,i20_19_5.bmp,0.730006217956543,3.4615
2375,i20.bmp,i20_20_1.bmp,0.9193659424781799,6.1579
2376,i20.bmp,i20_20_2.bmp,0.864656388759613,5.4615
2377,i20.bmp,i20_20_3.bmp,0.7897182106971741,4.7895
2378,i20.bmp,i20_20_4.bmp,0.6978638172149658,3.5263
2379,i20.bmp,i20_20_5.bmp,0.6363936066627502,2.718
2380,i20.bmp,i20_21_1.bmp,0.8636417984962463,5.5526
2381,i20.bmp,i20_21_2.bmp,0.803412914276123,4.7632
2382,i20.bmp,i20_21_3.bmp,0.7452378273010254,4.0
2383,i20.bmp,i20_21_4.bmp,0.6750586628913879,3.2432
2384,i20.bmp,i20_21_5.bmp,0.6016774773597717,2.5789
2385,i20.bmp,i20_22_1.bmp,0.9068518280982971,6.0
2386,i20.bmp,i20_22_2.bmp,0.8570926189422607,5.1053
2387,i20.bmp,i20_22_3.bmp,0.804964542388916,4.5263
2388,i20.bmp,i20_22_4.bmp,0.7531890273094177,4.1081
2389,i20.bmp,i20_22_5.bmp,0.688327968120575,3.7297
2390,i20.bmp,i20_23_1.bmp,0.951794445514679,5.9487
2391,i20.bmp,i20_23_2.bmp,0.9000500440597534,6.2564
2392,i20.bmp,i20_23_3.bmp,0.8080676794052124,5.8205
2393,i20.bmp,i20_23_4.bmp,0.7211288213729858,4.7297
2394,i20.bmp,i20_23_5.bmp,0.5659522414207458,3.1538
2395,i20.bmp,i20_24_1.bmp,0.8737014532089233,6.1842
2396,i20.bmp,i20_24_2.bmp,0.800251305103302,5.0789
2397,i20.bmp,i20_24_3.bmp,0.687326192855835,3.4324
2398,i20.bmp,i20_24_4.bmp,0.5500896573066711,1.9744
2399,i20.bmp,i20_24_5.bmp,0.48672163486480713,0.84211
2400,i21.bmp,i21_01_1.bmp,0.911304771900177,5.5116
2401,i21.bmp,i21_01_2.bmp,0.8756776452064514,5.0698
2402,i21.bmp,i21_01_3.bmp,0.8386955261230469,4.4884
2403,i21.bmp,i21_01_4.bmp,0.7744415998458862,3.907
2404,i21.bmp,i21_01_5.bmp,0.7219815850257874,3.4884
2405,i21.bmp,i21_02_1.bmp,0.9429444074630737,5.8095
2406,i21.bmp,i21_02_2.bmp,0.9186408519744873,5.5349
2407,i21.bmp,i21_02_3.bmp,0.8831297159194946,5.4419
2408,i21.bmp,i21_02_4.bmp,0.8408665060997009,4.814
2409,i21.bmp,i21_02_5.bmp,0.782976508140564,4.15
2410,i21.bmp,i21_03_1.bmp,0.8350037932395935,4.3953
2411,i21.bmp,i21_03_2.bmp,0.7855303883552551,3.9268
2412,i21.bmp,i21_03_3.bmp,0.7253806591033936,3.1667
2413,i21.bmp,i21_03_4.bmp,0.6663824319839478,3.0698
2414,i21.bmp,i21_03_5.bmp,0.5860106945037842,2.5581
2415,i21.bmp,i21_04_1.bmp,0.9832353591918945,5.9302
2416,i21.bmp,i21_04_2.bmp,0.9768441915512085,6.0233
2417,i21.bmp,i21_04_3.bmp,0.9647113680839539,5.4634
2418,i21.bmp,i21_04_4.bmp,0.9431182146072388,5.3333
2419,i21.bmp,i21_04_5.bmp,0.9084847569465637,4.65
2420,i21.bmp,i21_05_1.bmp,0.9500703811645508,5.6977
2421,i21.bmp,i21_05_2.bmp,0.9255604147911072,5.907
2422,i21.bmp,i21_05_3.bmp,0.8667886257171631,5.1163
2423,i21.bmp,i21_05_4.bmp,0.7804217338562012,3.9286
2424,i21.bmp,i21_05_5.bmp,0.665155291557312,3.0
2425,i21.bmp,i21_06_1.bmp,0.898855447769165,4.9268
2426,i21.bmp,i21_06_2.bmp,0.8623570203781128,4.381
2427,i21.bmp,i21_06_3.bmp,0.8253739476203918,4.0244
2428,i21.bmp,i21_06_4.bmp,0.7701148986816406,3.5
2429,i21.bmp,i21_06_5.bmp,0.7108737230300903,3.0476
2430,i21.bmp,i21_07_1.bmp,0.9047332406044006,5.0244
2431,i21.bmp,i21_07_2.bmp,0.8645355701446533,4.45
2432,i21.bmp,i21_07_3.bmp,0.821753978729248,4.1667
2433,i21.bmp,i21_07_4.bmp,0.7746649384498596,3.5952
2434,i21.bmp,i21_07_5.bmp,0.7200336456298828,3.1667
2435,i21.bmp,i21_08_1.bmp,0.9574033617973328,5.5
2436,i21.bmp,i21_08_2.bmp,0.9083641767501831,4.8571
2437,i21.bmp,i21_08_3.bmp,0.795910656452179,4.1163
2438,i21.bmp,i21_08_4.bmp,0.6288870573043823,3.2326
2439,i21.bmp,i21_08_5.bmp,0.49387362599372864,2.1628
2440,i21.bmp,i21_09_1.bmp,0.8938102722167969,6.075
2441,i21.bmp,i21_09_2.bmp,0.8608808517456055,6.1905
2442,i21.bmp,i21_09_3.bmp,0.7913306951522827,5.3095
2443,i21.bmp,i21_09_4.bmp,0.6624652147293091,3.7674
2444,i21.bmp,i21_09_5.bmp,0.502478837966919,2.093
2445,i21.bmp,i21_10_1.bmp,0.922941267490387,6.3095
2446,i21.bmp,i21_10_2.bmp,0.88104248046875,5.881
2447,i21.bmp,i21_10_3.bmp,0.8071103692054749,5.1395
2448,i21.bmp,i21_10_4.bmp,0.6980505585670471,3.2619
2449,i21.bmp,i21_10_5.bmp,0.5919287800788879,1.9268
2450,i21.bmp,i21_11_1.bmp,0.8970133066177368,6.122
2451,i21.bmp,i21_11_2.bmp,0.8583480715751648,5.3953
2452,i21.bmp,i21_11_3.bmp,0.7908101677894592,4.6905
2453,i21.bmp,i21_11_4.bmp,0.6254305839538574,3.0
2454,i21.bmp,i21_11_5.bmp,0.4573095440864563,1.0465
2455,i21.bmp,i21_12_1.bmp,0.9714055061340332,5.7907
2456,i21.bmp,i21_12_2.bmp,0.8861148357391357,4.7674
2457,i21.bmp,i21_12_3.bmp,0.9425209164619446,6.0
2458,i21.bmp,i21_12_4.bmp,0.9078534841537476,5.619
2459,i21.bmp,i21_12_5.bmp,0.6697224378585815,2.0238
2460,i21.bmp,i21_13_1.bmp,0.8749170303344727,4.4524
2461,i21.bmp,i21_13_2.bmp,0.8261137008666992,3.6905
2462,i21.bmp,i21_13_3.bmp,0.7545372247695923,3.1707
2463,i21.bmp,i21_13_4.bmp,0.6697164177894592,2.3488
2464,i21.bmp,i21_13_5.bmp,0.6207687258720398,2.5581
2465,i21.bmp,i21_14_1.bmp,0.9736690521240234,5.907
2466,i21.bmp,i21_14_2.bmp,0.9806663990020752,6.1707
2467,i21.bmp,i21_14_3.bmp,0.9561262130737305,5.9524
2468,i21.bmp,i21_14_4.bmp,0.891524612903595,4.3333
2469,i21.bmp,i21_14_5.bmp,0.8486424684524536,3.6512
2470,i21.bmp,i21_15_1.bmp,0.8579323887825012,2.8537
2471,i21.bmp,i21_15_2.bmp,0.8800245523452759,3.2683
2472,i21.bmp,i21_15_3.bmp,0.8954200148582458,3.5714
2473,i21.bmp,i21_15_4.bmp,0.9100831747055054,3.7619
2474,i21.bmp,i21_15_5.bmp,0.933558464050293,3.7143
2475,i21.bmp,i21_16_1.bmp,0.9929739832878113,6.122
2476,i21.bmp,i21_16_2.bmp,0.985499382019043,5.9302
2477,i21.bmp,i21_16_3.bmp,0.9645411372184753,5.7143
2478,i21.bmp,i21_16_4.bmp,0.9443922638893127,5.1667
2479,i21.bmp,i21_16_5.bmp,0.9158435463905334,4.6744
2480,i21.bmp,i21_17_1.bmp,0.9741014242172241,5.3415
2481,i21.bmp,i21_17_2.bmp,0.9505863785743713,6.2619
2482,i21.bmp,i21_17_3.bmp,0.9123758673667908,4.3571
2483,i21.bmp,i21_17_4.bmp,0.8811228275299072,6.3023
2484,i21.bmp,i21_17_5.bmp,0.7674570679664612,3.55
2485,i21.bmp,i21_18_1.bmp,0.9540771245956421,4.8571
2486,i21.bmp,i21_18_2.bmp,0.9261095523834229,4.3171
2487,i21.bmp,i21_18_3.bmp,0.874555766582489,4.119
2488,i21.bmp,i21_18_4.bmp,0.7811365127563477,3.6098
2489,i21.bmp,i21_18_5.bmp,0.732984185218811,3.7857
2490,i21.bmp,i21_19_1.bmp,0.90463787317276,5.381
2491,i21.bmp,i21_19_2.bmp,0.8782830834388733,4.7907
2492,i21.bmp,i21_19_3.bmp,0.8348705768585205,4.0714
2493,i21.bmp,i21_19_4.bmp,0.7885223627090454,3.6429
2494,i21.bmp,i21_19_5.bmp,0.7316374182701111,3.4186
2495,i21.bmp,i21_20_1.bmp,0.9512407779693604,5.975
2496,i21.bmp,i21_20_2.bmp,0.923739492893219,5.6744
2497,i21.bmp,i21_20_3.bmp,0.8810840845108032,5.6905
2498,i21.bmp,i21_20_4.bmp,0.8025384545326233,4.8837
2499,i21.bmp,i21_20_5.bmp,0.7124686241149902,3.8372
2500,i21.bmp,i21_21_1.bmp,0.8909579515457153,5.5349
2501,i21.bmp,i21_21_2.bmp,0.848615288734436,5.1429
2502,i21.bmp,i21_21_3.bmp,0.7879897952079773,4.3095
2503,i21.bmp,i21_21_4.bmp,0.7157709002494812,3.6191
2504,i21.bmp,i21_21_5.bmp,0.6236749887466431,2.7317
2505,i21.bmp,i21_22_1.bmp,0.9156620502471924,5.3571
2506,i21.bmp,i21_22_2.bmp,0.873131275177002,5.4762
2507,i21.bmp,i21_22_3.bmp,0.8261202573776245,4.4419
2508,i21.bmp,i21_22_4.bmp,0.7759641408920288,3.3721
2509,i21.bmp,i21_22_5.bmp,0.7064362168312073,3.0
2510,i21.bmp,i21_23_1.bmp,0.941644549369812,6.1163
2511,i21.bmp,i21_23_2.bmp,0.8806769251823425,5.9048
2512,i21.bmp,i21_23_3.bmp,0.7957298159599304,5.6744
2513,i21.bmp,i21_23_4.bmp,0.7185444831848145,5.2381
2514,i21.bmp,i21_23_5.bmp,0.5443205833435059,2.8571
2515,i21.bmp,i21_24_1.bmp,0.9022210836410522,5.8837
2516,i21.bmp,i21_24_2.bmp,0.8515775203704834,5.7209
2517,i21.bmp,i21_24_3.bmp,0.7583263516426086,5.0
2518,i21.bmp,i21_24_4.bmp,0.6175680160522461,3.0732
2519,i21.bmp,i21_24_5.bmp,0.46479928493499756,0.52381
2520,i22.bmp,i22_01_1.bmp,0.9251390099525452,5.8158
2521,i22.bmp,i22_01_2.bmp,0.8871101140975952,5.2368
2522,i22.bmp,i22_01_3.bmp,0.8341840505599976,4.8461
2523,i22.bmp,i22_01_4.bmp,0.7865320444107056,4.1579
2524,i22.bmp,i22_01_5.bmp,0.7181906700134277,3.718
2525,i22.bmp,i22_02_1.bmp,0.9548887014389038,5.6053
2526,i22.bmp,i22_02_2.bmp,0.9331191778182983,5.8205
2527,i22.bmp,i22_02_3.bmp,0.8964786529541016,5.4737
2528,i22.bmp,i22_02_4.bmp,0.844695508480072,5.1316
2529,i22.bmp,i22_02_5.bmp,0.7891916632652283,4.5789
2530,i22.bmp,i22_03_1.bmp,0.8455315828323364,4.7949
2531,i22.bmp,i22_03_2.bmp,0.784902811050415,4.3421
2532,i22.bmp,i22_03_3.bmp,0.7233825922012329,3.6842
2533,i22.bmp,i22_03_4.bmp,0.6581600904464722,3.0769
2534,i22.bmp,i22_03_5.bmp,0.5775645971298218,2.7027
2535,i22.bmp,i22_04_1.bmp,0.9819985032081604,5.7692
2536,i22.bmp,i22_04_2.bmp,0.9742799401283264,5.718
2537,i22.bmp,i22_04_3.bmp,0.9576538801193237,5.4359
2538,i22.bmp,i22_04_4.bmp,0.9263617992401123,5.0
2539,i22.bmp,i22_04_5.bmp,0.8748340606689453,4.3077
2540,i22.bmp,i22_05_1.bmp,0.9578647017478943,5.8684
2541,i22.bmp,i22_05_2.bmp,0.9357112050056458,5.6842
2542,i22.bmp,i22_05_3.bmp,0.8729584217071533,4.8718
2543,i22.bmp,i22_05_4.bmp,0.7753534317016602,4.1842
2544,i22.bmp,i22_05_5.bmp,0.6536145806312561,3.1842
2545,i22.bmp,i22_06_1.bmp,0.9071269631385803,4.7027
2546,i22.bmp,i22_06_2.bmp,0.8591459393501282,4.2432
2547,i22.bmp,i22_06_3.bmp,0.8152123689651489,3.7632
2548,i22.bmp,i22_06_4.bmp,0.7549583315849304,3.5676
2549,i22.bmp,i22_06_5.bmp,0.6875799894332886,3.2432
2550,i22.bmp,i22_07_1.bmp,0.9110502004623413,5.5897
2551,i22.bmp,i22_07_2.bmp,0.8590195178985596,5.0811
2552,i22.bmp,i22_07_3.bmp,0.8100627064704895,4.5789
2553,i22.bmp,i22_07_4.bmp,0.7350031137466431,3.8947
2554,i22.bmp,i22_07_5.bmp,0.6601197123527527,2.7436
2555,i22.bmp,i22_08_1.bmp,0.9614773988723755,5.4474
2556,i22.bmp,i22_08_2.bmp,0.9105011224746704,4.6316
2557,i22.bmp,i22_08_3.bmp,0.802632212638855,3.7838
2558,i22.bmp,i22_08_4.bmp,0.640567421913147,3.1282
2559,i22.bmp,i22_08_5.bmp,0.520825207233429,2.5385
2560,i22.bmp,i22_09_1.bmp,0.8730080723762512,5.8461
2561,i22.bmp,i22_09_2.bmp,0.823973536491394,5.5263
2562,i22.bmp,i22_09_3.bmp,0.7457310557365417,4.6216
2563,i22.bmp,i22_09_4.bmp,0.6537439227104187,3.3333
2564,i22.bmp,i22_09_5.bmp,0.5285099148750305,2.0513
2565,i22.bmp,i22_10_1.bmp,0.9264733791351318,5.8378
2566,i22.bmp,i22_10_2.bmp,0.8944927453994751,5.5897
2567,i22.bmp,i22_10_3.bmp,0.7975413799285889,5.0
2568,i22.bmp,i22_10_4.bmp,0.6529390215873718,3.5897
2569,i22.bmp,i22_10_5.bmp,0.5656012296676636,2.0789
2570,i22.bmp,i22_11_1.bmp,0.9080559611320496,5.359
2571,i22.bmp,i22_11_2.bmp,0.8340808153152466,5.5128
2572,i22.bmp,i22_11_3.bmp,0.6924721002578735,4.2632
2573,i22.bmp,i22_11_4.bmp,0.5399338006973267,2.6316
2574,i22.bmp,i22_11_5.bmp,0.4294625520706177,0.86842
2575,i22.bmp,i22_12_1.bmp,0.8966223001480103,5.2632
2576,i22.bmp,i22_12_2.bmp,0.9195545315742493,5.7692
2577,i22.bmp,i22_12_3.bmp,0.8942317962646484,5.7436
2578,i22.bmp,i22_12_4.bmp,0.7958797812461853,4.3684
2579,i22.bmp,i22_12_5.bmp,0.6715543270111084,2.7632
2580,i22.bmp,i22_13_1.bmp,0.896225094795227,5.2564
2581,i22.bmp,i22_13_2.bmp,0.8094248175621033,4.4359
2582,i22.bmp,i22_13_3.bmp,0.7444840669631958,3.6842
2583,i22.bmp,i22_13_4.bmp,0.6593360900878906,2.8718
2584,i22.bmp,i22_13_5.bmp,0.6100625991821289,2.5128
2585,i22.bmp,i22_14_1.bmp,0.9535368084907532,5.7692
2586,i22.bmp,i22_14_2.bmp,0.9718950986862183,5.8611
2587,i22.bmp,i22_14_3.bmp,0.946118175983429,5.7632
2588,i22.bmp,i22_14_4.bmp,0.8973531126976013,4.6216
2589,i22.bmp,i22_14_5.bmp,0.8580398559570312,4.1026
2590,i22.bmp,i22_15_1.bmp,0.8574695587158203,3.0526
2591,i22.bmp,i22_15_2.bmp,0.8787010908126831,3.0263
2592,i22.bmp,i22_15_3.bmp,0.8937710523605347,3.2162
2593,i22.bmp,i22_15_4.bmp,0.9226127862930298,3.3947
2594,i22.bmp,i22_15_5.bmp,0.9360620975494385,3.7368
2595,i22.bmp,i22_16_1.bmp,0.9921448826789856,5.8649
2596,i22.bmp,i22_16_2.bmp,0.9851503372192383,5.4103
2597,i22.bmp,i22_16_3.bmp,0.9581274390220642,6.0513
2598,i22.bmp,i22_16_4.bmp,0.9413289427757263,4.6053
2599,i22.bmp,i22_16_5.bmp,0.8931092023849487,5.2564
2600,i22.bmp,i22_17_1.bmp,0.9767066836357117,5.3333
2601,i22.bmp,i22_17_2.bmp,0.9501626491546631,6.0
2602,i22.bmp,i22_17_3.bmp,0.9133520722389221,4.2222
2603,i22.bmp,i22_17_4.bmp,0.872575581073761,6.2308
2604,i22.bmp,i22_17_5.bmp,0.7528202533721924,3.3784
2605,i22.bmp,i22_18_1.bmp,0.9508273601531982,5.1539
2606,i22.bmp,i22_18_2.bmp,0.9201288819313049,4.6842
2607,i22.bmp,i22_18_3.bmp,0.8646079301834106,4.2368
2608,i22.bmp,i22_18_4.bmp,0.7735282182693481,3.7632
2609,i22.bmp,i22_18_5.bmp,0.6463355422019958,3.25
2610,i22.bmp,i22_19_1.bmp,0.9289065599441528,5.1316
2611,i22.bmp,i22_19_2.bmp,0.903739869594574,5.1316
2612,i22.bmp,i22_19_3.bmp,0.8511567115783691,4.6667
2613,i22.bmp,i22_19_4.bmp,0.7941455245018005,4.0
2614,i22.bmp,i22_19_5.bmp,0.720184862613678,3.5897
2615,i22.bmp,i22_20_1.bmp,0.9562397599220276,5.7105
2616,i22.bmp,i22_20_2.bmp,0.9315721988677979,5.7368
2617,i22.bmp,i22_20_3.bmp,0.873930037021637,5.5526
2618,i22.bmp,i22_20_4.bmp,0.7832589149475098,4.8974
2619,i22.bmp,i22_20_5.bmp,0.6848134994506836,3.6486
2620,i22.bmp,i22_21_1.bmp,0.8953803777694702,5.5789
2621,i22.bmp,i22_21_2.bmp,0.8326541781425476,5.0263
2622,i22.bmp,i22_21_3.bmp,0.7734425663948059,4.6579
2623,i22.bmp,i22_21_4.bmp,0.6973333358764648,3.5641
2624,i22.bmp,i22_21_5.bmp,0.5951279997825623,2.6316
2625,i22.bmp,i22_22_1.bmp,0.940760612487793,5.9231
2626,i22.bmp,i22_22_2.bmp,0.899236261844635,5.3514
2627,i22.bmp,i22_22_3.bmp,0.8524073362350464,4.8974
2628,i22.bmp,i22_22_4.bmp,0.7658987045288086,4.4474
2629,i22.bmp,i22_22_5.bmp,0.6276232600212097,2.8947
2630,i22.bmp,i22_23_1.bmp,0.95289546251297,6.3243
2631,i22.bmp,i22_23_2.bmp,0.900423526763916,6.1316
2632,i22.bmp,i22_23_3.bmp,0.8004379272460938,5.2105
2633,i22.bmp,i22_23_4.bmp,0.6914770603179932,4.4359
2634,i22.bmp,i22_23_5.bmp,0.501121997833252,2.1026
2635,i22.bmp,i22_24_1.bmp,0.9000822305679321,5.8205
2636,i22.bmp,i22_24_2.bmp,0.8306355476379395,5.4211
2637,i22.bmp,i22_24_3.bmp,0.7155860066413879,4.2162
2638,i22.bmp,i22_24_4.bmp,0.5538027286529541,2.2564
2639,i22.bmp,i22_24_5.bmp,0.4256526529788971,0.36842
2640,i23.bmp,i23_01_1.bmp,0.9062180519104004,5.6857
2641,i23.bmp,i23_01_2.bmp,0.8647032380104065,5.0571
2642,i23.bmp,i23_01_3.bmp,0.8144291639328003,4.7647
2643,i23.bmp,i23_01_4.bmp,0.7473633885383606,4.0857
2644,i23.bmp,i23_01_5.bmp,0.6800245046615601,3.7353
2645,i23.bmp,i23_02_1.bmp,0.9417040348052979,6.1471
2646,i23.bmp,i23_02_2.bmp,0.916592001914978,5.8485
2647,i23.bmp,i23_02_3.bmp,0.8782052993774414,5.4571
2648,i23.bmp,i23_02_4.bmp,0.8267263770103455,5.0286
2649,i23.bmp,i23_02_5.bmp,0.7674211859703064,4.3235
2650,i23.bmp,i23_03_1.bmp,0.8325697183609009,4.6177
2651,i23.bmp,i23_03_2.bmp,0.7683700919151306,4.1714
2652,i23.bmp,i23_03_3.bmp,0.6955124735832214,3.5588
2653,i23.bmp,i23_03_4.bmp,0.633804202079773,3.2647
2654,i23.bmp,i23_03_5.bmp,0.5595358610153198,2.6765
2655,i23.bmp,i23_04_1.bmp,0.9809408187866211,5.6177
2656,i23.bmp,i23_04_2.bmp,0.9737406969070435,5.6471
2657,i23.bmp,i23_04_3.bmp,0.9581992030143738,5.3235
2658,i23.bmp,i23_04_4.bmp,0.9247215986251831,4.7941
2659,i23.bmp,i23_04_5.bmp,0.8654358983039856,4.5294
2660,i23.bmp,i23_05_1.bmp,0.9450192451477051,6.0571
2661,i23.bmp,i23_05_2.bmp,0.9184934496879578,5.5
2662,i23.bmp,i23_05_3.bmp,0.8452905416488647,5.0909
2663,i23.bmp,i23_05_4.bmp,0.7463424801826477,4.3143
2664,i23.bmp,i23_05_5.bmp,0.6298121213912964,3.3529
2665,i23.bmp,i23_06_1.bmp,0.8676396012306213,4.6177
2666,i23.bmp,i23_06_2.bmp,0.8228328227996826,4.3529
2667,i23.bmp,i23_06_3.bmp,0.7807599902153015,4.0294
2668,i23.bmp,i23_06_4.bmp,0.7239246368408203,3.6176
2669,i23.bmp,i23_06_5.bmp,0.6637652516365051,3.2941
2670,i23.bmp,i23_07_1.bmp,0.8733925223350525,4.9706
2671,i23.bmp,i23_07_2.bmp,0.8072778582572937,3.8485
2672,i23.bmp,i23_07_3.bmp,0.7455458641052246,3.6857
2673,i23.bmp,i23_07_4.bmp,0.6812199354171753,3.4412
2674,i23.bmp,i23_07_5.bmp,0.6188323497772217,2.7879
2675,i23.bmp,i23_08_1.bmp,0.9705945253372192,5.9429
2676,i23.bmp,i23_08_2.bmp,0.9419124722480774,5.5294
2677,i23.bmp,i23_08_3.bmp,0.8712354898452759,4.6765
2678,i23.bmp,i23_08_4.bmp,0.7464837431907654,3.9412
2679,i23.bmp,i23_08_5.bmp,0.6258261203765869,2.7714
2680,i23.bmp,i23_09_1.bmp,0.8769778609275818,6.697
2681,i23.bmp,i23_09_2.bmp,0.8365514278411865,6.0571
2682,i23.bmp,i23_09_3.bmp,0.7900722622871399,5.7059
2683,i23.bmp,i23_09_4.bmp,0.7108221054077148,4.2647
2684,i23.bmp,i23_09_5.bmp,0.5977079272270203,2.6471
2685,i23.bmp,i23_10_1.bmp,0.9394394159317017,5.9714
2686,i23.bmp,i23_10_2.bmp,0.907018780708313,5.7941
2687,i23.bmp,i23_10_3.bmp,0.8184423446655273,5.0294
2688,i23.bmp,i23_10_4.bmp,0.6797971725463867,3.6471
2689,i23.bmp,i23_10_5.bmp,0.5823266506195068,2.4
2690,i23.bmp,i23_11_1.bmp,0.841100811958313,5.2571
2691,i23.bmp,i23_11_2.bmp,0.7358949184417725,4.5714
2692,i23.bmp,i23_11_3.bmp,0.6486184597015381,3.1176
2693,i23.bmp,i23_11_4.bmp,0.579362690448761,2.2424
2694,i23.bmp,i23_11_5.bmp,0.5035015344619751,0.82353
2695,i23.bmp,i23_12_1.bmp,0.9164679050445557,5.9697
2696,i23.bmp,i23_12_2.bmp,0.8768603205680847,5.7429
2697,i23.bmp,i23_12_3.bmp,0.8171344995498657,3.8
2698,i23.bmp,i23_12_4.bmp,0.735761284828186,2.8857
2699,i23.bmp,i23_12_5.bmp,0.6072322130203247,1.8571
2700,i23.bmp,i23_13_1.bmp,0.896382212638855,4.5429
2701,i23.bmp,i23_13_2.bmp,0.7679396271705627,4.1515
2702,i23.bmp,i23_13_3.bmp,0.7063354253768921,3.3429
2703,i23.bmp,i23_13_4.bmp,0.6176810264587402,2.4706
2704,i23.bmp,i23_13_5.bmp,0.5643776059150696,2.5882
2705,i23.bmp,i23_14_1.bmp,0.9527033567428589,6.0857
2706,i23.bmp,i23_14_2.bmp,0.973273754119873,6.2941
2707,i23.bmp,i23_14_3.bmp,0.9527899026870728,5.0588
2708,i23.bmp,i23_14_4.bmp,0.9110361933708191,5.0588
2709,i23.bmp,i23_14_5.bmp,0.8752185702323914,3.6
2710,i23.bmp,i23_15_1.bmp,0.8537516593933105,2.9429
2711,i23.bmp,i23_15_2.bmp,0.8687324523925781,2.9714
2712,i23.bmp,i23_15_3.bmp,0.8909838199615479,3.2571
2713,i23.bmp,i23_15_4.bmp,0.9278596043586731,3.4118
2714,i23.bmp,i23_15_5.bmp,0.9408303499221802,3.6286
2715,i23.bmp,i23_16_1.bmp,0.9934136867523193,6.3333
2716,i23.bmp,i23_16_2.bmp,0.9851070046424866,5.8286
2717,i23.bmp,i23_16_3.bmp,0.9721989035606384,5.8235
2718,i23.bmp,i23_16_4.bmp,0.9452277421951294,5.2
2719,i23.bmp,i23_16_5.bmp,0.9350382089614868,5.7143
2720,i23.bmp,i23_17_1.bmp,0.975754976272583,5.6667
2721,i23.bmp,i23_17_2.bmp,0.9470471143722534,6.8
2722,i23.bmp,i23_17_3.bmp,0.9165924191474915,4.8286
2723,i23.bmp,i23_17_4.bmp,0.8741086721420288,6.6857
2724,i23.bmp,i23_17_5.bmp,0.7618407011032104,3.8824
2725,i23.bmp,i23_18_1.bmp,0.9679080843925476,5.7647
2726,i23.bmp,i23_18_2.bmp,0.9534808397293091,5.6471
2727,i23.bmp,i23_18_3.bmp,0.9290866851806641,5.4412
2728,i23.bmp,i23_18_4.bmp,0.8839493989944458,5.0571
2729,i23.bmp,i23_18_5.bmp,0.8046996593475342,4.3823
2730,i23.bmp,i23_19_1.bmp,0.8869608044624329,5.7143
2731,i23.bmp,i23_19_2.bmp,0.8381880521774292,4.9714
2732,i23.bmp,i23_19_3.bmp,0.7832481861114502,4.6177
2733,i23.bmp,i23_19_4.bmp,0.7195848226547241,3.8857
2734,i23.bmp,i23_19_5.bmp,0.6461006999015808,3.4286
2735,i23.bmp,i23_20_1.bmp,0.92044997215271,5.6
2736,i23.bmp,i23_20_2.bmp,0.8518557548522949,5.0882
2737,i23.bmp,i23_20_3.bmp,0.7772335410118103,4.0938
2738,i23.bmp,i23_20_4.bmp,0.7084999084472656,3.3429
2739,i23.bmp,i23_20_5.bmp,0.6561012268066406,2.6571
2740,i23.bmp,i23_21_1.bmp,0.8668980598449707,5.6
2741,i23.bmp,i23_21_2.bmp,0.8220698237419128,4.7941
2742,i23.bmp,i23_21_3.bmp,0.7563766241073608,4.1212
2743,i23.bmp,i23_21_4.bmp,0.6817646026611328,3.5143
2744,i23.bmp,i23_21_5.bmp,0.583746075630188,2.4118
2745,i23.bmp,i23_22_1.bmp,0.9316408038139343,6.1765
2746,i23.bmp,i23_22_2.bmp,0.8929727673530579,5.8857
2747,i23.bmp,i23_22_3.bmp,0.8486185073852539,5.0294
2748,i23.bmp,i23_22_4.bmp,0.7809149622917175,4.6471
2749,i23.bmp,i23_22_5.bmp,0.6945122480392456,4.0
2750,i23.bmp,i23_23_1.bmp,0.9403233528137207,6.303
2751,i23.bmp,i23_23_2.bmp,0.8666000962257385,5.9118
2752,i23.bmp,i23_23_3.bmp,0.7634639739990234,5.1714
2753,i23.bmp,i23_23_4.bmp,0.6603761315345764,3.7576
2754,i23.bmp,i23_23_5.bmp,0.5693918466567993,3.0
2755,i23.bmp,i23_24_1.bmp,0.8404603600502014,5.8529
2756,i23.bmp,i23_24_2.bmp,0.7683812379837036,4.7353
2757,i23.bmp,i23_24_3.bmp,0.6728129982948303,3.6765
2758,i23.bmp,i23_24_4.bmp,0.5572445392608643,1.7273
2759,i23.bmp,i23_24_5.bmp,0.5066158771514893,0.78788
2760,i24.bmp,i24_01_1.bmp,0.8992375135421753,5.8857
2761,i24.bmp,i24_01_2.bmp,0.8446886539459229,5.0556
2762,i24.bmp,i24_01_3.bmp,0.7777273654937744,4.7222
2763,i24.bmp,i24_01_4.bmp,0.7114796042442322,4.1429
2764,i24.bmp,i24_01_5.bmp,0.6290374398231506,3.5833
2765,i24.bmp,i24_02_1.bmp,0.939468502998352,6.4444
2766,i24.bmp,i24_02_2.bmp,0.9068518280982971,5.9118
2767,i24.bmp,i24_02_3.bmp,0.8560664057731628,5.1389
2768,i24.bmp,i24_02_4.bmp,0.7887465953826904,5.0857
2769,i24.bmp,i24_02_5.bmp,0.7161620855331421,4.5278
2770,i24.bmp,i24_03_1.bmp,0.7995511889457703,4.8
2771,i24.bmp,i24_03_2.bmp,0.7267546653747559,4.2571
2772,i24.bmp,i24_03_3.bmp,0.6521629095077515,3.8286
2773,i24.bmp,i24_03_4.bmp,0.5712277293205261,3.2857
2774,i24.bmp,i24_03_5.bmp,0.5047610402107239,2.6944
2775,i24.bmp,i24_04_1.bmp,0.9861928224563599,5.8571
2776,i24.bmp,i24_04_2.bmp,0.9807636737823486,5.8333
2777,i24.bmp,i24_04_3.bmp,0.9703693389892578,5.5294
2778,i24.bmp,i24_04_4.bmp,0.950163722038269,5.1667
2779,i24.bmp,i24_04_5.bmp,0.9102271199226379,4.5714
2780,i24.bmp,i24_05_1.bmp,0.94874107837677,5.8056
2781,i24.bmp,i24_05_2.bmp,0.9154940247535706,5.3333
2782,i24.bmp,i24_05_3.bmp,0.8262408971786499,5.1389
2783,i24.bmp,i24_05_4.bmp,0.7098566293716431,4.0286
2784,i24.bmp,i24_05_5.bmp,0.5760324001312256,3.25
2785,i24.bmp,i24_06_1.bmp,0.9163720011711121,4.6471
2786,i24.bmp,i24_06_2.bmp,0.8795974850654602,4.3714
2787,i24.bmp,i24_06_3.bmp,0.8162257671356201,3.9714
2788,i24.bmp,i24_06_4.bmp,0.7457129955291748,3.6667
2789,i24.bmp,i24_06_5.bmp,0.6549608707427979,3.2857
2790,i24.bmp,i24_07_1.bmp,0.8833798766136169,5.5278
2791,i24.bmp,i24_07_2.bmp,0.8240572810173035,4.5714
2792,i24.bmp,i24_07_3.bmp,0.7718002200126648,4.0882
2793,i24.bmp,i24_07_4.bmp,0.6927236318588257,2.8857
2794,i24.bmp,i24_07_5.bmp,0.6278930902481079,2.4444
2795,i24.bmp,i24_08_1.bmp,0.9652342796325684,5.9444
2796,i24.bmp,i24_08_2.bmp,0.9161530137062073,4.9714
2797,i24.bmp,i24_08_3.bmp,0.7945689558982849,4.0571
2798,i24.bmp,i24_08_4.bmp,0.6128533482551575,3.1765
2799,i24.bmp,i24_08_5.bmp,0.47486990690231323,2.6176
2800,i24.bmp,i24_09_1.bmp,0.8929783701896667,6.0
2801,i24.bmp,i24_09_2.bmp,0.8465794920921326,5.2941
2802,i24.bmp,i24_09_3.bmp,0.751437783241272,4.5278
2803,i24.bmp,i24_09_4.bmp,0.6102212071418762,3.3889
2804,i24.bmp,i24_09_5.bmp,0.47498178482055664,2.0
2805,i24.bmp,i24_10_1.bmp,0.9261390566825867,5.8857
2806,i24.bmp,i24_10_2.bmp,0.885164201259613,5.8286
2807,i24.bmp,i24_10_3.bmp,0.7939558625221252,4.6571
2808,i24.bmp,i24_10_4.bmp,0.6611497402191162,3.2778
2809,i24.bmp,i24_10_5.bmp,0.5676654577255249,1.8529
2810,i24.bmp,i24_11_1.bmp,0.9011971354484558,5.4
2811,i24.bmp,i24_11_2.bmp,0.8273317813873291,4.697
2812,i24.bmp,i24_11_3.bmp,0.7127476930618286,4.0294
2813,i24.bmp,i24_11_4.bmp,0.5168436169624329,2.5714
2814,i24.bmp,i24_11_5.bmp,0.4105621576309204,0.91667
2815,i24.bmp,i24_12_1.bmp,0.8822494149208069,5.6857
2816,i24.bmp,i24_12_2.bmp,0.9698970913887024,6.0857
2817,i24.bmp,i24_12_3.bmp,0.909696638584137,5.4848
2818,i24.bmp,i24_12_4.bmp,0.7321887612342834,3.5
2819,i24.bmp,i24_12_5.bmp,0.6194469928741455,2.5833
2820,i24.bmp,i24_13_1.bmp,0.8698035478591919,4.0588
2821,i24.bmp,i24_13_2.bmp,0.7492882013320923,3.7429
2822,i24.bmp,i24_13_3.bmp,0.6821204423904419,3.3143
2823,i24.bmp,i24_13_4.bmp,0.5811128616333008,2.8889
2824,i24.bmp,i24_13_5.bmp,0.5916840434074402,2.5
2825,i24.bmp,i24_14_1.bmp,0.9559321999549866,6.0
2826,i24.bmp,i24_14_2.bmp,0.9858967065811157,5.9714
2827,i24.bmp,i24_14_3.bmp,0.9602974653244019,5.3429
2828,i24.bmp,i24_14_4.bmp,0.9161089658737183,5.1389
2829,i24.bmp,i24_14_5.bmp,0.8865880966186523,4.6389
2830,i24.bmp,i24_15_1.bmp,0.9096069931983948,4.0278
2831,i24.bmp,i24_15_2.bmp,0.9212448596954346,4.4
2832,i24.bmp,i24_15_3.bmp,0.9207516312599182,3.8857
2833,i24.bmp,i24_15_4.bmp,0.9382128715515137,3.6667
2834,i24.bmp,i24_15_5.bmp,0.9266120791435242,3.3889
2835,i24.bmp,i24_16_1.bmp,0.9941868782043457,5.9714
2836,i24.bmp,i24_16_2.bmp,0.9902452826499939,6.1111
2837,i24.bmp,i24_16_3.bmp,0.968326210975647,5.4571
2838,i24.bmp,i24_16_4.bmp,0.9630333185195923,5.6111
2839,i24.bmp,i24_16_5.bmp,0.9036619663238525,4.8857
2840,i24.bmp,i24_17_1.bmp,0.982603907585144,5.75
2841,i24.bmp,i24_17_2.bmp,0.9667379260063171,6.4722
2842,i24.bmp,i24_17_3.bmp,0.9366286396980286,4.8056
2843,i24.bmp,i24_17_4.bmp,0.9092535376548767,6.7222
2844,i24.bmp,i24_17_5.bmp,0.7934893369674683,3.6
2845,i24.bmp,i24_18_1.bmp,0.9227337837219238,4.8
2846,i24.bmp,i24_18_2.bmp,0.8661025166511536,4.3939
2847,i24.bmp,i24_18_3.bmp,0.7875038385391235,3.9118
2848,i24.bmp,i24_18_4.bmp,0.7519198060035706,4.1143
2849,i24.bmp,i24_18_5.bmp,0.7447165250778198,3.7941
2850,i24.bmp,i24_19_1.bmp,0.9029655456542969,5.5714
2851,i24.bmp,i24_19_2.bmp,0.8537022471427917,5.1765
2852,i24.bmp,i24_19_3.bmp,0.785663366317749,4.7778
2853,i24.bmp,i24_19_4.bmp,0.7197784185409546,4.0882
2854,i24.bmp,i24_19_5.bmp,0.6354367136955261,3.8571
2855,i24.bmp,i24_20_1.bmp,0.9393324851989746,6.1429
2856,i24.bmp,i24_20_2.bmp,0.8911782503128052,5.6111
2857,i24.bmp,i24_20_3.bmp,0.8170360922813416,5.1714
2858,i24.bmp,i24_20_4.bmp,0.7217928171157837,4.0286
2859,i24.bmp,i24_20_5.bmp,0.6581767797470093,3.5143
2860,i24.bmp,i24_21_1.bmp,0.8552795052528381,5.7778
2861,i24.bmp,i24_21_2.bmp,0.7751947045326233,4.8286
2862,i24.bmp,i24_21_3.bmp,0.7000766396522522,4.1429
2863,i24.bmp,i24_21_4.bmp,0.6239467263221741,3.3611
2864,i24.bmp,i24_21_5.bmp,0.5431056022644043,2.6857
2865,i24.bmp,i24_22_1.bmp,0.9294124841690063,5.7714
2866,i24.bmp,i24_22_2.bmp,0.8842190504074097,5.0294
2867,i24.bmp,i24_22_3.bmp,0.8004060983657837,4.6177
2868,i24.bmp,i24_22_4.bmp,0.6525373458862305,3.3333
2869,i24.bmp,i24_22_5.bmp,0.5827963948249817,2.7429
2870,i24.bmp,i24_23_1.bmp,0.944316029548645,5.8
2871,i24.bmp,i24_23_2.bmp,0.8862271308898926,6.0278
2872,i24.bmp,i24_23_3.bmp,0.8030446767807007,5.6857
2873,i24.bmp,i24_23_4.bmp,0.7144513130187988,5.0882
2874,i24.bmp,i24_23_5.bmp,0.4770963788032532,2.2941
2875,i24.bmp,i24_24_1.bmp,0.8856021761894226,5.7059
2876,i24.bmp,i24_24_2.bmp,0.7925793528556824,5.3429
2877,i24.bmp,i24_24_3.bmp,0.6888752579689026,4.3429
2878,i24.bmp,i24_24_4.bmp,0.5546238422393799,2.7429
2879,i24.bmp,i24_24_5.bmp,0.42582452297210693,0.41667
2880,i25.bmp,i25_01_1.bmp,0.8911553025245667,5.1429
2881,i25.bmp,i25_01_2.bmp,0.8654099702835083,4.6765
2882,i25.bmp,i25_01_3.bmp,0.8381320834159851,4.4
2883,i25.bmp,i25_01_4.bmp,0.8031129837036133,3.8857
2884,i25.bmp,i25_01_5.bmp,0.7647356390953064,3.4444
2885,i25.bmp,i25_02_1.bmp,0.9250280857086182,5.5429
2886,i25.bmp,i25_02_2.bmp,0.904117226600647,5.2778
2887,i25.bmp,i25_02_3.bmp,0.8770518898963928,5.25
2888,i25.bmp,i25_02_4.bmp,0.8472341299057007,4.4571
2889,i25.bmp,i25_02_5.bmp,0.8123648166656494,3.7714
2890,i25.bmp,i25_03_1.bmp,0.8453868627548218,4.0
2891,i25.bmp,i25_03_2.bmp,0.8186376094818115,3.5833
2892,i25.bmp,i25_03_3.bmp,0.7831907272338867,3.25
2893,i25.bmp,i25_03_4.bmp,0.7430245280265808,2.9143
2894,i25.bmp,i25_03_5.bmp,0.6910340189933777,2.4167
2895,i25.bmp,i25_04_1.bmp,0.9657998085021973,6.3939
2896,i25.bmp,i25_04_2.bmp,0.9629992842674255,6.1667
2897,i25.bmp,i25_04_3.bmp,0.9529502987861633,5.8889
2898,i25.bmp,i25_04_4.bmp,0.93388432264328,5.5
2899,i25.bmp,i25_04_5.bmp,0.8980010151863098,5.2353
2900,i25.bmp,i25_05_1.bmp,0.9238414168357849,5.3333
2901,i25.bmp,i25_05_2.bmp,0.8998510241508484,5.2571
2902,i25.bmp,i25_05_3.bmp,0.855216383934021,4.6111
2903,i25.bmp,i25_05_4.bmp,0.7963843941688538,3.8571
2904,i25.bmp,i25_05_5.bmp,0.7074682712554932,2.75
2905,i25.bmp,i25_06_1.bmp,0.8904600143432617,4.4
2906,i25.bmp,i25_06_2.bmp,0.8567023277282715,4.2857
2907,i25.bmp,i25_06_3.bmp,0.8239369988441467,3.7059
2908,i25.bmp,i25_06_4.bmp,0.7844536900520325,3.4722
2909,i25.bmp,i25_06_5.bmp,0.7288681864738464,3.0278
2910,i25.bmp,i25_07_1.bmp,0.9110428094863892,3.5
2911,i25.bmp,i25_07_2.bmp,0.8945314884185791,3.1429
2912,i25.bmp,i25_07_3.bmp,0.9034526348114014,3.0303
2913,i25.bmp,i25_07_4.bmp,0.8581300973892212,2.7143
2914,i25.bmp,i25_07_5.bmp,0.8280470967292786,2.7429
2915,i25.bmp,i25_08_1.bmp,0.9245980978012085,5.5294
2916,i25.bmp,i25_08_2.bmp,0.8716190457344055,5.0556
2917,i25.bmp,i25_08_3.bmp,0.7612274885177612,4.2941
2918,i25.bmp,i25_08_4.bmp,0.6166820526123047,3.1765
2919,i25.bmp,i25_08_5.bmp,0.5223088264465332,1.9444
2920,i25.bmp,i25_09_1.bmp,0.9696485996246338,5.8333
2921,i25.bmp,i25_09_2.bmp,0.9511085152626038,5.2
2922,i25.bmp,i25_09_3.bmp,0.9093899130821228,4.2286
2923,i25.bmp,i25_09_4.bmp,0.8357140421867371,3.1176
2924,i25.bmp,i25_09_5.bmp,0.6813669204711914,1.3333
2925,i25.bmp,i25_10_1.bmp,0.9503848552703857,5.8571
2926,i25.bmp,i25_10_2.bmp,0.922226071357727,5.5714
2927,i25.bmp,i25_10_3.bmp,0.8811059594154358,4.2571
2928,i25.bmp,i25_10_4.bmp,0.7919322848320007,2.1471
2929,i25.bmp,i25_10_5.bmp,0.7103925943374634,1.4722
2930,i25.bmp,i25_11_1.bmp,0.970611572265625,6.0857
2931,i25.bmp,i25_11_2.bmp,0.9560511708259583,5.8611
2932,i25.bmp,i25_11_3.bmp,0.9273464679718018,5.3611
2933,i25.bmp,i25_11_4.bmp,0.8939387202262878,4.9722
2934,i25.bmp,i25_11_5.bmp,0.8345367908477783,4.6
2935,i25.bmp,i25_12_1.bmp,0.9514939785003662,6.0278
2936,i25.bmp,i25_12_2.bmp,0.9535084962844849,5.8
2937,i25.bmp,i25_12_3.bmp,0.9075338244438171,4.8333
2938,i25.bmp,i25_12_4.bmp,0.9123375415802002,5.0303
2939,i25.bmp,i25_12_5.bmp,0.8938437700271606,4.6667
2940,i25.bmp,i25_13_1.bmp,0.8867676854133606,4.8286
2941,i25.bmp,i25_13_2.bmp,0.9097702503204346,5.7143
2942,i25.bmp,i25_13_3.bmp,0.8058661818504333,3.6857
2943,i25.bmp,i25_13_4.bmp,0.8629754781723022,4.5714
2944,i25.bmp,i25_13_5.bmp,0.8383259177207947,3.0286
2945,i25.bmp,i25_14_1.bmp,0.9541091322898865,5.7143
2946,i25.bmp,i25_14_2.bmp,0.9318680763244629,5.1429
2947,i25.bmp,i25_14_3.bmp,0.9172338247299194,5.0882
2948,i25.bmp,i25_14_4.bmp,0.874822735786438,3.8286
2949,i25.bmp,i25_14_5.bmp,0.8494718074798584,3.1111
2950,i25.bmp,i25_15_1.bmp,0.860130786895752,3.2778
2951,i25.bmp,i25_15_2.bmp,0.8601666688919067,2.9394
2952,i25.bmp,i25_15_3.bmp,0.8783164024353027,3.5278
2953,i25.bmp,i25_15_4.bmp,0.8881083726882935,3.9706
2954,i25.bmp,i25_15_5.bmp,0.8950437307357788,4.1429
2955,i25.bmp,i25_16_1.bmp,0.9654518365859985,5.9167
2956,i25.bmp,i25_16_2.bmp,0.9737572073936462,6.4167
2957,i25.bmp,i25_16_3.bmp,0.9472770690917969,5.7714
2958,i25.bmp,i25_16_4.bmp,0.9244019985198975,5.5556
2959,i25.bmp,i25_16_5.bmp,0.9116106629371643,4.4706
2960,i25.bmp,i25_17_1.bmp,0.9421393871307373,5.6111
2961,i25.bmp,i25_17_2.bmp,0.9873608350753784,6.8571
2962,i25.bmp,i25_17_3.bmp,0.8984369039535522,4.4857
2963,i25.bmp,i25_17_4.bmp,0.9191135168075562,6.3889
2964,i25.bmp,i25_17_5.bmp,0.7599337697029114,3.2857
2965,i25.bmp,i25_18_1.bmp,0.9504280090332031,5.6111
2966,i25.bmp,i25_18_2.bmp,0.9509015083312988,5.0588
2967,i25.bmp,i25_18_3.bmp,0.9347723722457886,4.4444
2968,i25.bmp,i25_18_4.bmp,0.8791158199310303,4.0
2969,i25.bmp,i25_18_5.bmp,0.823260486125946,2.6765
2970,i25.bmp,i25_19_1.bmp,0.9035417437553406,5.1667
2971,i25.bmp,i25_19_2.bmp,0.8766611218452454,4.2857
2972,i25.bmp,i25_19_3.bmp,0.845836877822876,3.8333
2973,i25.bmp,i25_19_4.bmp,0.8132171630859375,3.7941
2974,i25.bmp,i25_19_5.bmp,0.7680467367172241,3.3429
2975,i25.bmp,i25_20_1.bmp,0.9648738503456116,5.6765
2976,i25.bmp,i25_20_2.bmp,0.9546770453453064,5.5429
2977,i25.bmp,i25_20_3.bmp,0.9397537708282471,5.0
2978,i25.bmp,i25_20_4.bmp,0.9232158064842224,4.9722
2979,i25.bmp,i25_20_5.bmp,0.8806588053703308,4.0571
2980,i25.bmp,i25_21_1.bmp,0.9135645031929016,5.1714
2981,i25.bmp,i25_21_2.bmp,0.8760427832603455,4.4571
2982,i25.bmp,i25_21_3.bmp,0.8864572048187256,4.8857
2983,i25.bmp,i25_21_4.bmp,0.7842482328414917,3.4286
2984,i25.bmp,i25_21_5.bmp,0.7407468557357788,2.9143
2985,i25.bmp,i25_22_1.bmp,0.9187841415405273,4.8056
2986,i25.bmp,i25_22_2.bmp,0.9006969332695007,4.25
2987,i25.bmp,i25_22_3.bmp,0.8698000907897949,3.7941
2988,i25.bmp,i25_22_4.bmp,0.8465726375579834,3.4
2989,i25.bmp,i25_22_5.bmp,0.8247463703155518,2.7941
2990,i25.bmp,i25_23_1.bmp,0.951423168182373,6.3056
2991,i25.bmp,i25_23_2.bmp,0.9441207051277161,6.2778
2992,i25.bmp,i25_23_3.bmp,0.9333940744400024,6.1714
2993,i25.bmp,i25_23_4.bmp,0.9214422106742859,6.1429
2994,i25.bmp,i25_23_5.bmp,0.9069250822067261,5.9714
2995,i25.bmp,i25_24_1.bmp,0.9346165060997009,5.6571
2996,i25.bmp,i25_24_2.bmp,0.9100461006164551,5.4444
2997,i25.bmp,i25_24_3.bmp,0.873454213142395,4.6286
2998,i25.bmp,i25_24_4.bmp,0.8263886570930481,4.0278
2999,i25.bmp,i25_24_5.bmp,0.7569780349731445,2.7714
