idx,ref_img_path,dis_img_path,score,mos_label
0,i01.bmp,i01_01_1.bmp,32.49476623535156,5.5143
1,i01.bmp,i01_01_2.bmp,34.08407211303711,5.5676
2,i01.bmp,i01_01_3.bmp,35.43635940551758,4.9444
3,i01.bmp,i01_01_4.bmp,37.556396484375,4.3784
4,i01.bmp,i01_01_5.bmp,41.541893005371094,3.8649
5,i01.bmp,i01_02_1.bmp,31.641090393066406,6.0286
6,i01.bmp,i01_02_2.bmp,32.28885269165039,6.1081
7,i01.bmp,i01_02_3.bmp,33.91628646850586,5.3889
8,i01.bmp,i01_02_4.bmp,36.00838851928711,4.7143
9,i01.bmp,i01_02_5.bmp,40.04133605957031,4.3611
10,i01.bmp,i01_03_1.bmp,36.45539474487305,4.7714
11,i01.bmp,i01_03_2.bmp,38.78948974609375,4.2703
12,i01.bmp,i01_03_3.bmp,42.60823440551758,3.7027
13,i01.bmp,i01_03_4.bmp,46.3405647277832,3.1944
14,i01.bmp,i01_03_5.bmp,50.71670150756836,2.7143
15,i01.bmp,i01_04_1.bmp,31.057598114013672,5.9714
16,i01.bmp,i01_04_2.bmp,31.19692039489746,5.7568
17,i01.bmp,i01_04_3.bmp,31.638839721679688,5.2703
18,i01.bmp,i01_04_4.bmp,32.10187911987305,5.2432
19,i01.bmp,i01_04_5.bmp,33.064613342285156,4.7143
20,i01.bmp,i01_05_1.bmp,31.325603485107422,5.9189
21,i01.bmp,i01_05_2.bmp,31.978153228759766,5.7027
22,i01.bmp,i01_05_3.bmp,33.81119918823242,5.0833
23,i01.bmp,i01_05_4.bmp,37.021602630615234,4.1389
24,i01.bmp,i01_05_5.bmp,42.8498649597168,3.1389
25,i01.bmp,i01_06_1.bmp,31.900331497192383,4.0
26,i01.bmp,i01_06_2.bmp,33.97407913208008,3.8919
27,i01.bmp,i01_06_3.bmp,34.50634765625,3.7297
28,i01.bmp,i01_06_4.bmp,37.383480072021484,3.4857
29,i01.bmp,i01_06_5.bmp,42.128868103027344,2.9444
30,i01.bmp,i01_07_1.bmp,32.0845947265625,5.0833
31,i01.bmp,i01_07_2.bmp,31.818796157836914,4.75
32,i01.bmp,i01_07_3.bmp,33.37613296508789,4.0
33,i01.bmp,i01_07_4.bmp,34.694149017333984,3.2222
34,i01.bmp,i01_07_5.bmp,37.95869445800781,2.1944
35,i01.bmp,i01_08_1.bmp,33.32743453979492,5.1892
36,i01.bmp,i01_08_2.bmp,36.00740051269531,4.4722
37,i01.bmp,i01_08_3.bmp,40.317237854003906,3.4865
38,i01.bmp,i01_08_4.bmp,45.495609283447266,3.0
39,i01.bmp,i01_08_5.bmp,50.4978141784668,2.1111
40,i01.bmp,i01_09_1.bmp,32.1107177734375,6.0833
41,i01.bmp,i01_09_2.bmp,33.31671905517578,5.1667
42,i01.bmp,i01_09_3.bmp,37.21589660644531,4.4286
43,i01.bmp,i01_09_4.bmp,40.597755432128906,2.8108
44,i01.bmp,i01_09_5.bmp,50.164546966552734,1.5405
45,i01.bmp,i01_10_1.bmp,33.40391540527344,5.973
46,i01.bmp,i01_10_2.bmp,34.66606140136719,5.9459
47,i01.bmp,i01_10_3.bmp,37.54655456542969,4.9167
48,i01.bmp,i01_10_4.bmp,45.95457458496094,3.2162
49,i01.bmp,i01_10_5.bmp,53.99618148803711,2.0811
50,i01.bmp,i01_11_1.bmp,33.60107421875,5.9143
51,i01.bmp,i01_11_2.bmp,35.63947296142578,5.6757
52,i01.bmp,i01_11_3.bmp,39.118324279785156,4.6944
53,i01.bmp,i01_11_4.bmp,45.027008056640625,3.6757
54,i01.bmp,i01_11_5.bmp,53.6064567565918,1.4595
55,i01.bmp,i01_12_1.bmp,32.21894073486328,5.9459
56,i01.bmp,i01_12_2.bmp,31.918880462646484,5.8649
57,i01.bmp,i01_12_3.bmp,35.54389190673828,4.2162
58,i01.bmp,i01_12_4.bmp,36.548980712890625,3.8333
59,i01.bmp,i01_12_5.bmp,39.957942962646484,3.4324
60,i01.bmp,i01_13_1.bmp,31.719308853149414,5.4595
61,i01.bmp,i01_13_2.bmp,34.74750900268555,3.9143
62,i01.bmp,i01_13_3.bmp,39.086814880371094,3.2778
63,i01.bmp,i01_13_4.bmp,37.602813720703125,3.1667
64,i01.bmp,i01_13_5.bmp,39.18037033081055,3.1081
65,i01.bmp,i01_14_1.bmp,30.91183853149414,5.6944
66,i01.bmp,i01_14_2.bmp,30.82547378540039,6.0541
67,i01.bmp,i01_14_3.bmp,31.05297088623047,5.7568
68,i01.bmp,i01_14_4.bmp,32.35376739501953,5.5556
69,i01.bmp,i01_14_5.bmp,31.542022705078125,4.4706
70,i01.bmp,i01_15_1.bmp,32.320281982421875,2.8333
71,i01.bmp,i01_15_2.bmp,32.95030212402344,2.8286
72,i01.bmp,i01_15_3.bmp,31.720134735107422,3.1081
73,i01.bmp,i01_15_4.bmp,31.807334899902344,3.5833
74,i01.bmp,i01_15_5.bmp,31.272607803344727,3.8919
75,i01.bmp,i01_16_1.bmp,30.610408782958984,5.8056
76,i01.bmp,i01_16_2.bmp,30.927650451660156,6.0541
77,i01.bmp,i01_16_3.bmp,30.223526000976562,4.8889
78,i01.bmp,i01_16_4.bmp,31.520549774169922,5.0278
79,i01.bmp,i01_16_5.bmp,30.47526741027832,4.1944
80,i01.bmp,i01_17_1.bmp,31.912063598632812,5.3514
81,i01.bmp,i01_17_2.bmp,28.698951721191406,6.6216
82,i01.bmp,i01_17_3.bmp,33.75373077392578,4.0811
83,i01.bmp,i01_17_4.bmp,26.830062866210938,6.2432
84,i01.bmp,i01_17_5.bmp,37.8504638671875,2.9714
85,i01.bmp,i01_18_1.bmp,30.801048278808594,4.6216
86,i01.bmp,i01_18_2.bmp,30.928020477294922,4.2222
87,i01.bmp,i01_18_3.bmp,31.315303802490234,3.7714
88,i01.bmp,i01_18_4.bmp,32.65841293334961,3.4722
89,i01.bmp,i01_18_5.bmp,32.54463577270508,3.4167
90,i01.bmp,i01_19_1.bmp,31.723114013671875,5.9444
91,i01.bmp,i01_19_2.bmp,33.261627197265625,5.4722
92,i01.bmp,i01_19_3.bmp,35.06458282470703,5.0811
93,i01.bmp,i01_19_4.bmp,36.953975677490234,4.5278
94,i01.bmp,i01_19_5.bmp,40.09091567993164,3.9444
95,i01.bmp,i01_20_1.bmp,31.46925163269043,5.8571
96,i01.bmp,i01_20_2.bmp,31.80729103088379,5.8333
97,i01.bmp,i01_20_3.bmp,33.135536193847656,6.0278
98,i01.bmp,i01_20_4.bmp,34.91851043701172,5.0833
99,i01.bmp,i01_20_5.bmp,36.89409637451172,4.3333
100,i01.bmp,i01_21_1.bmp,32.584651947021484,5.7027
101,i01.bmp,i01_21_2.bmp,33.26951599121094,5.2778
102,i01.bmp,i01_21_3.bmp,36.301727294921875,4.6757
103,i01.bmp,i01_21_4.bmp,38.34031677246094,4.0571
104,i01.bmp,i01_21_5.bmp,39.863197326660156,3.0541
105,i01.bmp,i01_22_1.bmp,32.147193908691406,5.5556
106,i01.bmp,i01_22_2.bmp,34.404727935791016,5.1892
107,i01.bmp,i01_22_3.bmp,35.22431564331055,4.3056
108,i01.bmp,i01_22_4.bmp,37.310325622558594,3.1622
109,i01.bmp,i01_22_5.bmp,45.1154670715332,2.1944
110,i01.bmp,i01_23_1.bmp,29.749488830566406,6.2857
111,i01.bmp,i01_23_2.bmp,30.37964630126953,5.6111
112,i01.bmp,i01_23_3.bmp,31.670391082763672,5.7778
113,i01.bmp,i01_23_4.bmp,36.25237274169922,4.8056
114,i01.bmp,i01_23_5.bmp,45.76336669921875,2.4054
115,i01.bmp,i01_24_1.bmp,33.01947021484375,5.7027
116,i01.bmp,i01_24_2.bmp,34.42287063598633,5.5833
117,i01.bmp,i01_24_3.bmp,37.07598876953125,5.1081
118,i01.bmp,i01_24_4.bmp,40.019317626953125,3.0811
119,i01.bmp,i01_24_5.bmp,44.075164794921875,0.45946
120,i02.bmp,i02_01_1.bmp,44.785362243652344,5.7429
121,i02.bmp,i02_01_2.bmp,46.177955627441406,5.3429
122,i02.bmp,i02_01_3.bmp,48.554893493652344,5.2222
123,i02.bmp,i02_01_4.bmp,51.491424560546875,4.1944
124,i02.bmp,i02_01_5.bmp,54.39000701904297,3.973
125,i02.bmp,i02_02_1.bmp,43.697052001953125,6.0556
126,i02.bmp,i02_02_2.bmp,44.69878387451172,6.0541
127,i02.bmp,i02_02_3.bmp,46.02415466308594,5.8889
128,i02.bmp,i02_02_4.bmp,47.673797607421875,5.2973
129,i02.bmp,i02_02_5.bmp,50.33856964111328,4.3889
130,i02.bmp,i02_03_1.bmp,49.03385543823242,4.8
131,i02.bmp,i02_03_2.bmp,52.80323791503906,4.4324
132,i02.bmp,i02_03_3.bmp,54.92314147949219,3.8378
133,i02.bmp,i02_03_4.bmp,59.78379821777344,3.5278
134,i02.bmp,i02_03_5.bmp,64.83367156982422,2.9189
135,i02.bmp,i02_04_1.bmp,43.126365661621094,6.2857
136,i02.bmp,i02_04_2.bmp,43.55964660644531,6.1622
137,i02.bmp,i02_04_3.bmp,44.26953887939453,5.1944
138,i02.bmp,i02_04_4.bmp,45.82372283935547,4.7429
139,i02.bmp,i02_04_5.bmp,48.69457244873047,4.2857
140,i02.bmp,i02_05_1.bmp,43.734989166259766,6.1177
141,i02.bmp,i02_05_2.bmp,44.486228942871094,6.1111
142,i02.bmp,i02_05_3.bmp,46.82978439331055,5.4324
143,i02.bmp,i02_05_4.bmp,50.93480682373047,4.3784
144,i02.bmp,i02_05_5.bmp,57.68994140625,3.4167
145,i02.bmp,i02_06_1.bmp,45.74785614013672,4.5556
146,i02.bmp,i02_06_2.bmp,48.422847747802734,4.2778
147,i02.bmp,i02_06_3.bmp,51.77392578125,3.7297
148,i02.bmp,i02_06_4.bmp,55.14569854736328,3.4857
149,i02.bmp,i02_06_5.bmp,59.4810905456543,3.1081
150,i02.bmp,i02_07_1.bmp,45.095787048339844,5.9143
151,i02.bmp,i02_07_2.bmp,47.674530029296875,5.5833
152,i02.bmp,i02_07_3.bmp,49.32790756225586,3.7647
153,i02.bmp,i02_07_4.bmp,49.482032775878906,3.7568
154,i02.bmp,i02_07_5.bmp,53.856929779052734,2.8571
155,i02.bmp,i02_08_1.bmp,44.59925079345703,6.1081
156,i02.bmp,i02_08_2.bmp,46.55397033691406,5.1667
157,i02.bmp,i02_08_3.bmp,50.53129577636719,4.5429
158,i02.bmp,i02_08_4.bmp,57.336708068847656,3.8378
159,i02.bmp,i02_08_5.bmp,64.28963470458984,3.027
160,i02.bmp,i02_09_1.bmp,42.387115478515625,6.0
161,i02.bmp,i02_09_2.bmp,44.627193450927734,5.5143
162,i02.bmp,i02_09_3.bmp,49.501670837402344,4.5278
163,i02.bmp,i02_09_4.bmp,57.531288146972656,3.6486
164,i02.bmp,i02_09_5.bmp,65.43380737304688,2.4167
165,i02.bmp,i02_10_1.bmp,46.174156188964844,6.0
166,i02.bmp,i02_10_2.bmp,48.709896087646484,5.9722
167,i02.bmp,i02_10_3.bmp,56.67680358886719,5.4324
168,i02.bmp,i02_10_4.bmp,70.701904296875,3.5
169,i02.bmp,i02_10_5.bmp,75.80415344238281,2.7143
170,i02.bmp,i02_11_1.bmp,49.23207092285156,5.9167
171,i02.bmp,i02_11_2.bmp,57.085662841796875,4.8056
172,i02.bmp,i02_11_3.bmp,65.03580474853516,2.973
173,i02.bmp,i02_11_4.bmp,69.55681610107422,1.9189
174,i02.bmp,i02_11_5.bmp,72.0820083618164,1.2778
175,i02.bmp,i02_12_1.bmp,46.550933837890625,5.3056
176,i02.bmp,i02_12_2.bmp,47.18590545654297,4.4324
177,i02.bmp,i02_12_3.bmp,51.41692352294922,3.0811
178,i02.bmp,i02_12_4.bmp,55.470703125,2.6757
179,i02.bmp,i02_12_5.bmp,59.365478515625,2.3714
180,i02.bmp,i02_13_1.bmp,50.96574401855469,4.4722
181,i02.bmp,i02_13_2.bmp,50.43251037597656,4.0
182,i02.bmp,i02_13_3.bmp,53.831520080566406,3.3889
183,i02.bmp,i02_13_4.bmp,65.72147369384766,2.8919
184,i02.bmp,i02_13_5.bmp,53.39125061035156,3.6111
185,i02.bmp,i02_14_1.bmp,42.97648239135742,5.75
186,i02.bmp,i02_14_2.bmp,43.05720138549805,6.0811
187,i02.bmp,i02_14_3.bmp,44.10501480102539,5.1143
188,i02.bmp,i02_14_4.bmp,44.01727294921875,5.3143
189,i02.bmp,i02_14_5.bmp,46.23093795776367,4.2162
190,i02.bmp,i02_15_1.bmp,44.0170783996582,3.4
191,i02.bmp,i02_15_2.bmp,43.550689697265625,3.6216
192,i02.bmp,i02_15_3.bmp,44.14997100830078,3.8333
193,i02.bmp,i02_15_4.bmp,42.45558166503906,3.8378
194,i02.bmp,i02_15_5.bmp,41.2001838684082,4.2
195,i02.bmp,i02_16_1.bmp,42.37168502807617,5.9459
196,i02.bmp,i02_16_2.bmp,43.268898010253906,6.0833
197,i02.bmp,i02_16_3.bmp,41.338584899902344,5.3243
198,i02.bmp,i02_16_4.bmp,44.41268539428711,5.1389
199,i02.bmp,i02_16_5.bmp,42.26858139038086,4.5676
200,i02.bmp,i02_17_1.bmp,43.80769348144531,5.9167
201,i02.bmp,i02_17_2.bmp,40.29923629760742,5.6857
202,i02.bmp,i02_17_3.bmp,45.557823181152344,4.8378
203,i02.bmp,i02_17_4.bmp,38.29114532470703,4.7714
204,i02.bmp,i02_17_5.bmp,49.64044189453125,3.9167
205,i02.bmp,i02_18_1.bmp,43.099342346191406,5.9722
206,i02.bmp,i02_18_2.bmp,43.27332305908203,5.5946
207,i02.bmp,i02_18_3.bmp,43.38907241821289,4.8286
208,i02.bmp,i02_18_4.bmp,43.99253845214844,4.9189
209,i02.bmp,i02_18_5.bmp,44.62190246582031,4.5429
210,i02.bmp,i02_19_1.bmp,44.413909912109375,5.7778
211,i02.bmp,i02_19_2.bmp,45.464988708496094,5.4324
212,i02.bmp,i02_19_3.bmp,46.847801208496094,4.8333
213,i02.bmp,i02_19_4.bmp,49.96293640136719,4.2222
214,i02.bmp,i02_19_5.bmp,53.01860046386719,3.7568
215,i02.bmp,i02_20_1.bmp,43.79773712158203,6.0541
216,i02.bmp,i02_20_2.bmp,45.05620574951172,6.1714
217,i02.bmp,i02_20_3.bmp,49.070098876953125,5.3056
218,i02.bmp,i02_20_4.bmp,51.0079345703125,4.0
219,i02.bmp,i02_20_5.bmp,49.854644775390625,2.8056
220,i02.bmp,i02_21_1.bmp,46.2004508972168,5.973
221,i02.bmp,i02_21_2.bmp,48.65283966064453,5.2973
222,i02.bmp,i02_21_3.bmp,52.2717170715332,4.6
223,i02.bmp,i02_21_4.bmp,56.20740509033203,3.2778
224,i02.bmp,i02_21_5.bmp,59.620765686035156,2.3611
225,i02.bmp,i02_22_1.bmp,44.56580352783203,5.5135
226,i02.bmp,i02_22_2.bmp,46.714412689208984,5.2432
227,i02.bmp,i02_22_3.bmp,49.90840148925781,4.4857
228,i02.bmp,i02_22_4.bmp,54.15522766113281,3.8056
229,i02.bmp,i02_22_5.bmp,72.23009490966797,2.2222
230,i02.bmp,i02_23_1.bmp,43.49158477783203,6.7778
231,i02.bmp,i02_23_2.bmp,44.96958923339844,5.5405
232,i02.bmp,i02_23_3.bmp,56.2305908203125,3.4444
233,i02.bmp,i02_23_4.bmp,66.32756042480469,2.1622
234,i02.bmp,i02_23_5.bmp,70.18431091308594,0.81081
235,i02.bmp,i02_24_1.bmp,45.387351989746094,6.0811
236,i02.bmp,i02_24_2.bmp,51.54575729370117,4.9167
237,i02.bmp,i02_24_3.bmp,60.257240295410156,3.0
238,i02.bmp,i02_24_4.bmp,67.0830078125,2.1111
239,i02.bmp,i02_24_5.bmp,69.51378631591797,0.89189
240,i03.bmp,i03_01_1.bmp,30.369773864746094,5.7692
241,i03.bmp,i03_01_2.bmp,31.89255142211914,5.1053
242,i03.bmp,i03_01_3.bmp,34.188743591308594,4.6842
243,i03.bmp,i03_01_4.bmp,37.03718566894531,4.25
244,i03.bmp,i03_01_5.bmp,40.372772216796875,3.925
245,i03.bmp,i03_02_1.bmp,29.493684768676758,6.1842
246,i03.bmp,i03_02_2.bmp,30.00072479248047,6.282
247,i03.bmp,i03_02_3.bmp,31.829177856445312,5.25
248,i03.bmp,i03_02_4.bmp,33.49467086791992,5.0
249,i03.bmp,i03_02_5.bmp,36.239463806152344,4.6
250,i03.bmp,i03_03_1.bmp,34.33796691894531,4.65
251,i03.bmp,i03_03_2.bmp,36.769798278808594,4.0769
252,i03.bmp,i03_03_3.bmp,40.027069091796875,3.85
253,i03.bmp,i03_03_4.bmp,43.35996627807617,3.282
254,i03.bmp,i03_03_5.bmp,47.416542053222656,2.8947
255,i03.bmp,i03_04_1.bmp,29.608583450317383,6.3846
256,i03.bmp,i03_04_2.bmp,30.15949249267578,5.6579
257,i03.bmp,i03_04_3.bmp,31.04271697998047,5.225
258,i03.bmp,i03_04_4.bmp,32.14936065673828,4.6
259,i03.bmp,i03_04_5.bmp,34.083961486816406,3.575
260,i03.bmp,i03_05_1.bmp,29.04450798034668,6.5
261,i03.bmp,i03_05_2.bmp,29.82221031188965,5.6316
262,i03.bmp,i03_05_3.bmp,32.715126037597656,5.3
263,i03.bmp,i03_05_4.bmp,37.5584602355957,4.3077
264,i03.bmp,i03_05_5.bmp,43.802215576171875,3.4737
265,i03.bmp,i03_06_1.bmp,32.103458404541016,4.8158
266,i03.bmp,i03_06_2.bmp,33.88082504272461,4.5385
267,i03.bmp,i03_06_3.bmp,36.5734977722168,4.1
268,i03.bmp,i03_06_4.bmp,39.19696807861328,3.75
269,i03.bmp,i03_06_5.bmp,42.14759063720703,3.5
270,i03.bmp,i03_07_1.bmp,30.038496017456055,4.9744
271,i03.bmp,i03_07_2.bmp,33.20204544067383,4.1
272,i03.bmp,i03_07_3.bmp,35.100181579589844,3.8462
273,i03.bmp,i03_07_4.bmp,33.34453582763672,3.825
274,i03.bmp,i03_07_5.bmp,33.97187042236328,3.6154
275,i03.bmp,i03_08_1.bmp,30.62433624267578,6.3421
276,i03.bmp,i03_08_2.bmp,32.725711822509766,5.6
277,i03.bmp,i03_08_3.bmp,37.1129035949707,4.4737
278,i03.bmp,i03_08_4.bmp,43.84540557861328,3.75
279,i03.bmp,i03_08_5.bmp,49.82483673095703,2.95
280,i03.bmp,i03_09_1.bmp,32.14150619506836,6.65
281,i03.bmp,i03_09_2.bmp,33.80954360961914,6.2564
282,i03.bmp,i03_09_3.bmp,36.92544174194336,5.475
283,i03.bmp,i03_09_4.bmp,43.588287353515625,3.7436
284,i03.bmp,i03_09_5.bmp,48.608890533447266,2.4737
285,i03.bmp,i03_10_1.bmp,32.375267028808594,6.2368
286,i03.bmp,i03_10_2.bmp,34.7346076965332,5.6667
287,i03.bmp,i03_10_3.bmp,43.409141540527344,5.0513
288,i03.bmp,i03_10_4.bmp,55.59306335449219,3.3
289,i03.bmp,i03_10_5.bmp,64.27484893798828,2.4872
290,i03.bmp,i03_11_1.bmp,38.75175476074219,5.3684
291,i03.bmp,i03_11_2.bmp,45.64855194091797,4.0769
292,i03.bmp,i03_11_3.bmp,50.8953971862793,2.8462
293,i03.bmp,i03_11_4.bmp,58.53592300415039,1.8205
294,i03.bmp,i03_11_5.bmp,61.67845153808594,0.7
295,i03.bmp,i03_12_1.bmp,33.81871795654297,5.4103
296,i03.bmp,i03_12_2.bmp,35.25074005126953,4.0789
297,i03.bmp,i03_12_3.bmp,38.530296325683594,2.8421
298,i03.bmp,i03_12_4.bmp,36.356346130371094,3.1
299,i03.bmp,i03_12_5.bmp,42.5496826171875,2.4
300,i03.bmp,i03_13_1.bmp,34.70246124267578,5.1282
301,i03.bmp,i03_13_2.bmp,38.5367431640625,3.641
302,i03.bmp,i03_13_3.bmp,42.444976806640625,3.925
303,i03.bmp,i03_13_4.bmp,41.748111724853516,2.925
304,i03.bmp,i03_13_5.bmp,43.82280731201172,2.4211
305,i03.bmp,i03_14_1.bmp,29.795976638793945,5.0769
306,i03.bmp,i03_14_2.bmp,29.221696853637695,6.0
307,i03.bmp,i03_14_3.bmp,29.1378173828125,4.85
308,i03.bmp,i03_14_4.bmp,29.230228424072266,4.4615
309,i03.bmp,i03_14_5.bmp,29.028587341308594,3.5
310,i03.bmp,i03_15_1.bmp,27.809558868408203,3.725
311,i03.bmp,i03_15_2.bmp,27.048778533935547,4.05
312,i03.bmp,i03_15_3.bmp,26.59564971923828,4.025
313,i03.bmp,i03_15_4.bmp,27.35330581665039,4.282
314,i03.bmp,i03_15_5.bmp,28.2825927734375,4.7949
315,i03.bmp,i03_16_1.bmp,28.791751861572266,6.8205
316,i03.bmp,i03_16_2.bmp,28.79969024658203,6.525
317,i03.bmp,i03_16_3.bmp,28.885025024414062,5.975
318,i03.bmp,i03_16_4.bmp,28.891902923583984,6.075
319,i03.bmp,i03_16_5.bmp,29.49020767211914,5.0256
320,i03.bmp,i03_17_1.bmp,29.732797622680664,6.282
321,i03.bmp,i03_17_2.bmp,26.936336517333984,6.75
322,i03.bmp,i03_17_3.bmp,31.431697845458984,5.2
323,i03.bmp,i03_17_4.bmp,25.564937591552734,6.575
324,i03.bmp,i03_17_5.bmp,35.04472351074219,3.7949
325,i03.bmp,i03_18_1.bmp,28.823047637939453,5.7692
326,i03.bmp,i03_18_2.bmp,29.05309295654297,5.718
327,i03.bmp,i03_18_3.bmp,28.955991744995117,5.5641
328,i03.bmp,i03_18_4.bmp,29.037282943725586,5.0
329,i03.bmp,i03_18_5.bmp,29.19392967224121,4.6579
330,i03.bmp,i03_19_1.bmp,30.295076370239258,5.5128
331,i03.bmp,i03_19_2.bmp,32.09341812133789,5.0256
332,i03.bmp,i03_19_3.bmp,34.15887451171875,4.7
333,i03.bmp,i03_19_4.bmp,36.856876373291016,4.3077
334,i03.bmp,i03_19_5.bmp,40.17784118652344,3.6923
335,i03.bmp,i03_20_1.bmp,31.997894287109375,5.8421
336,i03.bmp,i03_20_2.bmp,35.674232482910156,5.4615
337,i03.bmp,i03_20_3.bmp,37.699039459228516,4.1579
338,i03.bmp,i03_20_4.bmp,37.18440628051758,3.1795
339,i03.bmp,i03_20_5.bmp,35.631282806396484,2.825
340,i03.bmp,i03_21_1.bmp,35.19590377807617,5.2368
341,i03.bmp,i03_21_2.bmp,37.71192932128906,4.4359
342,i03.bmp,i03_21_3.bmp,41.16663360595703,3.8974
343,i03.bmp,i03_21_4.bmp,42.610103607177734,3.1795
344,i03.bmp,i03_21_5.bmp,49.50233459472656,2.1
345,i03.bmp,i03_22_1.bmp,30.08711814880371,5.9744
346,i03.bmp,i03_22_2.bmp,30.731592178344727,5.359
347,i03.bmp,i03_22_3.bmp,30.700048446655273,5.2308
348,i03.bmp,i03_22_4.bmp,34.93421173095703,4.359
349,i03.bmp,i03_22_5.bmp,38.354576110839844,3.9211
350,i03.bmp,i03_23_1.bmp,30.048786163330078,6.718
351,i03.bmp,i03_23_2.bmp,32.536827087402344,5.8461
352,i03.bmp,i03_23_3.bmp,41.46918487548828,3.9
353,i03.bmp,i03_23_4.bmp,50.09407043457031,2.6579
354,i03.bmp,i03_23_5.bmp,55.26640701293945,1.975
355,i03.bmp,i03_24_1.bmp,34.042659759521484,5.7436
356,i03.bmp,i03_24_2.bmp,40.573974609375,4.2051
357,i03.bmp,i03_24_3.bmp,47.87753677368164,2.825
358,i03.bmp,i03_24_4.bmp,53.93532180786133,1.8158
359,i03.bmp,i03_24_5.bmp,55.71662902832031,0.42105
360,i04.bmp,i04_01_1.bmp,30.03460121154785,5.7619
361,i04.bmp,i04_01_2.bmp,31.83971405029297,5.4762
362,i04.bmp,i04_01_3.bmp,34.97636032104492,4.9286
363,i04.bmp,i04_01_4.bmp,38.933250427246094,4.2683
364,i04.bmp,i04_01_5.bmp,42.7835693359375,4.0
365,i04.bmp,i04_02_1.bmp,28.225204467773438,6.275
366,i04.bmp,i04_02_2.bmp,29.42180061340332,6.1539
367,i04.bmp,i04_02_3.bmp,30.48975372314453,5.6829
368,i04.bmp,i04_02_4.bmp,33.17509078979492,5.3095
369,i04.bmp,i04_02_5.bmp,37.095970153808594,4.5366
370,i04.bmp,i04_03_1.bmp,34.30544662475586,4.7805
371,i04.bmp,i04_03_2.bmp,37.496063232421875,4.2143
372,i04.bmp,i04_03_3.bmp,42.233463287353516,3.9
373,i04.bmp,i04_03_4.bmp,47.965087890625,3.425
374,i04.bmp,i04_03_5.bmp,53.20530700683594,3.0238
375,i04.bmp,i04_04_1.bmp,27.787033081054688,6.125
376,i04.bmp,i04_04_2.bmp,28.09368324279785,6.2683
377,i04.bmp,i04_04_3.bmp,28.656557083129883,6.15
378,i04.bmp,i04_04_4.bmp,29.38782501220703,5.4762
379,i04.bmp,i04_04_5.bmp,31.735633850097656,4.8095
380,i04.bmp,i04_05_1.bmp,27.718101501464844,6.3095
381,i04.bmp,i04_05_2.bmp,28.539939880371094,5.9024
382,i04.bmp,i04_05_3.bmp,31.991125106811523,5.325
383,i04.bmp,i04_05_4.bmp,37.82405090332031,4.4762
384,i04.bmp,i04_05_5.bmp,46.439239501953125,3.7073
385,i04.bmp,i04_06_1.bmp,31.120330810546875,5.0238
386,i04.bmp,i04_06_2.bmp,33.391746520996094,4.561
387,i04.bmp,i04_06_3.bmp,35.94099044799805,4.2619
388,i04.bmp,i04_06_4.bmp,40.60888671875,4.1951
389,i04.bmp,i04_06_5.bmp,45.488868713378906,3.45
390,i04.bmp,i04_07_1.bmp,28.467016220092773,4.6905
391,i04.bmp,i04_07_2.bmp,30.7030029296875,4.075
392,i04.bmp,i04_07_3.bmp,34.69629669189453,3.5238
393,i04.bmp,i04_07_4.bmp,32.50730895996094,3.1429
394,i04.bmp,i04_07_5.bmp,37.916969299316406,2.9524
395,i04.bmp,i04_08_1.bmp,29.180727005004883,6.3095
396,i04.bmp,i04_08_2.bmp,30.682697296142578,5.9268
397,i04.bmp,i04_08_3.bmp,33.99010467529297,5.381
398,i04.bmp,i04_08_4.bmp,39.938140869140625,4.375
399,i04.bmp,i04_08_5.bmp,46.96177673339844,3.6667
400,i04.bmp,i04_09_1.bmp,31.512298583984375,6.381
401,i04.bmp,i04_09_2.bmp,32.48923873901367,5.8049
402,i04.bmp,i04_09_3.bmp,35.734840393066406,5.0488
403,i04.bmp,i04_09_4.bmp,43.85443115234375,3.7805
404,i04.bmp,i04_09_5.bmp,51.437110900878906,2.5
405,i04.bmp,i04_10_1.bmp,30.240032196044922,6.0714
406,i04.bmp,i04_10_2.bmp,32.5351676940918,5.9756
407,i04.bmp,i04_10_3.bmp,39.48270797729492,5.0714
408,i04.bmp,i04_10_4.bmp,61.597442626953125,3.2619
409,i04.bmp,i04_10_5.bmp,68.95769500732422,2.1905
410,i04.bmp,i04_11_1.bmp,38.460548400878906,5.3
411,i04.bmp,i04_11_2.bmp,46.018653869628906,4.0
412,i04.bmp,i04_11_3.bmp,53.37549591064453,2.9024
413,i04.bmp,i04_11_4.bmp,58.38847351074219,2.0
414,i04.bmp,i04_11_5.bmp,60.145896911621094,0.88095
415,i04.bmp,i04_12_1.bmp,29.609960556030273,6.05
416,i04.bmp,i04_12_2.bmp,34.446861267089844,4.6429
417,i04.bmp,i04_12_3.bmp,37.547088623046875,3.9286
418,i04.bmp,i04_12_4.bmp,41.85273742675781,2.9048
419,i04.bmp,i04_12_5.bmp,46.2176513671875,2.6585
420,i04.bmp,i04_13_1.bmp,33.91019821166992,4.6667
421,i04.bmp,i04_13_2.bmp,38.39155578613281,3.8462
422,i04.bmp,i04_13_3.bmp,40.26327896118164,3.3571
423,i04.bmp,i04_13_4.bmp,43.02000427246094,3.4634
424,i04.bmp,i04_13_5.bmp,45.31910705566406,2.3809
425,i04.bmp,i04_14_1.bmp,29.227807998657227,5.0714
426,i04.bmp,i04_14_2.bmp,27.43629264831543,6.4048
427,i04.bmp,i04_14_3.bmp,27.877094268798828,6.0
428,i04.bmp,i04_14_4.bmp,28.78101348876953,4.4048
429,i04.bmp,i04_14_5.bmp,30.14503288269043,3.6098
430,i04.bmp,i04_15_1.bmp,27.916162490844727,3.3809
431,i04.bmp,i04_15_2.bmp,28.318479537963867,3.4048
432,i04.bmp,i04_15_3.bmp,27.14464569091797,3.5
433,i04.bmp,i04_15_4.bmp,27.124961853027344,3.7561
434,i04.bmp,i04_15_5.bmp,25.985065460205078,4.0513
435,i04.bmp,i04_16_1.bmp,27.190887451171875,6.2857
436,i04.bmp,i04_16_2.bmp,27.799034118652344,6.6429
437,i04.bmp,i04_16_3.bmp,26.771671295166016,6.0952
438,i04.bmp,i04_16_4.bmp,28.43565559387207,5.6667
439,i04.bmp,i04_16_5.bmp,27.23059844970703,5.1539
440,i04.bmp,i04_17_1.bmp,28.668720245361328,6.0
441,i04.bmp,i04_17_2.bmp,25.323055267333984,6.6667
442,i04.bmp,i04_17_3.bmp,30.58454132080078,4.7805
443,i04.bmp,i04_17_4.bmp,23.70391845703125,7.2143
444,i04.bmp,i04_17_5.bmp,34.93524932861328,3.925
445,i04.bmp,i04_18_1.bmp,27.84708023071289,5.4146
446,i04.bmp,i04_18_2.bmp,28.13739013671875,5.0244
447,i04.bmp,i04_18_3.bmp,28.529582977294922,4.6667
448,i04.bmp,i04_18_4.bmp,29.6982479095459,4.2381
449,i04.bmp,i04_18_5.bmp,31.979568481445312,3.9268
450,i04.bmp,i04_19_1.bmp,29.7971134185791,5.4524
451,i04.bmp,i04_19_2.bmp,32.39731216430664,5.3571
452,i04.bmp,i04_19_3.bmp,34.390621185302734,4.9024
453,i04.bmp,i04_19_4.bmp,38.11954116821289,4.425
454,i04.bmp,i04_19_5.bmp,42.27934265136719,4.1667
455,i04.bmp,i04_20_1.bmp,30.216068267822266,6.4524
456,i04.bmp,i04_20_2.bmp,34.464210510253906,5.225
457,i04.bmp,i04_20_3.bmp,37.36572265625,4.1905
458,i04.bmp,i04_20_4.bmp,38.191925048828125,3.1191
459,i04.bmp,i04_20_5.bmp,36.10282516479492,2.4146
460,i04.bmp,i04_21_1.bmp,33.19794464111328,5.1463
461,i04.bmp,i04_21_2.bmp,36.61656188964844,4.7317
462,i04.bmp,i04_21_3.bmp,42.61385726928711,3.8095
463,i04.bmp,i04_21_4.bmp,48.004241943359375,3.2195
464,i04.bmp,i04_21_5.bmp,53.23294448852539,2.0
465,i04.bmp,i04_22_1.bmp,28.4536075592041,6.0244
466,i04.bmp,i04_22_2.bmp,29.516937255859375,5.7857
467,i04.bmp,i04_22_3.bmp,31.5095157623291,4.4286
468,i04.bmp,i04_22_4.bmp,34.48680877685547,4.122
469,i04.bmp,i04_22_5.bmp,44.871681213378906,2.9048
470,i04.bmp,i04_23_1.bmp,27.585399627685547,6.425
471,i04.bmp,i04_23_2.bmp,32.460792541503906,5.4048
472,i04.bmp,i04_23_3.bmp,44.410858154296875,3.878
473,i04.bmp,i04_23_4.bmp,50.69721221923828,2.9512
474,i04.bmp,i04_23_5.bmp,58.61786651611328,1.4762
475,i04.bmp,i04_24_1.bmp,33.30704116821289,5.5476
476,i04.bmp,i04_24_2.bmp,40.677146911621094,3.7619
477,i04.bmp,i04_24_3.bmp,49.059024810791016,2.5854
478,i04.bmp,i04_24_4.bmp,53.06089782714844,1.9048
479,i04.bmp,i04_24_5.bmp,59.123512268066406,0.58537
480,i05.bmp,i05_01_1.bmp,18.82444190979004,5.525
481,i05.bmp,i05_01_2.bmp,21.088665008544922,5.5
482,i05.bmp,i05_01_3.bmp,24.055522918701172,4.8461
483,i05.bmp,i05_01_4.bmp,29.430423736572266,4.0513
484,i05.bmp,i05_01_5.bmp,35.6715087890625,3.561
485,i05.bmp,i05_02_1.bmp,17.96091079711914,5.8293
486,i05.bmp,i05_02_2.bmp,19.226123809814453,5.6829
487,i05.bmp,i05_02_3.bmp,21.265113830566406,5.325
488,i05.bmp,i05_02_4.bmp,25.139446258544922,5.0976
489,i05.bmp,i05_02_5.bmp,30.880739212036133,4.2564
490,i05.bmp,i05_03_1.bmp,23.738826751708984,5.0976
491,i05.bmp,i05_03_2.bmp,29.470321655273438,4.4878
492,i05.bmp,i05_03_3.bmp,36.74678039550781,3.675
493,i05.bmp,i05_03_4.bmp,47.79203414916992,3.0732
494,i05.bmp,i05_03_5.bmp,58.51587677001953,2.375
495,i05.bmp,i05_04_1.bmp,16.670387268066406,5.6341
496,i05.bmp,i05_04_2.bmp,16.90915298461914,5.75
497,i05.bmp,i05_04_3.bmp,17.234899520874023,5.575
498,i05.bmp,i05_04_4.bmp,18.219722747802734,4.9268
499,i05.bmp,i05_04_5.bmp,19.933666229248047,4.4
500,i05.bmp,i05_05_1.bmp,17.745391845703125,5.625
501,i05.bmp,i05_05_2.bmp,18.72603988647461,5.3902
502,i05.bmp,i05_05_3.bmp,22.060626983642578,4.7
503,i05.bmp,i05_05_4.bmp,29.578115463256836,3.8158
504,i05.bmp,i05_05_5.bmp,44.21211624145508,2.9231
505,i05.bmp,i05_06_1.bmp,18.397171020507812,4.375
506,i05.bmp,i05_06_2.bmp,20.261978149414062,3.9231
507,i05.bmp,i05_06_3.bmp,25.940269470214844,3.5
508,i05.bmp,i05_06_4.bmp,31.39419937133789,3.3171
509,i05.bmp,i05_06_5.bmp,40.559471130371094,2.5128
510,i05.bmp,i05_07_1.bmp,18.770233154296875,5.275
511,i05.bmp,i05_07_2.bmp,20.043699264526367,5.2683
512,i05.bmp,i05_07_3.bmp,22.1591854095459,4.5385
513,i05.bmp,i05_07_4.bmp,23.152725219726562,4.0513
514,i05.bmp,i05_07_5.bmp,22.607236862182617,3.1463
515,i05.bmp,i05_08_1.bmp,21.97588348388672,5.4
516,i05.bmp,i05_08_2.bmp,27.947309494018555,4.6667
517,i05.bmp,i05_08_3.bmp,39.87736892700195,3.6585
518,i05.bmp,i05_08_4.bmp,56.70836639404297,2.7805
519,i05.bmp,i05_08_5.bmp,73.68936920166016,1.25
520,i05.bmp,i05_09_1.bmp,18.698062896728516,5.825
521,i05.bmp,i05_09_2.bmp,21.205102920532227,5.825
522,i05.bmp,i05_09_3.bmp,27.483768463134766,5.325
523,i05.bmp,i05_09_4.bmp,46.230831146240234,3.5
524,i05.bmp,i05_09_5.bmp,71.29862213134766,1.3659
525,i05.bmp,i05_10_1.bmp,21.005428314208984,5.7317
526,i05.bmp,i05_10_2.bmp,25.005338668823242,5.1539
527,i05.bmp,i05_10_3.bmp,33.27876281738281,4.7073
528,i05.bmp,i05_10_4.bmp,51.49836730957031,3.439
529,i05.bmp,i05_10_5.bmp,70.30632019042969,1.878
530,i05.bmp,i05_11_1.bmp,19.82916259765625,5.7561
531,i05.bmp,i05_11_2.bmp,25.464859008789062,5.4
532,i05.bmp,i05_11_3.bmp,34.74491500854492,4.5
533,i05.bmp,i05_11_4.bmp,47.004642486572266,3.6667
534,i05.bmp,i05_11_5.bmp,65.80420684814453,2.25
535,i05.bmp,i05_12_1.bmp,17.9752254486084,5.6829
536,i05.bmp,i05_12_2.bmp,17.415542602539062,5.775
537,i05.bmp,i05_12_3.bmp,20.163509368896484,5.35
538,i05.bmp,i05_12_4.bmp,30.82030487060547,3.8
539,i05.bmp,i05_12_5.bmp,42.67626190185547,2.725
540,i05.bmp,i05_13_1.bmp,24.18658447265625,5.4634
541,i05.bmp,i05_13_2.bmp,25.050600051879883,4.9024
542,i05.bmp,i05_13_3.bmp,34.44724655151367,3.475
543,i05.bmp,i05_13_4.bmp,38.788246154785156,2.9756
544,i05.bmp,i05_13_5.bmp,63.471900939941406,1.9737
545,i05.bmp,i05_14_1.bmp,17.153728485107422,5.9268
546,i05.bmp,i05_14_2.bmp,16.483760833740234,5.5366
547,i05.bmp,i05_14_3.bmp,16.71817970275879,5.6098
548,i05.bmp,i05_14_4.bmp,18.377370834350586,5.225
549,i05.bmp,i05_14_5.bmp,21.17816925048828,4.3171
550,i05.bmp,i05_15_1.bmp,19.818403244018555,3.05
551,i05.bmp,i05_15_2.bmp,20.262348175048828,3.1
552,i05.bmp,i05_15_3.bmp,20.145797729492188,3.3171
553,i05.bmp,i05_15_4.bmp,18.122711181640625,3.9
554,i05.bmp,i05_15_5.bmp,17.725095748901367,3.8462
555,i05.bmp,i05_16_1.bmp,15.949423789978027,6.15
556,i05.bmp,i05_16_2.bmp,17.666906356811523,5.95
557,i05.bmp,i05_16_3.bmp,15.338740348815918,5.5854
558,i05.bmp,i05_16_4.bmp,20.061077117919922,5.0976
559,i05.bmp,i05_16_5.bmp,17.007898330688477,4.25
560,i05.bmp,i05_17_1.bmp,19.642126083374023,5.3
561,i05.bmp,i05_17_2.bmp,11.784989356994629,6.8293
562,i05.bmp,i05_17_3.bmp,24.862060546875,4.025
563,i05.bmp,i05_17_4.bmp,8.050143241882324,6.561
564,i05.bmp,i05_17_5.bmp,35.828697204589844,2.8
565,i05.bmp,i05_18_1.bmp,18.047626495361328,4.775
566,i05.bmp,i05_18_2.bmp,18.672523498535156,4.2051
567,i05.bmp,i05_18_3.bmp,20.01628875732422,3.7436
568,i05.bmp,i05_18_4.bmp,23.34395980834961,3.5385
569,i05.bmp,i05_18_5.bmp,25.106414794921875,3.15
570,i05.bmp,i05_19_1.bmp,18.048622131347656,5.175
571,i05.bmp,i05_19_2.bmp,19.46540641784668,4.8049
572,i05.bmp,i05_19_3.bmp,21.829421997070312,4.225
573,i05.bmp,i05_19_4.bmp,25.083419799804688,3.65
574,i05.bmp,i05_19_5.bmp,31.526851654052734,3.3659
575,i05.bmp,i05_20_1.bmp,18.077531814575195,5.6829
576,i05.bmp,i05_20_2.bmp,20.524547576904297,5.561
577,i05.bmp,i05_20_3.bmp,23.51662826538086,5.0244
578,i05.bmp,i05_20_4.bmp,32.878273010253906,4.475
579,i05.bmp,i05_20_5.bmp,46.311248779296875,3.282
580,i05.bmp,i05_21_1.bmp,21.782869338989258,5.6
581,i05.bmp,i05_21_2.bmp,26.337717056274414,4.925
582,i05.bmp,i05_21_3.bmp,32.92811584472656,4.3659
583,i05.bmp,i05_21_4.bmp,45.10974884033203,3.35
584,i05.bmp,i05_21_5.bmp,59.88888168334961,2.475
585,i05.bmp,i05_22_1.bmp,16.792951583862305,5.275
586,i05.bmp,i05_22_2.bmp,17.453428268432617,5.25
587,i05.bmp,i05_22_3.bmp,19.207490921020508,4.7561
588,i05.bmp,i05_22_4.bmp,23.584163665771484,4.1
589,i05.bmp,i05_22_5.bmp,31.60419464111328,3.1707
590,i05.bmp,i05_23_1.bmp,17.359729766845703,5.7317
591,i05.bmp,i05_23_2.bmp,17.592987060546875,5.575
592,i05.bmp,i05_23_3.bmp,18.269229888916016,5.6341
593,i05.bmp,i05_23_4.bmp,19.37579917907715,5.7561
594,i05.bmp,i05_23_5.bmp,25.33138656616211,5.439
595,i05.bmp,i05_24_1.bmp,20.364730834960938,5.525
596,i05.bmp,i05_24_2.bmp,24.96422576904297,5.6098
597,i05.bmp,i05_24_3.bmp,31.95054817199707,5.2
598,i05.bmp,i05_24_4.bmp,44.980350494384766,3.9512
599,i05.bmp,i05_24_5.bmp,62.659324645996094,2.6098
600,i06.bmp,i06_01_1.bmp,34.15375518798828,5.7568
601,i06.bmp,i06_01_2.bmp,35.364295959472656,5.1667
602,i06.bmp,i06_01_3.bmp,37.641170501708984,5.027
603,i06.bmp,i06_01_4.bmp,40.760623931884766,4.3143
604,i06.bmp,i06_01_5.bmp,43.47064971923828,3.6111
605,i06.bmp,i06_02_1.bmp,33.90411376953125,6.1622
606,i06.bmp,i06_02_2.bmp,34.190330505371094,5.7838
607,i06.bmp,i06_02_3.bmp,35.63610076904297,5.4595
608,i06.bmp,i06_02_4.bmp,37.44830322265625,4.8333
609,i06.bmp,i06_02_5.bmp,41.20195007324219,4.3889
610,i06.bmp,i06_03_1.bmp,38.09128189086914,4.5833
611,i06.bmp,i06_03_2.bmp,40.954715728759766,4.0571
612,i06.bmp,i06_03_3.bmp,45.34770584106445,3.4722
613,i06.bmp,i06_03_4.bmp,49.91687774658203,2.9459
614,i06.bmp,i06_03_5.bmp,56.16564178466797,2.5
615,i06.bmp,i06_04_1.bmp,33.64295196533203,5.8333
616,i06.bmp,i06_04_2.bmp,33.74258041381836,5.8611
617,i06.bmp,i06_04_3.bmp,34.089637756347656,5.6944
618,i06.bmp,i06_04_4.bmp,34.57564926147461,5.0811
619,i06.bmp,i06_04_5.bmp,35.28779220581055,4.5833
620,i06.bmp,i06_05_1.bmp,33.696937561035156,5.9189
621,i06.bmp,i06_05_2.bmp,34.185237884521484,5.7143
622,i06.bmp,i06_05_3.bmp,35.86311721801758,4.973
623,i06.bmp,i06_05_4.bmp,39.696754455566406,4.0286
624,i06.bmp,i06_05_5.bmp,46.800758361816406,2.9459
625,i06.bmp,i06_06_1.bmp,34.427757263183594,4.6111
626,i06.bmp,i06_06_2.bmp,35.30646514892578,4.3889
627,i06.bmp,i06_06_3.bmp,38.11517333984375,3.7778
628,i06.bmp,i06_06_4.bmp,40.413299560546875,3.5278
629,i06.bmp,i06_06_5.bmp,44.99097442626953,3.0541
630,i06.bmp,i06_07_1.bmp,34.709632873535156,5.3243
631,i06.bmp,i06_07_2.bmp,36.24748992919922,5.1143
632,i06.bmp,i06_07_3.bmp,36.54472351074219,4.4054
633,i06.bmp,i06_07_4.bmp,39.68192672729492,3.1429
634,i06.bmp,i06_07_5.bmp,42.76847839355469,2.6857
635,i06.bmp,i06_08_1.bmp,36.31602478027344,5.1892
636,i06.bmp,i06_08_2.bmp,39.08197784423828,4.5833
637,i06.bmp,i06_08_3.bmp,44.265838623046875,3.4857
638,i06.bmp,i06_08_4.bmp,51.00275802612305,2.7027
639,i06.bmp,i06_08_5.bmp,56.943233489990234,2.0541
640,i06.bmp,i06_09_1.bmp,34.15132141113281,6.0541
641,i06.bmp,i06_09_2.bmp,35.4300537109375,5.8649
642,i06.bmp,i06_09_3.bmp,38.236656188964844,4.8649
643,i06.bmp,i06_09_4.bmp,45.8640022277832,3.0
644,i06.bmp,i06_09_5.bmp,54.574893951416016,1.6571
645,i06.bmp,i06_10_1.bmp,36.3143424987793,5.8378
646,i06.bmp,i06_10_2.bmp,38.249507904052734,5.6286
647,i06.bmp,i06_10_3.bmp,43.46449279785156,5.4286
648,i06.bmp,i06_10_4.bmp,52.48983383178711,3.1622
649,i06.bmp,i06_10_5.bmp,67.15147399902344,1.7778
650,i06.bmp,i06_11_1.bmp,36.77498245239258,5.5405
651,i06.bmp,i06_11_2.bmp,39.79681396484375,5.1944
652,i06.bmp,i06_11_3.bmp,43.309181213378906,4.5
653,i06.bmp,i06_11_4.bmp,52.337562561035156,3.0811
654,i06.bmp,i06_11_5.bmp,61.54704284667969,0.75676
655,i06.bmp,i06_12_1.bmp,34.621578216552734,5.8611
656,i06.bmp,i06_12_2.bmp,36.04204559326172,4.75
657,i06.bmp,i06_12_3.bmp,39.36693572998047,4.3514
658,i06.bmp,i06_12_4.bmp,42.086761474609375,3.6286
659,i06.bmp,i06_12_5.bmp,39.59456253051758,3.8378
660,i06.bmp,i06_13_1.bmp,36.307960510253906,4.6757
661,i06.bmp,i06_13_2.bmp,34.351402282714844,4.8286
662,i06.bmp,i06_13_3.bmp,38.711753845214844,4.1714
663,i06.bmp,i06_13_4.bmp,43.69166564941406,3.1944
664,i06.bmp,i06_13_5.bmp,49.56080627441406,2.7027
665,i06.bmp,i06_14_1.bmp,33.4139404296875,6.0
666,i06.bmp,i06_14_2.bmp,33.79003143310547,6.0
667,i06.bmp,i06_14_3.bmp,34.86962890625,4.7714
668,i06.bmp,i06_14_4.bmp,35.504024505615234,4.3333
669,i06.bmp,i06_14_5.bmp,35.99890899658203,4.3056
670,i06.bmp,i06_15_1.bmp,31.896848678588867,3.6216
671,i06.bmp,i06_15_2.bmp,31.664743423461914,3.3243
672,i06.bmp,i06_15_3.bmp,32.33111572265625,3.75
673,i06.bmp,i06_15_4.bmp,32.6256103515625,4.4054
674,i06.bmp,i06_15_5.bmp,32.40083312988281,4.8333
675,i06.bmp,i06_16_1.bmp,33.434974670410156,5.5676
676,i06.bmp,i06_16_2.bmp,33.599693298339844,6.25
677,i06.bmp,i06_16_3.bmp,33.245765686035156,5.0833
678,i06.bmp,i06_16_4.bmp,34.389617919921875,5.8378
679,i06.bmp,i06_16_5.bmp,33.117340087890625,4.1389
680,i06.bmp,i06_17_1.bmp,34.44101333618164,5.5556
681,i06.bmp,i06_17_2.bmp,31.81393814086914,6.0811
682,i06.bmp,i06_17_3.bmp,36.14183807373047,4.0556
683,i06.bmp,i06_17_4.bmp,30.556447982788086,5.8378
684,i06.bmp,i06_17_5.bmp,39.969764709472656,3.3784
685,i06.bmp,i06_18_1.bmp,34.30870056152344,5.2
686,i06.bmp,i06_18_2.bmp,34.71414566040039,4.3611
687,i06.bmp,i06_18_3.bmp,35.72745895385742,3.8889
688,i06.bmp,i06_18_4.bmp,37.691627502441406,3.7297
689,i06.bmp,i06_18_5.bmp,38.688480377197266,3.7838
690,i06.bmp,i06_19_1.bmp,33.90741729736328,5.3333
691,i06.bmp,i06_19_2.bmp,35.135738372802734,5.2703
692,i06.bmp,i06_19_3.bmp,35.73729705810547,4.9459
693,i06.bmp,i06_19_4.bmp,37.618865966796875,4.1944
694,i06.bmp,i06_19_5.bmp,42.17613220214844,3.5946
695,i06.bmp,i06_20_1.bmp,34.28325653076172,5.6111
696,i06.bmp,i06_20_2.bmp,35.24919509887695,5.2778
697,i06.bmp,i06_20_3.bmp,37.3555908203125,5.5946
698,i06.bmp,i06_20_4.bmp,41.61488342285156,4.9459
699,i06.bmp,i06_20_5.bmp,45.89195251464844,3.973
700,i06.bmp,i06_21_1.bmp,36.50094985961914,5.7027
701,i06.bmp,i06_21_2.bmp,39.129722595214844,5.1111
702,i06.bmp,i06_21_3.bmp,43.153343200683594,4.7143
703,i06.bmp,i06_21_4.bmp,45.89351272583008,3.6389
704,i06.bmp,i06_21_5.bmp,50.94381332397461,2.8056
705,i06.bmp,i06_22_1.bmp,34.62850570678711,5.6389
706,i06.bmp,i06_22_2.bmp,35.12758255004883,5.2778
707,i06.bmp,i06_22_3.bmp,38.74512481689453,4.1622
708,i06.bmp,i06_22_4.bmp,42.48271942138672,3.5676
709,i06.bmp,i06_22_5.bmp,48.54250717163086,2.973
710,i06.bmp,i06_23_1.bmp,33.42418670654297,5.9143
711,i06.bmp,i06_23_2.bmp,33.66386032104492,5.8056
712,i06.bmp,i06_23_3.bmp,36.16564178466797,5.6757
713,i06.bmp,i06_23_4.bmp,39.190528869628906,5.3243
714,i06.bmp,i06_23_5.bmp,53.95821762084961,2.3429
715,i06.bmp,i06_24_1.bmp,36.53910827636719,5.8378
716,i06.bmp,i06_24_2.bmp,38.7330207824707,5.8
717,i06.bmp,i06_24_3.bmp,42.732688903808594,4.8108
718,i06.bmp,i06_24_4.bmp,48.314266204833984,3.2162
719,i06.bmp,i06_24_5.bmp,57.93391036987305,0.88889
720,i07.bmp,i07_01_1.bmp,34.19683837890625,5.6818
721,i07.bmp,i07_01_2.bmp,35.67464065551758,5.0909
722,i07.bmp,i07_01_3.bmp,37.250125885009766,4.8
723,i07.bmp,i07_01_4.bmp,40.735313415527344,4.4546
724,i07.bmp,i07_01_5.bmp,43.73710632324219,3.9762
725,i07.bmp,i07_02_1.bmp,33.59414291381836,6.0444
726,i07.bmp,i07_02_2.bmp,34.78070068359375,5.8636
727,i07.bmp,i07_02_3.bmp,35.92072296142578,5.5581
728,i07.bmp,i07_02_4.bmp,38.88829803466797,5.2326
729,i07.bmp,i07_02_5.bmp,40.897701263427734,4.7556
730,i07.bmp,i07_03_1.bmp,37.41025924682617,4.9333
731,i07.bmp,i07_03_2.bmp,40.67271041870117,4.2273
732,i07.bmp,i07_03_3.bmp,45.317970275878906,3.7333
733,i07.bmp,i07_03_4.bmp,52.389610290527344,3.3111
734,i07.bmp,i07_03_5.bmp,58.44971466064453,2.7333
735,i07.bmp,i07_04_1.bmp,33.24293518066406,5.8667
736,i07.bmp,i07_04_2.bmp,33.688499450683594,6.0
737,i07.bmp,i07_04_3.bmp,34.28675842285156,5.4222
738,i07.bmp,i07_04_4.bmp,35.362300872802734,4.9512
739,i07.bmp,i07_04_5.bmp,37.03233337402344,4.2093
740,i07.bmp,i07_05_1.bmp,32.90140914916992,6.0444
741,i07.bmp,i07_05_2.bmp,33.61735153198242,5.8
742,i07.bmp,i07_05_3.bmp,35.450923919677734,5.1591
743,i07.bmp,i07_05_4.bmp,39.16123962402344,4.2791
744,i07.bmp,i07_05_5.bmp,46.581729888916016,3.3182
745,i07.bmp,i07_06_1.bmp,33.862770080566406,4.8333
746,i07.bmp,i07_06_2.bmp,33.89189529418945,4.6136
747,i07.bmp,i07_06_3.bmp,35.995697021484375,4.1591
748,i07.bmp,i07_06_4.bmp,39.20812225341797,3.75
749,i07.bmp,i07_06_5.bmp,43.78744888305664,3.3182
750,i07.bmp,i07_07_1.bmp,35.52423095703125,5.5814
751,i07.bmp,i07_07_2.bmp,35.68797302246094,5.1905
752,i07.bmp,i07_07_3.bmp,37.000579833984375,4.3182
753,i07.bmp,i07_07_4.bmp,38.63768005371094,3.6222
754,i07.bmp,i07_07_5.bmp,42.46757125854492,2.8372
755,i07.bmp,i07_08_1.bmp,35.986366271972656,5.8636
756,i07.bmp,i07_08_2.bmp,38.845237731933594,5.5333
757,i07.bmp,i07_08_3.bmp,44.13217544555664,4.5814
758,i07.bmp,i07_08_4.bmp,51.87590026855469,3.4222
759,i07.bmp,i07_08_5.bmp,60.55497741699219,2.6364
760,i07.bmp,i07_09_1.bmp,36.16925048828125,6.4222
761,i07.bmp,i07_09_2.bmp,37.646522521972656,6.0222
762,i07.bmp,i07_09_3.bmp,41.49796676635742,5.2273
763,i07.bmp,i07_09_4.bmp,48.17100524902344,3.9767
764,i07.bmp,i07_09_5.bmp,57.691776275634766,2.4667
765,i07.bmp,i07_10_1.bmp,36.463523864746094,6.1333
766,i07.bmp,i07_10_2.bmp,37.779571533203125,5.8864
767,i07.bmp,i07_10_3.bmp,44.321319580078125,5.0454
768,i07.bmp,i07_10_4.bmp,54.639625549316406,3.7045
769,i07.bmp,i07_10_5.bmp,65.91720581054688,2.2273
770,i07.bmp,i07_11_1.bmp,41.061737060546875,5.4884
771,i07.bmp,i07_11_2.bmp,46.680503845214844,4.5111
772,i07.bmp,i07_11_3.bmp,53.810096740722656,3.4318
773,i07.bmp,i07_11_4.bmp,62.02461624145508,2.4222
774,i07.bmp,i07_11_5.bmp,70.01761627197266,0.97727
775,i07.bmp,i07_12_1.bmp,35.76139831542969,5.3409
776,i07.bmp,i07_12_2.bmp,37.635955810546875,4.7273
777,i07.bmp,i07_12_3.bmp,42.30304718017578,3.5333
778,i07.bmp,i07_12_4.bmp,51.93975830078125,2.8636
779,i07.bmp,i07_12_5.bmp,47.12495422363281,2.5111
780,i07.bmp,i07_13_1.bmp,38.38541030883789,4.5814
781,i07.bmp,i07_13_2.bmp,37.58331298828125,4.0682
782,i07.bmp,i07_13_3.bmp,42.40557098388672,3.3721
783,i07.bmp,i07_13_4.bmp,49.669761657714844,2.7273
784,i07.bmp,i07_13_5.bmp,54.39604568481445,2.5111
785,i07.bmp,i07_14_1.bmp,33.80525207519531,5.7954
786,i07.bmp,i07_14_2.bmp,33.38905334472656,6.1591
787,i07.bmp,i07_14_3.bmp,34.22372817993164,5.7046
788,i07.bmp,i07_14_4.bmp,35.186058044433594,5.2222
789,i07.bmp,i07_14_5.bmp,36.510005950927734,4.2046
790,i07.bmp,i07_15_1.bmp,36.080169677734375,3.6364
791,i07.bmp,i07_15_2.bmp,34.45155715942383,3.2889
792,i07.bmp,i07_15_3.bmp,33.772552490234375,3.0455
793,i07.bmp,i07_15_4.bmp,32.64653015136719,3.3409
794,i07.bmp,i07_15_5.bmp,32.606781005859375,3.6512
795,i07.bmp,i07_16_1.bmp,32.62968444824219,6.2046
796,i07.bmp,i07_16_2.bmp,32.99126434326172,6.3488
797,i07.bmp,i07_16_3.bmp,32.23739242553711,5.9333
798,i07.bmp,i07_16_4.bmp,33.67042541503906,5.3556
799,i07.bmp,i07_16_5.bmp,32.03327560424805,4.8182
800,i07.bmp,i07_17_1.bmp,34.455055236816406,5.5454
801,i07.bmp,i07_17_2.bmp,29.807437896728516,6.4
802,i07.bmp,i07_17_3.bmp,37.042808532714844,4.4048
803,i07.bmp,i07_17_4.bmp,27.55042839050293,6.7273
804,i07.bmp,i07_17_5.bmp,42.68060302734375,3.3409
805,i07.bmp,i07_18_1.bmp,33.848350524902344,5.3864
806,i07.bmp,i07_18_2.bmp,34.35305404663086,4.9546
807,i07.bmp,i07_18_3.bmp,35.227012634277344,4.3778
808,i07.bmp,i07_18_4.bmp,37.06660079956055,3.8636
809,i07.bmp,i07_18_5.bmp,38.889007568359375,3.6364
810,i07.bmp,i07_19_1.bmp,34.05150604248047,5.8667
811,i07.bmp,i07_19_2.bmp,35.05224609375,5.4444
812,i07.bmp,i07_19_3.bmp,36.005088806152344,4.8
813,i07.bmp,i07_19_4.bmp,38.952980041503906,4.1136
814,i07.bmp,i07_19_5.bmp,43.293731689453125,3.7045
815,i07.bmp,i07_20_1.bmp,35.08170700073242,5.75
816,i07.bmp,i07_20_2.bmp,38.067298889160156,5.4222
817,i07.bmp,i07_20_3.bmp,41.980125427246094,4.4186
818,i07.bmp,i07_20_4.bmp,47.437294006347656,3.6222
819,i07.bmp,i07_20_5.bmp,49.35069274902344,2.9302
820,i07.bmp,i07_21_1.bmp,37.3465690612793,5.6667
821,i07.bmp,i07_21_2.bmp,39.566810607910156,4.9546
822,i07.bmp,i07_21_3.bmp,43.94464111328125,4.1111
823,i07.bmp,i07_21_4.bmp,48.24663162231445,3.3864
824,i07.bmp,i07_21_5.bmp,58.40485382080078,2.3256
825,i07.bmp,i07_22_1.bmp,33.05174255371094,5.9333
826,i07.bmp,i07_22_2.bmp,34.06549835205078,5.2326
827,i07.bmp,i07_22_3.bmp,35.202110290527344,4.6512
828,i07.bmp,i07_22_4.bmp,36.79267883300781,4.1429
829,i07.bmp,i07_22_5.bmp,43.48408126831055,2.6591
830,i07.bmp,i07_23_1.bmp,32.618751525878906,6.0222
831,i07.bmp,i07_23_2.bmp,34.986900329589844,5.7333
832,i07.bmp,i07_23_3.bmp,41.87102127075195,5.0444
833,i07.bmp,i07_23_4.bmp,44.403350830078125,4.2093
834,i07.bmp,i07_23_5.bmp,57.1721076965332,2.6444
835,i07.bmp,i07_24_1.bmp,38.64909744262695,5.7209
836,i07.bmp,i07_24_2.bmp,44.4480094909668,4.9333
837,i07.bmp,i07_24_3.bmp,50.66834259033203,3.8636
838,i07.bmp,i07_24_4.bmp,57.80141067504883,2.25
839,i07.bmp,i07_24_5.bmp,64.38953399658203,0.47619
840,i08.bmp,i08_01_1.bmp,31.198345184326172,5.5484
841,i08.bmp,i08_01_2.bmp,31.96915054321289,4.7097
842,i08.bmp,i08_01_3.bmp,34.98344802856445,4.8387
843,i08.bmp,i08_01_4.bmp,38.46531677246094,4.1
844,i08.bmp,i08_01_5.bmp,42.58903884887695,3.5484
845,i08.bmp,i08_02_1.bmp,30.06037712097168,5.5938
846,i08.bmp,i08_02_2.bmp,30.837711334228516,5.5484
847,i08.bmp,i08_02_3.bmp,32.982398986816406,5.4063
848,i08.bmp,i08_02_4.bmp,35.99158477783203,5.2258
849,i08.bmp,i08_02_5.bmp,39.75944519042969,4.6452
850,i08.bmp,i08_03_1.bmp,34.82738494873047,4.6452
851,i08.bmp,i08_03_2.bmp,36.480262756347656,4.2903
852,i08.bmp,i08_03_3.bmp,41.078155517578125,3.4667
853,i08.bmp,i08_03_4.bmp,47.4417724609375,2.9688
854,i08.bmp,i08_03_5.bmp,54.952598571777344,2.3438
855,i08.bmp,i08_04_1.bmp,29.148637771606445,6.0645
856,i08.bmp,i08_04_2.bmp,29.47684669494629,5.8387
857,i08.bmp,i08_04_3.bmp,30.055309295654297,5.625
858,i08.bmp,i08_04_4.bmp,31.17365074157715,5.4375
859,i08.bmp,i08_04_5.bmp,32.98702621459961,4.9677
860,i08.bmp,i08_05_1.bmp,29.755773544311523,5.3333
861,i08.bmp,i08_05_2.bmp,30.6196346282959,5.4516
862,i08.bmp,i08_05_3.bmp,33.444488525390625,4.7188
863,i08.bmp,i08_05_4.bmp,38.831207275390625,3.9677
864,i08.bmp,i08_05_5.bmp,47.24877166748047,3.125
865,i08.bmp,i08_06_1.bmp,30.722248077392578,4.3871
866,i08.bmp,i08_06_2.bmp,32.070430755615234,4.0938
867,i08.bmp,i08_06_3.bmp,33.95592498779297,3.9333
868,i08.bmp,i08_06_4.bmp,37.24871063232422,3.6129
869,i08.bmp,i08_06_5.bmp,43.32709503173828,3.0645
870,i08.bmp,i08_07_1.bmp,31.26711654663086,5.5
871,i08.bmp,i08_07_2.bmp,32.22888946533203,4.6452
872,i08.bmp,i08_07_3.bmp,32.79981994628906,4.1667
873,i08.bmp,i08_07_4.bmp,35.22314453125,3.4516
874,i08.bmp,i08_07_5.bmp,40.86496353149414,2.3871
875,i08.bmp,i08_08_1.bmp,31.858158111572266,5.2188
876,i08.bmp,i08_08_2.bmp,35.45187759399414,4.5938
877,i08.bmp,i08_08_3.bmp,42.88963317871094,3.9032
878,i08.bmp,i08_08_4.bmp,53.36870574951172,2.871
879,i08.bmp,i08_08_5.bmp,61.852203369140625,1.9677
880,i08.bmp,i08_09_1.bmp,29.91402816772461,5.7097
881,i08.bmp,i08_09_2.bmp,30.399616241455078,5.875
882,i08.bmp,i08_09_3.bmp,33.37405776977539,5.0313
883,i08.bmp,i08_09_4.bmp,39.834503173828125,3.5
884,i08.bmp,i08_09_5.bmp,56.97820281982422,1.75
885,i08.bmp,i08_10_1.bmp,31.81340980529785,5.9677
886,i08.bmp,i08_10_2.bmp,34.3078727722168,5.5938
887,i08.bmp,i08_10_3.bmp,38.5831298828125,4.6875
888,i08.bmp,i08_10_4.bmp,49.254356384277344,3.2188
889,i08.bmp,i08_10_5.bmp,60.43595886230469,1.3438
890,i08.bmp,i08_11_1.bmp,32.29525375366211,6.0
891,i08.bmp,i08_11_2.bmp,35.91095733642578,5.25
892,i08.bmp,i08_11_3.bmp,39.540077209472656,4.5667
893,i08.bmp,i08_11_4.bmp,44.58803176879883,4.1936
894,i08.bmp,i08_11_5.bmp,55.62845230102539,2.2667
895,i08.bmp,i08_12_1.bmp,29.75702476501465,6.1936
896,i08.bmp,i08_12_2.bmp,29.553821563720703,5.7419
897,i08.bmp,i08_12_3.bmp,29.79509925842285,5.5
898,i08.bmp,i08_12_4.bmp,35.74932861328125,4.8125
899,i08.bmp,i08_12_5.bmp,32.73173522949219,4.25
900,i08.bmp,i08_13_1.bmp,30.294729232788086,5.7813
901,i08.bmp,i08_13_2.bmp,36.62046813964844,3.2667
902,i08.bmp,i08_13_3.bmp,33.473419189453125,4.3871
903,i08.bmp,i08_13_4.bmp,41.832054138183594,2.7333
904,i08.bmp,i08_13_5.bmp,45.908390045166016,2.125
905,i08.bmp,i08_14_1.bmp,29.685951232910156,5.6563
906,i08.bmp,i08_14_2.bmp,28.859111785888672,5.4375
907,i08.bmp,i08_14_3.bmp,30.101625442504883,4.871
908,i08.bmp,i08_14_4.bmp,30.26443099975586,4.75
909,i08.bmp,i08_14_5.bmp,31.694541931152344,4.0
910,i08.bmp,i08_15_1.bmp,32.17985916137695,3.7742
911,i08.bmp,i08_15_2.bmp,30.096481323242188,2.9355
912,i08.bmp,i08_15_3.bmp,30.33271026611328,3.2813
913,i08.bmp,i08_15_4.bmp,29.5828914642334,3.6875
914,i08.bmp,i08_15_5.bmp,28.537817001342773,3.5161
915,i08.bmp,i08_16_1.bmp,28.6442928314209,6.0625
916,i08.bmp,i08_16_2.bmp,29.52135467529297,5.75
917,i08.bmp,i08_16_3.bmp,28.25812339782715,5.871
918,i08.bmp,i08_16_4.bmp,31.216964721679688,4.9032
919,i08.bmp,i08_16_5.bmp,28.644603729248047,4.5667
920,i08.bmp,i08_17_1.bmp,30.93545150756836,5.4063
921,i08.bmp,i08_17_2.bmp,26.123882293701172,5.5807
922,i08.bmp,i08_17_3.bmp,34.47576904296875,4.1875
923,i08.bmp,i08_17_4.bmp,24.466449737548828,5.0645
924,i08.bmp,i08_17_5.bmp,41.31089782714844,3.2581
925,i08.bmp,i08_18_1.bmp,31.257184982299805,4.25
926,i08.bmp,i08_18_2.bmp,32.46269989013672,3.7419
927,i08.bmp,i08_18_3.bmp,34.163597106933594,2.9375
928,i08.bmp,i08_18_4.bmp,33.94804763793945,2.8438
929,i08.bmp,i08_18_5.bmp,32.300758361816406,2.871
930,i08.bmp,i08_19_1.bmp,29.895729064941406,5.3871
931,i08.bmp,i08_19_2.bmp,31.098976135253906,4.9355
932,i08.bmp,i08_19_3.bmp,32.37406921386719,4.6875
933,i08.bmp,i08_19_4.bmp,34.65202331542969,4.0323
934,i08.bmp,i08_19_5.bmp,38.574798583984375,3.5938
935,i08.bmp,i08_20_1.bmp,29.867734909057617,5.871
936,i08.bmp,i08_20_2.bmp,31.18111801147461,5.9677
937,i08.bmp,i08_20_3.bmp,33.080841064453125,5.2667
938,i08.bmp,i08_20_4.bmp,36.30060958862305,4.625
939,i08.bmp,i08_20_5.bmp,41.52579879760742,3.8125
940,i08.bmp,i08_21_1.bmp,32.95564270019531,5.6875
941,i08.bmp,i08_21_2.bmp,35.664894104003906,4.9355
942,i08.bmp,i08_21_3.bmp,39.0262565612793,4.2903
943,i08.bmp,i08_21_4.bmp,41.395633697509766,3.8064
944,i08.bmp,i08_21_5.bmp,48.600067138671875,2.6774
945,i08.bmp,i08_22_1.bmp,30.617862701416016,5.6129
946,i08.bmp,i08_22_2.bmp,31.808555603027344,5.4516
947,i08.bmp,i08_22_3.bmp,34.3635368347168,4.1613
948,i08.bmp,i08_22_4.bmp,38.81965637207031,3.0625
949,i08.bmp,i08_22_5.bmp,44.681819915771484,2.375
950,i08.bmp,i08_23_1.bmp,28.865192413330078,6.0323
951,i08.bmp,i08_23_2.bmp,28.838834762573242,6.1613
952,i08.bmp,i08_23_3.bmp,28.94649887084961,5.6774
953,i08.bmp,i08_23_4.bmp,29.195823669433594,5.5
954,i08.bmp,i08_23_5.bmp,29.649799346923828,5.4375
955,i08.bmp,i08_24_1.bmp,31.578384399414062,5.9355
956,i08.bmp,i08_24_2.bmp,34.000606536865234,5.7813
957,i08.bmp,i08_24_3.bmp,37.896705627441406,5.2903
958,i08.bmp,i08_24_4.bmp,40.72822570800781,3.9677
959,i08.bmp,i08_24_5.bmp,50.10931396484375,2.625
960,i09.bmp,i09_01_1.bmp,34.600006103515625,5.3636
961,i09.bmp,i09_01_2.bmp,36.62648010253906,5.0
962,i09.bmp,i09_01_3.bmp,38.81372833251953,4.5454
963,i09.bmp,i09_01_4.bmp,41.2255973815918,4.0323
964,i09.bmp,i09_01_5.bmp,44.576576232910156,3.6364
965,i09.bmp,i09_02_1.bmp,33.411834716796875,5.8788
966,i09.bmp,i09_02_2.bmp,34.62358856201172,6.0303
967,i09.bmp,i09_02_3.bmp,36.43480682373047,5.5625
968,i09.bmp,i09_02_4.bmp,38.50019836425781,4.875
969,i09.bmp,i09_02_5.bmp,41.37046813964844,4.5454
970,i09.bmp,i09_03_1.bmp,39.067161560058594,4.6061
971,i09.bmp,i09_03_2.bmp,42.72256851196289,4.0938
972,i09.bmp,i09_03_3.bmp,45.03394317626953,3.697
973,i09.bmp,i09_03_4.bmp,51.430686950683594,3.25
974,i09.bmp,i09_03_5.bmp,57.65187454223633,2.8788
975,i09.bmp,i09_04_1.bmp,32.62993240356445,5.7419
976,i09.bmp,i09_04_2.bmp,33.06062316894531,5.5938
977,i09.bmp,i09_04_3.bmp,33.784244537353516,5.3871
978,i09.bmp,i09_04_4.bmp,34.99166488647461,4.6774
979,i09.bmp,i09_04_5.bmp,36.859642028808594,4.2727
980,i09.bmp,i09_05_1.bmp,33.28212356567383,5.9355
981,i09.bmp,i09_05_2.bmp,34.16828536987305,5.5
982,i09.bmp,i09_05_3.bmp,37.02598190307617,4.9688
983,i09.bmp,i09_05_4.bmp,41.05347442626953,4.0909
984,i09.bmp,i09_05_5.bmp,48.20235061645508,3.5938
985,i09.bmp,i09_06_1.bmp,36.4166145324707,5.2188
986,i09.bmp,i09_06_2.bmp,37.94078063964844,4.3125
987,i09.bmp,i09_06_3.bmp,40.113365173339844,4.1613
988,i09.bmp,i09_06_4.bmp,42.77408218383789,3.8125
989,i09.bmp,i09_06_5.bmp,47.865116119384766,3.3438
990,i09.bmp,i09_07_1.bmp,35.22669219970703,4.8788
991,i09.bmp,i09_07_2.bmp,35.89044952392578,4.75
992,i09.bmp,i09_07_3.bmp,37.327476501464844,4.129
993,i09.bmp,i09_07_4.bmp,40.915283203125,3.6667
994,i09.bmp,i09_07_5.bmp,43.46614074707031,2.7097
995,i09.bmp,i09_08_1.bmp,35.23084259033203,5.875
996,i09.bmp,i09_08_2.bmp,38.256553649902344,5.2424
997,i09.bmp,i09_08_3.bmp,44.179840087890625,4.3438
998,i09.bmp,i09_08_4.bmp,52.88093566894531,3.4848
999,i09.bmp,i09_08_5.bmp,60.53070068359375,2.375
1000,i09.bmp,i09_09_1.bmp,35.24393081665039,6.5454
1001,i09.bmp,i09_09_2.bmp,37.11809158325195,6.0909
1002,i09.bmp,i09_09_3.bmp,41.496742248535156,5.1515
1003,i09.bmp,i09_09_4.bmp,48.04246520996094,3.9063
1004,i09.bmp,i09_09_5.bmp,57.18194580078125,2.5152
1005,i09.bmp,i09_10_1.bmp,34.52478790283203,6.0
1006,i09.bmp,i09_10_2.bmp,37.857181549072266,5.6563
1007,i09.bmp,i09_10_3.bmp,44.07826614379883,4.9063
1008,i09.bmp,i09_10_4.bmp,60.05050277709961,3.1936
1009,i09.bmp,i09_10_5.bmp,68.43327331542969,2.3438
1010,i09.bmp,i09_11_1.bmp,39.44070053100586,5.9063
1011,i09.bmp,i09_11_2.bmp,44.46919631958008,5.1563
1012,i09.bmp,i09_11_3.bmp,52.03488540649414,3.9688
1013,i09.bmp,i09_11_4.bmp,63.516441345214844,2.4063
1014,i09.bmp,i09_11_5.bmp,70.54076385498047,0.87879
1015,i09.bmp,i09_12_1.bmp,32.87567138671875,6.0606
1016,i09.bmp,i09_12_2.bmp,32.9735221862793,5.9063
1017,i09.bmp,i09_12_3.bmp,40.83649444580078,4.9063
1018,i09.bmp,i09_12_4.bmp,47.604652404785156,2.9688
1019,i09.bmp,i09_12_5.bmp,46.84806823730469,2.8438
1020,i09.bmp,i09_13_1.bmp,34.744834899902344,4.5152
1021,i09.bmp,i09_13_2.bmp,38.606998443603516,3.7742
1022,i09.bmp,i09_13_3.bmp,48.117034912109375,3.3333
1023,i09.bmp,i09_13_4.bmp,51.022216796875,2.8182
1024,i09.bmp,i09_13_5.bmp,43.85338592529297,2.8788
1025,i09.bmp,i09_14_1.bmp,33.31022644042969,5.8438
1026,i09.bmp,i09_14_2.bmp,32.523624420166016,5.4848
1027,i09.bmp,i09_14_3.bmp,33.29679489135742,6.2813
1028,i09.bmp,i09_14_4.bmp,34.0962028503418,4.4375
1029,i09.bmp,i09_14_5.bmp,35.857994079589844,3.3125
1030,i09.bmp,i09_15_1.bmp,34.594547271728516,2.9091
1031,i09.bmp,i09_15_2.bmp,32.926055908203125,3.0606
1032,i09.bmp,i09_15_3.bmp,32.52052688598633,3.25
1033,i09.bmp,i09_15_4.bmp,32.569766998291016,3.5938
1034,i09.bmp,i09_15_5.bmp,32.315330505371094,5.8485
1035,i09.bmp,i09_16_1.bmp,32.19629669189453,6.0606
1036,i09.bmp,i09_16_2.bmp,32.66819763183594,6.303
1037,i09.bmp,i09_16_3.bmp,31.626766204833984,5.75
1038,i09.bmp,i09_16_4.bmp,33.10610580444336,5.9032
1039,i09.bmp,i09_16_5.bmp,30.82016372680664,4.6667
1040,i09.bmp,i09_17_1.bmp,33.58787536621094,5.8125
1041,i09.bmp,i09_17_2.bmp,29.531890869140625,6.7879
1042,i09.bmp,i09_17_3.bmp,35.718387603759766,4.7813
1043,i09.bmp,i09_17_4.bmp,26.649465560913086,6.3636
1044,i09.bmp,i09_17_5.bmp,40.87377166748047,3.6061
1045,i09.bmp,i09_18_1.bmp,32.28875732421875,4.8182
1046,i09.bmp,i09_18_2.bmp,32.47870635986328,4.303
1047,i09.bmp,i09_18_3.bmp,32.934574127197266,4.0645
1048,i09.bmp,i09_18_4.bmp,33.78125,3.3125
1049,i09.bmp,i09_18_5.bmp,33.17741394042969,3.1563
1050,i09.bmp,i09_19_1.bmp,34.287132263183594,5.5
1051,i09.bmp,i09_19_2.bmp,35.687442779541016,4.6774
1052,i09.bmp,i09_19_3.bmp,37.1175651550293,4.5161
1053,i09.bmp,i09_19_4.bmp,40.654563903808594,4.0625
1054,i09.bmp,i09_19_5.bmp,42.984596252441406,3.4848
1055,i09.bmp,i09_20_1.bmp,34.33332443237305,5.8125
1056,i09.bmp,i09_20_2.bmp,37.18687438964844,5.6667
1057,i09.bmp,i09_20_3.bmp,39.44108963012695,4.5
1058,i09.bmp,i09_20_4.bmp,42.96854782104492,3.9091
1059,i09.bmp,i09_20_5.bmp,44.5228271484375,2.9091
1060,i09.bmp,i09_21_1.bmp,36.46135711669922,5.2727
1061,i09.bmp,i09_21_2.bmp,38.55112838745117,4.8125
1062,i09.bmp,i09_21_3.bmp,44.445980072021484,4.25
1063,i09.bmp,i09_21_4.bmp,48.952720642089844,3.5
1064,i09.bmp,i09_21_5.bmp,56.07164001464844,2.1613
1065,i09.bmp,i09_22_1.bmp,33.48523712158203,5.7188
1066,i09.bmp,i09_22_2.bmp,33.80941390991211,5.7879
1067,i09.bmp,i09_22_3.bmp,35.38561248779297,5.5
1068,i09.bmp,i09_22_4.bmp,36.832183837890625,4.0938
1069,i09.bmp,i09_22_5.bmp,43.55632781982422,2.7188
1070,i09.bmp,i09_23_1.bmp,31.915433883666992,6.25
1071,i09.bmp,i09_23_2.bmp,32.041255950927734,6.2813
1072,i09.bmp,i09_23_3.bmp,35.61511993408203,6.0303
1073,i09.bmp,i09_23_4.bmp,40.703346252441406,4.8125
1074,i09.bmp,i09_23_5.bmp,54.2757453918457,2.875
1075,i09.bmp,i09_24_1.bmp,37.23822784423828,5.75
1076,i09.bmp,i09_24_2.bmp,42.94417190551758,5.0938
1077,i09.bmp,i09_24_3.bmp,49.00358200073242,3.75
1078,i09.bmp,i09_24_4.bmp,57.65419006347656,2.0303
1079,i09.bmp,i09_24_5.bmp,61.64002227783203,0.24242
1080,i10.bmp,i10_01_1.bmp,34.629425048828125,5.718
1081,i10.bmp,i10_01_2.bmp,36.31330490112305,5.4324
1082,i10.bmp,i10_01_3.bmp,38.8758430480957,4.7436
1083,i10.bmp,i10_01_4.bmp,42.827415466308594,4.5385
1084,i10.bmp,i10_01_5.bmp,48.060455322265625,3.8158
1085,i10.bmp,i10_02_1.bmp,33.101402282714844,6.0541
1086,i10.bmp,i10_02_2.bmp,33.83723068237305,5.8378
1087,i10.bmp,i10_02_3.bmp,36.55786895751953,5.7692
1088,i10.bmp,i10_02_4.bmp,38.517982482910156,5.5263
1089,i10.bmp,i10_02_5.bmp,42.256561279296875,4.7297
1090,i10.bmp,i10_03_1.bmp,40.032745361328125,5.0541
1091,i10.bmp,i10_03_2.bmp,43.76542282104492,4.3611
1092,i10.bmp,i10_03_3.bmp,49.449119567871094,4.0256
1093,i10.bmp,i10_03_4.bmp,55.000831604003906,3.3077
1094,i10.bmp,i10_03_5.bmp,61.33525848388672,2.9231
1095,i10.bmp,i10_04_1.bmp,31.678752899169922,6.0769
1096,i10.bmp,i10_04_2.bmp,32.02805709838867,5.1111
1097,i10.bmp,i10_04_3.bmp,32.59117126464844,5.1579
1098,i10.bmp,i10_04_4.bmp,33.6591682434082,4.7692
1099,i10.bmp,i10_04_5.bmp,35.406551361083984,4.2308
1100,i10.bmp,i10_05_1.bmp,32.56322479248047,6.0513
1101,i10.bmp,i10_05_2.bmp,33.49451446533203,5.7949
1102,i10.bmp,i10_05_3.bmp,36.316802978515625,5.1795
1103,i10.bmp,i10_05_4.bmp,41.906333923339844,4.3947
1104,i10.bmp,i10_05_5.bmp,51.42253494262695,3.3421
1105,i10.bmp,i10_06_1.bmp,34.481719970703125,5.1579
1106,i10.bmp,i10_06_2.bmp,36.329795837402344,4.6486
1107,i10.bmp,i10_06_3.bmp,38.72076416015625,4.5789
1108,i10.bmp,i10_06_4.bmp,43.36806869506836,3.8421
1109,i10.bmp,i10_06_5.bmp,49.094757080078125,3.4054
1110,i10.bmp,i10_07_1.bmp,33.80525207519531,5.5405
1111,i10.bmp,i10_07_2.bmp,35.39302444458008,5.0256
1112,i10.bmp,i10_07_3.bmp,36.394561767578125,4.4615
1113,i10.bmp,i10_07_4.bmp,38.74079132080078,4.0
1114,i10.bmp,i10_07_5.bmp,44.49592208862305,3.0526
1115,i10.bmp,i10_08_1.bmp,33.903472900390625,5.9737
1116,i10.bmp,i10_08_2.bmp,36.52922439575195,5.3077
1117,i10.bmp,i10_08_3.bmp,41.60922622680664,4.3514
1118,i10.bmp,i10_08_4.bmp,50.00532913208008,3.5
1119,i10.bmp,i10_08_5.bmp,58.47188186645508,2.7895
1120,i10.bmp,i10_09_1.bmp,33.83563232421875,5.9744
1121,i10.bmp,i10_09_2.bmp,35.7745361328125,5.6923
1122,i10.bmp,i10_09_3.bmp,40.82518768310547,5.1795
1123,i10.bmp,i10_09_4.bmp,50.21131134033203,3.8158
1124,i10.bmp,i10_09_5.bmp,60.68042755126953,2.282
1125,i10.bmp,i10_10_1.bmp,33.899139404296875,5.8684
1126,i10.bmp,i10_10_2.bmp,36.3009147644043,5.8158
1127,i10.bmp,i10_10_3.bmp,42.21543502807617,5.2051
1128,i10.bmp,i10_10_4.bmp,59.060665130615234,3.641
1129,i10.bmp,i10_10_5.bmp,76.14022827148438,2.4359
1130,i10.bmp,i10_11_1.bmp,39.41713333129883,5.1539
1131,i10.bmp,i10_11_2.bmp,45.644874572753906,4.4615
1132,i10.bmp,i10_11_3.bmp,57.205604553222656,3.6154
1133,i10.bmp,i10_11_4.bmp,65.57335662841797,2.1842
1134,i10.bmp,i10_11_5.bmp,68.12963104248047,1.2368
1135,i10.bmp,i10_12_1.bmp,34.94710159301758,4.7692
1136,i10.bmp,i10_12_2.bmp,34.58148956298828,5.8421
1137,i10.bmp,i10_12_3.bmp,36.98357391357422,4.9231
1138,i10.bmp,i10_12_4.bmp,40.561431884765625,4.0526
1139,i10.bmp,i10_12_5.bmp,46.24745178222656,2.6842
1140,i10.bmp,i10_13_1.bmp,33.59501647949219,5.7895
1141,i10.bmp,i10_13_2.bmp,43.60110855102539,3.9211
1142,i10.bmp,i10_13_3.bmp,49.98169708251953,3.4211
1143,i10.bmp,i10_13_4.bmp,46.802703857421875,2.6842
1144,i10.bmp,i10_13_5.bmp,53.57534408569336,2.8974
1145,i10.bmp,i10_14_1.bmp,31.893722534179688,5.8205
1146,i10.bmp,i10_14_2.bmp,31.687320709228516,6.1539
1147,i10.bmp,i10_14_3.bmp,32.20634841918945,5.5526
1148,i10.bmp,i10_14_4.bmp,32.67706298828125,4.2703
1149,i10.bmp,i10_14_5.bmp,33.743751525878906,3.8421
1150,i10.bmp,i10_15_1.bmp,31.585784912109375,3.0789
1151,i10.bmp,i10_15_2.bmp,32.195987701416016,3.2308
1152,i10.bmp,i10_15_3.bmp,30.93548011779785,3.6154
1153,i10.bmp,i10_15_4.bmp,30.674150466918945,3.3684
1154,i10.bmp,i10_15_5.bmp,30.66432762145996,4.1795
1155,i10.bmp,i10_16_1.bmp,31.16095733642578,6.1282
1156,i10.bmp,i10_16_2.bmp,31.394758224487305,6.1026
1157,i10.bmp,i10_16_3.bmp,31.084991455078125,6.0256
1158,i10.bmp,i10_16_4.bmp,31.892709732055664,5.5789
1159,i10.bmp,i10_16_5.bmp,31.166217803955078,5.1282
1160,i10.bmp,i10_17_1.bmp,32.54113006591797,5.7105
1161,i10.bmp,i10_17_2.bmp,29.43126678466797,6.5897
1162,i10.bmp,i10_17_3.bmp,34.685394287109375,4.5676
1163,i10.bmp,i10_17_4.bmp,27.600906372070312,6.5641
1164,i10.bmp,i10_17_5.bmp,39.60181427001953,3.6923
1165,i10.bmp,i10_18_1.bmp,31.731910705566406,4.5128
1166,i10.bmp,i10_18_2.bmp,32.299381256103516,4.0769
1167,i10.bmp,i10_18_3.bmp,33.6121826171875,3.8205
1168,i10.bmp,i10_18_4.bmp,31.845590591430664,3.6316
1169,i10.bmp,i10_18_5.bmp,31.353525161743164,3.3158
1170,i10.bmp,i10_19_1.bmp,33.56882858276367,5.5789
1171,i10.bmp,i10_19_2.bmp,34.81263732910156,5.4211
1172,i10.bmp,i10_19_3.bmp,37.87164306640625,4.6757
1173,i10.bmp,i10_19_4.bmp,40.961063385009766,4.2162
1174,i10.bmp,i10_19_5.bmp,46.12286376953125,3.8718
1175,i10.bmp,i10_20_1.bmp,34.15453338623047,5.8461
1176,i10.bmp,i10_20_2.bmp,36.9844970703125,5.3846
1177,i10.bmp,i10_20_3.bmp,41.402671813964844,4.4359
1178,i10.bmp,i10_20_4.bmp,42.985652923583984,3.5789
1179,i10.bmp,i10_20_5.bmp,42.20799255371094,2.8649
1180,i10.bmp,i10_21_1.bmp,37.10622787475586,5.5
1181,i10.bmp,i10_21_2.bmp,40.668724060058594,5.1795
1182,i10.bmp,i10_21_3.bmp,44.99142837524414,4.2564
1183,i10.bmp,i10_21_4.bmp,52.31537628173828,3.7692
1184,i10.bmp,i10_21_5.bmp,58.055763244628906,2.5128
1185,i10.bmp,i10_22_1.bmp,31.76935386657715,5.9737
1186,i10.bmp,i10_22_2.bmp,33.33372497558594,4.8718
1187,i10.bmp,i10_22_3.bmp,35.478965759277344,4.4865
1188,i10.bmp,i10_22_4.bmp,37.7258415222168,4.0278
1189,i10.bmp,i10_22_5.bmp,44.75565719604492,3.2564
1190,i10.bmp,i10_23_1.bmp,31.17157745361328,6.1539
1191,i10.bmp,i10_23_2.bmp,32.52776336669922,5.9487
1192,i10.bmp,i10_23_3.bmp,41.455726623535156,4.5526
1193,i10.bmp,i10_23_4.bmp,55.43793869018555,2.6053
1194,i10.bmp,i10_23_5.bmp,63.42385482788086,1.4474
1195,i10.bmp,i10_24_1.bmp,36.160987854003906,5.4615
1196,i10.bmp,i10_24_2.bmp,41.05140686035156,4.7895
1197,i10.bmp,i10_24_3.bmp,48.56788635253906,3.5128
1198,i10.bmp,i10_24_4.bmp,59.41254425048828,1.8649
1199,i10.bmp,i10_24_5.bmp,62.84300994873047,0.36842
1200,i11.bmp,i11_01_1.bmp,32.94200897216797,5.5405
1201,i11.bmp,i11_01_2.bmp,34.05146026611328,5.1622
1202,i11.bmp,i11_01_3.bmp,37.612274169921875,5.3514
1203,i11.bmp,i11_01_4.bmp,40.828468322753906,4.2857
1204,i11.bmp,i11_01_5.bmp,46.51996612548828,3.8611
1205,i11.bmp,i11_02_1.bmp,31.90574836730957,5.5556
1206,i11.bmp,i11_02_2.bmp,32.27520751953125,5.8857
1207,i11.bmp,i11_02_3.bmp,34.86548614501953,5.4444
1208,i11.bmp,i11_02_4.bmp,38.06006622314453,5.1944
1209,i11.bmp,i11_02_5.bmp,42.43212890625,4.75
1210,i11.bmp,i11_03_1.bmp,38.61521530151367,5.0
1211,i11.bmp,i11_03_2.bmp,43.06499481201172,4.4324
1212,i11.bmp,i11_03_3.bmp,48.475379943847656,3.8286
1213,i11.bmp,i11_03_4.bmp,54.288021087646484,3.2703
1214,i11.bmp,i11_03_5.bmp,61.63212966918945,2.9167
1215,i11.bmp,i11_04_1.bmp,31.442476272583008,5.4706
1216,i11.bmp,i11_04_2.bmp,31.820899963378906,5.6216
1217,i11.bmp,i11_04_3.bmp,32.79163360595703,5.2857
1218,i11.bmp,i11_04_4.bmp,34.19194412231445,5.1944
1219,i11.bmp,i11_04_5.bmp,36.87525939941406,4.6757
1220,i11.bmp,i11_05_1.bmp,31.21201515197754,6.027
1221,i11.bmp,i11_05_2.bmp,32.13642883300781,5.8056
1222,i11.bmp,i11_05_3.bmp,35.121864318847656,5.2973
1223,i11.bmp,i11_05_4.bmp,40.73393249511719,4.1944
1224,i11.bmp,i11_05_5.bmp,50.982261657714844,3.0556
1225,i11.bmp,i11_06_1.bmp,34.177757263183594,4.6944
1226,i11.bmp,i11_06_2.bmp,35.93782043457031,4.3889
1227,i11.bmp,i11_06_3.bmp,38.580406188964844,3.973
1228,i11.bmp,i11_06_4.bmp,43.62065124511719,3.5405
1229,i11.bmp,i11_06_5.bmp,48.63504409790039,3.0286
1230,i11.bmp,i11_07_1.bmp,34.05509948730469,5.5676
1231,i11.bmp,i11_07_2.bmp,36.218994140625,4.8
1232,i11.bmp,i11_07_3.bmp,38.5097541809082,4.5278
1233,i11.bmp,i11_07_4.bmp,38.79369354248047,3.9412
1234,i11.bmp,i11_07_5.bmp,42.930545806884766,2.7568
1235,i11.bmp,i11_08_1.bmp,34.667686462402344,4.9429
1236,i11.bmp,i11_08_2.bmp,38.94511413574219,4.5714
1237,i11.bmp,i11_08_3.bmp,46.52442932128906,3.7568
1238,i11.bmp,i11_08_4.bmp,56.73994445800781,2.8571
1239,i11.bmp,i11_08_5.bmp,64.72441101074219,2.3333
1240,i11.bmp,i11_09_1.bmp,32.93263626098633,5.8108
1241,i11.bmp,i11_09_2.bmp,33.645408630371094,5.8649
1242,i11.bmp,i11_09_3.bmp,39.34737777709961,4.6667
1243,i11.bmp,i11_09_4.bmp,51.947044372558594,3.3333
1244,i11.bmp,i11_09_5.bmp,61.899925231933594,1.9722
1245,i11.bmp,i11_10_1.bmp,35.418434143066406,5.8108
1246,i11.bmp,i11_10_2.bmp,38.427276611328125,5.6486
1247,i11.bmp,i11_10_3.bmp,45.233245849609375,5.0278
1248,i11.bmp,i11_10_4.bmp,55.91515350341797,3.4865
1249,i11.bmp,i11_10_5.bmp,68.57843780517578,2.2703
1250,i11.bmp,i11_11_1.bmp,35.85575485229492,5.8611
1251,i11.bmp,i11_11_2.bmp,40.843505859375,5.4286
1252,i11.bmp,i11_11_3.bmp,47.92389678955078,4.4722
1253,i11.bmp,i11_11_4.bmp,62.549560546875,2.9143
1254,i11.bmp,i11_11_5.bmp,71.66370391845703,0.97222
1255,i11.bmp,i11_12_1.bmp,32.34294891357422,5.6111
1256,i11.bmp,i11_12_2.bmp,32.00083923339844,5.9722
1257,i11.bmp,i11_12_3.bmp,36.619651794433594,4.6216
1258,i11.bmp,i11_12_4.bmp,40.341026306152344,3.7778
1259,i11.bmp,i11_12_5.bmp,50.11083221435547,2.0278
1260,i11.bmp,i11_13_1.bmp,34.60767364501953,4.0833
1261,i11.bmp,i11_13_2.bmp,42.136817932128906,4.5405
1262,i11.bmp,i11_13_3.bmp,44.08286666870117,3.25
1263,i11.bmp,i11_13_4.bmp,51.51969528198242,2.75
1264,i11.bmp,i11_13_5.bmp,57.37325668334961,2.2778
1265,i11.bmp,i11_14_1.bmp,31.347848892211914,5.8333
1266,i11.bmp,i11_14_2.bmp,32.03121566772461,5.4571
1267,i11.bmp,i11_14_3.bmp,32.856475830078125,5.2973
1268,i11.bmp,i11_14_4.bmp,33.66907501220703,5.1667
1269,i11.bmp,i11_14_5.bmp,32.469032287597656,4.3889
1270,i11.bmp,i11_15_1.bmp,31.064088821411133,3.1892
1271,i11.bmp,i11_15_2.bmp,30.449058532714844,3.3889
1272,i11.bmp,i11_15_3.bmp,30.481821060180664,3.5
1273,i11.bmp,i11_15_4.bmp,31.290817260742188,3.6757
1274,i11.bmp,i11_15_5.bmp,30.868709564208984,3.5
1275,i11.bmp,i11_16_1.bmp,30.69038963317871,6.1081
1276,i11.bmp,i11_16_2.bmp,31.010936737060547,5.9189
1277,i11.bmp,i11_16_3.bmp,30.77729034423828,5.6944
1278,i11.bmp,i11_16_4.bmp,31.405242919921875,4.9459
1279,i11.bmp,i11_16_5.bmp,30.718456268310547,4.5676
1280,i11.bmp,i11_17_1.bmp,32.312076568603516,5.5946
1281,i11.bmp,i11_17_2.bmp,28.422693252563477,6.75
1282,i11.bmp,i11_17_3.bmp,34.82819366455078,4.3429
1283,i11.bmp,i11_17_4.bmp,25.913753509521484,6.8378
1284,i11.bmp,i11_17_5.bmp,40.261043548583984,3.2162
1285,i11.bmp,i11_18_1.bmp,32.40673828125,4.5556
1286,i11.bmp,i11_18_2.bmp,32.98051834106445,4.2703
1287,i11.bmp,i11_18_3.bmp,34.121437072753906,3.5833
1288,i11.bmp,i11_18_4.bmp,35.576446533203125,3.4412
1289,i11.bmp,i11_18_5.bmp,33.932777404785156,3.5135
1290,i11.bmp,i11_19_1.bmp,32.08485412597656,5.6486
1291,i11.bmp,i11_19_2.bmp,33.37538146972656,5.1111
1292,i11.bmp,i11_19_3.bmp,35.907283782958984,4.6486
1293,i11.bmp,i11_19_4.bmp,39.014915466308594,3.9714
1294,i11.bmp,i11_19_5.bmp,43.71916198730469,3.6216
1295,i11.bmp,i11_20_1.bmp,31.971893310546875,6.0286
1296,i11.bmp,i11_20_2.bmp,33.97911834716797,5.5946
1297,i11.bmp,i11_20_3.bmp,37.27055358886719,5.3514
1298,i11.bmp,i11_20_4.bmp,44.18731689453125,4.8889
1299,i11.bmp,i11_20_5.bmp,49.27003479003906,3.6389
1300,i11.bmp,i11_21_1.bmp,36.19697189331055,5.7027
1301,i11.bmp,i11_21_2.bmp,39.7833137512207,5.4167
1302,i11.bmp,i11_21_3.bmp,44.86219787597656,4.4054
1303,i11.bmp,i11_21_4.bmp,50.47425079345703,3.8611
1304,i11.bmp,i11_21_5.bmp,56.890541076660156,2.6486
1305,i11.bmp,i11_22_1.bmp,31.233463287353516,5.5676
1306,i11.bmp,i11_22_2.bmp,31.05162811279297,5.4054
1307,i11.bmp,i11_22_3.bmp,34.03062438964844,4.8919
1308,i11.bmp,i11_22_4.bmp,37.36810302734375,3.6486
1309,i11.bmp,i11_22_5.bmp,40.834014892578125,2.5278
1310,i11.bmp,i11_23_1.bmp,30.502071380615234,5.8649
1311,i11.bmp,i11_23_2.bmp,30.68935203552246,5.8378
1312,i11.bmp,i11_23_3.bmp,31.64524269104004,5.9459
1313,i11.bmp,i11_23_4.bmp,39.1501579284668,5.2703
1314,i11.bmp,i11_23_5.bmp,58.972900390625,2.7568
1315,i11.bmp,i11_24_1.bmp,35.237857818603516,5.9189
1316,i11.bmp,i11_24_2.bmp,38.349151611328125,5.4722
1317,i11.bmp,i11_24_3.bmp,44.30553436279297,4.6286
1318,i11.bmp,i11_24_4.bmp,54.018470764160156,2.8857
1319,i11.bmp,i11_24_5.bmp,67.56657409667969,0.58333
1320,i12.bmp,i12_01_1.bmp,31.38426971435547,5.9459
1321,i12.bmp,i12_01_2.bmp,32.91880798339844,4.9722
1322,i12.bmp,i12_01_3.bmp,35.795249938964844,4.7895
1323,i12.bmp,i12_01_4.bmp,38.69274139404297,4.1389
1324,i12.bmp,i12_01_5.bmp,43.01878356933594,3.7632
1325,i12.bmp,i12_02_1.bmp,31.47745704650879,6.0811
1326,i12.bmp,i12_02_2.bmp,32.03091049194336,5.973
1327,i12.bmp,i12_02_3.bmp,33.644065856933594,5.5263
1328,i12.bmp,i12_02_4.bmp,35.96710205078125,5.0526
1329,i12.bmp,i12_02_5.bmp,39.99756622314453,4.5405
1330,i12.bmp,i12_03_1.bmp,36.44343185424805,4.5676
1331,i12.bmp,i12_03_2.bmp,39.39087677001953,4.1622
1332,i12.bmp,i12_03_3.bmp,43.246673583984375,3.7568
1333,i12.bmp,i12_03_4.bmp,48.156532287597656,3.1053
1334,i12.bmp,i12_03_5.bmp,55.726173400878906,2.7105
1335,i12.bmp,i12_04_1.bmp,31.427183151245117,5.9189
1336,i12.bmp,i12_04_2.bmp,31.96318817138672,5.5263
1337,i12.bmp,i12_04_3.bmp,33.010780334472656,5.2105
1338,i12.bmp,i12_04_4.bmp,34.98025894165039,4.7027
1339,i12.bmp,i12_04_5.bmp,37.95109176635742,3.7838
1340,i12.bmp,i12_05_1.bmp,30.49281120300293,5.6486
1341,i12.bmp,i12_05_2.bmp,30.645713806152344,5.8108
1342,i12.bmp,i12_05_3.bmp,32.754451751708984,5.2105
1343,i12.bmp,i12_05_4.bmp,38.12029266357422,4.3514
1344,i12.bmp,i12_05_5.bmp,46.564579010009766,3.6579
1345,i12.bmp,i12_06_1.bmp,31.459728240966797,5.0811
1346,i12.bmp,i12_06_2.bmp,31.46870231628418,4.8158
1347,i12.bmp,i12_06_3.bmp,36.567420959472656,4.4595
1348,i12.bmp,i12_06_4.bmp,42.51900100708008,4.0811
1349,i12.bmp,i12_06_5.bmp,46.51477813720703,3.75
1350,i12.bmp,i12_07_1.bmp,32.479888916015625,4.6944
1351,i12.bmp,i12_07_2.bmp,35.28888702392578,4.3947
1352,i12.bmp,i12_07_3.bmp,38.381595611572266,4.1842
1353,i12.bmp,i12_07_4.bmp,40.85692596435547,3.1892
1354,i12.bmp,i12_07_5.bmp,42.020015716552734,3.0278
1355,i12.bmp,i12_08_1.bmp,32.860599517822266,6.1842
1356,i12.bmp,i12_08_2.bmp,35.16096878051758,5.4737
1357,i12.bmp,i12_08_3.bmp,40.367942810058594,4.5263
1358,i12.bmp,i12_08_4.bmp,48.289608001708984,3.6053
1359,i12.bmp,i12_08_5.bmp,55.73890686035156,2.7778
1360,i12.bmp,i12_09_1.bmp,33.93134307861328,6.3158
1361,i12.bmp,i12_09_2.bmp,36.005706787109375,5.5278
1362,i12.bmp,i12_09_3.bmp,38.434181213378906,4.7368
1363,i12.bmp,i12_09_4.bmp,47.15228271484375,3.4324
1364,i12.bmp,i12_09_5.bmp,54.0997200012207,2.2571
1365,i12.bmp,i12_10_1.bmp,34.289642333984375,6.0811
1366,i12.bmp,i12_10_2.bmp,36.612518310546875,5.8947
1367,i12.bmp,i12_10_3.bmp,43.038856506347656,5.1053
1368,i12.bmp,i12_10_4.bmp,64.18326568603516,3.1053
1369,i12.bmp,i12_10_5.bmp,68.66734313964844,2.2368
1370,i12.bmp,i12_11_1.bmp,38.29125213623047,5.4054
1371,i12.bmp,i12_11_2.bmp,45.73582458496094,4.6757
1372,i12.bmp,i12_11_3.bmp,57.021766662597656,2.7778
1373,i12.bmp,i12_11_4.bmp,62.272796630859375,1.9474
1374,i12.bmp,i12_11_5.bmp,65.28897857666016,0.81579
1375,i12.bmp,i12_12_1.bmp,33.430206298828125,5.5
1376,i12.bmp,i12_12_2.bmp,38.178890228271484,5.0526
1377,i12.bmp,i12_12_3.bmp,42.55452346801758,3.6486
1378,i12.bmp,i12_12_4.bmp,45.852088928222656,3.0789
1379,i12.bmp,i12_12_5.bmp,46.12499237060547,3.0811
1380,i12.bmp,i12_13_1.bmp,33.05622863769531,5.3784
1381,i12.bmp,i12_13_2.bmp,36.219451904296875,4.5676
1382,i12.bmp,i12_13_3.bmp,42.630767822265625,3.2368
1383,i12.bmp,i12_13_4.bmp,48.93548583984375,2.8333
1384,i12.bmp,i12_13_5.bmp,35.80254364013672,4.0
1385,i12.bmp,i12_14_1.bmp,31.43329620361328,5.5526
1386,i12.bmp,i12_14_2.bmp,30.754369735717773,6.1579
1387,i12.bmp,i12_14_3.bmp,32.384979248046875,4.5405
1388,i12.bmp,i12_14_4.bmp,32.685089111328125,4.4737
1389,i12.bmp,i12_14_5.bmp,34.718597412109375,3.5676
1390,i12.bmp,i12_15_1.bmp,30.01818084716797,3.5
1391,i12.bmp,i12_15_2.bmp,29.30167579650879,3.5143
1392,i12.bmp,i12_15_3.bmp,28.710407257080078,3.6579
1393,i12.bmp,i12_15_4.bmp,29.580455780029297,4.0789
1394,i12.bmp,i12_15_5.bmp,29.397836685180664,4.5429
1395,i12.bmp,i12_16_1.bmp,30.469594955444336,6.5263
1396,i12.bmp,i12_16_2.bmp,31.009384155273438,6.2973
1397,i12.bmp,i12_16_3.bmp,30.158363342285156,6.0526
1398,i12.bmp,i12_16_4.bmp,31.95216941833496,6.1111
1399,i12.bmp,i12_16_5.bmp,30.128028869628906,5.6757
1400,i12.bmp,i12_17_1.bmp,31.726478576660156,6.2632
1401,i12.bmp,i12_17_2.bmp,28.957122802734375,6.8158
1402,i12.bmp,i12_17_3.bmp,33.452980041503906,4.8108
1403,i12.bmp,i12_17_4.bmp,27.662677764892578,6.2632
1404,i12.bmp,i12_17_5.bmp,37.41061782836914,4.0263
1405,i12.bmp,i12_18_1.bmp,30.818824768066406,5.6486
1406,i12.bmp,i12_18_2.bmp,30.962284088134766,5.3514
1407,i12.bmp,i12_18_3.bmp,31.346973419189453,5.0
1408,i12.bmp,i12_18_4.bmp,32.33330535888672,4.4865
1409,i12.bmp,i12_18_5.bmp,33.687278747558594,4.2973
1410,i12.bmp,i12_19_1.bmp,31.445816040039062,5.7297
1411,i12.bmp,i12_19_2.bmp,31.82992172241211,5.5135
1412,i12.bmp,i12_19_3.bmp,33.934513092041016,5.2973
1413,i12.bmp,i12_19_4.bmp,35.30098342895508,4.7105
1414,i12.bmp,i12_19_5.bmp,39.551334381103516,4.0263
1415,i12.bmp,i12_20_1.bmp,32.65892791748047,5.5833
1416,i12.bmp,i12_20_2.bmp,36.12543869018555,5.2778
1417,i12.bmp,i12_20_3.bmp,40.48961639404297,4.4324
1418,i12.bmp,i12_20_4.bmp,44.35506057739258,3.6053
1419,i12.bmp,i12_20_5.bmp,46.007041931152344,2.8056
1420,i12.bmp,i12_21_1.bmp,35.46525573730469,5.1579
1421,i12.bmp,i12_21_2.bmp,39.18714141845703,4.9459
1422,i12.bmp,i12_21_3.bmp,42.23603820800781,4.0263
1423,i12.bmp,i12_21_4.bmp,47.054969787597656,3.0278
1424,i12.bmp,i12_21_5.bmp,53.934783935546875,2.0
1425,i12.bmp,i12_22_1.bmp,30.428234100341797,5.25
1426,i12.bmp,i12_22_2.bmp,30.310266494750977,5.1316
1427,i12.bmp,i12_22_3.bmp,31.877416610717773,4.5676
1428,i12.bmp,i12_22_4.bmp,36.923194885253906,3.5
1429,i12.bmp,i12_22_5.bmp,48.04426574707031,2.6216
1430,i12.bmp,i12_23_1.bmp,30.963966369628906,6.0541
1431,i12.bmp,i12_23_2.bmp,32.80122375488281,6.1842
1432,i12.bmp,i12_23_3.bmp,38.979774475097656,4.8947
1433,i12.bmp,i12_23_4.bmp,48.343788146972656,3.1892
1434,i12.bmp,i12_23_5.bmp,59.32298278808594,2.2105
1435,i12.bmp,i12_24_1.bmp,36.052005767822266,5.8649
1436,i12.bmp,i12_24_2.bmp,41.74768829345703,4.3784
1437,i12.bmp,i12_24_3.bmp,50.71693420410156,3.0789
1438,i12.bmp,i12_24_4.bmp,58.474578857421875,1.9737
1439,i12.bmp,i12_24_5.bmp,60.73036575317383,0.40541
1440,i13.bmp,i13_01_1.bmp,34.953826904296875,5.5349
1441,i13.bmp,i13_01_2.bmp,35.229713439941406,5.425
1442,i13.bmp,i13_01_3.bmp,35.307376861572266,5.0698
1443,i13.bmp,i13_01_4.bmp,35.97182846069336,4.7907
1444,i13.bmp,i13_01_5.bmp,37.81633377075195,4.0238
1445,i13.bmp,i13_02_1.bmp,35.023746490478516,5.3095
1446,i13.bmp,i13_02_2.bmp,34.79658126831055,5.5366
1447,i13.bmp,i13_02_3.bmp,35.35712432861328,5.6279
1448,i13.bmp,i13_02_4.bmp,35.77090072631836,5.4048
1449,i13.bmp,i13_02_5.bmp,37.88731384277344,4.6667
1450,i13.bmp,i13_03_1.bmp,36.016841888427734,5.1429
1451,i13.bmp,i13_03_2.bmp,36.880401611328125,5.0714
1452,i13.bmp,i13_03_3.bmp,41.017635345458984,4.1667
1453,i13.bmp,i13_03_4.bmp,43.735389709472656,3.6667
1454,i13.bmp,i13_03_5.bmp,47.091758728027344,2.7619
1455,i13.bmp,i13_04_1.bmp,35.2827033996582,5.7317
1456,i13.bmp,i13_04_2.bmp,35.17718505859375,5.475
1457,i13.bmp,i13_04_3.bmp,35.09141159057617,5.5581
1458,i13.bmp,i13_04_4.bmp,34.90143585205078,5.439
1459,i13.bmp,i13_04_5.bmp,34.53213119506836,4.9286
1460,i13.bmp,i13_05_1.bmp,35.340396881103516,5.3571
1461,i13.bmp,i13_05_2.bmp,35.20539855957031,5.0476
1462,i13.bmp,i13_05_3.bmp,34.97157287597656,5.5116
1463,i13.bmp,i13_05_4.bmp,35.34906005859375,4.1667
1464,i13.bmp,i13_05_5.bmp,38.74986267089844,3.0952
1465,i13.bmp,i13_06_1.bmp,34.788475036621094,4.55
1466,i13.bmp,i13_06_2.bmp,34.85622024536133,4.2558
1467,i13.bmp,i13_06_3.bmp,35.676116943359375,3.6667
1468,i13.bmp,i13_06_4.bmp,36.387393951416016,3.4419
1469,i13.bmp,i13_06_5.bmp,38.764564514160156,3.0952
1470,i13.bmp,i13_07_1.bmp,34.827171325683594,5.725
1471,i13.bmp,i13_07_2.bmp,34.64276885986328,5.3171
1472,i13.bmp,i13_07_3.bmp,35.23755645751953,4.6429
1473,i13.bmp,i13_07_4.bmp,34.538700103759766,3.4146
1474,i13.bmp,i13_07_5.bmp,36.965980529785156,2.8293
1475,i13.bmp,i13_08_1.bmp,36.65526580810547,4.8095
1476,i13.bmp,i13_08_2.bmp,37.83512878417969,3.9524
1477,i13.bmp,i13_08_3.bmp,39.89275360107422,3.122
1478,i13.bmp,i13_08_4.bmp,43.088958740234375,2.5814
1479,i13.bmp,i13_08_5.bmp,45.877769470214844,1.7381
1480,i13.bmp,i13_09_1.bmp,33.665931701660156,5.0732
1481,i13.bmp,i13_09_2.bmp,33.44129943847656,4.7674
1482,i13.bmp,i13_09_3.bmp,34.62832260131836,3.186
1483,i13.bmp,i13_09_4.bmp,37.493438720703125,2.1667
1484,i13.bmp,i13_09_5.bmp,43.047088623046875,0.4878
1485,i13.bmp,i13_10_1.bmp,37.166595458984375,5.4884
1486,i13.bmp,i13_10_2.bmp,37.43848419189453,5.4651
1487,i13.bmp,i13_10_3.bmp,39.217498779296875,4.475
1488,i13.bmp,i13_10_4.bmp,45.52911376953125,3.2558
1489,i13.bmp,i13_10_5.bmp,60.314064025878906,1.1628
1490,i13.bmp,i13_11_1.bmp,36.13557052612305,5.3256
1491,i13.bmp,i13_11_2.bmp,36.58979797363281,5.3256
1492,i13.bmp,i13_11_3.bmp,38.68556213378906,4.6905
1493,i13.bmp,i13_11_4.bmp,41.323883056640625,4.3488
1494,i13.bmp,i13_11_5.bmp,47.64272689819336,2.3809
1495,i13.bmp,i13_12_1.bmp,36.1850700378418,5.2326
1496,i13.bmp,i13_12_2.bmp,36.374977111816406,5.4419
1497,i13.bmp,i13_12_3.bmp,36.647926330566406,5.1163
1498,i13.bmp,i13_12_4.bmp,37.04264831542969,5.2619
1499,i13.bmp,i13_12_5.bmp,36.97978210449219,5.0476
1500,i13.bmp,i13_13_1.bmp,35.82029724121094,5.4186
1501,i13.bmp,i13_13_2.bmp,36.114952087402344,4.9286
1502,i13.bmp,i13_13_3.bmp,37.816226959228516,4.7907
1503,i13.bmp,i13_13_4.bmp,37.95532989501953,3.6341
1504,i13.bmp,i13_13_5.bmp,41.570167541503906,2.4048
1505,i13.bmp,i13_14_1.bmp,35.189701080322266,5.6429
1506,i13.bmp,i13_14_2.bmp,35.52560806274414,5.4048
1507,i13.bmp,i13_14_3.bmp,35.98663330078125,5.7381
1508,i13.bmp,i13_14_4.bmp,36.05120086669922,5.0233
1509,i13.bmp,i13_14_5.bmp,36.156612396240234,3.9762
1510,i13.bmp,i13_15_1.bmp,32.85395812988281,2.7317
1511,i13.bmp,i13_15_2.bmp,32.45082092285156,2.878
1512,i13.bmp,i13_15_3.bmp,32.35432815551758,3.0476
1513,i13.bmp,i13_15_4.bmp,33.7183952331543,3.5714
1514,i13.bmp,i13_15_5.bmp,32.6978759765625,3.7073
1515,i13.bmp,i13_16_1.bmp,35.551239013671875,5.6047
1516,i13.bmp,i13_16_2.bmp,35.15782165527344,5.2791
1517,i13.bmp,i13_16_3.bmp,35.70050048828125,5.439
1518,i13.bmp,i13_16_4.bmp,34.8380241394043,4.2927
1519,i13.bmp,i13_16_5.bmp,35.19532775878906,4.4419
1520,i13.bmp,i13_17_1.bmp,35.122947692871094,4.4884
1521,i13.bmp,i13_17_2.bmp,35.40221405029297,6.6279
1522,i13.bmp,i13_17_3.bmp,34.837562561035156,3.7209
1523,i13.bmp,i13_17_4.bmp,34.895912170410156,6.4884
1524,i13.bmp,i13_17_5.bmp,35.51390075683594,2.5854
1525,i13.bmp,i13_18_1.bmp,36.09385299682617,3.9512
1526,i13.bmp,i13_18_2.bmp,36.5078239440918,3.7442
1527,i13.bmp,i13_18_3.bmp,37.233394622802734,3.1429
1528,i13.bmp,i13_18_4.bmp,38.22846984863281,2.8462
1529,i13.bmp,i13_18_5.bmp,37.83918762207031,2.7317
1530,i13.bmp,i13_19_1.bmp,35.523468017578125,5.2439
1531,i13.bmp,i13_19_2.bmp,35.401451110839844,5.2619
1532,i13.bmp,i13_19_3.bmp,35.8719482421875,5.3256
1533,i13.bmp,i13_19_4.bmp,35.46708679199219,4.5122
1534,i13.bmp,i13_19_5.bmp,37.4317626953125,4.1628
1535,i13.bmp,i13_20_1.bmp,35.490875244140625,5.6744
1536,i13.bmp,i13_20_2.bmp,35.40265655517578,5.0952
1537,i13.bmp,i13_20_3.bmp,35.73069381713867,5.5238
1538,i13.bmp,i13_20_4.bmp,35.40110778808594,5.2857
1539,i13.bmp,i13_20_5.bmp,37.634822845458984,5.2326
1540,i13.bmp,i13_21_1.bmp,35.72565460205078,5.6512
1541,i13.bmp,i13_21_2.bmp,36.70782470703125,5.5476
1542,i13.bmp,i13_21_3.bmp,37.095558166503906,5.0952
1543,i13.bmp,i13_21_4.bmp,37.529815673828125,4.7209
1544,i13.bmp,i13_21_5.bmp,38.90479278564453,3.4762
1545,i13.bmp,i13_22_1.bmp,36.106971740722656,5.4286
1546,i13.bmp,i13_22_2.bmp,36.795806884765625,4.7805
1547,i13.bmp,i13_22_3.bmp,38.29663848876953,3.9767
1548,i13.bmp,i13_22_4.bmp,40.89084243774414,2.9302
1549,i13.bmp,i13_22_5.bmp,43.45991134643555,2.4186
1550,i13.bmp,i13_23_1.bmp,34.65852355957031,5.6512
1551,i13.bmp,i13_23_2.bmp,33.69459533691406,5.3953
1552,i13.bmp,i13_23_3.bmp,33.502132415771484,5.45
1553,i13.bmp,i13_23_4.bmp,33.99522399902344,5.0465
1554,i13.bmp,i13_23_5.bmp,36.75946807861328,5.2093
1555,i13.bmp,i13_24_1.bmp,36.86109161376953,5.4419
1556,i13.bmp,i13_24_2.bmp,38.121524810791016,5.1905
1557,i13.bmp,i13_24_3.bmp,38.16981506347656,4.3953
1558,i13.bmp,i13_24_4.bmp,39.12720489501953,3.8605
1559,i13.bmp,i13_24_5.bmp,40.41815185546875,2.8809
1560,i14.bmp,i14_01_1.bmp,34.15230941772461,5.8919
1561,i14.bmp,i14_01_2.bmp,35.46470260620117,5.6944
1562,i14.bmp,i14_01_3.bmp,37.4490966796875,4.7778
1563,i14.bmp,i14_01_4.bmp,40.60279846191406,4.3143
1564,i14.bmp,i14_01_5.bmp,46.11376953125,3.75
1565,i14.bmp,i14_02_1.bmp,34.34840774536133,5.973
1566,i14.bmp,i14_02_2.bmp,34.608612060546875,5.9167
1567,i14.bmp,i14_02_3.bmp,35.59868621826172,5.7714
1568,i14.bmp,i14_02_4.bmp,37.41706848144531,5.1389
1569,i14.bmp,i14_02_5.bmp,41.74175262451172,4.5278
1570,i14.bmp,i14_03_1.bmp,38.91041564941406,5.1944
1571,i14.bmp,i14_03_2.bmp,42.85205841064453,4.4324
1572,i14.bmp,i14_03_3.bmp,48.75251007080078,3.7778
1573,i14.bmp,i14_03_4.bmp,55.54481506347656,3.0833
1574,i14.bmp,i14_03_5.bmp,65.4065170288086,2.5946
1575,i14.bmp,i14_04_1.bmp,33.523555755615234,6.0286
1576,i14.bmp,i14_04_2.bmp,33.743797302246094,5.6389
1577,i14.bmp,i14_04_3.bmp,34.29637145996094,5.5
1578,i14.bmp,i14_04_4.bmp,35.158042907714844,4.6571
1579,i14.bmp,i14_04_5.bmp,36.89316177368164,4.0278
1580,i14.bmp,i14_05_1.bmp,33.62997055053711,6.0541
1581,i14.bmp,i14_05_2.bmp,34.006324768066406,5.5946
1582,i14.bmp,i14_05_3.bmp,35.49198913574219,4.9722
1583,i14.bmp,i14_05_4.bmp,39.419776916503906,4.1622
1584,i14.bmp,i14_05_5.bmp,50.6136360168457,3.027
1585,i14.bmp,i14_06_1.bmp,34.84375762939453,5.0833
1586,i14.bmp,i14_06_2.bmp,34.424381256103516,4.3333
1587,i14.bmp,i14_06_3.bmp,35.334022521972656,4.0278
1588,i14.bmp,i14_06_4.bmp,38.71171951293945,3.7778
1589,i14.bmp,i14_06_5.bmp,45.122032165527344,3.1667
1590,i14.bmp,i14_07_1.bmp,35.77985382080078,5.7222
1591,i14.bmp,i14_07_2.bmp,35.93611526489258,5.4444
1592,i14.bmp,i14_07_3.bmp,39.50621795654297,4.2778
1593,i14.bmp,i14_07_4.bmp,43.599884033203125,3.6111
1594,i14.bmp,i14_07_5.bmp,43.37721252441406,2.9189
1595,i14.bmp,i14_08_1.bmp,38.09117889404297,5.4324
1596,i14.bmp,i14_08_2.bmp,42.675010681152344,4.5556
1597,i14.bmp,i14_08_3.bmp,51.014122009277344,3.4865
1598,i14.bmp,i14_08_4.bmp,61.614501953125,2.8378
1599,i14.bmp,i14_08_5.bmp,72.27350616455078,1.5946
1600,i14.bmp,i14_09_1.bmp,35.40216064453125,6.0541
1601,i14.bmp,i14_09_2.bmp,38.462623596191406,5.8919
1602,i14.bmp,i14_09_3.bmp,44.937286376953125,4.5
1603,i14.bmp,i14_09_4.bmp,57.5047721862793,2.8919
1604,i14.bmp,i14_09_5.bmp,70.26365661621094,1.75
1605,i14.bmp,i14_10_1.bmp,37.660152435302734,5.7778
1606,i14.bmp,i14_10_2.bmp,41.578468322753906,5.1667
1607,i14.bmp,i14_10_3.bmp,48.218353271484375,4.25
1608,i14.bmp,i14_10_4.bmp,66.87531280517578,3.0556
1609,i14.bmp,i14_10_5.bmp,85.4481201171875,1.8611
1610,i14.bmp,i14_11_1.bmp,37.386043548583984,5.973
1611,i14.bmp,i14_11_2.bmp,43.378746032714844,5.4722
1612,i14.bmp,i14_11_3.bmp,50.435516357421875,4.2432
1613,i14.bmp,i14_11_4.bmp,65.28970336914062,3.0833
1614,i14.bmp,i14_11_5.bmp,78.43224334716797,1.2857
1615,i14.bmp,i14_12_1.bmp,35.177249908447266,5.8108
1616,i14.bmp,i14_12_2.bmp,38.21455001831055,5.6471
1617,i14.bmp,i14_12_3.bmp,50.74298858642578,4.0571
1618,i14.bmp,i14_12_4.bmp,40.46918487548828,4.1351
1619,i14.bmp,i14_12_5.bmp,42.251312255859375,3.1892
1620,i14.bmp,i14_13_1.bmp,37.293060302734375,5.027
1621,i14.bmp,i14_13_2.bmp,38.71430206298828,4.5278
1622,i14.bmp,i14_13_3.bmp,42.26158905029297,3.6216
1623,i14.bmp,i14_13_4.bmp,52.17356491088867,3.0833
1624,i14.bmp,i14_13_5.bmp,64.17459869384766,1.9167
1625,i14.bmp,i14_14_1.bmp,33.30113220214844,6.0541
1626,i14.bmp,i14_14_2.bmp,33.4769287109375,5.7027
1627,i14.bmp,i14_14_3.bmp,33.458457946777344,4.6944
1628,i14.bmp,i14_14_4.bmp,36.816673278808594,4.1667
1629,i14.bmp,i14_14_5.bmp,37.165443420410156,3.3714
1630,i14.bmp,i14_15_1.bmp,35.509910583496094,2.9459
1631,i14.bmp,i14_15_2.bmp,35.012855529785156,3.3514
1632,i14.bmp,i14_15_3.bmp,34.21820068359375,3.5294
1633,i14.bmp,i14_15_4.bmp,33.10726547241211,3.6216
1634,i14.bmp,i14_15_5.bmp,32.854774475097656,3.973
1635,i14.bmp,i14_16_1.bmp,32.9023551940918,5.7714
1636,i14.bmp,i14_16_2.bmp,34.00725555419922,5.973
1637,i14.bmp,i14_16_3.bmp,32.331748962402344,5.3056
1638,i14.bmp,i14_16_4.bmp,36.16250991821289,5.1714
1639,i14.bmp,i14_16_5.bmp,33.59182357788086,4.0286
1640,i14.bmp,i14_17_1.bmp,35.26213073730469,5.4054
1641,i14.bmp,i14_17_2.bmp,30.11846351623535,6.4324
1642,i14.bmp,i14_17_3.bmp,38.71973419189453,4.1389
1643,i14.bmp,i14_17_4.bmp,28.548702239990234,5.9189
1644,i14.bmp,i14_17_5.bmp,45.83458709716797,3.2432
1645,i14.bmp,i14_18_1.bmp,33.5582275390625,5.3714
1646,i14.bmp,i14_18_2.bmp,33.78528594970703,5.1389
1647,i14.bmp,i14_18_3.bmp,34.004173278808594,4.6667
1648,i14.bmp,i14_18_4.bmp,34.19700622558594,4.1471
1649,i14.bmp,i14_18_5.bmp,35.243011474609375,3.75
1650,i14.bmp,i14_19_1.bmp,34.46577453613281,5.3714
1651,i14.bmp,i14_19_2.bmp,35.48628234863281,5.1111
1652,i14.bmp,i14_19_3.bmp,37.274444580078125,4.9722
1653,i14.bmp,i14_19_4.bmp,40.2301025390625,3.9143
1654,i14.bmp,i14_19_5.bmp,43.88975143432617,3.2286
1655,i14.bmp,i14_20_1.bmp,34.096405029296875,5.7222
1656,i14.bmp,i14_20_2.bmp,35.267093658447266,5.5946
1657,i14.bmp,i14_20_3.bmp,37.61521530151367,5.4167
1658,i14.bmp,i14_20_4.bmp,46.74559783935547,4.1944
1659,i14.bmp,i14_20_5.bmp,57.74220657348633,3.2703
1660,i14.bmp,i14_21_1.bmp,37.336570739746094,5.2973
1661,i14.bmp,i14_21_2.bmp,39.14519119262695,5.1667
1662,i14.bmp,i14_21_3.bmp,46.59333038330078,4.5405
1663,i14.bmp,i14_21_4.bmp,53.84264373779297,3.75
1664,i14.bmp,i14_21_5.bmp,66.91048431396484,2.6486
1665,i14.bmp,i14_22_1.bmp,33.749542236328125,5.4054
1666,i14.bmp,i14_22_2.bmp,35.600181579589844,5.3714
1667,i14.bmp,i14_22_3.bmp,36.76313781738281,5.0556
1668,i14.bmp,i14_22_4.bmp,39.407081604003906,3.9714
1669,i14.bmp,i14_22_5.bmp,45.74892807006836,3.2778
1670,i14.bmp,i14_23_1.bmp,35.06162643432617,6.0278
1671,i14.bmp,i14_23_2.bmp,36.51850891113281,6.027
1672,i14.bmp,i14_23_3.bmp,40.322601318359375,5.6111
1673,i14.bmp,i14_23_4.bmp,44.68696594238281,5.0
1674,i14.bmp,i14_23_5.bmp,59.796363830566406,2.7778
1675,i14.bmp,i14_24_1.bmp,36.32813262939453,6.1351
1676,i14.bmp,i14_24_2.bmp,40.509544372558594,5.5833
1677,i14.bmp,i14_24_3.bmp,47.74066162109375,4.4444
1678,i14.bmp,i14_24_4.bmp,58.250701904296875,3.1892
1679,i14.bmp,i14_24_5.bmp,70.74353790283203,0.91892
1680,i15.bmp,i15_01_1.bmp,30.352027893066406,5.8222
1681,i15.bmp,i15_01_2.bmp,31.888147354125977,5.0682
1682,i15.bmp,i15_01_3.bmp,35.5984992980957,4.9556
1683,i15.bmp,i15_01_4.bmp,39.71397399902344,4.2791
1684,i15.bmp,i15_01_5.bmp,43.3184700012207,3.9111
1685,i15.bmp,i15_02_1.bmp,28.360992431640625,6.0909
1686,i15.bmp,i15_02_2.bmp,29.199787139892578,5.8182
1687,i15.bmp,i15_02_3.bmp,30.754594802856445,5.6364
1688,i15.bmp,i15_02_4.bmp,34.82362365722656,4.8864
1689,i15.bmp,i15_02_5.bmp,38.1449089050293,4.6364
1690,i15.bmp,i15_03_1.bmp,35.35862731933594,4.3256
1691,i15.bmp,i15_03_2.bmp,38.945274353027344,3.814
1692,i15.bmp,i15_03_3.bmp,44.47289276123047,3.6136
1693,i15.bmp,i15_03_4.bmp,50.136695861816406,3.1778
1694,i15.bmp,i15_03_5.bmp,56.067718505859375,2.6279
1695,i15.bmp,i15_04_1.bmp,28.953107833862305,6.0227
1696,i15.bmp,i15_04_2.bmp,29.233253479003906,6.0444
1697,i15.bmp,i15_04_3.bmp,29.840774536132812,5.8372
1698,i15.bmp,i15_04_4.bmp,30.8245849609375,5.7778
1699,i15.bmp,i15_04_5.bmp,33.088157653808594,4.9773
1700,i15.bmp,i15_05_1.bmp,29.134193420410156,5.7857
1701,i15.bmp,i15_05_2.bmp,30.351394653320312,5.6512
1702,i15.bmp,i15_05_3.bmp,34.14874267578125,5.1136
1703,i15.bmp,i15_05_4.bmp,40.7164421081543,4.0682
1704,i15.bmp,i15_05_5.bmp,49.012001037597656,3.3182
1705,i15.bmp,i15_06_1.bmp,32.93357849121094,4.4318
1706,i15.bmp,i15_06_2.bmp,37.372230529785156,4.1778
1707,i15.bmp,i15_06_3.bmp,40.51191711425781,3.9767
1708,i15.bmp,i15_06_4.bmp,44.43260192871094,3.3636
1709,i15.bmp,i15_06_5.bmp,46.9845085144043,3.1778
1710,i15.bmp,i15_07_1.bmp,30.342355728149414,4.814
1711,i15.bmp,i15_07_2.bmp,31.775527954101562,3.9302
1712,i15.bmp,i15_07_3.bmp,34.52096939086914,3.6136
1713,i15.bmp,i15_07_4.bmp,36.77171325683594,2.9111
1714,i15.bmp,i15_07_5.bmp,34.10991668701172,2.4444
1715,i15.bmp,i15_08_1.bmp,30.150222778320312,5.9556
1716,i15.bmp,i15_08_2.bmp,31.680301666259766,6.0667
1717,i15.bmp,i15_08_3.bmp,35.50613784790039,5.1364
1718,i15.bmp,i15_08_4.bmp,41.58753204345703,3.9318
1719,i15.bmp,i15_08_5.bmp,48.371063232421875,3.3636
1720,i15.bmp,i15_09_1.bmp,31.262828826904297,5.9302
1721,i15.bmp,i15_09_2.bmp,32.02824401855469,5.5454
1722,i15.bmp,i15_09_3.bmp,35.43168258666992,4.6977
1723,i15.bmp,i15_09_4.bmp,43.093345642089844,3.7442
1724,i15.bmp,i15_09_5.bmp,51.358673095703125,2.5
1725,i15.bmp,i15_10_1.bmp,31.4324951171875,5.7778
1726,i15.bmp,i15_10_2.bmp,32.89783477783203,5.7046
1727,i15.bmp,i15_10_3.bmp,39.427791595458984,4.6
1728,i15.bmp,i15_10_4.bmp,61.39724349975586,3.1778
1729,i15.bmp,i15_10_5.bmp,73.10413360595703,1.8667
1730,i15.bmp,i15_11_1.bmp,36.36650085449219,5.8444
1731,i15.bmp,i15_11_2.bmp,44.13618469238281,4.4
1732,i15.bmp,i15_11_3.bmp,51.930721282958984,3.0488
1733,i15.bmp,i15_11_4.bmp,59.079673767089844,2.0
1734,i15.bmp,i15_11_5.bmp,62.3920783996582,0.65116
1735,i15.bmp,i15_12_1.bmp,30.504806518554688,5.6667
1736,i15.bmp,i15_12_2.bmp,31.047365188598633,5.4091
1737,i15.bmp,i15_12_3.bmp,38.8736572265625,4.2222
1738,i15.bmp,i15_12_4.bmp,41.784549713134766,3.2
1739,i15.bmp,i15_12_5.bmp,49.57128143310547,2.5682
1740,i15.bmp,i15_13_1.bmp,32.1068115234375,4.8409
1741,i15.bmp,i15_13_2.bmp,40.963409423828125,3.7674
1742,i15.bmp,i15_13_3.bmp,41.505516052246094,3.3488
1743,i15.bmp,i15_13_4.bmp,44.718143463134766,2.8636
1744,i15.bmp,i15_13_5.bmp,50.521240234375,2.1136
1745,i15.bmp,i15_14_1.bmp,29.264249801635742,5.5909
1746,i15.bmp,i15_14_2.bmp,28.79279136657715,6.1556
1747,i15.bmp,i15_14_3.bmp,29.25765037536621,5.9556
1748,i15.bmp,i15_14_4.bmp,30.009796142578125,5.0238
1749,i15.bmp,i15_14_5.bmp,31.978944778442383,3.7955
1750,i15.bmp,i15_15_1.bmp,28.498132705688477,3.8864
1751,i15.bmp,i15_15_2.bmp,27.344669342041016,4.0227
1752,i15.bmp,i15_15_3.bmp,28.219661712646484,3.9545
1753,i15.bmp,i15_15_4.bmp,27.475412368774414,4.1364
1754,i15.bmp,i15_15_5.bmp,27.952970504760742,4.9546
1755,i15.bmp,i15_16_1.bmp,28.113571166992188,6.2273
1756,i15.bmp,i15_16_2.bmp,29.32376480102539,5.907
1757,i15.bmp,i15_16_3.bmp,26.961902618408203,5.4222
1758,i15.bmp,i15_16_4.bmp,30.558244705200195,5.3864
1759,i15.bmp,i15_16_5.bmp,27.936317443847656,4.0233
1760,i15.bmp,i15_17_1.bmp,29.960203170776367,5.9318
1761,i15.bmp,i15_17_2.bmp,26.68159294128418,6.6667
1762,i15.bmp,i15_17_3.bmp,31.99612045288086,5.0
1763,i15.bmp,i15_17_4.bmp,24.678255081176758,6.3111
1764,i15.bmp,i15_17_5.bmp,36.67578887939453,3.8222
1765,i15.bmp,i15_18_1.bmp,29.446313858032227,5.1556
1766,i15.bmp,i15_18_2.bmp,30.000320434570312,4.814
1767,i15.bmp,i15_18_3.bmp,30.763025283813477,4.3721
1768,i15.bmp,i15_18_4.bmp,32.31044006347656,4.0909
1769,i15.bmp,i15_18_5.bmp,34.312923431396484,3.7674
1770,i15.bmp,i15_19_1.bmp,29.5488224029541,5.9091
1771,i15.bmp,i15_19_2.bmp,30.5943660736084,5.3333
1772,i15.bmp,i15_19_3.bmp,32.18305206298828,4.7209
1773,i15.bmp,i15_19_4.bmp,35.815338134765625,4.3721
1774,i15.bmp,i15_19_5.bmp,39.53968048095703,3.9111
1775,i15.bmp,i15_20_1.bmp,30.833946228027344,6.3256
1776,i15.bmp,i15_20_2.bmp,34.053314208984375,5.6444
1777,i15.bmp,i15_20_3.bmp,35.72333908081055,4.7442
1778,i15.bmp,i15_20_4.bmp,41.560447692871094,3.1333
1779,i15.bmp,i15_20_5.bmp,42.26740264892578,2.4444
1780,i15.bmp,i15_21_1.bmp,35.26903533935547,5.2273
1781,i15.bmp,i15_21_2.bmp,37.92534637451172,4.5556
1782,i15.bmp,i15_21_3.bmp,43.25062561035156,3.9111
1783,i15.bmp,i15_21_4.bmp,48.68858337402344,3.1136
1784,i15.bmp,i15_21_5.bmp,53.494346618652344,2.3023
1785,i15.bmp,i15_22_1.bmp,29.387256622314453,6.3333
1786,i15.bmp,i15_22_2.bmp,29.84896469116211,5.8
1787,i15.bmp,i15_22_3.bmp,30.84366798400879,5.3864
1788,i15.bmp,i15_22_4.bmp,35.87908935546875,4.4889
1789,i15.bmp,i15_22_5.bmp,36.78267288208008,3.7111
1790,i15.bmp,i15_23_1.bmp,28.326047897338867,5.9091
1791,i15.bmp,i15_23_2.bmp,28.127744674682617,5.9091
1792,i15.bmp,i15_23_3.bmp,32.38630676269531,5.3636
1793,i15.bmp,i15_23_4.bmp,38.093406677246094,4.4773
1794,i15.bmp,i15_23_5.bmp,46.96148681640625,3.3721
1795,i15.bmp,i15_24_1.bmp,32.086097717285156,5.7727
1796,i15.bmp,i15_24_2.bmp,35.59968185424805,4.814
1797,i15.bmp,i15_24_3.bmp,43.22054672241211,3.2273
1798,i15.bmp,i15_24_4.bmp,50.982093811035156,1.8864
1799,i15.bmp,i15_24_5.bmp,54.39064025878906,0.72727
1800,i16.bmp,i16_01_1.bmp,33.688453674316406,5.6154
1801,i16.bmp,i16_01_2.bmp,34.69307327270508,5.65
1802,i16.bmp,i16_01_3.bmp,36.0291862487793,5.0263
1803,i16.bmp,i16_01_4.bmp,37.909873962402344,4.1539
1804,i16.bmp,i16_01_5.bmp,40.45293426513672,3.9487
1805,i16.bmp,i16_02_1.bmp,33.27973937988281,5.9
1806,i16.bmp,i16_02_2.bmp,33.54141616821289,6.15
1807,i16.bmp,i16_02_3.bmp,34.024330139160156,5.575
1808,i16.bmp,i16_02_4.bmp,36.23442077636719,5.2
1809,i16.bmp,i16_02_5.bmp,37.56810760498047,4.6154
1810,i16.bmp,i16_03_1.bmp,36.96089172363281,4.7436
1811,i16.bmp,i16_03_2.bmp,38.48521423339844,4.0789
1812,i16.bmp,i16_03_3.bmp,40.19934844970703,3.6923
1813,i16.bmp,i16_03_4.bmp,42.72932815551758,3.2368
1814,i16.bmp,i16_03_5.bmp,45.165191650390625,2.7949
1815,i16.bmp,i16_04_1.bmp,32.799678802490234,5.825
1816,i16.bmp,i16_04_2.bmp,33.02842712402344,5.8205
1817,i16.bmp,i16_04_3.bmp,33.15959930419922,5.75
1818,i16.bmp,i16_04_4.bmp,33.571510314941406,5.1282
1819,i16.bmp,i16_04_5.bmp,34.135414123535156,4.6154
1820,i16.bmp,i16_05_1.bmp,33.01983642578125,5.8
1821,i16.bmp,i16_05_2.bmp,33.619171142578125,5.6154
1822,i16.bmp,i16_05_3.bmp,35.322208404541016,5.2308
1823,i16.bmp,i16_05_4.bmp,38.34387969970703,4.35
1824,i16.bmp,i16_05_5.bmp,42.35340881347656,3.3947
1825,i16.bmp,i16_06_1.bmp,34.4787483215332,5.282
1826,i16.bmp,i16_06_2.bmp,35.46208190917969,4.8205
1827,i16.bmp,i16_06_3.bmp,38.417869567871094,4.5385
1828,i16.bmp,i16_06_4.bmp,40.09693908691406,3.9737
1829,i16.bmp,i16_06_5.bmp,43.035987854003906,3.5897
1830,i16.bmp,i16_07_1.bmp,34.18565368652344,5.475
1831,i16.bmp,i16_07_2.bmp,34.307437896728516,4.75
1832,i16.bmp,i16_07_3.bmp,37.570255279541016,4.35
1833,i16.bmp,i16_07_4.bmp,36.759159088134766,3.6667
1834,i16.bmp,i16_07_5.bmp,42.30479049682617,3.1026
1835,i16.bmp,i16_08_1.bmp,33.59907150268555,5.8205
1836,i16.bmp,i16_08_2.bmp,34.5745849609375,5.225
1837,i16.bmp,i16_08_3.bmp,36.536903381347656,4.275
1838,i16.bmp,i16_08_4.bmp,39.816375732421875,3.6154
1839,i16.bmp,i16_08_5.bmp,42.57841491699219,2.925
1840,i16.bmp,i16_09_1.bmp,34.297183990478516,6.0256
1841,i16.bmp,i16_09_2.bmp,34.79969787597656,5.7692
1842,i16.bmp,i16_09_3.bmp,36.18427276611328,4.5897
1843,i16.bmp,i16_09_4.bmp,40.006431579589844,3.1282
1844,i16.bmp,i16_09_5.bmp,42.318016052246094,2.3421
1845,i16.bmp,i16_10_1.bmp,34.48527145385742,5.9
1846,i16.bmp,i16_10_2.bmp,35.263824462890625,5.7692
1847,i16.bmp,i16_10_3.bmp,40.31420135498047,5.2564
1848,i16.bmp,i16_10_4.bmp,54.303924560546875,3.6154
1849,i16.bmp,i16_10_5.bmp,57.313560485839844,2.4615
1850,i16.bmp,i16_11_1.bmp,37.296234130859375,5.875
1851,i16.bmp,i16_11_2.bmp,40.5238037109375,5.075
1852,i16.bmp,i16_11_3.bmp,44.43464660644531,2.8974
1853,i16.bmp,i16_11_4.bmp,47.036376953125,2.075
1854,i16.bmp,i16_11_5.bmp,47.40250015258789,0.95
1855,i16.bmp,i16_12_1.bmp,34.30689239501953,5.875
1856,i16.bmp,i16_12_2.bmp,35.3789176940918,5.575
1857,i16.bmp,i16_12_3.bmp,34.956260681152344,4.925
1858,i16.bmp,i16_12_4.bmp,34.38294982910156,3.282
1859,i16.bmp,i16_12_5.bmp,48.1991081237793,2.6
1860,i16.bmp,i16_13_1.bmp,35.42518997192383,4.6
1861,i16.bmp,i16_13_2.bmp,36.76570129394531,3.8158
1862,i16.bmp,i16_13_3.bmp,38.2154426574707,4.4615
1863,i16.bmp,i16_13_4.bmp,41.43084716796875,3.0513
1864,i16.bmp,i16_13_5.bmp,37.04771041870117,3.625
1865,i16.bmp,i16_14_1.bmp,32.13711166381836,5.7692
1866,i16.bmp,i16_14_2.bmp,32.59556198120117,6.1316
1867,i16.bmp,i16_14_3.bmp,32.930572509765625,5.6154
1868,i16.bmp,i16_14_4.bmp,32.44465255737305,5.5263
1869,i16.bmp,i16_14_5.bmp,32.39077377319336,4.575
1870,i16.bmp,i16_15_1.bmp,29.44936752319336,3.4103
1871,i16.bmp,i16_15_2.bmp,30.274545669555664,3.5385
1872,i16.bmp,i16_15_3.bmp,29.851642608642578,3.475
1873,i16.bmp,i16_15_4.bmp,30.343578338623047,3.65
1874,i16.bmp,i16_15_5.bmp,31.93595314025879,4.0263
1875,i16.bmp,i16_16_1.bmp,32.6180534362793,5.9231
1876,i16.bmp,i16_16_2.bmp,32.66305160522461,6.275
1877,i16.bmp,i16_16_3.bmp,32.4575309753418,5.6842
1878,i16.bmp,i16_16_4.bmp,32.74952697753906,5.75
1879,i16.bmp,i16_16_5.bmp,31.68871307373047,4.6154
1880,i16.bmp,i16_17_1.bmp,32.863365173339844,5.825
1881,i16.bmp,i16_17_2.bmp,32.19636535644531,7.1
1882,i16.bmp,i16_17_3.bmp,33.13688659667969,4.75
1883,i16.bmp,i16_17_4.bmp,31.63867950439453,6.65
1884,i16.bmp,i16_17_5.bmp,34.41221237182617,3.359
1885,i16.bmp,i16_18_1.bmp,32.4044189453125,4.6
1886,i16.bmp,i16_18_2.bmp,32.349632263183594,4.3947
1887,i16.bmp,i16_18_3.bmp,32.44902420043945,4.05
1888,i16.bmp,i16_18_4.bmp,30.561756134033203,3.9231
1889,i16.bmp,i16_18_5.bmp,28.8103084564209,3.9474
1890,i16.bmp,i16_19_1.bmp,33.648807525634766,5.575
1891,i16.bmp,i16_19_2.bmp,34.995723724365234,5.375
1892,i16.bmp,i16_19_3.bmp,35.679447174072266,4.6154
1893,i16.bmp,i16_19_4.bmp,38.12433624267578,4.1539
1894,i16.bmp,i16_19_5.bmp,40.37953186035156,3.6667
1895,i16.bmp,i16_20_1.bmp,33.884918212890625,6.0769
1896,i16.bmp,i16_20_2.bmp,35.303382873535156,5.7436
1897,i16.bmp,i16_20_3.bmp,36.70700454711914,5.1842
1898,i16.bmp,i16_20_4.bmp,36.31077575683594,4.125
1899,i16.bmp,i16_20_5.bmp,32.9235725402832,3.5897
1900,i16.bmp,i16_21_1.bmp,36.411930084228516,5.825
1901,i16.bmp,i16_21_2.bmp,36.77322769165039,5.4615
1902,i16.bmp,i16_21_3.bmp,38.70210266113281,4.2564
1903,i16.bmp,i16_21_4.bmp,40.2734375,3.7692
1904,i16.bmp,i16_21_5.bmp,41.32362747192383,1.8461
1905,i16.bmp,i16_22_1.bmp,31.943614959716797,5.6154
1906,i16.bmp,i16_22_2.bmp,31.166404724121094,5.35
1907,i16.bmp,i16_22_3.bmp,32.477638244628906,4.9459
1908,i16.bmp,i16_22_4.bmp,34.173980712890625,3.9737
1909,i16.bmp,i16_22_5.bmp,41.850521087646484,2.775
1910,i16.bmp,i16_23_1.bmp,32.223411560058594,6.125
1911,i16.bmp,i16_23_2.bmp,34.933834075927734,4.825
1912,i16.bmp,i16_23_3.bmp,42.388328552246094,2.7
1913,i16.bmp,i16_23_4.bmp,45.40544128417969,2.1579
1914,i16.bmp,i16_23_5.bmp,45.0601806640625,1.5263
1915,i16.bmp,i16_24_1.bmp,35.002262115478516,5.3684
1916,i16.bmp,i16_24_2.bmp,35.73344421386719,4.0526
1917,i16.bmp,i16_24_3.bmp,41.364532470703125,2.641
1918,i16.bmp,i16_24_4.bmp,42.23839569091797,1.8421
1919,i16.bmp,i16_24_5.bmp,44.360137939453125,0.97436
1920,i17.bmp,i17_01_1.bmp,29.031917572021484,5.8919
1921,i17.bmp,i17_01_2.bmp,30.651931762695312,5.2105
1922,i17.bmp,i17_01_3.bmp,34.461647033691406,5.0513
1923,i17.bmp,i17_01_4.bmp,38.422218322753906,4.3846
1924,i17.bmp,i17_01_5.bmp,43.75316619873047,3.8718
1925,i17.bmp,i17_02_1.bmp,27.639484405517578,5.75
1926,i17.bmp,i17_02_2.bmp,28.880558013916016,6.0
1927,i17.bmp,i17_02_3.bmp,31.385435104370117,5.825
1928,i17.bmp,i17_02_4.bmp,34.411216735839844,5.275
1929,i17.bmp,i17_02_5.bmp,38.808719635009766,4.4872
1930,i17.bmp,i17_03_1.bmp,35.291099548339844,4.9737
1931,i17.bmp,i17_03_2.bmp,40.39784240722656,4.4359
1932,i17.bmp,i17_03_3.bmp,45.201019287109375,3.8205
1933,i17.bmp,i17_03_4.bmp,52.33848190307617,3.35
1934,i17.bmp,i17_03_5.bmp,59.281978607177734,2.8974
1935,i17.bmp,i17_04_1.bmp,26.65494155883789,5.7692
1936,i17.bmp,i17_04_2.bmp,26.89950180053711,5.9737
1937,i17.bmp,i17_04_3.bmp,27.484590530395508,5.3333
1938,i17.bmp,i17_04_4.bmp,29.074447631835938,5.2368
1939,i17.bmp,i17_04_5.bmp,31.485410690307617,4.7368
1940,i17.bmp,i17_05_1.bmp,27.25031280517578,5.825
1941,i17.bmp,i17_05_2.bmp,28.155784606933594,5.925
1942,i17.bmp,i17_05_3.bmp,31.294036865234375,5.2368
1943,i17.bmp,i17_05_4.bmp,38.23585891723633,4.1795
1944,i17.bmp,i17_05_5.bmp,48.613929748535156,3.3421
1945,i17.bmp,i17_06_1.bmp,29.158294677734375,4.2368
1946,i17.bmp,i17_06_2.bmp,31.497665405273438,4.4324
1947,i17.bmp,i17_06_3.bmp,34.66400909423828,4.0
1948,i17.bmp,i17_06_4.bmp,40.00205993652344,3.55
1949,i17.bmp,i17_06_5.bmp,45.61124801635742,3.3077
1950,i17.bmp,i17_07_1.bmp,30.21051597595215,5.718
1951,i17.bmp,i17_07_2.bmp,30.519975662231445,4.6579
1952,i17.bmp,i17_07_3.bmp,30.61600112915039,3.8974
1953,i17.bmp,i17_07_4.bmp,34.52180099487305,3.2051
1954,i17.bmp,i17_07_5.bmp,40.838531494140625,2.4737
1955,i17.bmp,i17_08_1.bmp,30.011329650878906,5.7436
1956,i17.bmp,i17_08_2.bmp,33.569740295410156,5.225
1957,i17.bmp,i17_08_3.bmp,40.330379486083984,4.575
1958,i17.bmp,i17_08_4.bmp,49.42852020263672,3.718
1959,i17.bmp,i17_08_5.bmp,57.535064697265625,2.95
1960,i17.bmp,i17_09_1.bmp,31.738483428955078,6.025
1961,i17.bmp,i17_09_2.bmp,34.54452896118164,6.1053
1962,i17.bmp,i17_09_3.bmp,40.051273345947266,5.025
1963,i17.bmp,i17_09_4.bmp,48.52445983886719,3.8205
1964,i17.bmp,i17_09_5.bmp,59.48788833618164,2.4595
1965,i17.bmp,i17_10_1.bmp,30.061931610107422,6.0513
1966,i17.bmp,i17_10_2.bmp,33.28104019165039,5.925
1967,i17.bmp,i17_10_3.bmp,41.180809020996094,5.1539
1968,i17.bmp,i17_10_4.bmp,57.58485412597656,3.425
1969,i17.bmp,i17_10_5.bmp,78.71459197998047,2.25
1970,i17.bmp,i17_11_1.bmp,37.62013244628906,5.5641
1971,i17.bmp,i17_11_2.bmp,43.7987060546875,5.4359
1972,i17.bmp,i17_11_3.bmp,54.574180603027344,3.8462
1973,i17.bmp,i17_11_4.bmp,62.02131271362305,2.7692
1974,i17.bmp,i17_11_5.bmp,69.39753723144531,1.025
1975,i17.bmp,i17_12_1.bmp,27.98578643798828,5.875
1976,i17.bmp,i17_12_2.bmp,30.73174285888672,5.9231
1977,i17.bmp,i17_12_3.bmp,34.136085510253906,5.0769
1978,i17.bmp,i17_12_4.bmp,35.92454528808594,3.925
1979,i17.bmp,i17_12_5.bmp,53.051273345947266,2.4872
1980,i17.bmp,i17_13_1.bmp,32.269203186035156,5.15
1981,i17.bmp,i17_13_2.bmp,33.98809051513672,4.45
1982,i17.bmp,i17_13_3.bmp,43.233543395996094,3.2632
1983,i17.bmp,i17_13_4.bmp,48.326377868652344,2.425
1984,i17.bmp,i17_13_5.bmp,51.283199310302734,2.3684
1985,i17.bmp,i17_14_1.bmp,27.38591766357422,5.875
1986,i17.bmp,i17_14_2.bmp,26.886695861816406,5.7949
1987,i17.bmp,i17_14_3.bmp,27.972354888916016,5.5263
1988,i17.bmp,i17_14_4.bmp,28.33892059326172,4.359
1989,i17.bmp,i17_14_5.bmp,30.736234664916992,3.525
1990,i17.bmp,i17_15_1.bmp,28.17007827758789,3.55
1991,i17.bmp,i17_15_2.bmp,26.999940872192383,3.4103
1992,i17.bmp,i17_15_3.bmp,26.195209503173828,3.2564
1993,i17.bmp,i17_15_4.bmp,24.746700286865234,3.625
1994,i17.bmp,i17_15_5.bmp,24.29608917236328,4.0
1995,i17.bmp,i17_16_1.bmp,25.963817596435547,5.925
1996,i17.bmp,i17_16_2.bmp,27.025035858154297,6.025
1997,i17.bmp,i17_16_3.bmp,26.750560760498047,5.5789
1998,i17.bmp,i17_16_4.bmp,28.173616409301758,5.1579
1999,i17.bmp,i17_16_5.bmp,26.137054443359375,4.1795
2000,i17.bmp,i17_17_1.bmp,27.729671478271484,5.575
2001,i17.bmp,i17_17_2.bmp,24.227367401123047,6.625
2002,i17.bmp,i17_17_3.bmp,30.419647216796875,4.4872
2003,i17.bmp,i17_17_4.bmp,23.18431282043457,7.1
2004,i17.bmp,i17_17_5.bmp,36.510108947753906,3.3684
2005,i17.bmp,i17_18_1.bmp,29.58542823791504,4.55
2006,i17.bmp,i17_18_2.bmp,30.68603515625,4.0769
2007,i17.bmp,i17_18_3.bmp,30.53589630126953,4.1282
2008,i17.bmp,i17_18_4.bmp,30.703641891479492,3.8205
2009,i17.bmp,i17_18_5.bmp,30.41659927368164,3.718
2010,i17.bmp,i17_19_1.bmp,29.360286712646484,5.725
2011,i17.bmp,i17_19_2.bmp,30.508176803588867,5.3333
2012,i17.bmp,i17_19_3.bmp,33.3619384765625,4.7692
2013,i17.bmp,i17_19_4.bmp,37.7658805847168,4.3077
2014,i17.bmp,i17_19_5.bmp,42.054420471191406,3.9231
2015,i17.bmp,i17_20_1.bmp,29.035507202148438,5.75
2016,i17.bmp,i17_20_2.bmp,34.211463928222656,5.45
2017,i17.bmp,i17_20_3.bmp,39.9376335144043,4.8684
2018,i17.bmp,i17_20_4.bmp,45.88292694091797,4.3684
2019,i17.bmp,i17_20_5.bmp,45.47761917114258,2.8649
2020,i17.bmp,i17_21_1.bmp,34.59092330932617,5.425
2021,i17.bmp,i17_21_2.bmp,38.951515197753906,4.7949
2022,i17.bmp,i17_21_3.bmp,43.56467056274414,4.25
2023,i17.bmp,i17_21_4.bmp,51.32944869995117,3.3846
2024,i17.bmp,i17_21_5.bmp,58.338985443115234,2.5263
2025,i17.bmp,i17_22_1.bmp,26.402944564819336,5.975
2026,i17.bmp,i17_22_2.bmp,27.1097469329834,5.6154
2027,i17.bmp,i17_22_3.bmp,36.00507354736328,4.3421
2028,i17.bmp,i17_22_4.bmp,40.09203338623047,3.5897
2029,i17.bmp,i17_22_5.bmp,44.870460510253906,2.8974
2030,i17.bmp,i17_23_1.bmp,25.63951873779297,5.9
2031,i17.bmp,i17_23_2.bmp,26.137020111083984,5.9
2032,i17.bmp,i17_23_3.bmp,39.26207733154297,4.5641
2033,i17.bmp,i17_23_4.bmp,52.291229248046875,3.1538
2034,i17.bmp,i17_23_5.bmp,64.36441040039062,1.9231
2035,i17.bmp,i17_24_1.bmp,35.20512771606445,6.05
2036,i17.bmp,i17_24_2.bmp,39.39040756225586,5.525
2037,i17.bmp,i17_24_3.bmp,45.2678108215332,3.9737
2038,i17.bmp,i17_24_4.bmp,58.78925323486328,2.0256
2039,i17.bmp,i17_24_5.bmp,64.17076873779297,0.34211
2040,i18.bmp,i18_01_1.bmp,32.19633483886719,5.6905
2041,i18.bmp,i18_01_2.bmp,33.49503707885742,5.4146
2042,i18.bmp,i18_01_3.bmp,36.52423095703125,4.85
2043,i18.bmp,i18_01_4.bmp,40.71344757080078,4.4634
2044,i18.bmp,i18_01_5.bmp,45.11814498901367,4.0
2045,i18.bmp,i18_02_1.bmp,31.361663818359375,5.9512
2046,i18.bmp,i18_02_2.bmp,32.45756149291992,5.881
2047,i18.bmp,i18_02_3.bmp,34.932167053222656,5.7381
2048,i18.bmp,i18_02_4.bmp,37.13935089111328,4.6341
2049,i18.bmp,i18_02_5.bmp,42.868377685546875,4.2439
2050,i18.bmp,i18_03_1.bmp,37.67975616455078,4.9762
2051,i18.bmp,i18_03_2.bmp,42.560890197753906,4.55
2052,i18.bmp,i18_03_3.bmp,47.67444610595703,3.7381
2053,i18.bmp,i18_03_4.bmp,54.428653717041016,3.1191
2054,i18.bmp,i18_03_5.bmp,64.46007537841797,2.5476
2055,i18.bmp,i18_04_1.bmp,30.080181121826172,6.175
2056,i18.bmp,i18_04_2.bmp,30.184661865234375,5.881
2057,i18.bmp,i18_04_3.bmp,30.373905181884766,5.878
2058,i18.bmp,i18_04_4.bmp,30.679534912109375,5.3171
2059,i18.bmp,i18_04_5.bmp,31.61206817626953,4.3415
2060,i18.bmp,i18_05_1.bmp,30.383060455322266,6.2439
2061,i18.bmp,i18_05_2.bmp,31.142879486083984,5.6098
2062,i18.bmp,i18_05_3.bmp,33.785892486572266,5.1707
2063,i18.bmp,i18_05_4.bmp,39.36672592163086,4.0
2064,i18.bmp,i18_05_5.bmp,50.47864532470703,3.125
2065,i18.bmp,i18_06_1.bmp,32.04415512084961,4.5714
2066,i18.bmp,i18_06_2.bmp,31.6450252532959,4.15
2067,i18.bmp,i18_06_3.bmp,36.09839630126953,3.8095
2068,i18.bmp,i18_06_4.bmp,42.94935607910156,3.7317
2069,i18.bmp,i18_06_5.bmp,48.301544189453125,3.1951
2070,i18.bmp,i18_07_1.bmp,33.02382278442383,5.5714
2071,i18.bmp,i18_07_2.bmp,34.36619567871094,4.9286
2072,i18.bmp,i18_07_3.bmp,35.74347686767578,4.2143
2073,i18.bmp,i18_07_4.bmp,47.8974609375,3.4048
2074,i18.bmp,i18_07_5.bmp,47.2501335144043,3.0
2075,i18.bmp,i18_08_1.bmp,33.34563064575195,5.6905
2076,i18.bmp,i18_08_2.bmp,36.82725524902344,4.6585
2077,i18.bmp,i18_08_3.bmp,43.690834045410156,4.1429
2078,i18.bmp,i18_08_4.bmp,52.8731689453125,3.0476
2079,i18.bmp,i18_08_5.bmp,62.940589904785156,2.0488
2080,i18.bmp,i18_09_1.bmp,34.86113739013672,6.0244
2081,i18.bmp,i18_09_2.bmp,37.02787780761719,5.881
2082,i18.bmp,i18_09_3.bmp,42.69935989379883,4.2619
2083,i18.bmp,i18_09_4.bmp,53.745811462402344,3.0244
2084,i18.bmp,i18_09_5.bmp,65.49390411376953,1.7073
2085,i18.bmp,i18_10_1.bmp,33.961021423339844,6.0732
2086,i18.bmp,i18_10_2.bmp,36.16778564453125,5.7805
2087,i18.bmp,i18_10_3.bmp,46.17654800415039,4.675
2088,i18.bmp,i18_10_4.bmp,61.96266174316406,3.5
2089,i18.bmp,i18_10_5.bmp,80.86737823486328,2.1707
2090,i18.bmp,i18_11_1.bmp,34.02119827270508,5.8049
2091,i18.bmp,i18_11_2.bmp,38.78607177734375,5.5
2092,i18.bmp,i18_11_3.bmp,47.367435455322266,4.5122
2093,i18.bmp,i18_11_4.bmp,61.820396423339844,3.0714
2094,i18.bmp,i18_11_5.bmp,73.10476684570312,1.0
2095,i18.bmp,i18_12_1.bmp,32.532188415527344,6.3571
2096,i18.bmp,i18_12_2.bmp,32.55052185058594,5.3659
2097,i18.bmp,i18_12_3.bmp,40.45600128173828,5.561
2098,i18.bmp,i18_12_4.bmp,38.22462463378906,4.925
2099,i18.bmp,i18_12_5.bmp,46.25054168701172,2.6585
2100,i18.bmp,i18_13_1.bmp,35.55169677734375,4.1463
2101,i18.bmp,i18_13_2.bmp,37.84762191772461,4.3571
2102,i18.bmp,i18_13_3.bmp,41.54591751098633,3.8809
2103,i18.bmp,i18_13_4.bmp,53.940895080566406,2.9024
2104,i18.bmp,i18_13_5.bmp,61.821929931640625,2.4634
2105,i18.bmp,i18_14_1.bmp,30.267927169799805,4.9512
2106,i18.bmp,i18_14_2.bmp,30.118431091308594,6.0
2107,i18.bmp,i18_14_3.bmp,30.745647430419922,4.1951
2108,i18.bmp,i18_14_4.bmp,31.753747940063477,4.1667
2109,i18.bmp,i18_14_5.bmp,32.34339904785156,3.3415
2110,i18.bmp,i18_15_1.bmp,33.38081741333008,3.2195
2111,i18.bmp,i18_15_2.bmp,33.35315704345703,3.3415
2112,i18.bmp,i18_15_3.bmp,31.812397003173828,3.2
2113,i18.bmp,i18_15_4.bmp,30.65204620361328,3.525
2114,i18.bmp,i18_15_5.bmp,29.916181564331055,3.9524
2115,i18.bmp,i18_16_1.bmp,29.47512435913086,6.4146
2116,i18.bmp,i18_16_2.bmp,30.568527221679688,5.9524
2117,i18.bmp,i18_16_3.bmp,29.124658584594727,5.6905
2118,i18.bmp,i18_16_4.bmp,32.09642791748047,5.0
2119,i18.bmp,i18_16_5.bmp,31.27699851989746,4.2564
2120,i18.bmp,i18_17_1.bmp,31.567607879638672,5.9286
2121,i18.bmp,i18_17_2.bmp,27.1099853515625,6.0976
2122,i18.bmp,i18_17_3.bmp,34.62542724609375,4.4146
2123,i18.bmp,i18_17_4.bmp,24.593475341796875,5.9048
2124,i18.bmp,i18_17_5.bmp,41.12445068359375,3.4878
2125,i18.bmp,i18_18_1.bmp,31.753875732421875,5.0244
2126,i18.bmp,i18_18_2.bmp,32.87157440185547,4.8
2127,i18.bmp,i18_18_3.bmp,34.655860900878906,4.3571
2128,i18.bmp,i18_18_4.bmp,38.287193298339844,4.0714
2129,i18.bmp,i18_18_5.bmp,41.69986343383789,4.0952
2130,i18.bmp,i18_19_1.bmp,31.664783477783203,5.1429
2131,i18.bmp,i18_19_2.bmp,32.598541259765625,5.0714
2132,i18.bmp,i18_19_3.bmp,33.56051254272461,4.375
2133,i18.bmp,i18_19_4.bmp,36.94335174560547,3.8537
2134,i18.bmp,i18_19_5.bmp,42.29364013671875,3.7073
2135,i18.bmp,i18_20_1.bmp,31.014545440673828,6.1667
2136,i18.bmp,i18_20_2.bmp,32.241485595703125,5.5714
2137,i18.bmp,i18_20_3.bmp,36.12260055541992,5.3659
2138,i18.bmp,i18_20_4.bmp,42.1723518371582,4.3659
2139,i18.bmp,i18_20_5.bmp,50.78526306152344,3.325
2140,i18.bmp,i18_21_1.bmp,34.716552734375,5.5238
2141,i18.bmp,i18_21_2.bmp,38.3682975769043,5.3415
2142,i18.bmp,i18_21_3.bmp,43.47907257080078,4.5
2143,i18.bmp,i18_21_4.bmp,53.486473083496094,3.2619
2144,i18.bmp,i18_21_5.bmp,63.470703125,2.3171
2145,i18.bmp,i18_22_1.bmp,30.022592544555664,5.7143
2146,i18.bmp,i18_22_2.bmp,32.89897155761719,4.4048
2147,i18.bmp,i18_22_3.bmp,35.475181579589844,3.6829
2148,i18.bmp,i18_22_4.bmp,45.230186462402344,2.9524
2149,i18.bmp,i18_22_5.bmp,48.504459381103516,2.3333
2150,i18.bmp,i18_23_1.bmp,30.33819580078125,6.3095
2151,i18.bmp,i18_23_2.bmp,30.366073608398438,6.1905
2152,i18.bmp,i18_23_3.bmp,30.889415740966797,6.075
2153,i18.bmp,i18_23_4.bmp,34.225460052490234,5.9286
2154,i18.bmp,i18_23_5.bmp,45.567710876464844,4.0
2155,i18.bmp,i18_24_1.bmp,34.13340759277344,5.9024
2156,i18.bmp,i18_24_2.bmp,37.819854736328125,5.5952
2157,i18.bmp,i18_24_3.bmp,43.61603927612305,4.5854
2158,i18.bmp,i18_24_4.bmp,52.670196533203125,3.2195
2159,i18.bmp,i18_24_5.bmp,65.53878021240234,1.0238
2160,i19.bmp,i19_01_1.bmp,36.626338958740234,5.7297
2161,i19.bmp,i19_01_2.bmp,37.859901428222656,5.1081
2162,i19.bmp,i19_01_3.bmp,39.14851379394531,4.6053
2163,i19.bmp,i19_01_4.bmp,41.28771209716797,4.1351
2164,i19.bmp,i19_01_5.bmp,44.566524505615234,3.5676
2165,i19.bmp,i19_02_1.bmp,35.89674377441406,6.0811
2166,i19.bmp,i19_02_2.bmp,36.279075622558594,5.6486
2167,i19.bmp,i19_02_3.bmp,38.04815673828125,5.5789
2168,i19.bmp,i19_02_4.bmp,39.340965270996094,5.0
2169,i19.bmp,i19_02_5.bmp,41.727264404296875,4.4722
2170,i19.bmp,i19_03_1.bmp,39.221656799316406,4.6667
2171,i19.bmp,i19_03_2.bmp,42.04529571533203,4.0541
2172,i19.bmp,i19_03_3.bmp,45.726463317871094,3.6316
2173,i19.bmp,i19_03_4.bmp,49.647438049316406,3.0
2174,i19.bmp,i19_03_5.bmp,55.04588317871094,2.5263
2175,i19.bmp,i19_04_1.bmp,35.20311737060547,5.8947
2176,i19.bmp,i19_04_2.bmp,35.358787536621094,5.9459
2177,i19.bmp,i19_04_3.bmp,35.89211654663086,5.8947
2178,i19.bmp,i19_04_4.bmp,36.374752044677734,5.2432
2179,i19.bmp,i19_04_5.bmp,37.569740295410156,4.4865
2180,i19.bmp,i19_05_1.bmp,35.90534973144531,5.9737
2181,i19.bmp,i19_05_2.bmp,36.34676742553711,5.5
2182,i19.bmp,i19_05_3.bmp,38.269981384277344,5.0789
2183,i19.bmp,i19_05_4.bmp,41.48881530761719,4.0
2184,i19.bmp,i19_05_5.bmp,48.26948165893555,3.1842
2185,i19.bmp,i19_06_1.bmp,37.09162139892578,4.7368
2186,i19.bmp,i19_06_2.bmp,37.96383285522461,4.6486
2187,i19.bmp,i19_06_3.bmp,40.610755920410156,3.8684
2188,i19.bmp,i19_06_4.bmp,42.535194396972656,3.5676
2189,i19.bmp,i19_06_5.bmp,46.87839889526367,3.1892
2190,i19.bmp,i19_07_1.bmp,37.37078857421875,5.3784
2191,i19.bmp,i19_07_2.bmp,37.43169403076172,4.6757
2192,i19.bmp,i19_07_3.bmp,39.4570426940918,3.8889
2193,i19.bmp,i19_07_4.bmp,41.28394317626953,3.1944
2194,i19.bmp,i19_07_5.bmp,40.13229751586914,2.6053
2195,i19.bmp,i19_08_1.bmp,37.12561798095703,5.3514
2196,i19.bmp,i19_08_2.bmp,38.9622802734375,4.7027
2197,i19.bmp,i19_08_3.bmp,42.54757308959961,3.7632
2198,i19.bmp,i19_08_4.bmp,48.941959381103516,2.8919
2199,i19.bmp,i19_08_5.bmp,56.166080474853516,2.2703
2200,i19.bmp,i19_09_1.bmp,36.22811508178711,6.0811
2201,i19.bmp,i19_09_2.bmp,37.32184600830078,5.8947
2202,i19.bmp,i19_09_3.bmp,39.85322570800781,4.8684
2203,i19.bmp,i19_09_4.bmp,45.557655334472656,3.2703
2204,i19.bmp,i19_09_5.bmp,55.38174057006836,1.8649
2205,i19.bmp,i19_10_1.bmp,37.349979400634766,5.7368
2206,i19.bmp,i19_10_2.bmp,38.87017059326172,5.4722
2207,i19.bmp,i19_10_3.bmp,42.97835922241211,4.8611
2208,i19.bmp,i19_10_4.bmp,55.97890090942383,3.0
2209,i19.bmp,i19_10_5.bmp,69.2737808227539,1.6579
2210,i19.bmp,i19_11_1.bmp,38.86680603027344,5.5263
2211,i19.bmp,i19_11_2.bmp,41.693138122558594,4.9737
2212,i19.bmp,i19_11_3.bmp,45.784576416015625,4.5263
2213,i19.bmp,i19_11_4.bmp,52.53052520751953,2.9459
2214,i19.bmp,i19_11_5.bmp,59.89110565185547,1.2368
2215,i19.bmp,i19_12_1.bmp,35.992164611816406,6.1316
2216,i19.bmp,i19_12_2.bmp,35.942962646484375,5.5946
2217,i19.bmp,i19_12_3.bmp,38.907325744628906,5.1842
2218,i19.bmp,i19_12_4.bmp,38.00639343261719,5.0811
2219,i19.bmp,i19_12_5.bmp,41.08741760253906,4.5278
2220,i19.bmp,i19_13_1.bmp,37.18788528442383,4.6757
2221,i19.bmp,i19_13_2.bmp,41.58751678466797,4.0526
2222,i19.bmp,i19_13_3.bmp,41.91886901855469,3.6216
2223,i19.bmp,i19_13_4.bmp,46.54741668701172,3.0789
2224,i19.bmp,i19_13_5.bmp,50.757415771484375,1.9474
2225,i19.bmp,i19_14_1.bmp,35.623191833496094,5.6111
2226,i19.bmp,i19_14_2.bmp,35.77428436279297,6.0263
2227,i19.bmp,i19_14_3.bmp,36.210899353027344,5.4595
2228,i19.bmp,i19_14_4.bmp,35.75580596923828,4.9211
2229,i19.bmp,i19_14_5.bmp,37.29538345336914,3.6486
2230,i19.bmp,i19_15_1.bmp,34.690486907958984,2.8889
2231,i19.bmp,i19_15_2.bmp,34.75379943847656,3.2778
2232,i19.bmp,i19_15_3.bmp,34.44953918457031,3.5135
2233,i19.bmp,i19_15_4.bmp,33.91804122924805,3.6842
2234,i19.bmp,i19_15_5.bmp,33.53346633911133,3.5405
2235,i19.bmp,i19_16_1.bmp,34.910675048828125,6.1316
2236,i19.bmp,i19_16_2.bmp,35.40644454956055,6.2632
2237,i19.bmp,i19_16_3.bmp,34.486083984375,5.2895
2238,i19.bmp,i19_16_4.bmp,35.94371032714844,5.8421
2239,i19.bmp,i19_16_5.bmp,33.92576217651367,4.4167
2240,i19.bmp,i19_17_1.bmp,36.35505294799805,5.4737
2241,i19.bmp,i19_17_2.bmp,33.17395782470703,6.1892
2242,i19.bmp,i19_17_3.bmp,38.345184326171875,4.4324
2243,i19.bmp,i19_17_4.bmp,30.749107360839844,5.7568
2244,i19.bmp,i19_17_5.bmp,42.58163070678711,3.3421
2245,i19.bmp,i19_18_1.bmp,36.081825256347656,5.1351
2246,i19.bmp,i19_18_2.bmp,36.36320877075195,4.3889
2247,i19.bmp,i19_18_3.bmp,37.082557678222656,4.2432
2248,i19.bmp,i19_18_4.bmp,38.08221435546875,4.0811
2249,i19.bmp,i19_18_5.bmp,38.36052703857422,4.0541
2250,i19.bmp,i19_19_1.bmp,36.464744567871094,5.5405
2251,i19.bmp,i19_19_2.bmp,38.10350799560547,4.973
2252,i19.bmp,i19_19_3.bmp,39.530391693115234,4.5556
2253,i19.bmp,i19_19_4.bmp,42.26526641845703,4.3143
2254,i19.bmp,i19_19_5.bmp,44.777809143066406,3.5556
2255,i19.bmp,i19_20_1.bmp,36.02898406982422,5.7027
2256,i19.bmp,i19_20_2.bmp,37.5166015625,5.7105
2257,i19.bmp,i19_20_3.bmp,39.28364562988281,5.1892
2258,i19.bmp,i19_20_4.bmp,41.79909133911133,4.1389
2259,i19.bmp,i19_20_5.bmp,45.21356964111328,3.0526
2260,i19.bmp,i19_21_1.bmp,38.23548889160156,5.4054
2261,i19.bmp,i19_21_2.bmp,41.04674530029297,5.1622
2262,i19.bmp,i19_21_3.bmp,43.28148651123047,4.0811
2263,i19.bmp,i19_21_4.bmp,46.92557144165039,3.5676
2264,i19.bmp,i19_21_5.bmp,53.73973846435547,2.25
2265,i19.bmp,i19_22_1.bmp,35.80768966674805,5.7368
2266,i19.bmp,i19_22_2.bmp,36.906490325927734,5.3243
2267,i19.bmp,i19_22_3.bmp,39.61204147338867,4.4
2268,i19.bmp,i19_22_4.bmp,41.53655242919922,3.9474
2269,i19.bmp,i19_22_5.bmp,50.153724670410156,2.7568
2270,i19.bmp,i19_23_1.bmp,34.16096496582031,5.8684
2271,i19.bmp,i19_23_2.bmp,33.489654541015625,6.2895
2272,i19.bmp,i19_23_3.bmp,33.07073211669922,5.7568
2273,i19.bmp,i19_23_4.bmp,32.71638488769531,5.7632
2274,i19.bmp,i19_23_5.bmp,33.971031188964844,5.2162
2275,i19.bmp,i19_24_1.bmp,37.91135787963867,5.4595
2276,i19.bmp,i19_24_2.bmp,40.949867248535156,4.7027
2277,i19.bmp,i19_24_3.bmp,45.25652313232422,3.6389
2278,i19.bmp,i19_24_4.bmp,52.79767608642578,2.5
2279,i19.bmp,i19_24_5.bmp,54.90282440185547,0.77778
2280,i20.bmp,i20_01_1.bmp,33.11543655395508,5.7692
2281,i20.bmp,i20_01_2.bmp,35.480464935302734,5.5128
2282,i20.bmp,i20_01_3.bmp,37.063636779785156,4.9211
2283,i20.bmp,i20_01_4.bmp,40.40741729736328,4.4359
2284,i20.bmp,i20_01_5.bmp,44.436180114746094,3.7838
2285,i20.bmp,i20_02_1.bmp,32.748165130615234,5.8421
2286,i20.bmp,i20_02_2.bmp,33.84159469604492,5.7949
2287,i20.bmp,i20_02_3.bmp,35.642051696777344,5.5135
2288,i20.bmp,i20_02_4.bmp,38.22809600830078,5.282
2289,i20.bmp,i20_02_5.bmp,41.02688217163086,4.4872
2290,i20.bmp,i20_03_1.bmp,37.0029296875,4.9474
2291,i20.bmp,i20_03_2.bmp,41.08989715576172,4.2105
2292,i20.bmp,i20_03_3.bmp,44.58235168457031,3.8108
2293,i20.bmp,i20_03_4.bmp,49.33848571777344,3.1282
2294,i20.bmp,i20_03_5.bmp,55.57594299316406,2.6579
2295,i20.bmp,i20_04_1.bmp,32.620628356933594,5.7105
2296,i20.bmp,i20_04_2.bmp,33.455711364746094,5.4737
2297,i20.bmp,i20_04_3.bmp,34.90133285522461,5.1579
2298,i20.bmp,i20_04_4.bmp,37.00205612182617,4.7297
2299,i20.bmp,i20_04_5.bmp,39.78364562988281,4.0541
2300,i20.bmp,i20_05_1.bmp,32.0286750793457,6.0263
2301,i20.bmp,i20_05_2.bmp,32.59424591064453,5.7632
2302,i20.bmp,i20_05_3.bmp,35.21512222290039,5.3947
2303,i20.bmp,i20_05_4.bmp,39.8583984375,4.2308
2304,i20.bmp,i20_05_5.bmp,48.148712158203125,2.9211
2305,i20.bmp,i20_06_1.bmp,35.25809097290039,4.9737
2306,i20.bmp,i20_06_2.bmp,36.7585334777832,4.1389
2307,i20.bmp,i20_06_3.bmp,37.80894470214844,3.9474
2308,i20.bmp,i20_06_4.bmp,41.9037971496582,3.4359
2309,i20.bmp,i20_06_5.bmp,47.08625030517578,3.1026
2310,i20.bmp,i20_07_1.bmp,33.4869499206543,5.282
2311,i20.bmp,i20_07_2.bmp,34.753196716308594,4.7297
2312,i20.bmp,i20_07_3.bmp,36.766944885253906,4.4737
2313,i20.bmp,i20_07_4.bmp,39.01274871826172,3.7368
2314,i20.bmp,i20_07_5.bmp,34.905609130859375,3.282
2315,i20.bmp,i20_08_1.bmp,33.9853515625,5.6579
2316,i20.bmp,i20_08_2.bmp,36.916683197021484,5.2973
2317,i20.bmp,i20_08_3.bmp,43.05185317993164,4.0278
2318,i20.bmp,i20_08_4.bmp,52.29644775390625,3.4211
2319,i20.bmp,i20_08_5.bmp,59.198463439941406,2.5897
2320,i20.bmp,i20_09_1.bmp,34.208152770996094,6.2632
2321,i20.bmp,i20_09_2.bmp,36.069671630859375,6.1316
2322,i20.bmp,i20_09_3.bmp,39.886314392089844,5.3333
2323,i20.bmp,i20_09_4.bmp,49.23157501220703,3.7568
2324,i20.bmp,i20_09_5.bmp,57.78059005737305,2.2162
2325,i20.bmp,i20_10_1.bmp,35.61405944824219,6.1316
2326,i20.bmp,i20_10_2.bmp,37.251930236816406,5.7368
2327,i20.bmp,i20_10_3.bmp,42.164398193359375,4.9444
2328,i20.bmp,i20_10_4.bmp,54.21648406982422,3.5789
2329,i20.bmp,i20_10_5.bmp,62.951480865478516,2.7436
2330,i20.bmp,i20_11_1.bmp,40.502655029296875,5.5789
2331,i20.bmp,i20_11_2.bmp,44.44328689575195,4.8421
2332,i20.bmp,i20_11_3.bmp,54.868507385253906,3.4324
2333,i20.bmp,i20_11_4.bmp,62.984107971191406,2.0526
2334,i20.bmp,i20_11_5.bmp,67.73054504394531,0.74359
2335,i20.bmp,i20_12_1.bmp,33.34263610839844,6.1282
2336,i20.bmp,i20_12_2.bmp,36.49388885498047,5.3077
2337,i20.bmp,i20_12_3.bmp,38.611595153808594,4.4474
2338,i20.bmp,i20_12_4.bmp,43.18578338623047,4.2564
2339,i20.bmp,i20_12_5.bmp,51.25202178955078,2.5789
2340,i20.bmp,i20_13_1.bmp,38.6431770324707,5.1539
2341,i20.bmp,i20_13_2.bmp,38.47964096069336,3.7895
2342,i20.bmp,i20_13_3.bmp,35.62930679321289,3.8205
2343,i20.bmp,i20_13_4.bmp,49.226619720458984,2.8919
2344,i20.bmp,i20_13_5.bmp,47.79813003540039,2.027
2345,i20.bmp,i20_14_1.bmp,31.655529022216797,6.0263
2346,i20.bmp,i20_14_2.bmp,30.91025733947754,5.8421
2347,i20.bmp,i20_14_3.bmp,32.122623443603516,4.5526
2348,i20.bmp,i20_14_4.bmp,35.77560043334961,4.1282
2349,i20.bmp,i20_14_5.bmp,34.70648956298828,3.3684
2350,i20.bmp,i20_15_1.bmp,31.247169494628906,3.2308
2351,i20.bmp,i20_15_2.bmp,30.582042694091797,3.3421
2352,i20.bmp,i20_15_3.bmp,31.334339141845703,3.6923
2353,i20.bmp,i20_15_4.bmp,30.762014389038086,3.8974
2354,i20.bmp,i20_15_5.bmp,31.348167419433594,4.0513
2355,i20.bmp,i20_16_1.bmp,31.039348602294922,6.0513
2356,i20.bmp,i20_16_2.bmp,32.08948516845703,6.0541
2357,i20.bmp,i20_16_3.bmp,31.111948013305664,5.4054
2358,i20.bmp,i20_16_4.bmp,33.690406799316406,5.1351
2359,i20.bmp,i20_16_5.bmp,32.33250427246094,4.718
2360,i20.bmp,i20_17_1.bmp,33.19350051879883,5.6154
2361,i20.bmp,i20_17_2.bmp,29.55716323852539,6.3333
2362,i20.bmp,i20_17_3.bmp,36.742027282714844,4.3243
2363,i20.bmp,i20_17_4.bmp,30.964187622070312,5.8718
2364,i20.bmp,i20_17_5.bmp,42.6086540222168,3.5385
2365,i20.bmp,i20_18_1.bmp,32.26679229736328,5.6154
2366,i20.bmp,i20_18_2.bmp,32.5906982421875,5.2368
2367,i20.bmp,i20_18_3.bmp,33.007713317871094,4.5
2368,i20.bmp,i20_18_4.bmp,34.528568267822266,4.1351
2369,i20.bmp,i20_18_5.bmp,35.46951675415039,4.1053
2370,i20.bmp,i20_19_1.bmp,32.62348556518555,5.8205
2371,i20.bmp,i20_19_2.bmp,33.39148712158203,5.1795
2372,i20.bmp,i20_19_3.bmp,34.96675491333008,4.7949
2373,i20.bmp,i20_19_4.bmp,36.59364700317383,4.0
2374,i20.bmp,i20_19_5.bmp,38.349857330322266,3.4615
2375,i20.bmp,i20_20_1.bmp,33.704505920410156,6.1579
2376,i20.bmp,i20_20_2.bmp,37.029212951660156,5.4615
2377,i20.bmp,i20_20_3.bmp,40.27449035644531,4.7895
2378,i20.bmp,i20_20_4.bmp,46.50414276123047,3.5263
2379,i20.bmp,i20_20_5.bmp,48.071388244628906,2.718
2380,i20.bmp,i20_21_1.bmp,37.28327178955078,5.5526
2381,i20.bmp,i20_21_2.bmp,40.244049072265625,4.7632
2382,i20.bmp,i20_21_3.bmp,45.10313034057617,4.0
2383,i20.bmp,i20_21_4.bmp,49.699378967285156,3.2432
2384,i20.bmp,i20_21_5.bmp,53.707305908203125,2.5789
2385,i20.bmp,i20_22_1.bmp,33.76184844970703,6.0
2386,i20.bmp,i20_22_2.bmp,35.79907989501953,5.1053
2387,i20.bmp,i20_22_3.bmp,38.03608703613281,4.5263
2388,i20.bmp,i20_22_4.bmp,39.06957244873047,4.1081
2389,i20.bmp,i20_22_5.bmp,43.292903900146484,3.7297
2390,i20.bmp,i20_23_1.bmp,31.281448364257812,5.9487
2391,i20.bmp,i20_23_2.bmp,31.570770263671875,6.2564
2392,i20.bmp,i20_23_3.bmp,35.168190002441406,5.8205
2393,i20.bmp,i20_23_4.bmp,40.982139587402344,4.7297
2394,i20.bmp,i20_23_5.bmp,54.09989929199219,3.1538
2395,i20.bmp,i20_24_1.bmp,36.087162017822266,6.1842
2396,i20.bmp,i20_24_2.bmp,40.42619323730469,5.0789
2397,i20.bmp,i20_24_3.bmp,46.93552017211914,3.4324
2398,i20.bmp,i20_24_4.bmp,55.822017669677734,1.9744
2399,i20.bmp,i20_24_5.bmp,64.40982818603516,0.84211
2400,i21.bmp,i21_01_1.bmp,32.73613357543945,5.5116
2401,i21.bmp,i21_01_2.bmp,33.92827224731445,5.0698
2402,i21.bmp,i21_01_3.bmp,35.90494155883789,4.4884
2403,i21.bmp,i21_01_4.bmp,38.51063537597656,3.907
2404,i21.bmp,i21_01_5.bmp,41.42368698120117,3.4884
2405,i21.bmp,i21_02_1.bmp,31.717458724975586,5.8095
2406,i21.bmp,i21_02_2.bmp,32.22279739379883,5.5349
2407,i21.bmp,i21_02_3.bmp,33.81314468383789,5.4419
2408,i21.bmp,i21_02_4.bmp,35.29621124267578,4.814
2409,i21.bmp,i21_02_5.bmp,37.900062561035156,4.15
2410,i21.bmp,i21_03_1.bmp,35.44275665283203,4.3953
2411,i21.bmp,i21_03_2.bmp,38.16124725341797,3.9268
2412,i21.bmp,i21_03_3.bmp,42.18745422363281,3.1667
2413,i21.bmp,i21_03_4.bmp,46.412017822265625,3.0698
2414,i21.bmp,i21_03_5.bmp,53.293006896972656,2.5581
2415,i21.bmp,i21_04_1.bmp,31.247276306152344,5.9302
2416,i21.bmp,i21_04_2.bmp,31.414297103881836,6.0233
2417,i21.bmp,i21_04_3.bmp,31.74526023864746,5.4634
2418,i21.bmp,i21_04_4.bmp,32.161537170410156,5.3333
2419,i21.bmp,i21_04_5.bmp,33.09136199951172,4.65
2420,i21.bmp,i21_05_1.bmp,31.97494888305664,5.6977
2421,i21.bmp,i21_05_2.bmp,32.697330474853516,5.907
2422,i21.bmp,i21_05_3.bmp,34.43558120727539,5.1163
2423,i21.bmp,i21_05_4.bmp,37.93211364746094,3.9286
2424,i21.bmp,i21_05_5.bmp,44.69890594482422,3.0
2425,i21.bmp,i21_06_1.bmp,33.59089279174805,4.9268
2426,i21.bmp,i21_06_2.bmp,33.624141693115234,4.381
2427,i21.bmp,i21_06_3.bmp,36.43817138671875,4.0244
2428,i21.bmp,i21_06_4.bmp,38.773292541503906,3.5
2429,i21.bmp,i21_06_5.bmp,42.31795883178711,3.0476
2430,i21.bmp,i21_07_1.bmp,32.90093231201172,5.0244
2431,i21.bmp,i21_07_2.bmp,33.16712951660156,4.45
2432,i21.bmp,i21_07_3.bmp,34.186279296875,4.1667
2433,i21.bmp,i21_07_4.bmp,35.100746154785156,3.5952
2434,i21.bmp,i21_07_5.bmp,36.65760803222656,3.1667
2435,i21.bmp,i21_08_1.bmp,33.500274658203125,5.5
2436,i21.bmp,i21_08_2.bmp,36.126869201660156,4.8571
2437,i21.bmp,i21_08_3.bmp,41.783538818359375,4.1163
2438,i21.bmp,i21_08_4.bmp,50.111759185791016,3.2326
2439,i21.bmp,i21_08_5.bmp,56.93225860595703,2.1628
2440,i21.bmp,i21_09_1.bmp,31.748455047607422,6.075
2441,i21.bmp,i21_09_2.bmp,32.893836975097656,6.1905
2442,i21.bmp,i21_09_3.bmp,35.7763671875,5.3095
2443,i21.bmp,i21_09_4.bmp,44.79289627075195,3.7674
2444,i21.bmp,i21_09_5.bmp,54.33580017089844,2.093
2445,i21.bmp,i21_10_1.bmp,34.29051208496094,6.3095
2446,i21.bmp,i21_10_2.bmp,36.01701736450195,5.881
2447,i21.bmp,i21_10_3.bmp,41.116336822509766,5.1395
2448,i21.bmp,i21_10_4.bmp,51.468605041503906,3.2619
2449,i21.bmp,i21_10_5.bmp,59.44767379760742,1.9268
2450,i21.bmp,i21_11_1.bmp,34.86270523071289,6.122
2451,i21.bmp,i21_11_2.bmp,38.07539749145508,5.3953
2452,i21.bmp,i21_11_3.bmp,42.66465759277344,4.6905
2453,i21.bmp,i21_11_4.bmp,52.91606903076172,3.0
2454,i21.bmp,i21_11_5.bmp,62.00864028930664,1.0465
2455,i21.bmp,i21_12_1.bmp,31.946866989135742,5.7907
2456,i21.bmp,i21_12_2.bmp,35.39159393310547,4.7674
2457,i21.bmp,i21_12_3.bmp,33.191619873046875,6.0
2458,i21.bmp,i21_12_4.bmp,34.244972229003906,5.619
2459,i21.bmp,i21_12_5.bmp,43.33488082885742,2.0238
2460,i21.bmp,i21_13_1.bmp,34.04017639160156,4.4524
2461,i21.bmp,i21_13_2.bmp,34.05705261230469,3.6905
2462,i21.bmp,i21_13_3.bmp,41.52743148803711,3.1707
2463,i21.bmp,i21_13_4.bmp,43.197757720947266,2.3488
2464,i21.bmp,i21_13_5.bmp,48.744606018066406,2.5581
2465,i21.bmp,i21_14_1.bmp,31.24724006652832,5.907
2466,i21.bmp,i21_14_2.bmp,31.152565002441406,6.1707
2467,i21.bmp,i21_14_3.bmp,31.004993438720703,5.9524
2468,i21.bmp,i21_14_4.bmp,32.70464324951172,4.3333
2469,i21.bmp,i21_14_5.bmp,32.42938995361328,3.6512
2470,i21.bmp,i21_15_1.bmp,35.57149887084961,2.8537
2471,i21.bmp,i21_15_2.bmp,33.76280975341797,3.2683
2472,i21.bmp,i21_15_3.bmp,32.44895935058594,3.5714
2473,i21.bmp,i21_15_4.bmp,32.67094421386719,3.7619
2474,i21.bmp,i21_15_5.bmp,32.673431396484375,3.7143
2475,i21.bmp,i21_16_1.bmp,30.943979263305664,6.122
2476,i21.bmp,i21_16_2.bmp,31.329395294189453,5.9302
2477,i21.bmp,i21_16_3.bmp,31.053852081298828,5.7143
2478,i21.bmp,i21_16_4.bmp,32.28239059448242,5.1667
2479,i21.bmp,i21_16_5.bmp,30.84095573425293,4.6744
2480,i21.bmp,i21_17_1.bmp,32.25239944458008,5.3415
2481,i21.bmp,i21_17_2.bmp,29.534833908081055,6.2619
2482,i21.bmp,i21_17_3.bmp,34.541568756103516,4.3571
2483,i21.bmp,i21_17_4.bmp,27.368236541748047,6.3023
2484,i21.bmp,i21_17_5.bmp,39.33202362060547,3.55
2485,i21.bmp,i21_18_1.bmp,31.73518180847168,4.8571
2486,i21.bmp,i21_18_2.bmp,32.207725524902344,4.3171
2487,i21.bmp,i21_18_3.bmp,32.82582473754883,4.119
2488,i21.bmp,i21_18_4.bmp,33.80057144165039,3.6098
2489,i21.bmp,i21_18_5.bmp,31.820249557495117,3.7857
2490,i21.bmp,i21_19_1.bmp,33.1220703125,5.381
2491,i21.bmp,i21_19_2.bmp,33.29920959472656,4.7907
2492,i21.bmp,i21_19_3.bmp,35.041664123535156,4.0714
2493,i21.bmp,i21_19_4.bmp,37.15973663330078,3.6429
2494,i21.bmp,i21_19_5.bmp,39.6134033203125,3.4186
2495,i21.bmp,i21_20_1.bmp,31.91373062133789,5.975
2496,i21.bmp,i21_20_2.bmp,32.903812408447266,5.6744
2497,i21.bmp,i21_20_3.bmp,34.610870361328125,5.6905
2498,i21.bmp,i21_20_4.bmp,38.59001922607422,4.8837
2499,i21.bmp,i21_20_5.bmp,41.7686767578125,3.8372
2500,i21.bmp,i21_21_1.bmp,34.0509033203125,5.5349
2501,i21.bmp,i21_21_2.bmp,37.3132209777832,5.1429
2502,i21.bmp,i21_21_3.bmp,39.98096466064453,4.3095
2503,i21.bmp,i21_21_4.bmp,43.88765335083008,3.6191
2504,i21.bmp,i21_21_5.bmp,48.366790771484375,2.7317
2505,i21.bmp,i21_22_1.bmp,31.457284927368164,5.3571
2506,i21.bmp,i21_22_2.bmp,32.28432846069336,5.4762
2507,i21.bmp,i21_22_3.bmp,33.181724548339844,4.4419
2508,i21.bmp,i21_22_4.bmp,34.67858123779297,3.3721
2509,i21.bmp,i21_22_5.bmp,36.88079833984375,3.0
2510,i21.bmp,i21_23_1.bmp,30.297672271728516,6.1163
2511,i21.bmp,i21_23_2.bmp,30.19746208190918,5.9048
2512,i21.bmp,i21_23_3.bmp,32.63381576538086,5.6744
2513,i21.bmp,i21_23_4.bmp,36.683868408203125,5.2381
2514,i21.bmp,i21_23_5.bmp,50.375091552734375,2.8571
2515,i21.bmp,i21_24_1.bmp,33.079158782958984,5.8837
2516,i21.bmp,i21_24_2.bmp,35.960693359375,5.7209
2517,i21.bmp,i21_24_3.bmp,41.114288330078125,5.0
2518,i21.bmp,i21_24_4.bmp,47.848365783691406,3.0732
2519,i21.bmp,i21_24_5.bmp,57.83275604248047,0.52381
2520,i22.bmp,i22_01_1.bmp,40.42352294921875,5.8158
2521,i22.bmp,i22_01_2.bmp,42.163818359375,5.2368
2522,i22.bmp,i22_01_3.bmp,43.58500671386719,4.8461
2523,i22.bmp,i22_01_4.bmp,45.769222259521484,4.1579
2524,i22.bmp,i22_01_5.bmp,49.972076416015625,3.718
2525,i22.bmp,i22_02_1.bmp,39.409515380859375,5.6053
2526,i22.bmp,i22_02_2.bmp,40.228790283203125,5.8205
2527,i22.bmp,i22_02_3.bmp,41.879024505615234,5.4737
2528,i22.bmp,i22_02_4.bmp,44.278629302978516,5.1316
2529,i22.bmp,i22_02_5.bmp,46.96909713745117,4.5789
2530,i22.bmp,i22_03_1.bmp,43.357662200927734,4.7949
2531,i22.bmp,i22_03_2.bmp,47.326377868652344,4.3421
2532,i22.bmp,i22_03_3.bmp,51.19465637207031,3.6842
2533,i22.bmp,i22_03_4.bmp,54.748390197753906,3.0769
2534,i22.bmp,i22_03_5.bmp,61.68935012817383,2.7027
2535,i22.bmp,i22_04_1.bmp,39.000762939453125,5.7692
2536,i22.bmp,i22_04_2.bmp,39.31356430053711,5.718
2537,i22.bmp,i22_04_3.bmp,39.7667121887207,5.4359
2538,i22.bmp,i22_04_4.bmp,40.95206069946289,5.0
2539,i22.bmp,i22_04_5.bmp,43.09520721435547,4.3077
2540,i22.bmp,i22_05_1.bmp,39.256412506103516,5.8684
2541,i22.bmp,i22_05_2.bmp,39.82991027832031,5.6842
2542,i22.bmp,i22_05_3.bmp,42.054508209228516,4.8718
2543,i22.bmp,i22_05_4.bmp,46.01543045043945,4.1842
2544,i22.bmp,i22_05_5.bmp,53.374507904052734,3.1842
2545,i22.bmp,i22_06_1.bmp,41.316444396972656,4.7027
2546,i22.bmp,i22_06_2.bmp,42.80207824707031,4.2432
2547,i22.bmp,i22_06_3.bmp,44.828712463378906,3.7632
2548,i22.bmp,i22_06_4.bmp,47.23664474487305,3.5676
2549,i22.bmp,i22_06_5.bmp,52.2591552734375,3.2432
2550,i22.bmp,i22_07_1.bmp,40.85069274902344,5.5897
2551,i22.bmp,i22_07_2.bmp,42.54381561279297,5.0811
2552,i22.bmp,i22_07_3.bmp,42.05805969238281,4.5789
2553,i22.bmp,i22_07_4.bmp,47.54789352416992,3.8947
2554,i22.bmp,i22_07_5.bmp,50.048316955566406,2.7436
2555,i22.bmp,i22_08_1.bmp,41.052024841308594,5.4474
2556,i22.bmp,i22_08_2.bmp,43.79230499267578,4.6316
2557,i22.bmp,i22_08_3.bmp,49.1207275390625,3.7838
2558,i22.bmp,i22_08_4.bmp,57.33997344970703,3.1282
2559,i22.bmp,i22_08_5.bmp,64.08256530761719,2.5385
2560,i22.bmp,i22_09_1.bmp,40.268890380859375,5.8461
2561,i22.bmp,i22_09_2.bmp,40.89518356323242,5.5263
2562,i22.bmp,i22_09_3.bmp,44.14838409423828,4.6216
2563,i22.bmp,i22_09_4.bmp,51.15850067138672,3.3333
2564,i22.bmp,i22_09_5.bmp,63.57522201538086,2.0513
2565,i22.bmp,i22_10_1.bmp,41.35959243774414,5.8378
2566,i22.bmp,i22_10_2.bmp,43.563804626464844,5.5897
2567,i22.bmp,i22_10_3.bmp,50.0640983581543,5.0
2568,i22.bmp,i22_10_4.bmp,65.5517349243164,3.5897
2569,i22.bmp,i22_10_5.bmp,75.24726104736328,2.0789
2570,i22.bmp,i22_11_1.bmp,43.14972686767578,5.359
2571,i22.bmp,i22_11_2.bmp,47.40308380126953,5.5128
2572,i22.bmp,i22_11_3.bmp,55.719215393066406,4.2632
2573,i22.bmp,i22_11_4.bmp,64.47396850585938,2.6316
2574,i22.bmp,i22_11_5.bmp,76.49308013916016,0.86842
2575,i22.bmp,i22_12_1.bmp,43.351070404052734,5.2632
2576,i22.bmp,i22_12_2.bmp,40.00968933105469,5.7692
2577,i22.bmp,i22_12_3.bmp,40.419776916503906,5.7436
2578,i22.bmp,i22_12_4.bmp,44.99951171875,4.3684
2579,i22.bmp,i22_12_5.bmp,50.455806732177734,2.7632
2580,i22.bmp,i22_13_1.bmp,44.09446334838867,5.2564
2581,i22.bmp,i22_13_2.bmp,44.425254821777344,4.4359
2582,i22.bmp,i22_13_3.bmp,46.99143981933594,3.6842
2583,i22.bmp,i22_13_4.bmp,52.232017517089844,2.8718
2584,i22.bmp,i22_13_5.bmp,52.17137145996094,2.5128
2585,i22.bmp,i22_14_1.bmp,39.11498260498047,5.7692
2586,i22.bmp,i22_14_2.bmp,38.69804382324219,5.8611
2587,i22.bmp,i22_14_3.bmp,38.73207092285156,5.7632
2588,i22.bmp,i22_14_4.bmp,40.08875274658203,4.6216
2589,i22.bmp,i22_14_5.bmp,39.827117919921875,4.1026
2590,i22.bmp,i22_15_1.bmp,41.767967224121094,3.0526
2591,i22.bmp,i22_15_2.bmp,40.505889892578125,3.0263
2592,i22.bmp,i22_15_3.bmp,39.08317565917969,3.2162
2593,i22.bmp,i22_15_4.bmp,38.363677978515625,3.3947
2594,i22.bmp,i22_15_5.bmp,38.078269958496094,3.7368
2595,i22.bmp,i22_16_1.bmp,38.732303619384766,5.8649
2596,i22.bmp,i22_16_2.bmp,38.977630615234375,5.4103
2597,i22.bmp,i22_16_3.bmp,38.80104446411133,6.0513
2598,i22.bmp,i22_16_4.bmp,40.077354431152344,4.6053
2599,i22.bmp,i22_16_5.bmp,38.83828353881836,5.2564
2600,i22.bmp,i22_17_1.bmp,40.25101852416992,5.3333
2601,i22.bmp,i22_17_2.bmp,36.779823303222656,6.0
2602,i22.bmp,i22_17_3.bmp,42.64750671386719,4.2222
2603,i22.bmp,i22_17_4.bmp,35.94659423828125,6.2308
2604,i22.bmp,i22_17_5.bmp,48.64337921142578,3.3784
2605,i22.bmp,i22_18_1.bmp,39.0809440612793,5.1539
2606,i22.bmp,i22_18_2.bmp,39.553688049316406,4.6842
2607,i22.bmp,i22_18_3.bmp,40.60237121582031,4.2368
2608,i22.bmp,i22_18_4.bmp,42.41773986816406,3.7632
2609,i22.bmp,i22_18_5.bmp,44.61907196044922,3.25
2610,i22.bmp,i22_19_1.bmp,39.957271575927734,5.1316
2611,i22.bmp,i22_19_2.bmp,41.477115631103516,5.1316
2612,i22.bmp,i22_19_3.bmp,42.62617874145508,4.6667
2613,i22.bmp,i22_19_4.bmp,44.640899658203125,4.0
2614,i22.bmp,i22_19_5.bmp,48.666595458984375,3.5897
2615,i22.bmp,i22_20_1.bmp,39.40549850463867,5.7105
2616,i22.bmp,i22_20_2.bmp,40.370140075683594,5.7368
2617,i22.bmp,i22_20_3.bmp,42.74993133544922,5.5526
2618,i22.bmp,i22_20_4.bmp,47.54609680175781,4.8974
2619,i22.bmp,i22_20_5.bmp,52.16200256347656,3.6486
2620,i22.bmp,i22_21_1.bmp,41.16580581665039,5.5789
2621,i22.bmp,i22_21_2.bmp,44.26988983154297,5.0263
2622,i22.bmp,i22_21_3.bmp,48.020286560058594,4.6579
2623,i22.bmp,i22_21_4.bmp,51.816131591796875,3.5641
2624,i22.bmp,i22_21_5.bmp,58.771488189697266,2.6316
2625,i22.bmp,i22_22_1.bmp,39.85529327392578,5.9231
2626,i22.bmp,i22_22_2.bmp,40.23783493041992,5.3514
2627,i22.bmp,i22_22_3.bmp,41.88803482055664,4.8974
2628,i22.bmp,i22_22_4.bmp,42.98712158203125,4.4474
2629,i22.bmp,i22_22_5.bmp,47.717002868652344,2.8947
2630,i22.bmp,i22_23_1.bmp,38.84234619140625,6.3243
2631,i22.bmp,i22_23_2.bmp,38.62089920043945,6.1316
2632,i22.bmp,i22_23_3.bmp,41.49125671386719,5.2105
2633,i22.bmp,i22_23_4.bmp,47.710079193115234,4.4359
2634,i22.bmp,i22_23_5.bmp,65.1258544921875,2.1026
2635,i22.bmp,i22_24_1.bmp,40.12294387817383,5.8205
2636,i22.bmp,i22_24_2.bmp,43.42002487182617,5.4211
2637,i22.bmp,i22_24_3.bmp,48.78203582763672,4.2162
2638,i22.bmp,i22_24_4.bmp,61.03453063964844,2.2564
2639,i22.bmp,i22_24_5.bmp,70.21279907226562,0.36842
2640,i23.bmp,i23_01_1.bmp,34.13776397705078,5.6857
2641,i23.bmp,i23_01_2.bmp,35.32359313964844,5.0571
2642,i23.bmp,i23_01_3.bmp,36.85258483886719,4.7647
2643,i23.bmp,i23_01_4.bmp,40.014007568359375,4.0857
2644,i23.bmp,i23_01_5.bmp,43.54365539550781,3.7353
2645,i23.bmp,i23_02_1.bmp,32.89857864379883,6.1471
2646,i23.bmp,i23_02_2.bmp,33.69672393798828,5.8485
2647,i23.bmp,i23_02_3.bmp,34.89260482788086,5.4571
2648,i23.bmp,i23_02_4.bmp,35.628971099853516,5.0286
2649,i23.bmp,i23_02_5.bmp,37.74619674682617,4.3235
2650,i23.bmp,i23_03_1.bmp,37.308921813964844,4.6177
2651,i23.bmp,i23_03_2.bmp,40.3160400390625,4.1714
2652,i23.bmp,i23_03_3.bmp,44.57862091064453,3.5588
2653,i23.bmp,i23_03_4.bmp,48.25078582763672,3.2647
2654,i23.bmp,i23_03_5.bmp,52.715667724609375,2.6765
2655,i23.bmp,i23_04_1.bmp,33.60041809082031,5.6177
2656,i23.bmp,i23_04_2.bmp,33.98284149169922,5.6471
2657,i23.bmp,i23_04_3.bmp,34.87305450439453,5.3235
2658,i23.bmp,i23_04_4.bmp,36.025489807128906,4.7941
2659,i23.bmp,i23_04_5.bmp,37.57851028442383,4.5294
2660,i23.bmp,i23_05_1.bmp,33.19001007080078,6.0571
2661,i23.bmp,i23_05_2.bmp,33.78544616699219,5.5
2662,i23.bmp,i23_05_3.bmp,36.116058349609375,5.0909
2663,i23.bmp,i23_05_4.bmp,40.457603454589844,4.3143
2664,i23.bmp,i23_05_5.bmp,46.48027801513672,3.3529
2665,i23.bmp,i23_06_1.bmp,35.943626403808594,4.6177
2666,i23.bmp,i23_06_2.bmp,37.6237678527832,4.3529
2667,i23.bmp,i23_06_3.bmp,39.368125915527344,4.0294
2668,i23.bmp,i23_06_4.bmp,42.33795166015625,3.6176
2669,i23.bmp,i23_06_5.bmp,45.147850036621094,3.2941
2670,i23.bmp,i23_07_1.bmp,33.23163604736328,4.9706
2671,i23.bmp,i23_07_2.bmp,30.317333221435547,3.8485
2672,i23.bmp,i23_07_3.bmp,33.20227813720703,3.6857
2673,i23.bmp,i23_07_4.bmp,34.6876335144043,3.4412
2674,i23.bmp,i23_07_5.bmp,35.79347229003906,2.7879
2675,i23.bmp,i23_08_1.bmp,34.991188049316406,5.9429
2676,i23.bmp,i23_08_2.bmp,36.64170837402344,5.5294
2677,i23.bmp,i23_08_3.bmp,39.76389694213867,4.6765
2678,i23.bmp,i23_08_4.bmp,45.1542854309082,3.9412
2679,i23.bmp,i23_08_5.bmp,51.94990539550781,2.7714
2680,i23.bmp,i23_09_1.bmp,35.47062301635742,6.697
2681,i23.bmp,i23_09_2.bmp,36.074825286865234,6.0571
2682,i23.bmp,i23_09_3.bmp,38.07231903076172,5.7059
2683,i23.bmp,i23_09_4.bmp,42.228179931640625,4.2647
2684,i23.bmp,i23_09_5.bmp,49.65882873535156,2.6471
2685,i23.bmp,i23_10_1.bmp,35.47068786621094,5.9714
2686,i23.bmp,i23_10_2.bmp,37.21883773803711,5.7941
2687,i23.bmp,i23_10_3.bmp,43.164859771728516,5.0294
2688,i23.bmp,i23_10_4.bmp,56.39508056640625,3.6471
2689,i23.bmp,i23_10_5.bmp,66.34159088134766,2.4
2690,i23.bmp,i23_11_1.bmp,41.025245666503906,5.2571
2691,i23.bmp,i23_11_2.bmp,46.13412094116211,4.5714
2692,i23.bmp,i23_11_3.bmp,52.326358795166016,3.1176
2693,i23.bmp,i23_11_4.bmp,56.6998176574707,2.2424
2694,i23.bmp,i23_11_5.bmp,62.63441467285156,0.82353
2695,i23.bmp,i23_12_1.bmp,34.884193420410156,5.9697
2696,i23.bmp,i23_12_2.bmp,36.397945404052734,5.7429
2697,i23.bmp,i23_12_3.bmp,39.17253112792969,3.8
2698,i23.bmp,i23_12_4.bmp,41.99444580078125,2.8857
2699,i23.bmp,i23_12_5.bmp,49.36749267578125,1.8571
2700,i23.bmp,i23_13_1.bmp,34.905696868896484,4.5429
2701,i23.bmp,i23_13_2.bmp,40.62555694580078,4.1515
2702,i23.bmp,i23_13_3.bmp,44.184322357177734,3.3429
2703,i23.bmp,i23_13_4.bmp,48.233699798583984,2.4706
2704,i23.bmp,i23_13_5.bmp,49.78675842285156,2.5882
2705,i23.bmp,i23_14_1.bmp,34.20133590698242,6.0857
2706,i23.bmp,i23_14_2.bmp,33.56263732910156,6.2941
2707,i23.bmp,i23_14_3.bmp,33.869911193847656,5.0588
2708,i23.bmp,i23_14_4.bmp,35.51613998413086,5.0588
2709,i23.bmp,i23_14_5.bmp,35.873748779296875,3.6
2710,i23.bmp,i23_15_1.bmp,33.6688346862793,2.9429
2711,i23.bmp,i23_15_2.bmp,34.169097900390625,2.9714
2712,i23.bmp,i23_15_3.bmp,33.138458251953125,3.2571
2713,i23.bmp,i23_15_4.bmp,33.031761169433594,3.4118
2714,i23.bmp,i23_15_5.bmp,33.17192077636719,3.6286
2715,i23.bmp,i23_16_1.bmp,33.0079231262207,6.3333
2716,i23.bmp,i23_16_2.bmp,33.25468826293945,5.8286
2717,i23.bmp,i23_16_3.bmp,32.62242126464844,5.8235
2718,i23.bmp,i23_16_4.bmp,33.51708221435547,5.2
2719,i23.bmp,i23_16_5.bmp,32.380958557128906,5.7143
2720,i23.bmp,i23_17_1.bmp,33.94830322265625,5.6667
2721,i23.bmp,i23_17_2.bmp,31.36520767211914,6.8
2722,i23.bmp,i23_17_3.bmp,35.322322845458984,4.8286
2723,i23.bmp,i23_17_4.bmp,30.287906646728516,6.6857
2724,i23.bmp,i23_17_5.bmp,38.709678649902344,3.8824
2725,i23.bmp,i23_18_1.bmp,33.33784866333008,5.7647
2726,i23.bmp,i23_18_2.bmp,33.334190368652344,5.6471
2727,i23.bmp,i23_18_3.bmp,33.49485778808594,5.4412
2728,i23.bmp,i23_18_4.bmp,33.67668914794922,5.0571
2729,i23.bmp,i23_18_5.bmp,34.158634185791016,4.3823
2730,i23.bmp,i23_19_1.bmp,35.520851135253906,5.7143
2731,i23.bmp,i23_19_2.bmp,36.648963928222656,4.9714
2732,i23.bmp,i23_19_3.bmp,38.625770568847656,4.6177
2733,i23.bmp,i23_19_4.bmp,41.587066650390625,3.8857
2734,i23.bmp,i23_19_5.bmp,45.45503234863281,3.4286
2735,i23.bmp,i23_20_1.bmp,35.066287994384766,5.6
2736,i23.bmp,i23_20_2.bmp,39.15060043334961,5.0882
2737,i23.bmp,i23_20_3.bmp,41.73235321044922,4.0938
2738,i23.bmp,i23_20_4.bmp,44.096927642822266,3.3429
2739,i23.bmp,i23_20_5.bmp,44.40357208251953,2.6571
2740,i23.bmp,i23_21_1.bmp,37.84180450439453,5.6
2741,i23.bmp,i23_21_2.bmp,40.65570068359375,4.7941
2742,i23.bmp,i23_21_3.bmp,43.062904357910156,4.1212
2743,i23.bmp,i23_21_4.bmp,46.469505310058594,3.5143
2744,i23.bmp,i23_21_5.bmp,51.58751678466797,2.4118
2745,i23.bmp,i23_22_1.bmp,33.609981536865234,6.1765
2746,i23.bmp,i23_22_2.bmp,34.22895431518555,5.8857
2747,i23.bmp,i23_22_3.bmp,35.318641662597656,5.0294
2748,i23.bmp,i23_22_4.bmp,37.824607849121094,4.6471
2749,i23.bmp,i23_22_5.bmp,39.862464904785156,4.0
2750,i23.bmp,i23_23_1.bmp,33.068214416503906,6.303
2751,i23.bmp,i23_23_2.bmp,33.9864501953125,5.9118
2752,i23.bmp,i23_23_3.bmp,37.702274322509766,5.1714
2753,i23.bmp,i23_23_4.bmp,41.809234619140625,3.7576
2754,i23.bmp,i23_23_5.bmp,49.58416748046875,3.0
2755,i23.bmp,i23_24_1.bmp,37.511043548583984,5.8529
2756,i23.bmp,i23_24_2.bmp,39.86268997192383,4.7353
2757,i23.bmp,i23_24_3.bmp,44.1242561340332,3.6765
2758,i23.bmp,i23_24_4.bmp,51.979087829589844,1.7273
2759,i23.bmp,i23_24_5.bmp,58.10420608520508,0.78788
2760,i24.bmp,i24_01_1.bmp,37.77666091918945,5.8857
2761,i24.bmp,i24_01_2.bmp,41.045719146728516,5.0556
2762,i24.bmp,i24_01_3.bmp,45.666996002197266,4.7222
2763,i24.bmp,i24_01_4.bmp,49.830474853515625,4.1429
2764,i24.bmp,i24_01_5.bmp,55.99237060546875,3.5833
2765,i24.bmp,i24_02_1.bmp,36.91964340209961,6.4444
2766,i24.bmp,i24_02_2.bmp,38.45161819458008,5.9118
2767,i24.bmp,i24_02_3.bmp,42.333168029785156,5.1389
2768,i24.bmp,i24_02_4.bmp,46.69889831542969,5.0857
2769,i24.bmp,i24_02_5.bmp,50.396087646484375,4.5278
2770,i24.bmp,i24_03_1.bmp,46.00505065917969,4.8
2771,i24.bmp,i24_03_2.bmp,51.45848083496094,4.2571
2772,i24.bmp,i24_03_3.bmp,57.090049743652344,3.8286
2773,i24.bmp,i24_03_4.bmp,64.0095443725586,3.2857
2774,i24.bmp,i24_03_5.bmp,71.6366958618164,2.6944
2775,i24.bmp,i24_04_1.bmp,34.480064392089844,5.8571
2776,i24.bmp,i24_04_2.bmp,34.63710021972656,5.8333
2777,i24.bmp,i24_04_3.bmp,35.12544250488281,5.5294
2778,i24.bmp,i24_04_4.bmp,35.9271240234375,5.1667
2779,i24.bmp,i24_04_5.bmp,37.80323028564453,4.5714
2780,i24.bmp,i24_05_1.bmp,35.43592834472656,5.8056
2781,i24.bmp,i24_05_2.bmp,36.976905822753906,5.3333
2782,i24.bmp,i24_05_3.bmp,41.517189025878906,5.1389
2783,i24.bmp,i24_05_4.bmp,48.87674331665039,4.0286
2784,i24.bmp,i24_05_5.bmp,59.46907043457031,3.25
2785,i24.bmp,i24_06_1.bmp,35.88285827636719,4.6471
2786,i24.bmp,i24_06_2.bmp,36.891502380371094,4.3714
2787,i24.bmp,i24_06_3.bmp,42.48078155517578,3.9714
2788,i24.bmp,i24_06_4.bmp,47.61518859863281,3.6667
2789,i24.bmp,i24_06_5.bmp,54.076438903808594,3.2857
2790,i24.bmp,i24_07_1.bmp,39.76959991455078,5.5278
2791,i24.bmp,i24_07_2.bmp,41.64520263671875,4.5714
2792,i24.bmp,i24_07_3.bmp,40.20823287963867,4.0882
2793,i24.bmp,i24_07_4.bmp,44.055503845214844,2.8857
2794,i24.bmp,i24_07_5.bmp,55.417144775390625,2.4444
2795,i24.bmp,i24_08_1.bmp,37.90768814086914,5.9444
2796,i24.bmp,i24_08_2.bmp,41.52508544921875,4.9714
2797,i24.bmp,i24_08_3.bmp,48.85411834716797,4.0571
2798,i24.bmp,i24_08_4.bmp,59.021663665771484,3.1765
2799,i24.bmp,i24_08_5.bmp,66.74385070800781,2.6176
2800,i24.bmp,i24_09_1.bmp,38.34635925292969,6.0
2801,i24.bmp,i24_09_2.bmp,41.45552062988281,5.2941
2802,i24.bmp,i24_09_3.bmp,48.52360534667969,4.5278
2803,i24.bmp,i24_09_4.bmp,57.09020233154297,3.3889
2804,i24.bmp,i24_09_5.bmp,69.6511459350586,2.0
2805,i24.bmp,i24_10_1.bmp,39.64558029174805,5.8857
2806,i24.bmp,i24_10_2.bmp,42.759971618652344,5.8286
2807,i24.bmp,i24_10_3.bmp,49.76497268676758,4.6571
2808,i24.bmp,i24_10_4.bmp,63.89448165893555,3.2778
2809,i24.bmp,i24_10_5.bmp,86.19161987304688,1.8529
2810,i24.bmp,i24_11_1.bmp,41.97312927246094,5.4
2811,i24.bmp,i24_11_2.bmp,47.42890548706055,4.697
2812,i24.bmp,i24_11_3.bmp,54.69425964355469,4.0294
2813,i24.bmp,i24_11_4.bmp,67.87874603271484,2.5714
2814,i24.bmp,i24_11_5.bmp,75.07268524169922,0.91667
2815,i24.bmp,i24_12_1.bmp,41.61248016357422,5.6857
2816,i24.bmp,i24_12_2.bmp,34.94651794433594,6.0857
2817,i24.bmp,i24_12_3.bmp,37.590126037597656,5.4848
2818,i24.bmp,i24_12_4.bmp,45.039344787597656,3.5
2819,i24.bmp,i24_12_5.bmp,53.01185607910156,2.5833
2820,i24.bmp,i24_13_1.bmp,39.25886917114258,4.0588
2821,i24.bmp,i24_13_2.bmp,41.85637664794922,3.7429
2822,i24.bmp,i24_13_3.bmp,48.05155944824219,3.3143
2823,i24.bmp,i24_13_4.bmp,61.28160858154297,2.8889
2824,i24.bmp,i24_13_5.bmp,56.93360900878906,2.5
2825,i24.bmp,i24_14_1.bmp,33.64418411254883,6.0
2826,i24.bmp,i24_14_2.bmp,34.116798400878906,5.9714
2827,i24.bmp,i24_14_3.bmp,34.41721725463867,5.3429
2828,i24.bmp,i24_14_4.bmp,35.48402786254883,5.1389
2829,i24.bmp,i24_14_5.bmp,36.25296401977539,4.6389
2830,i24.bmp,i24_15_1.bmp,37.88030242919922,4.0278
2831,i24.bmp,i24_15_2.bmp,36.94898986816406,4.4
2832,i24.bmp,i24_15_3.bmp,36.7828254699707,3.8857
2833,i24.bmp,i24_15_4.bmp,35.21575927734375,3.6667
2834,i24.bmp,i24_15_5.bmp,34.466705322265625,3.3889
2835,i24.bmp,i24_16_1.bmp,33.842193603515625,5.9714
2836,i24.bmp,i24_16_2.bmp,34.6824951171875,6.1111
2837,i24.bmp,i24_16_3.bmp,32.96065139770508,5.4571
2838,i24.bmp,i24_16_4.bmp,35.595306396484375,5.6111
2839,i24.bmp,i24_16_5.bmp,31.679311752319336,4.8857
2840,i24.bmp,i24_17_1.bmp,36.138343811035156,5.75
2841,i24.bmp,i24_17_2.bmp,30.88045883178711,6.4722
2842,i24.bmp,i24_17_3.bmp,39.4466552734375,4.8056
2843,i24.bmp,i24_17_4.bmp,27.28156852722168,6.7222
2844,i24.bmp,i24_17_5.bmp,46.92987823486328,3.6
2845,i24.bmp,i24_18_1.bmp,36.82167053222656,4.8
2846,i24.bmp,i24_18_2.bmp,38.06387710571289,4.3939
2847,i24.bmp,i24_18_3.bmp,40.733192443847656,3.9118
2848,i24.bmp,i24_18_4.bmp,40.08320999145508,4.1143
2849,i24.bmp,i24_18_5.bmp,38.45330810546875,3.7941
2850,i24.bmp,i24_19_1.bmp,37.431053161621094,5.5714
2851,i24.bmp,i24_19_2.bmp,39.77531433105469,5.1765
2852,i24.bmp,i24_19_3.bmp,43.021766662597656,4.7778
2853,i24.bmp,i24_19_4.bmp,46.85050964355469,4.0882
2854,i24.bmp,i24_19_5.bmp,54.1998291015625,3.8571
2855,i24.bmp,i24_20_1.bmp,36.421852111816406,6.1429
2856,i24.bmp,i24_20_2.bmp,39.78130340576172,5.6111
2857,i24.bmp,i24_20_3.bmp,44.05389404296875,5.1714
2858,i24.bmp,i24_20_4.bmp,50.368080139160156,4.0286
2859,i24.bmp,i24_20_5.bmp,52.414337158203125,3.5143
2860,i24.bmp,i24_21_1.bmp,42.20918655395508,5.7778
2861,i24.bmp,i24_21_2.bmp,47.34553527832031,4.8286
2862,i24.bmp,i24_21_3.bmp,51.939537048339844,4.1429
2863,i24.bmp,i24_21_4.bmp,57.94639587402344,3.3611
2864,i24.bmp,i24_21_5.bmp,65.58102416992188,2.6857
2865,i24.bmp,i24_22_1.bmp,34.59198760986328,5.7714
2866,i24.bmp,i24_22_2.bmp,35.116153717041016,5.0294
2867,i24.bmp,i24_22_3.bmp,38.972084045410156,4.6177
2868,i24.bmp,i24_22_4.bmp,50.70555114746094,3.3333
2869,i24.bmp,i24_22_5.bmp,58.75581359863281,2.7429
2870,i24.bmp,i24_23_1.bmp,33.93601989746094,5.8
2871,i24.bmp,i24_23_2.bmp,34.109619140625,6.0278
2872,i24.bmp,i24_23_3.bmp,37.353004455566406,5.6857
2873,i24.bmp,i24_23_4.bmp,42.73332977294922,5.0882
2874,i24.bmp,i24_23_5.bmp,65.64375305175781,2.2941
2875,i24.bmp,i24_24_1.bmp,40.63093566894531,5.7059
2876,i24.bmp,i24_24_2.bmp,45.8311767578125,5.3429
2877,i24.bmp,i24_24_3.bmp,51.68072509765625,4.3429
2878,i24.bmp,i24_24_4.bmp,59.20317459106445,2.7429
2879,i24.bmp,i24_24_5.bmp,71.84703063964844,0.41667
2880,i25.bmp,i25_01_1.bmp,46.417747497558594,5.1429
2881,i25.bmp,i25_01_2.bmp,47.151123046875,4.6765
2882,i25.bmp,i25_01_3.bmp,47.302982330322266,4.4
2883,i25.bmp,i25_01_4.bmp,48.115142822265625,3.8857
2884,i25.bmp,i25_01_5.bmp,50.89146423339844,3.4444
2885,i25.bmp,i25_02_1.bmp,46.57174301147461,5.5429
2886,i25.bmp,i25_02_2.bmp,46.792991638183594,5.2778
2887,i25.bmp,i25_02_3.bmp,47.14341735839844,5.25
2888,i25.bmp,i25_02_4.bmp,47.70765686035156,4.4571
2889,i25.bmp,i25_02_5.bmp,48.885597229003906,3.7714
2890,i25.bmp,i25_03_1.bmp,47.12876510620117,4.0
2891,i25.bmp,i25_03_2.bmp,48.57136535644531,3.5833
2892,i25.bmp,i25_03_3.bmp,50.18306350708008,3.25
2893,i25.bmp,i25_03_4.bmp,51.88604736328125,2.9143
2894,i25.bmp,i25_03_5.bmp,55.64432144165039,2.4167
2895,i25.bmp,i25_04_1.bmp,50.0972900390625,6.3939
2896,i25.bmp,i25_04_2.bmp,50.237464904785156,6.1667
2897,i25.bmp,i25_04_3.bmp,50.46388626098633,5.8889
2898,i25.bmp,i25_04_4.bmp,50.911170959472656,5.5
2899,i25.bmp,i25_04_5.bmp,51.73805618286133,5.2353
2900,i25.bmp,i25_05_1.bmp,46.47834014892578,5.3333
2901,i25.bmp,i25_05_2.bmp,46.45436096191406,5.2571
2902,i25.bmp,i25_05_3.bmp,47.551971435546875,4.6111
2903,i25.bmp,i25_05_4.bmp,49.70427703857422,3.8571
2904,i25.bmp,i25_05_5.bmp,54.38066864013672,2.75
2905,i25.bmp,i25_06_1.bmp,48.26771926879883,4.4
2906,i25.bmp,i25_06_2.bmp,47.87553405761719,4.2857
2907,i25.bmp,i25_06_3.bmp,49.147438049316406,3.7059
2908,i25.bmp,i25_06_4.bmp,50.918731689453125,3.4722
2909,i25.bmp,i25_06_5.bmp,53.4002685546875,3.0278
2910,i25.bmp,i25_07_1.bmp,47.51839065551758,3.5
2911,i25.bmp,i25_07_2.bmp,47.708106994628906,3.1429
2912,i25.bmp,i25_07_3.bmp,46.42247009277344,3.0303
2913,i25.bmp,i25_07_4.bmp,45.56692886352539,2.7143
2914,i25.bmp,i25_07_5.bmp,46.27001953125,2.7429
2915,i25.bmp,i25_08_1.bmp,52.04021072387695,5.5294
2916,i25.bmp,i25_08_2.bmp,54.183372497558594,5.0556
2917,i25.bmp,i25_08_3.bmp,57.610992431640625,4.2941
2918,i25.bmp,i25_08_4.bmp,60.45005416870117,3.1765
2919,i25.bmp,i25_08_5.bmp,63.45838165283203,1.9444
2920,i25.bmp,i25_09_1.bmp,49.66201400756836,5.8333
2921,i25.bmp,i25_09_2.bmp,49.35959243774414,5.2
2922,i25.bmp,i25_09_3.bmp,49.77277374267578,4.2286
2923,i25.bmp,i25_09_4.bmp,52.21699905395508,3.1176
2924,i25.bmp,i25_09_5.bmp,57.60385513305664,1.3333
2925,i25.bmp,i25_10_1.bmp,51.05531311035156,5.8571
2926,i25.bmp,i25_10_2.bmp,51.12710189819336,5.5714
2927,i25.bmp,i25_10_3.bmp,51.9782600402832,4.2571
2928,i25.bmp,i25_10_4.bmp,57.192047119140625,2.1471
2929,i25.bmp,i25_10_5.bmp,57.78536605834961,1.4722
2930,i25.bmp,i25_11_1.bmp,50.13661193847656,6.0857
2931,i25.bmp,i25_11_2.bmp,50.72264099121094,5.8611
2932,i25.bmp,i25_11_3.bmp,50.75328826904297,5.3611
2933,i25.bmp,i25_11_4.bmp,52.226417541503906,4.9722
2934,i25.bmp,i25_11_5.bmp,53.36996078491211,4.6
2935,i25.bmp,i25_12_1.bmp,49.81465148925781,6.0278
2936,i25.bmp,i25_12_2.bmp,49.381160736083984,5.8
2937,i25.bmp,i25_12_3.bmp,49.35363006591797,4.8333
2938,i25.bmp,i25_12_4.bmp,49.03931427001953,5.0303
2939,i25.bmp,i25_12_5.bmp,49.304473876953125,4.6667
2940,i25.bmp,i25_13_1.bmp,46.745296478271484,4.8286
2941,i25.bmp,i25_13_2.bmp,49.64444351196289,5.7143
2942,i25.bmp,i25_13_3.bmp,52.15875244140625,3.6857
2943,i25.bmp,i25_13_4.bmp,48.49988555908203,4.5714
2944,i25.bmp,i25_13_5.bmp,46.5572395324707,3.0286
2945,i25.bmp,i25_14_1.bmp,49.92723846435547,5.7143
2946,i25.bmp,i25_14_2.bmp,50.02124786376953,5.1429
2947,i25.bmp,i25_14_3.bmp,49.935546875,5.0882
2948,i25.bmp,i25_14_4.bmp,50.07831573486328,3.8286
2949,i25.bmp,i25_14_5.bmp,50.205177307128906,3.1111
2950,i25.bmp,i25_15_1.bmp,49.650882720947266,3.2778
2951,i25.bmp,i25_15_2.bmp,49.21322250366211,2.9394
2952,i25.bmp,i25_15_3.bmp,49.18088912963867,3.5278
2953,i25.bmp,i25_15_4.bmp,48.79350662231445,3.9706
2954,i25.bmp,i25_15_5.bmp,48.26105499267578,4.1429
2955,i25.bmp,i25_16_1.bmp,50.04553985595703,5.9167
2956,i25.bmp,i25_16_2.bmp,50.29508972167969,6.4167
2957,i25.bmp,i25_16_3.bmp,50.98960876464844,5.7714
2958,i25.bmp,i25_16_4.bmp,51.25818634033203,5.5556
2959,i25.bmp,i25_16_5.bmp,52.764244079589844,4.4706
2960,i25.bmp,i25_17_1.bmp,51.070709228515625,5.6111
2961,i25.bmp,i25_17_2.bmp,49.41764831542969,6.8571
2962,i25.bmp,i25_17_3.bmp,53.02490997314453,4.4857
2963,i25.bmp,i25_17_4.bmp,49.33304977416992,6.3889
2964,i25.bmp,i25_17_5.bmp,56.917415618896484,3.2857
2965,i25.bmp,i25_18_1.bmp,49.624420166015625,5.6111
2966,i25.bmp,i25_18_2.bmp,49.447959899902344,5.0588
2967,i25.bmp,i25_18_3.bmp,49.83742904663086,4.4444
2968,i25.bmp,i25_18_4.bmp,49.86244201660156,4.0
2969,i25.bmp,i25_18_5.bmp,49.68783187866211,2.6765
2970,i25.bmp,i25_19_1.bmp,46.469451904296875,5.1667
2971,i25.bmp,i25_19_2.bmp,46.36367416381836,4.2857
2972,i25.bmp,i25_19_3.bmp,47.34438705444336,3.8333
2973,i25.bmp,i25_19_4.bmp,47.82126998901367,3.7941
2974,i25.bmp,i25_19_5.bmp,48.717689514160156,3.3429
2975,i25.bmp,i25_20_1.bmp,50.50502395629883,5.6765
2976,i25.bmp,i25_20_2.bmp,51.46408462524414,5.5429
2977,i25.bmp,i25_20_3.bmp,51.73155975341797,5.0
2978,i25.bmp,i25_20_4.bmp,51.91722869873047,4.9722
2979,i25.bmp,i25_20_5.bmp,52.219451904296875,4.0571
2980,i25.bmp,i25_21_1.bmp,48.421852111816406,5.1714
2981,i25.bmp,i25_21_2.bmp,47.99577331542969,4.4571
2982,i25.bmp,i25_21_3.bmp,48.524940490722656,4.8857
2983,i25.bmp,i25_21_4.bmp,49.39473342895508,3.4286
2984,i25.bmp,i25_21_5.bmp,52.238834381103516,2.9143
2985,i25.bmp,i25_22_1.bmp,46.254798889160156,4.8056
2986,i25.bmp,i25_22_2.bmp,46.674591064453125,4.25
2987,i25.bmp,i25_22_3.bmp,47.00947570800781,3.7941
2988,i25.bmp,i25_22_4.bmp,47.634849548339844,3.4
2989,i25.bmp,i25_22_5.bmp,46.649139404296875,2.7941
2990,i25.bmp,i25_23_1.bmp,49.83335876464844,6.3056
2991,i25.bmp,i25_23_2.bmp,49.55876922607422,6.2778
2992,i25.bmp,i25_23_3.bmp,49.24834442138672,6.1714
2993,i25.bmp,i25_23_4.bmp,48.984127044677734,6.1429
2994,i25.bmp,i25_23_5.bmp,48.742149353027344,5.9714
2995,i25.bmp,i25_24_1.bmp,47.40084457397461,5.6571
2996,i25.bmp,i25_24_2.bmp,47.410186767578125,5.4444
2997,i25.bmp,i25_24_3.bmp,47.85477828979492,4.6286
2998,i25.bmp,i25_24_4.bmp,48.532169342041016,4.0278
2999,i25.bmp,i25_24_5.bmp,49.5513916015625,2.7714
