idx,ref_img_path,dis_img_path,score,mos_label
0,i01.bmp,i01_01_1.bmp,0.8552844524383545,5.5143
1,i01.bmp,i01_01_2.bmp,0.7978168725967407,5.5676
2,i01.bmp,i01_01_3.bmp,0.7522505521774292,4.9444
3,i01.bmp,i01_01_4.bmp,0.7154447436332703,4.3784
4,i01.bmp,i01_01_5.bmp,0.6865819692611694,3.8649
5,i01.bmp,i01_02_1.bmp,0.8718351721763611,6.0286
6,i01.bmp,i01_02_2.bmp,0.8260555267333984,6.1081
7,i01.bmp,i01_02_3.bmp,0.784151554107666,5.3889
8,i01.bmp,i01_02_4.bmp,0.7284495234489441,4.7143
9,i01.bmp,i01_02_5.bmp,0.6962658166885376,4.3611
10,i01.bmp,i01_03_1.bmp,0.731033980846405,4.7714
11,i01.bmp,i01_03_2.bmp,0.6899843215942383,4.2703
12,i01.bmp,i01_03_3.bmp,0.6572288870811462,3.7027
13,i01.bmp,i01_03_4.bmp,0.5898474454879761,3.1944
14,i01.bmp,i01_03_5.bmp,0.5362892150878906,2.7143
15,i01.bmp,i01_04_1.bmp,0.9751900434494019,5.9714
16,i01.bmp,i01_04_2.bmp,0.9617880582809448,5.7568
17,i01.bmp,i01_04_3.bmp,0.9372671842575073,5.2703
18,i01.bmp,i01_04_4.bmp,0.9055740237236023,5.2432
19,i01.bmp,i01_04_5.bmp,0.8591098785400391,4.7143
20,i01.bmp,i01_05_1.bmp,0.9261016845703125,5.9189
21,i01.bmp,i01_05_2.bmp,0.8866221308708191,5.7027
22,i01.bmp,i01_05_3.bmp,0.8008584380149841,5.0833
23,i01.bmp,i01_05_4.bmp,0.7275012731552124,4.1389
24,i01.bmp,i01_05_5.bmp,0.6613284945487976,3.1389
25,i01.bmp,i01_06_1.bmp,0.877203643321991,4.0
26,i01.bmp,i01_06_2.bmp,0.8040304183959961,3.8919
27,i01.bmp,i01_06_3.bmp,0.7571946978569031,3.7297
28,i01.bmp,i01_06_4.bmp,0.7089546918869019,3.4857
29,i01.bmp,i01_06_5.bmp,0.6603152751922607,2.9444
30,i01.bmp,i01_07_1.bmp,0.881858229637146,5.0833
31,i01.bmp,i01_07_2.bmp,0.8214111328125,4.75
32,i01.bmp,i01_07_3.bmp,0.7754874229431152,4.0
33,i01.bmp,i01_07_4.bmp,0.7338954210281372,3.2222
34,i01.bmp,i01_07_5.bmp,0.6571241617202759,2.1944
35,i01.bmp,i01_08_1.bmp,0.9385456442832947,5.1892
36,i01.bmp,i01_08_2.bmp,0.888540506362915,4.4722
37,i01.bmp,i01_08_3.bmp,0.8053971529006958,3.4865
38,i01.bmp,i01_08_4.bmp,0.653152585029602,3.0
39,i01.bmp,i01_08_5.bmp,0.4780832529067993,2.1111
40,i01.bmp,i01_09_1.bmp,0.8197231292724609,6.0833
41,i01.bmp,i01_09_2.bmp,0.7600471377372742,5.1667
42,i01.bmp,i01_09_3.bmp,0.664176344871521,4.4286
43,i01.bmp,i01_09_4.bmp,0.5420466661453247,2.8108
44,i01.bmp,i01_09_5.bmp,0.45578905940055847,1.5405
45,i01.bmp,i01_10_1.bmp,0.8654183149337769,5.973
46,i01.bmp,i01_10_2.bmp,0.8064284324645996,5.9459
47,i01.bmp,i01_10_3.bmp,0.7010199427604675,4.9167
48,i01.bmp,i01_10_4.bmp,0.5759608149528503,3.2162
49,i01.bmp,i01_10_5.bmp,0.4911377429962158,2.0811
50,i01.bmp,i01_11_1.bmp,0.8728899955749512,5.9143
51,i01.bmp,i01_11_2.bmp,0.8100888133049011,5.6757
52,i01.bmp,i01_11_3.bmp,0.7393840551376343,4.6944
53,i01.bmp,i01_11_4.bmp,0.5641000270843506,3.6757
54,i01.bmp,i01_11_5.bmp,0.43779492378234863,1.4595
55,i01.bmp,i01_12_1.bmp,0.9244548678398132,5.9459
56,i01.bmp,i01_12_2.bmp,0.9374508261680603,5.8649
57,i01.bmp,i01_12_3.bmp,0.8259848356246948,4.2162
58,i01.bmp,i01_12_4.bmp,0.7716290354728699,3.8333
59,i01.bmp,i01_12_5.bmp,0.697728157043457,3.4324
60,i01.bmp,i01_13_1.bmp,0.9191464781761169,5.4595
61,i01.bmp,i01_13_2.bmp,0.8156539797782898,3.9143
62,i01.bmp,i01_13_3.bmp,0.7388946413993835,3.2778
63,i01.bmp,i01_13_4.bmp,0.6987360715866089,3.1667
64,i01.bmp,i01_13_5.bmp,0.6928267478942871,3.1081
65,i01.bmp,i01_14_1.bmp,0.9652146100997925,5.6944
66,i01.bmp,i01_14_2.bmp,0.9750377535820007,6.0541
67,i01.bmp,i01_14_3.bmp,0.9376912117004395,5.7568
68,i01.bmp,i01_14_4.bmp,0.9161503314971924,5.5556
69,i01.bmp,i01_14_5.bmp,0.8609768152236938,4.4706
70,i01.bmp,i01_15_1.bmp,0.8766257166862488,2.8333
71,i01.bmp,i01_15_2.bmp,0.8935167193412781,2.8286
72,i01.bmp,i01_15_3.bmp,0.9003596305847168,3.1081
73,i01.bmp,i01_15_4.bmp,0.9128536581993103,3.5833
74,i01.bmp,i01_15_5.bmp,0.9377105236053467,3.8919
75,i01.bmp,i01_16_1.bmp,0.9915919303894043,5.8056
76,i01.bmp,i01_16_2.bmp,0.9872826933860779,6.0541
77,i01.bmp,i01_16_3.bmp,0.9631587266921997,4.8889
78,i01.bmp,i01_16_4.bmp,0.9626611471176147,5.0278
79,i01.bmp,i01_16_5.bmp,0.9042106866836548,4.1944
80,i01.bmp,i01_17_1.bmp,0.9830895662307739,5.3514
81,i01.bmp,i01_17_2.bmp,0.9684716463088989,6.6216
82,i01.bmp,i01_17_3.bmp,0.9617173671722412,4.0811
83,i01.bmp,i01_17_4.bmp,0.9264744520187378,6.2432
84,i01.bmp,i01_17_5.bmp,0.9095128774642944,2.9714
85,i01.bmp,i01_18_1.bmp,0.9567680358886719,4.6216
86,i01.bmp,i01_18_2.bmp,0.9400215148925781,4.2222
87,i01.bmp,i01_18_3.bmp,0.9044355154037476,3.7714
88,i01.bmp,i01_18_4.bmp,0.791559636592865,3.4722
89,i01.bmp,i01_18_5.bmp,0.7634978294372559,3.4167
90,i01.bmp,i01_19_1.bmp,0.8773337602615356,5.9444
91,i01.bmp,i01_19_2.bmp,0.8341326713562012,5.4722
92,i01.bmp,i01_19_3.bmp,0.7799822688102722,5.0811
93,i01.bmp,i01_19_4.bmp,0.7208064794540405,4.5278
94,i01.bmp,i01_19_5.bmp,0.6777343153953552,3.9444
95,i01.bmp,i01_20_1.bmp,0.9469971656799316,5.8571
96,i01.bmp,i01_20_2.bmp,0.9136704206466675,5.8333
97,i01.bmp,i01_20_3.bmp,0.8586956858634949,6.0278
98,i01.bmp,i01_20_4.bmp,0.7705399394035339,5.0833
99,i01.bmp,i01_20_5.bmp,0.6776189804077148,4.3333
100,i01.bmp,i01_21_1.bmp,0.8629101514816284,5.7027
101,i01.bmp,i01_21_2.bmp,0.8129867911338806,5.2778
102,i01.bmp,i01_21_3.bmp,0.7286486029624939,4.6757
103,i01.bmp,i01_21_4.bmp,0.6401232481002808,4.0571
104,i01.bmp,i01_21_5.bmp,0.5446681976318359,3.0541
105,i01.bmp,i01_22_1.bmp,0.8788062930107117,5.5556
106,i01.bmp,i01_22_2.bmp,0.81653892993927,5.1892
107,i01.bmp,i01_22_3.bmp,0.7729902267456055,4.3056
108,i01.bmp,i01_22_4.bmp,0.6869334578514099,3.1622
109,i01.bmp,i01_22_5.bmp,0.5721808671951294,2.1944
110,i01.bmp,i01_23_1.bmp,0.8946701288223267,6.2857
111,i01.bmp,i01_23_2.bmp,0.8079986572265625,5.6111
112,i01.bmp,i01_23_3.bmp,0.7487654685974121,5.7778
113,i01.bmp,i01_23_4.bmp,0.6357449293136597,4.8056
114,i01.bmp,i01_23_5.bmp,0.4747350811958313,2.4054
115,i01.bmp,i01_24_1.bmp,0.8556478023529053,5.7027
116,i01.bmp,i01_24_2.bmp,0.7749952077865601,5.5833
117,i01.bmp,i01_24_3.bmp,0.69227135181427,5.1081
118,i01.bmp,i01_24_4.bmp,0.5672582387924194,3.0811
119,i01.bmp,i01_24_5.bmp,0.4561074674129486,0.45946
120,i02.bmp,i02_01_1.bmp,0.8602637052536011,5.7429
121,i02.bmp,i02_01_2.bmp,0.8109550476074219,5.3429
122,i02.bmp,i02_01_3.bmp,0.7401593923568726,5.2222
123,i02.bmp,i02_01_4.bmp,0.6806766390800476,4.1944
124,i02.bmp,i02_01_5.bmp,0.6120445728302002,3.973
125,i02.bmp,i02_02_1.bmp,0.8828117251396179,6.0556
126,i02.bmp,i02_02_2.bmp,0.8338073492050171,6.0541
127,i02.bmp,i02_02_3.bmp,0.7855269908905029,5.8889
128,i02.bmp,i02_02_4.bmp,0.7309269905090332,5.2973
129,i02.bmp,i02_02_5.bmp,0.6718405485153198,4.3889
130,i02.bmp,i02_03_1.bmp,0.7306665182113647,4.8
131,i02.bmp,i02_03_2.bmp,0.6588712334632874,4.4324
132,i02.bmp,i02_03_3.bmp,0.5885628461837769,3.8378
133,i02.bmp,i02_03_4.bmp,0.5098651051521301,3.5278
134,i02.bmp,i02_03_5.bmp,0.48176074028015137,2.9189
135,i02.bmp,i02_04_1.bmp,0.9647368788719177,6.2857
136,i02.bmp,i02_04_2.bmp,0.9456586241722107,6.1622
137,i02.bmp,i02_04_3.bmp,0.9126603603363037,5.1944
138,i02.bmp,i02_04_4.bmp,0.8629528880119324,4.7429
139,i02.bmp,i02_04_5.bmp,0.7901861071586609,4.2857
140,i02.bmp,i02_05_1.bmp,0.9201631546020508,6.1177
141,i02.bmp,i02_05_2.bmp,0.8814022541046143,6.1111
142,i02.bmp,i02_05_3.bmp,0.7952649593353271,5.4324
143,i02.bmp,i02_05_4.bmp,0.6891263723373413,4.3784
144,i02.bmp,i02_05_5.bmp,0.5765665769577026,3.4167
145,i02.bmp,i02_06_1.bmp,0.8569858074188232,4.5556
146,i02.bmp,i02_06_2.bmp,0.8123103976249695,4.2778
147,i02.bmp,i02_06_3.bmp,0.7552115321159363,3.7297
148,i02.bmp,i02_06_4.bmp,0.6940951347351074,3.4857
149,i02.bmp,i02_06_5.bmp,0.614375114440918,3.1081
150,i02.bmp,i02_07_1.bmp,0.8527539968490601,5.9143
151,i02.bmp,i02_07_2.bmp,0.8207392692565918,5.5833
152,i02.bmp,i02_07_3.bmp,0.7372033596038818,3.7647
153,i02.bmp,i02_07_4.bmp,0.7054100036621094,3.7568
154,i02.bmp,i02_07_5.bmp,0.6149592399597168,2.8571
155,i02.bmp,i02_08_1.bmp,0.9533923864364624,6.1081
156,i02.bmp,i02_08_2.bmp,0.9082788228988647,5.1667
157,i02.bmp,i02_08_3.bmp,0.8283593058586121,4.5429
158,i02.bmp,i02_08_4.bmp,0.7054416537284851,3.8378
159,i02.bmp,i02_08_5.bmp,0.5425884127616882,3.027
160,i02.bmp,i02_09_1.bmp,0.7886399030685425,6.0
161,i02.bmp,i02_09_2.bmp,0.7127863764762878,5.5143
162,i02.bmp,i02_09_3.bmp,0.6340723037719727,4.5278
163,i02.bmp,i02_09_4.bmp,0.5258826613426208,3.6486
164,i02.bmp,i02_09_5.bmp,0.4440128207206726,2.4167
165,i02.bmp,i02_10_1.bmp,0.8658615946769714,6.0
166,i02.bmp,i02_10_2.bmp,0.8059274554252625,5.9722
167,i02.bmp,i02_10_3.bmp,0.6757404208183289,5.4324
168,i02.bmp,i02_10_4.bmp,0.5044606924057007,3.5
169,i02.bmp,i02_10_5.bmp,0.4458542764186859,2.7143
170,i02.bmp,i02_11_1.bmp,0.7993215322494507,5.9167
171,i02.bmp,i02_11_2.bmp,0.6431063413619995,4.8056
172,i02.bmp,i02_11_3.bmp,0.47746384143829346,2.973
173,i02.bmp,i02_11_4.bmp,0.4208822250366211,1.9189
174,i02.bmp,i02_11_5.bmp,0.3898218870162964,1.2778
175,i02.bmp,i02_12_1.bmp,0.8463964462280273,5.3056
176,i02.bmp,i02_12_2.bmp,0.801644504070282,4.4324
177,i02.bmp,i02_12_3.bmp,0.6727163195610046,3.0811
178,i02.bmp,i02_12_4.bmp,0.5680813789367676,2.6757
179,i02.bmp,i02_12_5.bmp,0.5017723441123962,2.3714
180,i02.bmp,i02_13_1.bmp,0.749093234539032,4.4722
181,i02.bmp,i02_13_2.bmp,0.7521520853042603,4.0
182,i02.bmp,i02_13_3.bmp,0.6071732044219971,3.3889
183,i02.bmp,i02_13_4.bmp,0.5041221976280212,2.8919
184,i02.bmp,i02_13_5.bmp,0.6883672475814819,3.6111
185,i02.bmp,i02_14_1.bmp,0.9142467379570007,5.75
186,i02.bmp,i02_14_2.bmp,0.9624309539794922,6.0811
187,i02.bmp,i02_14_3.bmp,0.9131150245666504,5.1143
188,i02.bmp,i02_14_4.bmp,0.8912880420684814,5.3143
189,i02.bmp,i02_14_5.bmp,0.8410959243774414,4.2162
190,i02.bmp,i02_15_1.bmp,0.8317503929138184,3.4
191,i02.bmp,i02_15_2.bmp,0.8458435535430908,3.6216
192,i02.bmp,i02_15_3.bmp,0.8561643362045288,3.8333
193,i02.bmp,i02_15_4.bmp,0.8855208158493042,3.8378
194,i02.bmp,i02_15_5.bmp,0.9231462478637695,4.2
195,i02.bmp,i02_16_1.bmp,0.987797737121582,5.9459
196,i02.bmp,i02_16_2.bmp,0.9797278642654419,6.0833
197,i02.bmp,i02_16_3.bmp,0.9398694038391113,5.3243
198,i02.bmp,i02_16_4.bmp,0.9437147378921509,5.1389
199,i02.bmp,i02_16_5.bmp,0.83623206615448,4.5676
200,i02.bmp,i02_17_1.bmp,0.9792549014091492,5.9167
201,i02.bmp,i02_17_2.bmp,0.9597651362419128,5.6857
202,i02.bmp,i02_17_3.bmp,0.9561769366264343,4.8378
203,i02.bmp,i02_17_4.bmp,0.9101300239562988,4.7714
204,i02.bmp,i02_17_5.bmp,0.9085112810134888,3.9167
205,i02.bmp,i02_18_1.bmp,0.9729671478271484,5.9722
206,i02.bmp,i02_18_2.bmp,0.9677607417106628,5.5946
207,i02.bmp,i02_18_3.bmp,0.9569658041000366,4.8286
208,i02.bmp,i02_18_4.bmp,0.9433211088180542,4.9189
209,i02.bmp,i02_18_5.bmp,0.9224866628646851,4.5429
210,i02.bmp,i02_19_1.bmp,0.8758935332298279,5.7778
211,i02.bmp,i02_19_2.bmp,0.8215956091880798,5.4324
212,i02.bmp,i02_19_3.bmp,0.7519246935844421,4.8333
213,i02.bmp,i02_19_4.bmp,0.6770715713500977,4.2222
214,i02.bmp,i02_19_5.bmp,0.6086990833282471,3.7568
215,i02.bmp,i02_20_1.bmp,0.9000383615493774,6.0541
216,i02.bmp,i02_20_2.bmp,0.8273143768310547,6.1714
217,i02.bmp,i02_20_3.bmp,0.7273753881454468,5.3056
218,i02.bmp,i02_20_4.bmp,0.628395676612854,4.0
219,i02.bmp,i02_20_5.bmp,0.5595957040786743,2.8056
220,i02.bmp,i02_21_1.bmp,0.8081499934196472,5.973
221,i02.bmp,i02_21_2.bmp,0.7385222315788269,5.2973
222,i02.bmp,i02_21_3.bmp,0.6442418098449707,4.6
223,i02.bmp,i02_21_4.bmp,0.5367922186851501,3.2778
224,i02.bmp,i02_21_5.bmp,0.4396000802516937,2.3611
225,i02.bmp,i02_22_1.bmp,0.88045734167099,5.5135
226,i02.bmp,i02_22_2.bmp,0.811255156993866,5.2432
227,i02.bmp,i02_22_3.bmp,0.760290801525116,4.4857
228,i02.bmp,i02_22_4.bmp,0.6729013323783875,3.8056
229,i02.bmp,i02_22_5.bmp,0.45009392499923706,2.2222
230,i02.bmp,i02_23_1.bmp,0.8877429962158203,6.7778
231,i02.bmp,i02_23_2.bmp,0.7427217960357666,5.5405
232,i02.bmp,i02_23_3.bmp,0.546264111995697,3.4444
233,i02.bmp,i02_23_4.bmp,0.4365285336971283,2.1622
234,i02.bmp,i02_23_5.bmp,0.40803176164627075,0.81081
235,i02.bmp,i02_24_1.bmp,0.7700608968734741,6.0811
236,i02.bmp,i02_24_2.bmp,0.6256865859031677,4.9167
237,i02.bmp,i02_24_3.bmp,0.4971449375152588,3.0
238,i02.bmp,i02_24_4.bmp,0.422426700592041,2.1111
239,i02.bmp,i02_24_5.bmp,0.3961339592933655,0.89189
240,i03.bmp,i03_01_1.bmp,0.7825812697410583,5.7692
241,i03.bmp,i03_01_2.bmp,0.7361552119255066,5.1053
242,i03.bmp,i03_01_3.bmp,0.6837267875671387,4.6842
243,i03.bmp,i03_01_4.bmp,0.6282774209976196,4.25
244,i03.bmp,i03_01_5.bmp,0.5845889449119568,3.925
245,i03.bmp,i03_02_1.bmp,0.8196894526481628,6.1842
246,i03.bmp,i03_02_2.bmp,0.7790663242340088,6.282
247,i03.bmp,i03_02_3.bmp,0.7299073934555054,5.25
248,i03.bmp,i03_02_4.bmp,0.6849651336669922,5.0
249,i03.bmp,i03_02_5.bmp,0.6446763277053833,4.6
250,i03.bmp,i03_03_1.bmp,0.6507863402366638,4.65
251,i03.bmp,i03_03_2.bmp,0.6127290725708008,4.0769
252,i03.bmp,i03_03_3.bmp,0.5773102045059204,3.85
253,i03.bmp,i03_03_4.bmp,0.5197842121124268,3.282
254,i03.bmp,i03_03_5.bmp,0.47949451208114624,2.8947
255,i03.bmp,i03_04_1.bmp,0.9403489828109741,6.3846
256,i03.bmp,i03_04_2.bmp,0.9072881937026978,5.6579
257,i03.bmp,i03_04_3.bmp,0.8659539222717285,5.225
258,i03.bmp,i03_04_4.bmp,0.802586555480957,4.6
259,i03.bmp,i03_04_5.bmp,0.7305266261100769,3.575
260,i03.bmp,i03_05_1.bmp,0.8555399179458618,6.5
261,i03.bmp,i03_05_2.bmp,0.8072399497032166,5.6316
262,i03.bmp,i03_05_3.bmp,0.7314282655715942,5.3
263,i03.bmp,i03_05_4.bmp,0.6636552214622498,4.3077
264,i03.bmp,i03_05_5.bmp,0.5893813371658325,3.4737
265,i03.bmp,i03_06_1.bmp,0.7531789541244507,4.8158
266,i03.bmp,i03_06_2.bmp,0.72148597240448,4.5385
267,i03.bmp,i03_06_3.bmp,0.6645213961601257,4.1
268,i03.bmp,i03_06_4.bmp,0.6059629321098328,3.75
269,i03.bmp,i03_06_5.bmp,0.5554227828979492,3.5
270,i03.bmp,i03_07_1.bmp,0.7329680323600769,4.9744
271,i03.bmp,i03_07_2.bmp,0.6817010641098022,4.1
272,i03.bmp,i03_07_3.bmp,0.6595711708068848,3.8462
273,i03.bmp,i03_07_4.bmp,0.6453824043273926,3.825
274,i03.bmp,i03_07_5.bmp,0.5948441624641418,3.6154
275,i03.bmp,i03_08_1.bmp,0.9401158690452576,6.3421
276,i03.bmp,i03_08_2.bmp,0.8921886682510376,5.6
277,i03.bmp,i03_08_3.bmp,0.818365216255188,4.4737
278,i03.bmp,i03_08_4.bmp,0.7082721590995789,3.75
279,i03.bmp,i03_08_5.bmp,0.5842278599739075,2.95
280,i03.bmp,i03_09_1.bmp,0.797374963760376,6.65
281,i03.bmp,i03_09_2.bmp,0.7532281279563904,6.2564
282,i03.bmp,i03_09_3.bmp,0.6854717135429382,5.475
283,i03.bmp,i03_09_4.bmp,0.5690485835075378,3.7436
284,i03.bmp,i03_09_5.bmp,0.4904662072658539,2.4737
285,i03.bmp,i03_10_1.bmp,0.818856418132782,6.2368
286,i03.bmp,i03_10_2.bmp,0.760572612285614,5.6667
287,i03.bmp,i03_10_3.bmp,0.6576626300811768,5.0513
288,i03.bmp,i03_10_4.bmp,0.548999011516571,3.3
289,i03.bmp,i03_10_5.bmp,0.47041410207748413,2.4872
290,i03.bmp,i03_11_1.bmp,0.72377610206604,5.3684
291,i03.bmp,i03_11_2.bmp,0.6001888513565063,4.0769
292,i03.bmp,i03_11_3.bmp,0.5252727270126343,2.8462
293,i03.bmp,i03_11_4.bmp,0.42489928007125854,1.8205
294,i03.bmp,i03_11_5.bmp,0.39365336298942566,0.7
295,i03.bmp,i03_12_1.bmp,0.7977620363235474,5.4103
296,i03.bmp,i03_12_2.bmp,0.7427681684494019,4.0789
297,i03.bmp,i03_12_3.bmp,0.6212599277496338,2.8421
298,i03.bmp,i03_12_4.bmp,0.5941146612167358,3.1
299,i03.bmp,i03_12_5.bmp,0.5008865594863892,2.4
300,i03.bmp,i03_13_1.bmp,0.7621247172355652,5.1282
301,i03.bmp,i03_13_2.bmp,0.5914534330368042,3.641
302,i03.bmp,i03_13_3.bmp,0.5948511362075806,3.925
303,i03.bmp,i03_13_4.bmp,0.49689745903015137,2.925
304,i03.bmp,i03_13_5.bmp,0.47498375177383423,2.4211
305,i03.bmp,i03_14_1.bmp,0.8942208290100098,5.0769
306,i03.bmp,i03_14_2.bmp,0.9632524251937866,6.0
307,i03.bmp,i03_14_3.bmp,0.9484478831291199,4.85
308,i03.bmp,i03_14_4.bmp,0.8995634317398071,4.4615
309,i03.bmp,i03_14_5.bmp,0.8512434959411621,3.5
310,i03.bmp,i03_15_1.bmp,0.8173165321350098,3.725
311,i03.bmp,i03_15_2.bmp,0.8595594167709351,4.05
312,i03.bmp,i03_15_3.bmp,0.8803655505180359,4.025
313,i03.bmp,i03_15_4.bmp,0.9119524359703064,4.282
314,i03.bmp,i03_15_5.bmp,0.9490203857421875,4.7949
315,i03.bmp,i03_16_1.bmp,0.9868412017822266,6.8205
316,i03.bmp,i03_16_2.bmp,0.9776262044906616,6.525
317,i03.bmp,i03_16_3.bmp,0.9485170841217041,5.975
318,i03.bmp,i03_16_4.bmp,0.9315140247344971,6.075
319,i03.bmp,i03_16_5.bmp,0.8726558685302734,5.0256
320,i03.bmp,i03_17_1.bmp,0.9653570055961609,6.282
321,i03.bmp,i03_17_2.bmp,0.9327669143676758,6.75
322,i03.bmp,i03_17_3.bmp,0.9247605800628662,5.2
323,i03.bmp,i03_17_4.bmp,0.8776416778564453,6.575
324,i03.bmp,i03_17_5.bmp,0.8728179931640625,3.7949
325,i03.bmp,i03_18_1.bmp,0.9329918622970581,5.7692
326,i03.bmp,i03_18_2.bmp,0.9392375946044922,5.718
327,i03.bmp,i03_18_3.bmp,0.9267743825912476,5.5641
328,i03.bmp,i03_18_4.bmp,0.9046467542648315,5.0
329,i03.bmp,i03_18_5.bmp,0.8790785074234009,4.6579
330,i03.bmp,i03_19_1.bmp,0.7907379865646362,5.5128
331,i03.bmp,i03_19_2.bmp,0.7231988310813904,5.0256
332,i03.bmp,i03_19_3.bmp,0.6802667379379272,4.7
333,i03.bmp,i03_19_4.bmp,0.6306900382041931,4.3077
334,i03.bmp,i03_19_5.bmp,0.602605938911438,3.6923
335,i03.bmp,i03_20_1.bmp,0.8057989478111267,5.8421
336,i03.bmp,i03_20_2.bmp,0.7332839965820312,5.4615
337,i03.bmp,i03_20_3.bmp,0.6520419120788574,4.1579
338,i03.bmp,i03_20_4.bmp,0.5919011831283569,3.1795
339,i03.bmp,i03_20_5.bmp,0.5284327864646912,2.825
340,i03.bmp,i03_21_1.bmp,0.7399305105209351,5.2368
341,i03.bmp,i03_21_2.bmp,0.6726011037826538,4.4359
342,i03.bmp,i03_21_3.bmp,0.6168801784515381,3.8974
343,i03.bmp,i03_21_4.bmp,0.5452150702476501,3.1795
344,i03.bmp,i03_21_5.bmp,0.4681529700756073,2.1
345,i03.bmp,i03_22_1.bmp,0.8334376215934753,5.9744
346,i03.bmp,i03_22_2.bmp,0.7978805899620056,5.359
347,i03.bmp,i03_22_3.bmp,0.7193135023117065,5.2308
348,i03.bmp,i03_22_4.bmp,0.6180843710899353,4.359
349,i03.bmp,i03_22_5.bmp,0.5688536167144775,3.9211
350,i03.bmp,i03_23_1.bmp,0.8742496967315674,6.718
351,i03.bmp,i03_23_2.bmp,0.7620885372161865,5.8461
352,i03.bmp,i03_23_3.bmp,0.5766276717185974,3.9
353,i03.bmp,i03_23_4.bmp,0.4621759355068207,2.6579
354,i03.bmp,i03_23_5.bmp,0.4256027936935425,1.975
355,i03.bmp,i03_24_1.bmp,0.7265402674674988,5.7436
356,i03.bmp,i03_24_2.bmp,0.6120696067810059,4.2051
357,i03.bmp,i03_24_3.bmp,0.4894101619720459,2.825
358,i03.bmp,i03_24_4.bmp,0.43038123846054077,1.8158
359,i03.bmp,i03_24_5.bmp,0.40696150064468384,0.42105
360,i04.bmp,i04_01_1.bmp,0.8326756954193115,5.7619
361,i04.bmp,i04_01_2.bmp,0.7855703234672546,5.4762
362,i04.bmp,i04_01_3.bmp,0.733788251876831,4.9286
363,i04.bmp,i04_01_4.bmp,0.6743389964103699,4.2683
364,i04.bmp,i04_01_5.bmp,0.6134158968925476,4.0
365,i04.bmp,i04_02_1.bmp,0.844963014125824,6.275
366,i04.bmp,i04_02_2.bmp,0.8039711713790894,6.1539
367,i04.bmp,i04_02_3.bmp,0.7634264826774597,5.6829
368,i04.bmp,i04_02_4.bmp,0.7127019762992859,5.3095
369,i04.bmp,i04_02_5.bmp,0.655518651008606,4.5366
370,i04.bmp,i04_03_1.bmp,0.7148122787475586,4.7805
371,i04.bmp,i04_03_2.bmp,0.6618226170539856,4.2143
372,i04.bmp,i04_03_3.bmp,0.5961887836456299,3.9
373,i04.bmp,i04_03_4.bmp,0.5430622100830078,3.425
374,i04.bmp,i04_03_5.bmp,0.5015005469322205,3.0238
375,i04.bmp,i04_04_1.bmp,0.9540941715240479,6.125
376,i04.bmp,i04_04_2.bmp,0.9323000311851501,6.2683
377,i04.bmp,i04_04_3.bmp,0.8988603949546814,6.15
378,i04.bmp,i04_04_4.bmp,0.8455669283866882,5.4762
379,i04.bmp,i04_04_5.bmp,0.7730924487113953,4.8095
380,i04.bmp,i04_05_1.bmp,0.8881130218505859,6.3095
381,i04.bmp,i04_05_2.bmp,0.8485479354858398,5.9024
382,i04.bmp,i04_05_3.bmp,0.7771506309509277,5.325
383,i04.bmp,i04_05_4.bmp,0.685531497001648,4.4762
384,i04.bmp,i04_05_5.bmp,0.5792293548583984,3.7073
385,i04.bmp,i04_06_1.bmp,0.8188263773918152,5.0238
386,i04.bmp,i04_06_2.bmp,0.745871901512146,4.561
387,i04.bmp,i04_06_3.bmp,0.6722615957260132,4.2619
388,i04.bmp,i04_06_4.bmp,0.6392159461975098,4.1951
389,i04.bmp,i04_06_5.bmp,0.5729465484619141,3.45
390,i04.bmp,i04_07_1.bmp,0.766662061214447,4.6905
391,i04.bmp,i04_07_2.bmp,0.7138208746910095,4.075
392,i04.bmp,i04_07_3.bmp,0.6623356342315674,3.5238
393,i04.bmp,i04_07_4.bmp,0.6243550777435303,3.1429
394,i04.bmp,i04_07_5.bmp,0.5710633993148804,2.9524
395,i04.bmp,i04_08_1.bmp,0.9518496990203857,6.3095
396,i04.bmp,i04_08_2.bmp,0.9165641665458679,5.9268
397,i04.bmp,i04_08_3.bmp,0.8448616862297058,5.381
398,i04.bmp,i04_08_4.bmp,0.7176415324211121,4.375
399,i04.bmp,i04_08_5.bmp,0.555510938167572,3.6667
400,i04.bmp,i04_09_1.bmp,0.7876402735710144,6.381
401,i04.bmp,i04_09_2.bmp,0.7404680252075195,5.8049
402,i04.bmp,i04_09_3.bmp,0.6484363079071045,5.0488
403,i04.bmp,i04_09_4.bmp,0.5681383609771729,3.7805
404,i04.bmp,i04_09_5.bmp,0.46850037574768066,2.5
405,i04.bmp,i04_10_1.bmp,0.8364770412445068,6.0714
406,i04.bmp,i04_10_2.bmp,0.7751128673553467,5.9756
407,i04.bmp,i04_10_3.bmp,0.6522759795188904,5.0714
408,i04.bmp,i04_10_4.bmp,0.5158967971801758,3.2619
409,i04.bmp,i04_10_5.bmp,0.4344364106655121,2.1905
410,i04.bmp,i04_11_1.bmp,0.665966272354126,5.3
411,i04.bmp,i04_11_2.bmp,0.5363067984580994,4.0
412,i04.bmp,i04_11_3.bmp,0.4908227324485779,2.9024
413,i04.bmp,i04_11_4.bmp,0.42450568079948425,2.0
414,i04.bmp,i04_11_5.bmp,0.40208205580711365,0.88095
415,i04.bmp,i04_12_1.bmp,0.8714148998260498,6.05
416,i04.bmp,i04_12_2.bmp,0.7528076171875,4.6429
417,i04.bmp,i04_12_3.bmp,0.6527829170227051,3.9286
418,i04.bmp,i04_12_4.bmp,0.607136607170105,2.9048
419,i04.bmp,i04_12_5.bmp,0.5174710750579834,2.6585
420,i04.bmp,i04_13_1.bmp,0.738088071346283,4.6667
421,i04.bmp,i04_13_2.bmp,0.6434451341629028,3.8462
422,i04.bmp,i04_13_3.bmp,0.6000701189041138,3.3571
423,i04.bmp,i04_13_4.bmp,0.5831338167190552,3.4634
424,i04.bmp,i04_13_5.bmp,0.4857287108898163,2.3809
425,i04.bmp,i04_14_1.bmp,0.8643161058425903,5.0714
426,i04.bmp,i04_14_2.bmp,0.9681217074394226,6.4048
427,i04.bmp,i04_14_3.bmp,0.9331113696098328,6.0
428,i04.bmp,i04_14_4.bmp,0.9125521183013916,4.4048
429,i04.bmp,i04_14_5.bmp,0.8607891798019409,3.6098
430,i04.bmp,i04_15_1.bmp,0.8738894462585449,3.3809
431,i04.bmp,i04_15_2.bmp,0.8556075096130371,3.4048
432,i04.bmp,i04_15_3.bmp,0.8492042422294617,3.5
433,i04.bmp,i04_15_4.bmp,0.8790386915206909,3.7561
434,i04.bmp,i04_15_5.bmp,0.9368748664855957,4.0513
435,i04.bmp,i04_16_1.bmp,0.9918298125267029,6.2857
436,i04.bmp,i04_16_2.bmp,0.9874545931816101,6.6429
437,i04.bmp,i04_16_3.bmp,0.963686466217041,6.0952
438,i04.bmp,i04_16_4.bmp,0.9623522758483887,5.6667
439,i04.bmp,i04_16_5.bmp,0.9018888473510742,5.1539
440,i04.bmp,i04_17_1.bmp,0.9775916934013367,6.0
441,i04.bmp,i04_17_2.bmp,0.964145302772522,6.6667
442,i04.bmp,i04_17_3.bmp,0.9554413557052612,4.7805
443,i04.bmp,i04_17_4.bmp,0.9243647456169128,7.2143
444,i04.bmp,i04_17_5.bmp,0.9118446111679077,3.925
445,i04.bmp,i04_18_1.bmp,0.9576260447502136,5.4146
446,i04.bmp,i04_18_2.bmp,0.9407778978347778,5.0244
447,i04.bmp,i04_18_3.bmp,0.9250903129577637,4.6667
448,i04.bmp,i04_18_4.bmp,0.8912233114242554,4.2381
449,i04.bmp,i04_18_5.bmp,0.7995567321777344,3.9268
450,i04.bmp,i04_19_1.bmp,0.8343372344970703,5.4524
451,i04.bmp,i04_19_2.bmp,0.7920517325401306,5.3571
452,i04.bmp,i04_19_3.bmp,0.7449345588684082,4.9024
453,i04.bmp,i04_19_4.bmp,0.6975291967391968,4.425
454,i04.bmp,i04_19_5.bmp,0.6183161735534668,4.1667
455,i04.bmp,i04_20_1.bmp,0.850463330745697,6.4524
456,i04.bmp,i04_20_2.bmp,0.760249137878418,5.225
457,i04.bmp,i04_20_3.bmp,0.6475621461868286,4.1905
458,i04.bmp,i04_20_4.bmp,0.5847715735435486,3.1191
459,i04.bmp,i04_20_5.bmp,0.5385139584541321,2.4146
460,i04.bmp,i04_21_1.bmp,0.7612155675888062,5.1463
461,i04.bmp,i04_21_2.bmp,0.6829609870910645,4.7317
462,i04.bmp,i04_21_3.bmp,0.5843173861503601,3.8095
463,i04.bmp,i04_21_4.bmp,0.518819272518158,3.2195
464,i04.bmp,i04_21_5.bmp,0.43639469146728516,2.0
465,i04.bmp,i04_22_1.bmp,0.8586534857749939,6.0244
466,i04.bmp,i04_22_2.bmp,0.8085653185844421,5.7857
467,i04.bmp,i04_22_3.bmp,0.7479564547538757,4.4286
468,i04.bmp,i04_22_4.bmp,0.6534420251846313,4.122
469,i04.bmp,i04_22_5.bmp,0.4733426570892334,2.9048
470,i04.bmp,i04_23_1.bmp,0.7946507334709167,6.425
471,i04.bmp,i04_23_2.bmp,0.6594069004058838,5.4048
472,i04.bmp,i04_23_3.bmp,0.5132676959037781,3.878
473,i04.bmp,i04_23_4.bmp,0.451153963804245,2.9512
474,i04.bmp,i04_23_5.bmp,0.3978676497936249,1.4762
475,i04.bmp,i04_24_1.bmp,0.69548100233078,5.5476
476,i04.bmp,i04_24_2.bmp,0.558103621006012,3.7619
477,i04.bmp,i04_24_3.bmp,0.4708278775215149,2.5854
478,i04.bmp,i04_24_4.bmp,0.43102169036865234,1.9048
479,i04.bmp,i04_24_5.bmp,0.4132847189903259,0.58537
480,i05.bmp,i05_01_1.bmp,0.9253336191177368,5.525
481,i05.bmp,i05_01_2.bmp,0.8863820433616638,5.5
482,i05.bmp,i05_01_3.bmp,0.8430244326591492,4.8461
483,i05.bmp,i05_01_4.bmp,0.7799302935600281,4.0513
484,i05.bmp,i05_01_5.bmp,0.7301599979400635,3.561
485,i05.bmp,i05_02_1.bmp,0.9333435893058777,5.8293
486,i05.bmp,i05_02_2.bmp,0.9010064005851746,5.6829
487,i05.bmp,i05_02_3.bmp,0.8640041351318359,5.325
488,i05.bmp,i05_02_4.bmp,0.8106427192687988,5.0976
489,i05.bmp,i05_02_5.bmp,0.7616738080978394,4.2564
490,i05.bmp,i05_03_1.bmp,0.8638433218002319,5.0976
491,i05.bmp,i05_03_2.bmp,0.7972100973129272,4.4878
492,i05.bmp,i05_03_3.bmp,0.7453157305717468,3.675
493,i05.bmp,i05_03_4.bmp,0.6718568205833435,3.0732
494,i05.bmp,i05_03_5.bmp,0.5909202098846436,2.375
495,i05.bmp,i05_04_1.bmp,0.9843239784240723,5.6341
496,i05.bmp,i05_04_2.bmp,0.9758648872375488,5.75
497,i05.bmp,i05_04_3.bmp,0.9593011736869812,5.575
498,i05.bmp,i05_04_4.bmp,0.9307874441146851,4.9268
499,i05.bmp,i05_04_5.bmp,0.8852024078369141,4.4
500,i05.bmp,i05_05_1.bmp,0.9537875056266785,5.625
501,i05.bmp,i05_05_2.bmp,0.9265984296798706,5.3902
502,i05.bmp,i05_05_3.bmp,0.8629827499389648,4.7
503,i05.bmp,i05_05_4.bmp,0.7737576961517334,3.8158
504,i05.bmp,i05_05_5.bmp,0.6500867605209351,2.9231
505,i05.bmp,i05_06_1.bmp,0.934786319732666,4.375
506,i05.bmp,i05_06_2.bmp,0.8936372995376587,3.9231
507,i05.bmp,i05_06_3.bmp,0.8406137228012085,3.5
508,i05.bmp,i05_06_4.bmp,0.7745552062988281,3.3171
509,i05.bmp,i05_06_5.bmp,0.6854171752929688,2.5128
510,i05.bmp,i05_07_1.bmp,0.9253641963005066,5.275
511,i05.bmp,i05_07_2.bmp,0.8748879432678223,5.2683
512,i05.bmp,i05_07_3.bmp,0.7976274490356445,4.5385
513,i05.bmp,i05_07_4.bmp,0.7549707293510437,4.0513
514,i05.bmp,i05_07_5.bmp,0.7075923681259155,3.1463
515,i05.bmp,i05_08_1.bmp,0.9504618644714355,5.4
516,i05.bmp,i05_08_2.bmp,0.9096378087997437,4.6667
517,i05.bmp,i05_08_3.bmp,0.834345817565918,3.6585
518,i05.bmp,i05_08_4.bmp,0.6863722801208496,2.7805
519,i05.bmp,i05_08_5.bmp,0.4879310131072998,1.25
520,i05.bmp,i05_09_1.bmp,0.9135342836380005,5.825
521,i05.bmp,i05_09_2.bmp,0.8675776720046997,5.825
522,i05.bmp,i05_09_3.bmp,0.7689875960350037,5.325
523,i05.bmp,i05_09_4.bmp,0.6200479865074158,3.5
524,i05.bmp,i05_09_5.bmp,0.47312265634536743,1.3659
525,i05.bmp,i05_10_1.bmp,0.9089104533195496,5.7317
526,i05.bmp,i05_10_2.bmp,0.867398738861084,5.1539
527,i05.bmp,i05_10_3.bmp,0.7800726890563965,4.7073
528,i05.bmp,i05_10_4.bmp,0.6067672371864319,3.439
529,i05.bmp,i05_10_5.bmp,0.5128309726715088,1.878
530,i05.bmp,i05_11_1.bmp,0.933250367641449,5.7561
531,i05.bmp,i05_11_2.bmp,0.8802914619445801,5.4
532,i05.bmp,i05_11_3.bmp,0.8108276128768921,4.5
533,i05.bmp,i05_11_4.bmp,0.6966215968132019,3.6667
534,i05.bmp,i05_11_5.bmp,0.5099611282348633,2.25
535,i05.bmp,i05_12_1.bmp,0.9713572263717651,5.6829
536,i05.bmp,i05_12_2.bmp,0.9745065569877625,5.775
537,i05.bmp,i05_12_3.bmp,0.9374143481254578,5.35
538,i05.bmp,i05_12_4.bmp,0.8306022882461548,3.8
539,i05.bmp,i05_12_5.bmp,0.6441473364830017,2.725
540,i05.bmp,i05_13_1.bmp,0.8877954483032227,5.4634
541,i05.bmp,i05_13_2.bmp,0.8290133476257324,4.9024
542,i05.bmp,i05_13_3.bmp,0.7809082865715027,3.475
543,i05.bmp,i05_13_4.bmp,0.7189549207687378,2.9756
544,i05.bmp,i05_13_5.bmp,0.5541685223579407,1.9737
545,i05.bmp,i05_14_1.bmp,0.9728442430496216,5.9268
546,i05.bmp,i05_14_2.bmp,0.9665197134017944,5.5366
547,i05.bmp,i05_14_3.bmp,0.9343347549438477,5.6098
548,i05.bmp,i05_14_4.bmp,0.9049249887466431,5.225
549,i05.bmp,i05_14_5.bmp,0.831767737865448,4.3171
550,i05.bmp,i05_15_1.bmp,0.8924448490142822,3.05
551,i05.bmp,i05_15_2.bmp,0.9082486033439636,3.1
552,i05.bmp,i05_15_3.bmp,0.9336419105529785,3.3171
553,i05.bmp,i05_15_4.bmp,0.9562069177627563,3.9
554,i05.bmp,i05_15_5.bmp,0.977841317653656,3.8462
555,i05.bmp,i05_16_1.bmp,0.987307071685791,6.15
556,i05.bmp,i05_16_2.bmp,0.980705738067627,5.95
557,i05.bmp,i05_16_3.bmp,0.9491293430328369,5.5854
558,i05.bmp,i05_16_4.bmp,0.9459227323532104,5.0976
559,i05.bmp,i05_16_5.bmp,0.8738970756530762,4.25
560,i05.bmp,i05_17_1.bmp,0.9807004928588867,5.3
561,i05.bmp,i05_17_2.bmp,0.9618098139762878,6.8293
562,i05.bmp,i05_17_3.bmp,0.9498562812805176,4.025
563,i05.bmp,i05_17_4.bmp,0.9178380966186523,6.561
564,i05.bmp,i05_17_5.bmp,0.9111741781234741,2.8
565,i05.bmp,i05_18_1.bmp,0.970136284828186,4.775
566,i05.bmp,i05_18_2.bmp,0.9562605619430542,4.2051
567,i05.bmp,i05_18_3.bmp,0.9324847459793091,3.7436
568,i05.bmp,i05_18_4.bmp,0.877271831035614,3.5385
569,i05.bmp,i05_18_5.bmp,0.755841851234436,3.15
570,i05.bmp,i05_19_1.bmp,0.9358850717544556,5.175
571,i05.bmp,i05_19_2.bmp,0.9068755507469177,4.8049
572,i05.bmp,i05_19_3.bmp,0.8605753779411316,4.225
573,i05.bmp,i05_19_4.bmp,0.8003990054130554,3.65
574,i05.bmp,i05_19_5.bmp,0.7297176718711853,3.3659
575,i05.bmp,i05_20_1.bmp,0.954075276851654,5.6829
576,i05.bmp,i05_20_2.bmp,0.9192243814468384,5.561
577,i05.bmp,i05_20_3.bmp,0.8774946928024292,5.0244
578,i05.bmp,i05_20_4.bmp,0.7952210307121277,4.475
579,i05.bmp,i05_20_5.bmp,0.7007240056991577,3.282
580,i05.bmp,i05_21_1.bmp,0.9065876007080078,5.6
581,i05.bmp,i05_21_2.bmp,0.8564852476119995,4.925
582,i05.bmp,i05_21_3.bmp,0.7918778657913208,4.3659
583,i05.bmp,i05_21_4.bmp,0.7056878805160522,3.35
584,i05.bmp,i05_21_5.bmp,0.5523890256881714,2.475
585,i05.bmp,i05_22_1.bmp,0.9560074806213379,5.275
586,i05.bmp,i05_22_2.bmp,0.9202427268028259,5.25
587,i05.bmp,i05_22_3.bmp,0.8771480321884155,4.7561
588,i05.bmp,i05_22_4.bmp,0.7692920565605164,4.1
589,i05.bmp,i05_22_5.bmp,0.6655332446098328,3.1707
590,i05.bmp,i05_23_1.bmp,0.934758186340332,5.7317
591,i05.bmp,i05_23_2.bmp,0.8582330942153931,5.575
592,i05.bmp,i05_23_3.bmp,0.8002194762229919,5.6341
593,i05.bmp,i05_23_4.bmp,0.7554079294204712,5.7561
594,i05.bmp,i05_23_5.bmp,0.6886589527130127,5.439
595,i05.bmp,i05_24_1.bmp,0.9211248159408569,5.525
596,i05.bmp,i05_24_2.bmp,0.8787380456924438,5.6098
597,i05.bmp,i05_24_3.bmp,0.7922737002372742,5.2
598,i05.bmp,i05_24_4.bmp,0.6489012837409973,3.9512
599,i05.bmp,i05_24_5.bmp,0.5231612324714661,2.6098
600,i06.bmp,i06_01_1.bmp,0.8798254728317261,5.7568
601,i06.bmp,i06_01_2.bmp,0.8333835005760193,5.1667
602,i06.bmp,i06_01_3.bmp,0.7896332740783691,5.027
603,i06.bmp,i06_01_4.bmp,0.745747447013855,4.3143
604,i06.bmp,i06_01_5.bmp,0.6915287971496582,3.6111
605,i06.bmp,i06_02_1.bmp,0.8856582641601562,6.1622
606,i06.bmp,i06_02_2.bmp,0.8504856824874878,5.7838
607,i06.bmp,i06_02_3.bmp,0.8077578544616699,5.4595
608,i06.bmp,i06_02_4.bmp,0.7646214365959167,4.8333
609,i06.bmp,i06_02_5.bmp,0.7183763980865479,4.3889
610,i06.bmp,i06_03_1.bmp,0.7821264266967773,4.5833
611,i06.bmp,i06_03_2.bmp,0.7160836458206177,4.0571
612,i06.bmp,i06_03_3.bmp,0.6668962240219116,3.4722
613,i06.bmp,i06_03_4.bmp,0.5962764620780945,2.9459
614,i06.bmp,i06_03_5.bmp,0.561359167098999,2.5
615,i06.bmp,i06_04_1.bmp,0.9743800163269043,5.8333
616,i06.bmp,i06_04_2.bmp,0.9602442979812622,5.8611
617,i06.bmp,i06_04_3.bmp,0.9393652677536011,5.6944
618,i06.bmp,i06_04_4.bmp,0.9047149419784546,5.0811
619,i06.bmp,i06_04_5.bmp,0.8554024696350098,4.5833
620,i06.bmp,i06_05_1.bmp,0.9224017858505249,5.9189
621,i06.bmp,i06_05_2.bmp,0.8858963847160339,5.7143
622,i06.bmp,i06_05_3.bmp,0.8183528780937195,4.973
623,i06.bmp,i06_05_4.bmp,0.7409266233444214,4.0286
624,i06.bmp,i06_05_5.bmp,0.6523871421813965,2.9459
625,i06.bmp,i06_06_1.bmp,0.8617985248565674,4.6111
626,i06.bmp,i06_06_2.bmp,0.7939021587371826,4.3889
627,i06.bmp,i06_06_3.bmp,0.7224711775779724,3.7778
628,i06.bmp,i06_06_4.bmp,0.6753907203674316,3.5278
629,i06.bmp,i06_06_5.bmp,0.6179720163345337,3.0541
630,i06.bmp,i06_07_1.bmp,0.8382181525230408,5.3243
631,i06.bmp,i06_07_2.bmp,0.7664961814880371,5.1143
632,i06.bmp,i06_07_3.bmp,0.7332898378372192,4.4054
633,i06.bmp,i06_07_4.bmp,0.6576614379882812,3.1429
634,i06.bmp,i06_07_5.bmp,0.6188457012176514,2.6857
635,i06.bmp,i06_08_1.bmp,0.9361740946769714,5.1892
636,i06.bmp,i06_08_2.bmp,0.8923424482345581,4.5833
637,i06.bmp,i06_08_3.bmp,0.8173777461051941,3.4857
638,i06.bmp,i06_08_4.bmp,0.6952592730522156,2.7027
639,i06.bmp,i06_08_5.bmp,0.5415260195732117,2.0541
640,i06.bmp,i06_09_1.bmp,0.8262025117874146,6.0541
641,i06.bmp,i06_09_2.bmp,0.7682165503501892,5.8649
642,i06.bmp,i06_09_3.bmp,0.654507040977478,4.8649
643,i06.bmp,i06_09_4.bmp,0.5451609492301941,3.0
644,i06.bmp,i06_09_5.bmp,0.44115424156188965,1.6571
645,i06.bmp,i06_10_1.bmp,0.8660416603088379,5.8378
646,i06.bmp,i06_10_2.bmp,0.8258740305900574,5.6286
647,i06.bmp,i06_10_3.bmp,0.7277246713638306,5.4286
648,i06.bmp,i06_10_4.bmp,0.5972162485122681,3.1622
649,i06.bmp,i06_10_5.bmp,0.5036206245422363,1.7778
650,i06.bmp,i06_11_1.bmp,0.8567624092102051,5.5405
651,i06.bmp,i06_11_2.bmp,0.7986056804656982,5.1944
652,i06.bmp,i06_11_3.bmp,0.7344962954521179,4.5
653,i06.bmp,i06_11_4.bmp,0.5771628618240356,3.0811
654,i06.bmp,i06_11_5.bmp,0.4064273238182068,0.75676
655,i06.bmp,i06_12_1.bmp,0.9261913299560547,5.8611
656,i06.bmp,i06_12_2.bmp,0.9075855016708374,4.75
657,i06.bmp,i06_12_3.bmp,0.8821337223052979,4.3514
658,i06.bmp,i06_12_4.bmp,0.7819620370864868,3.6286
659,i06.bmp,i06_12_5.bmp,0.7226605415344238,3.8378
660,i06.bmp,i06_13_1.bmp,0.8317277431488037,4.6757
661,i06.bmp,i06_13_2.bmp,0.8675603866577148,4.8286
662,i06.bmp,i06_13_3.bmp,0.7347370982170105,4.1714
663,i06.bmp,i06_13_4.bmp,0.6650623083114624,3.1944
664,i06.bmp,i06_13_5.bmp,0.6056143045425415,2.7027
665,i06.bmp,i06_14_1.bmp,0.9688732624053955,6.0
666,i06.bmp,i06_14_2.bmp,0.961882472038269,6.0
667,i06.bmp,i06_14_3.bmp,0.9198058843612671,4.7714
668,i06.bmp,i06_14_4.bmp,0.8892013430595398,4.3333
669,i06.bmp,i06_14_5.bmp,0.8280913233757019,4.3056
670,i06.bmp,i06_15_1.bmp,0.8511810302734375,3.6216
671,i06.bmp,i06_15_2.bmp,0.8591475486755371,3.3243
672,i06.bmp,i06_15_3.bmp,0.9076239466667175,3.75
673,i06.bmp,i06_15_4.bmp,0.9251937866210938,4.4054
674,i06.bmp,i06_15_5.bmp,0.9234168529510498,4.8333
675,i06.bmp,i06_16_1.bmp,0.9892317652702332,5.5676
676,i06.bmp,i06_16_2.bmp,0.9791252017021179,6.25
677,i06.bmp,i06_16_3.bmp,0.9573594927787781,5.0833
678,i06.bmp,i06_16_4.bmp,0.9277350306510925,5.8378
679,i06.bmp,i06_16_5.bmp,0.8996073603630066,4.1389
680,i06.bmp,i06_17_1.bmp,0.9695126414299011,5.5556
681,i06.bmp,i06_17_2.bmp,0.9328435659408569,6.0811
682,i06.bmp,i06_17_3.bmp,0.9400609731674194,4.0556
683,i06.bmp,i06_17_4.bmp,0.8857567310333252,5.8378
684,i06.bmp,i06_17_5.bmp,0.8926278352737427,3.3784
685,i06.bmp,i06_18_1.bmp,0.9541677236557007,5.2
686,i06.bmp,i06_18_2.bmp,0.9345101714134216,4.3611
687,i06.bmp,i06_18_3.bmp,0.8982862830162048,3.8889
688,i06.bmp,i06_18_4.bmp,0.821819007396698,3.7297
689,i06.bmp,i06_18_5.bmp,0.7042366862297058,3.7838
690,i06.bmp,i06_19_1.bmp,0.8878814578056335,5.3333
691,i06.bmp,i06_19_2.bmp,0.8499912619590759,5.2703
692,i06.bmp,i06_19_3.bmp,0.811678409576416,4.9459
693,i06.bmp,i06_19_4.bmp,0.7672402262687683,4.1944
694,i06.bmp,i06_19_5.bmp,0.7199782133102417,3.5946
695,i06.bmp,i06_20_1.bmp,0.9368470907211304,5.6111
696,i06.bmp,i06_20_2.bmp,0.9010593295097351,5.2778
697,i06.bmp,i06_20_3.bmp,0.8503496050834656,5.5946
698,i06.bmp,i06_20_4.bmp,0.7646543979644775,4.9459
699,i06.bmp,i06_20_5.bmp,0.66600501537323,3.973
700,i06.bmp,i06_21_1.bmp,0.8498548865318298,5.7027
701,i06.bmp,i06_21_2.bmp,0.7931475639343262,5.1111
702,i06.bmp,i06_21_3.bmp,0.750908613204956,4.7143
703,i06.bmp,i06_21_4.bmp,0.6355743408203125,3.6389
704,i06.bmp,i06_21_5.bmp,0.5301541686058044,2.8056
705,i06.bmp,i06_22_1.bmp,0.8961355090141296,5.6389
706,i06.bmp,i06_22_2.bmp,0.8410021662712097,5.2778
707,i06.bmp,i06_22_3.bmp,0.7745928764343262,4.1622
708,i06.bmp,i06_22_4.bmp,0.7158637046813965,3.5676
709,i06.bmp,i06_22_5.bmp,0.6601771116256714,2.973
710,i06.bmp,i06_23_1.bmp,0.8850240707397461,5.9143
711,i06.bmp,i06_23_2.bmp,0.7899454832077026,5.8056
712,i06.bmp,i06_23_3.bmp,0.7121056318283081,5.6757
713,i06.bmp,i06_23_4.bmp,0.6469010710716248,5.3243
714,i06.bmp,i06_23_5.bmp,0.47757893800735474,2.3429
715,i06.bmp,i06_24_1.bmp,0.8363844752311707,5.8378
716,i06.bmp,i06_24_2.bmp,0.7736005783081055,5.8
717,i06.bmp,i06_24_3.bmp,0.6706228256225586,4.8108
718,i06.bmp,i06_24_4.bmp,0.5858556032180786,3.2162
719,i06.bmp,i06_24_5.bmp,0.4240493178367615,0.88889
720,i07.bmp,i07_01_1.bmp,0.8613597750663757,5.6818
721,i07.bmp,i07_01_2.bmp,0.8325705528259277,5.0909
722,i07.bmp,i07_01_3.bmp,0.7877146601676941,4.8
723,i07.bmp,i07_01_4.bmp,0.7350008487701416,4.4546
724,i07.bmp,i07_01_5.bmp,0.6813806295394897,3.9762
725,i07.bmp,i07_02_1.bmp,0.8777658939361572,6.0444
726,i07.bmp,i07_02_2.bmp,0.8477644920349121,5.8636
727,i07.bmp,i07_02_3.bmp,0.7994836568832397,5.5581
728,i07.bmp,i07_02_4.bmp,0.7623798251152039,5.2326
729,i07.bmp,i07_02_5.bmp,0.7168172597885132,4.7556
730,i07.bmp,i07_03_1.bmp,0.7856063842773438,4.9333
731,i07.bmp,i07_03_2.bmp,0.727836549282074,4.2273
732,i07.bmp,i07_03_3.bmp,0.6723617315292358,3.7333
733,i07.bmp,i07_03_4.bmp,0.6126247644424438,3.3111
734,i07.bmp,i07_03_5.bmp,0.5577700734138489,2.7333
735,i07.bmp,i07_04_1.bmp,0.9692999124526978,5.8667
736,i07.bmp,i07_04_2.bmp,0.9502706527709961,6.0
737,i07.bmp,i07_04_3.bmp,0.9180663824081421,5.4222
738,i07.bmp,i07_04_4.bmp,0.8736531138420105,4.9512
739,i07.bmp,i07_04_5.bmp,0.8251384496688843,4.2093
740,i07.bmp,i07_05_1.bmp,0.900613009929657,6.0444
741,i07.bmp,i07_05_2.bmp,0.864931583404541,5.8
742,i07.bmp,i07_05_3.bmp,0.8072385787963867,5.1591
743,i07.bmp,i07_05_4.bmp,0.7356747388839722,4.2791
744,i07.bmp,i07_05_5.bmp,0.6420208811759949,3.3182
745,i07.bmp,i07_06_1.bmp,0.8836976289749146,4.8333
746,i07.bmp,i07_06_2.bmp,0.8448333740234375,4.6136
747,i07.bmp,i07_06_3.bmp,0.7967942953109741,4.1591
748,i07.bmp,i07_06_4.bmp,0.7274717688560486,3.75
749,i07.bmp,i07_06_5.bmp,0.6713539958000183,3.3182
750,i07.bmp,i07_07_1.bmp,0.8490103483200073,5.5814
751,i07.bmp,i07_07_2.bmp,0.768265962600708,5.1905
752,i07.bmp,i07_07_3.bmp,0.7291428446769714,4.3182
753,i07.bmp,i07_07_4.bmp,0.6905279159545898,3.6222
754,i07.bmp,i07_07_5.bmp,0.6273808479309082,2.8372
755,i07.bmp,i07_08_1.bmp,0.9635320901870728,5.8636
756,i07.bmp,i07_08_2.bmp,0.9340680837631226,5.5333
757,i07.bmp,i07_08_3.bmp,0.8765119314193726,4.5814
758,i07.bmp,i07_08_4.bmp,0.7599281072616577,3.4222
759,i07.bmp,i07_08_5.bmp,0.5920153856277466,2.6364
760,i07.bmp,i07_09_1.bmp,0.8637089133262634,6.4222
761,i07.bmp,i07_09_2.bmp,0.8279427289962769,6.0222
762,i07.bmp,i07_09_3.bmp,0.7605196833610535,5.2273
763,i07.bmp,i07_09_4.bmp,0.6442894339561462,3.9767
764,i07.bmp,i07_09_5.bmp,0.5320414900779724,2.4667
765,i07.bmp,i07_10_1.bmp,0.8673021197319031,6.1333
766,i07.bmp,i07_10_2.bmp,0.8178679347038269,5.8864
767,i07.bmp,i07_10_3.bmp,0.731686532497406,5.0454
768,i07.bmp,i07_10_4.bmp,0.6059151887893677,3.7045
769,i07.bmp,i07_10_5.bmp,0.5143352746963501,2.2273
770,i07.bmp,i07_11_1.bmp,0.8108667135238647,5.4884
771,i07.bmp,i07_11_2.bmp,0.7087213397026062,4.5111
772,i07.bmp,i07_11_3.bmp,0.6127951145172119,3.4318
773,i07.bmp,i07_11_4.bmp,0.5218085050582886,2.4222
774,i07.bmp,i07_11_5.bmp,0.421006441116333,0.97727
775,i07.bmp,i07_12_1.bmp,0.9039515852928162,5.3409
776,i07.bmp,i07_12_2.bmp,0.8389205932617188,4.7273
777,i07.bmp,i07_12_3.bmp,0.7508565783500671,3.5333
778,i07.bmp,i07_12_4.bmp,0.6140842437744141,2.8636
779,i07.bmp,i07_12_5.bmp,0.6177412867546082,2.5111
780,i07.bmp,i07_13_1.bmp,0.7871544361114502,4.5814
781,i07.bmp,i07_13_2.bmp,0.7534286379814148,4.0682
782,i07.bmp,i07_13_3.bmp,0.6716720461845398,3.3721
783,i07.bmp,i07_13_4.bmp,0.6180127859115601,2.7273
784,i07.bmp,i07_13_5.bmp,0.5528551340103149,2.5111
785,i07.bmp,i07_14_1.bmp,0.9506213665008545,5.7954
786,i07.bmp,i07_14_2.bmp,0.9722385406494141,6.1591
787,i07.bmp,i07_14_3.bmp,0.9417837858200073,5.7046
788,i07.bmp,i07_14_4.bmp,0.9105855822563171,5.2222
789,i07.bmp,i07_14_5.bmp,0.874527096748352,4.2046
790,i07.bmp,i07_15_1.bmp,0.9168679714202881,3.6364
791,i07.bmp,i07_15_2.bmp,0.9220549464225769,3.2889
792,i07.bmp,i07_15_3.bmp,0.9263318777084351,3.0455
793,i07.bmp,i07_15_4.bmp,0.9401795864105225,3.3409
794,i07.bmp,i07_15_5.bmp,0.9582220911979675,3.6512
795,i07.bmp,i07_16_1.bmp,0.9915491938591003,6.2046
796,i07.bmp,i07_16_2.bmp,0.9863897562026978,6.3488
797,i07.bmp,i07_16_3.bmp,0.966975212097168,5.9333
798,i07.bmp,i07_16_4.bmp,0.9600406885147095,5.3556
799,i07.bmp,i07_16_5.bmp,0.9206389784812927,4.8182
800,i07.bmp,i07_17_1.bmp,0.9801520109176636,5.5454
801,i07.bmp,i07_17_2.bmp,0.9664899110794067,6.4
802,i07.bmp,i07_17_3.bmp,0.9563906192779541,4.4048
803,i07.bmp,i07_17_4.bmp,0.9304823875427246,6.7273
804,i07.bmp,i07_17_5.bmp,0.9160151481628418,3.3409
805,i07.bmp,i07_18_1.bmp,0.9613250494003296,5.3864
806,i07.bmp,i07_18_2.bmp,0.9524566531181335,4.9546
807,i07.bmp,i07_18_3.bmp,0.9266087412834167,4.3778
808,i07.bmp,i07_18_4.bmp,0.8783085346221924,3.8636
809,i07.bmp,i07_18_5.bmp,0.7185053825378418,3.6364
810,i07.bmp,i07_19_1.bmp,0.8661783933639526,5.8667
811,i07.bmp,i07_19_2.bmp,0.8322862982749939,5.4444
812,i07.bmp,i07_19_3.bmp,0.7943966388702393,4.8
813,i07.bmp,i07_19_4.bmp,0.7468011379241943,4.1136
814,i07.bmp,i07_19_5.bmp,0.6919839382171631,3.7045
815,i07.bmp,i07_20_1.bmp,0.8910362124443054,5.75
816,i07.bmp,i07_20_2.bmp,0.8217026591300964,5.4222
817,i07.bmp,i07_20_3.bmp,0.7330416440963745,4.4186
818,i07.bmp,i07_20_4.bmp,0.6599637269973755,3.6222
819,i07.bmp,i07_20_5.bmp,0.5805135369300842,2.9302
820,i07.bmp,i07_21_1.bmp,0.8106004595756531,5.6667
821,i07.bmp,i07_21_2.bmp,0.7585041522979736,4.9546
822,i07.bmp,i07_21_3.bmp,0.7166627645492554,4.1111
823,i07.bmp,i07_21_4.bmp,0.6188119649887085,3.3864
824,i07.bmp,i07_21_5.bmp,0.5379223823547363,2.3256
825,i07.bmp,i07_22_1.bmp,0.8999191522598267,5.9333
826,i07.bmp,i07_22_2.bmp,0.8631059527397156,5.2326
827,i07.bmp,i07_22_3.bmp,0.7890734672546387,4.6512
828,i07.bmp,i07_22_4.bmp,0.7237515449523926,4.1429
829,i07.bmp,i07_22_5.bmp,0.5641827583312988,2.6591
830,i07.bmp,i07_23_1.bmp,0.8979043364524841,6.0222
831,i07.bmp,i07_23_2.bmp,0.8091893196105957,5.7333
832,i07.bmp,i07_23_3.bmp,0.7222198247909546,5.0444
833,i07.bmp,i07_23_4.bmp,0.643180787563324,4.2093
834,i07.bmp,i07_23_5.bmp,0.5275862812995911,2.6444
835,i07.bmp,i07_24_1.bmp,0.8316430449485779,5.7209
836,i07.bmp,i07_24_2.bmp,0.7377976775169373,4.9333
837,i07.bmp,i07_24_3.bmp,0.6500004529953003,3.8636
838,i07.bmp,i07_24_4.bmp,0.5275763869285583,2.25
839,i07.bmp,i07_24_5.bmp,0.44620299339294434,0.47619
840,i08.bmp,i08_01_1.bmp,0.8966032862663269,5.5484
841,i08.bmp,i08_01_2.bmp,0.8601107597351074,4.7097
842,i08.bmp,i08_01_3.bmp,0.8190802335739136,4.8387
843,i08.bmp,i08_01_4.bmp,0.7714588046073914,4.1
844,i08.bmp,i08_01_5.bmp,0.7205702662467957,3.5484
845,i08.bmp,i08_02_1.bmp,0.9032689332962036,5.5938
846,i08.bmp,i08_02_2.bmp,0.8689459562301636,5.5484
847,i08.bmp,i08_02_3.bmp,0.8288286924362183,5.4063
848,i08.bmp,i08_02_4.bmp,0.7843019366264343,5.2258
849,i08.bmp,i08_02_5.bmp,0.7372392416000366,4.6452
850,i08.bmp,i08_03_1.bmp,0.8083213567733765,4.6452
851,i08.bmp,i08_03_2.bmp,0.7588332891464233,4.2903
852,i08.bmp,i08_03_3.bmp,0.7096440196037292,3.4667
853,i08.bmp,i08_03_4.bmp,0.6538048982620239,2.9688
854,i08.bmp,i08_03_5.bmp,0.5910576581954956,2.3438
855,i08.bmp,i08_04_1.bmp,0.9837753772735596,6.0645
856,i08.bmp,i08_04_2.bmp,0.9756495356559753,5.8387
857,i08.bmp,i08_04_3.bmp,0.9613804817199707,5.625
858,i08.bmp,i08_04_4.bmp,0.9358023405075073,5.4375
859,i08.bmp,i08_04_5.bmp,0.8963227272033691,4.9677
860,i08.bmp,i08_05_1.bmp,0.9457144737243652,5.3333
861,i08.bmp,i08_05_2.bmp,0.9170602560043335,5.4516
862,i08.bmp,i08_05_3.bmp,0.8504774570465088,4.7188
863,i08.bmp,i08_05_4.bmp,0.7667670249938965,3.9677
864,i08.bmp,i08_05_5.bmp,0.6652356386184692,3.125
865,i08.bmp,i08_06_1.bmp,0.9054035544395447,4.3871
866,i08.bmp,i08_06_2.bmp,0.868780255317688,4.0938
867,i08.bmp,i08_06_3.bmp,0.8187798261642456,3.9333
868,i08.bmp,i08_06_4.bmp,0.7750005125999451,3.6129
869,i08.bmp,i08_06_5.bmp,0.7172423601150513,3.0645
870,i08.bmp,i08_07_1.bmp,0.8944514989852905,5.5
871,i08.bmp,i08_07_2.bmp,0.8561925888061523,4.6452
872,i08.bmp,i08_07_3.bmp,0.8208578824996948,4.1667
873,i08.bmp,i08_07_4.bmp,0.7527734637260437,3.4516
874,i08.bmp,i08_07_5.bmp,0.6822035312652588,2.3871
875,i08.bmp,i08_08_1.bmp,0.9407967925071716,5.2188
876,i08.bmp,i08_08_2.bmp,0.8829478025436401,4.5938
877,i08.bmp,i08_08_3.bmp,0.8029739856719971,3.9032
878,i08.bmp,i08_08_4.bmp,0.643909215927124,2.871
879,i08.bmp,i08_08_5.bmp,0.5166847705841064,1.9677
880,i08.bmp,i08_09_1.bmp,0.8344119787216187,5.7097
881,i08.bmp,i08_09_2.bmp,0.783574104309082,5.875
882,i08.bmp,i08_09_3.bmp,0.7125142812728882,5.0313
883,i08.bmp,i08_09_4.bmp,0.6219922304153442,3.5
884,i08.bmp,i08_09_5.bmp,0.5007480978965759,1.75
885,i08.bmp,i08_10_1.bmp,0.8939852714538574,5.9677
886,i08.bmp,i08_10_2.bmp,0.8384116888046265,5.5938
887,i08.bmp,i08_10_3.bmp,0.7375094294548035,4.6875
888,i08.bmp,i08_10_4.bmp,0.6200394630432129,3.2188
889,i08.bmp,i08_10_5.bmp,0.519263744354248,1.3438
890,i08.bmp,i08_11_1.bmp,0.8930503726005554,6.0
891,i08.bmp,i08_11_2.bmp,0.8320567607879639,5.25
892,i08.bmp,i08_11_3.bmp,0.7482098340988159,4.5667
893,i08.bmp,i08_11_4.bmp,0.687087893486023,4.1936
894,i08.bmp,i08_11_5.bmp,0.516589879989624,2.2667
895,i08.bmp,i08_12_1.bmp,0.9657437801361084,6.1936
896,i08.bmp,i08_12_2.bmp,0.9719035625457764,5.7419
897,i08.bmp,i08_12_3.bmp,0.9247058629989624,5.5
898,i08.bmp,i08_12_4.bmp,0.7678079605102539,4.8125
899,i08.bmp,i08_12_5.bmp,0.8792598247528076,4.25
900,i08.bmp,i08_13_1.bmp,0.9421271085739136,5.7813
901,i08.bmp,i08_13_2.bmp,0.8232934474945068,3.2667
902,i08.bmp,i08_13_3.bmp,0.903030276298523,4.3871
903,i08.bmp,i08_13_4.bmp,0.7625812292098999,2.7333
904,i08.bmp,i08_13_5.bmp,0.627649188041687,2.125
905,i08.bmp,i08_14_1.bmp,0.9738118648529053,5.6563
906,i08.bmp,i08_14_2.bmp,0.9737722873687744,5.4375
907,i08.bmp,i08_14_3.bmp,0.9392867088317871,4.871
908,i08.bmp,i08_14_4.bmp,0.9044790267944336,4.75
909,i08.bmp,i08_14_5.bmp,0.8582931756973267,4.0
910,i08.bmp,i08_15_1.bmp,0.919487476348877,3.7742
911,i08.bmp,i08_15_2.bmp,0.925635039806366,2.9355
912,i08.bmp,i08_15_3.bmp,0.9311053156852722,3.2813
913,i08.bmp,i08_15_4.bmp,0.9436354637145996,3.6875
914,i08.bmp,i08_15_5.bmp,0.9456588625907898,3.5161
915,i08.bmp,i08_16_1.bmp,0.9916077852249146,6.0625
916,i08.bmp,i08_16_2.bmp,0.9816588163375854,5.75
917,i08.bmp,i08_16_3.bmp,0.9650480151176453,5.871
918,i08.bmp,i08_16_4.bmp,0.9461591243743896,4.9032
919,i08.bmp,i08_16_5.bmp,0.905941367149353,4.5667
920,i08.bmp,i08_17_1.bmp,0.9832364320755005,5.4063
921,i08.bmp,i08_17_2.bmp,0.9597247838973999,5.5807
922,i08.bmp,i08_17_3.bmp,0.9597300291061401,4.1875
923,i08.bmp,i08_17_4.bmp,0.9058936834335327,5.0645
924,i08.bmp,i08_17_5.bmp,0.9138001203536987,3.2581
925,i08.bmp,i08_18_1.bmp,0.956526517868042,4.25
926,i08.bmp,i08_18_2.bmp,0.9273304343223572,3.7419
927,i08.bmp,i08_18_3.bmp,0.8648393154144287,2.9375
928,i08.bmp,i08_18_4.bmp,0.7849854230880737,2.8438
929,i08.bmp,i08_18_5.bmp,0.7680433988571167,2.871
930,i08.bmp,i08_19_1.bmp,0.9196988940238953,5.3871
931,i08.bmp,i08_19_2.bmp,0.8834738731384277,4.9355
932,i08.bmp,i08_19_3.bmp,0.8498034477233887,4.6875
933,i08.bmp,i08_19_4.bmp,0.8068369626998901,4.0323
934,i08.bmp,i08_19_5.bmp,0.7468296885490417,3.5938
935,i08.bmp,i08_20_1.bmp,0.9563311338424683,5.871
936,i08.bmp,i08_20_2.bmp,0.9280139207839966,5.9677
937,i08.bmp,i08_20_3.bmp,0.8705474734306335,5.2667
938,i08.bmp,i08_20_4.bmp,0.7936376333236694,4.625
939,i08.bmp,i08_20_5.bmp,0.6974668502807617,3.8125
940,i08.bmp,i08_21_1.bmp,0.8861705660820007,5.6875
941,i08.bmp,i08_21_2.bmp,0.8292492628097534,4.9355
942,i08.bmp,i08_21_3.bmp,0.7619305849075317,4.2903
943,i08.bmp,i08_21_4.bmp,0.6930756568908691,3.8064
944,i08.bmp,i08_21_5.bmp,0.6003852486610413,2.6774
945,i08.bmp,i08_22_1.bmp,0.9249242544174194,5.6129
946,i08.bmp,i08_22_2.bmp,0.8818241953849792,5.4516
947,i08.bmp,i08_22_3.bmp,0.8452514410018921,4.1613
948,i08.bmp,i08_22_4.bmp,0.7737784385681152,3.0625
949,i08.bmp,i08_22_5.bmp,0.7109605669975281,2.375
950,i08.bmp,i08_23_1.bmp,0.945285439491272,6.0323
951,i08.bmp,i08_23_2.bmp,0.8916773200035095,6.1613
952,i08.bmp,i08_23_3.bmp,0.8440274596214294,5.6774
953,i08.bmp,i08_23_4.bmp,0.8095787763595581,5.5
954,i08.bmp,i08_23_5.bmp,0.7649711966514587,5.4375
955,i08.bmp,i08_24_1.bmp,0.8872458934783936,5.9355
956,i08.bmp,i08_24_2.bmp,0.8258016109466553,5.7813
957,i08.bmp,i08_24_3.bmp,0.7384027242660522,5.2903
958,i08.bmp,i08_24_4.bmp,0.6606881022453308,3.9677
959,i08.bmp,i08_24_5.bmp,0.5726473331451416,2.625
960,i09.bmp,i09_01_1.bmp,0.8602797985076904,5.3636
961,i09.bmp,i09_01_2.bmp,0.8168506622314453,5.0
962,i09.bmp,i09_01_3.bmp,0.7636229991912842,4.5454
963,i09.bmp,i09_01_4.bmp,0.7274172306060791,4.0323
964,i09.bmp,i09_01_5.bmp,0.6773636341094971,3.6364
965,i09.bmp,i09_02_1.bmp,0.8769528865814209,5.8788
966,i09.bmp,i09_02_2.bmp,0.8437066078186035,6.0303
967,i09.bmp,i09_02_3.bmp,0.8016261458396912,5.5625
968,i09.bmp,i09_02_4.bmp,0.7585062980651855,4.875
969,i09.bmp,i09_02_5.bmp,0.705763578414917,4.5454
970,i09.bmp,i09_03_1.bmp,0.7515949010848999,4.6061
971,i09.bmp,i09_03_2.bmp,0.6895952224731445,4.0938
972,i09.bmp,i09_03_3.bmp,0.6411787271499634,3.697
973,i09.bmp,i09_03_4.bmp,0.6005710363388062,3.25
974,i09.bmp,i09_03_5.bmp,0.5484036207199097,2.8788
975,i09.bmp,i09_04_1.bmp,0.9668165445327759,5.7419
976,i09.bmp,i09_04_2.bmp,0.9499074816703796,5.5938
977,i09.bmp,i09_04_3.bmp,0.9207021594047546,5.3871
978,i09.bmp,i09_04_4.bmp,0.8772989511489868,4.6774
979,i09.bmp,i09_04_5.bmp,0.8175082206726074,4.2727
980,i09.bmp,i09_05_1.bmp,0.9104828834533691,5.9355
981,i09.bmp,i09_05_2.bmp,0.8772300481796265,5.5
982,i09.bmp,i09_05_3.bmp,0.8077165484428406,4.9688
983,i09.bmp,i09_05_4.bmp,0.7326178550720215,4.0909
984,i09.bmp,i09_05_5.bmp,0.6485816240310669,3.5938
985,i09.bmp,i09_06_1.bmp,0.8177711367607117,5.2188
986,i09.bmp,i09_06_2.bmp,0.7710091471672058,4.3125
987,i09.bmp,i09_06_3.bmp,0.7396445274353027,4.1613
988,i09.bmp,i09_06_4.bmp,0.6910495758056641,3.8125
989,i09.bmp,i09_06_5.bmp,0.6473726630210876,3.3438
990,i09.bmp,i09_07_1.bmp,0.8000873327255249,4.8788
991,i09.bmp,i09_07_2.bmp,0.7231073379516602,4.75
992,i09.bmp,i09_07_3.bmp,0.6534930467605591,4.129
993,i09.bmp,i09_07_4.bmp,0.6398047208786011,3.6667
994,i09.bmp,i09_07_5.bmp,0.619155764579773,2.7097
995,i09.bmp,i09_08_1.bmp,0.9487165212631226,5.875
996,i09.bmp,i09_08_2.bmp,0.9120848178863525,5.2424
997,i09.bmp,i09_08_3.bmp,0.8390524387359619,4.3438
998,i09.bmp,i09_08_4.bmp,0.7046669721603394,3.4848
999,i09.bmp,i09_08_5.bmp,0.5583661794662476,2.375
1000,i09.bmp,i09_09_1.bmp,0.7814353704452515,6.5454
1001,i09.bmp,i09_09_2.bmp,0.7495671510696411,6.0909
1002,i09.bmp,i09_09_3.bmp,0.688103199005127,5.1515
1003,i09.bmp,i09_09_4.bmp,0.5621725916862488,3.9063
1004,i09.bmp,i09_09_5.bmp,0.4772951304912567,2.5152
1005,i09.bmp,i09_10_1.bmp,0.8727909922599792,6.0
1006,i09.bmp,i09_10_2.bmp,0.8220906257629395,5.6563
1007,i09.bmp,i09_10_3.bmp,0.7280682921409607,4.9063
1008,i09.bmp,i09_10_4.bmp,0.5783878564834595,3.1936
1009,i09.bmp,i09_10_5.bmp,0.4820990562438965,2.3438
1010,i09.bmp,i09_11_1.bmp,0.7752432227134705,5.9063
1011,i09.bmp,i09_11_2.bmp,0.7009286880493164,5.1563
1012,i09.bmp,i09_11_3.bmp,0.5961874723434448,3.9688
1013,i09.bmp,i09_11_4.bmp,0.46665439009666443,2.4063
1014,i09.bmp,i09_11_5.bmp,0.40165194869041443,0.87879
1015,i09.bmp,i09_12_1.bmp,0.956892192363739,6.0606
1016,i09.bmp,i09_12_2.bmp,0.9194787740707397,5.9063
1017,i09.bmp,i09_12_3.bmp,0.7545982599258423,4.9063
1018,i09.bmp,i09_12_4.bmp,0.62836754322052,2.9688
1019,i09.bmp,i09_12_5.bmp,0.5768664479255676,2.8438
1020,i09.bmp,i09_13_1.bmp,0.7765557169914246,4.5152
1021,i09.bmp,i09_13_2.bmp,0.6993035674095154,3.7742
1022,i09.bmp,i09_13_3.bmp,0.6038898229598999,3.3333
1023,i09.bmp,i09_13_4.bmp,0.5486527681350708,2.8182
1024,i09.bmp,i09_13_5.bmp,0.5971184968948364,2.8788
1025,i09.bmp,i09_14_1.bmp,0.931196391582489,5.8438
1026,i09.bmp,i09_14_2.bmp,0.9717094302177429,5.4848
1027,i09.bmp,i09_14_3.bmp,0.9357194900512695,6.2813
1028,i09.bmp,i09_14_4.bmp,0.8725689649581909,4.4375
1029,i09.bmp,i09_14_5.bmp,0.8302993178367615,3.3125
1030,i09.bmp,i09_15_1.bmp,0.8729555010795593,2.9091
1031,i09.bmp,i09_15_2.bmp,0.8966724872589111,3.0606
1032,i09.bmp,i09_15_3.bmp,0.9081517457962036,3.25
1033,i09.bmp,i09_15_4.bmp,0.9319045543670654,3.5938
1034,i09.bmp,i09_15_5.bmp,0.9693648815155029,5.8485
1035,i09.bmp,i09_16_1.bmp,0.9925829172134399,6.0606
1036,i09.bmp,i09_16_2.bmp,0.9873432517051697,6.303
1037,i09.bmp,i09_16_3.bmp,0.9716622233390808,5.75
1038,i09.bmp,i09_16_4.bmp,0.9572798609733582,5.9032
1039,i09.bmp,i09_16_5.bmp,0.9311871528625488,4.6667
1040,i09.bmp,i09_17_1.bmp,0.9652090072631836,5.8125
1041,i09.bmp,i09_17_2.bmp,0.9601643085479736,6.7879
1042,i09.bmp,i09_17_3.bmp,0.9012421369552612,4.7813
1043,i09.bmp,i09_17_4.bmp,0.9210771918296814,6.3636
1044,i09.bmp,i09_17_5.bmp,0.8885769248008728,3.6061
1045,i09.bmp,i09_18_1.bmp,0.9365086555480957,4.8182
1046,i09.bmp,i09_18_2.bmp,0.9095918536186218,4.303
1047,i09.bmp,i09_18_3.bmp,0.8763241767883301,4.0645
1048,i09.bmp,i09_18_4.bmp,0.7994711399078369,3.3125
1049,i09.bmp,i09_18_5.bmp,0.7174547910690308,3.1563
1050,i09.bmp,i09_19_1.bmp,0.8674284219741821,5.5
1051,i09.bmp,i09_19_2.bmp,0.8230457305908203,4.6774
1052,i09.bmp,i09_19_3.bmp,0.774929404258728,4.5161
1053,i09.bmp,i09_19_4.bmp,0.7301269769668579,4.0625
1054,i09.bmp,i09_19_5.bmp,0.6812447905540466,3.4848
1055,i09.bmp,i09_20_1.bmp,0.8998023271560669,5.8125
1056,i09.bmp,i09_20_2.bmp,0.8433920741081238,5.6667
1057,i09.bmp,i09_20_3.bmp,0.7365440130233765,4.5
1058,i09.bmp,i09_20_4.bmp,0.6309893131256104,3.9091
1059,i09.bmp,i09_20_5.bmp,0.5520339012145996,2.9091
1060,i09.bmp,i09_21_1.bmp,0.8063850402832031,5.2727
1061,i09.bmp,i09_21_2.bmp,0.7445605993270874,4.8125
1062,i09.bmp,i09_21_3.bmp,0.6817118525505066,4.25
1063,i09.bmp,i09_21_4.bmp,0.5995659828186035,3.5
1064,i09.bmp,i09_21_5.bmp,0.4734707772731781,2.1613
1065,i09.bmp,i09_22_1.bmp,0.8725131750106812,5.7188
1066,i09.bmp,i09_22_2.bmp,0.8064888715744019,5.7879
1067,i09.bmp,i09_22_3.bmp,0.7393836379051208,5.5
1068,i09.bmp,i09_22_4.bmp,0.6164681315422058,4.0938
1069,i09.bmp,i09_22_5.bmp,0.5440951585769653,2.7188
1070,i09.bmp,i09_23_1.bmp,0.8525335192680359,6.25
1071,i09.bmp,i09_23_2.bmp,0.7598058581352234,6.2813
1072,i09.bmp,i09_23_3.bmp,0.688621997833252,6.0303
1073,i09.bmp,i09_23_4.bmp,0.6199629306793213,4.8125
1074,i09.bmp,i09_23_5.bmp,0.49321794509887695,2.875
1075,i09.bmp,i09_24_1.bmp,0.8272668123245239,5.75
1076,i09.bmp,i09_24_2.bmp,0.7426716089248657,5.0938
1077,i09.bmp,i09_24_3.bmp,0.6259927749633789,3.75
1078,i09.bmp,i09_24_4.bmp,0.5013409852981567,2.0303
1079,i09.bmp,i09_24_5.bmp,0.4276719093322754,0.24242
1080,i10.bmp,i10_01_1.bmp,0.8397454023361206,5.718
1081,i10.bmp,i10_01_2.bmp,0.7877683043479919,5.4324
1082,i10.bmp,i10_01_3.bmp,0.7188352942466736,4.7436
1083,i10.bmp,i10_01_4.bmp,0.6850018501281738,4.5385
1084,i10.bmp,i10_01_5.bmp,0.6037499308586121,3.8158
1085,i10.bmp,i10_02_1.bmp,0.8463644981384277,6.0541
1086,i10.bmp,i10_02_2.bmp,0.789385199546814,5.8378
1087,i10.bmp,i10_02_3.bmp,0.7591711282730103,5.7692
1088,i10.bmp,i10_02_4.bmp,0.6985857486724854,5.5263
1089,i10.bmp,i10_02_5.bmp,0.6397383213043213,4.7297
1090,i10.bmp,i10_03_1.bmp,0.724714994430542,5.0541
1091,i10.bmp,i10_03_2.bmp,0.6733177900314331,4.3611
1092,i10.bmp,i10_03_3.bmp,0.600980281829834,4.0256
1093,i10.bmp,i10_03_4.bmp,0.5689210891723633,3.3077
1094,i10.bmp,i10_03_5.bmp,0.4879342019557953,2.9231
1095,i10.bmp,i10_04_1.bmp,0.958540141582489,6.0769
1096,i10.bmp,i10_04_2.bmp,0.9448055624961853,5.1111
1097,i10.bmp,i10_04_3.bmp,0.9155978560447693,5.1579
1098,i10.bmp,i10_04_4.bmp,0.8676202297210693,4.7692
1099,i10.bmp,i10_04_5.bmp,0.8180987238883972,4.2308
1100,i10.bmp,i10_05_1.bmp,0.8953995704650879,6.0513
1101,i10.bmp,i10_05_2.bmp,0.8557590246200562,5.7949
1102,i10.bmp,i10_05_3.bmp,0.7729775905609131,5.1795
1103,i10.bmp,i10_05_4.bmp,0.6764628291130066,4.3947
1104,i10.bmp,i10_05_5.bmp,0.5721891522407532,3.3421
1105,i10.bmp,i10_06_1.bmp,0.799702525138855,5.1579
1106,i10.bmp,i10_06_2.bmp,0.7391707897186279,4.6486
1107,i10.bmp,i10_06_3.bmp,0.696610689163208,4.5789
1108,i10.bmp,i10_06_4.bmp,0.6621648669242859,3.8421
1109,i10.bmp,i10_06_5.bmp,0.5987547039985657,3.4054
1110,i10.bmp,i10_07_1.bmp,0.735567569732666,5.5405
1111,i10.bmp,i10_07_2.bmp,0.6837899088859558,5.0256
1112,i10.bmp,i10_07_3.bmp,0.6265065670013428,4.4615
1113,i10.bmp,i10_07_4.bmp,0.577922523021698,4.0
1114,i10.bmp,i10_07_5.bmp,0.5474814176559448,3.0526
1115,i10.bmp,i10_08_1.bmp,0.9496797323226929,5.9737
1116,i10.bmp,i10_08_2.bmp,0.9111883044242859,5.3077
1117,i10.bmp,i10_08_3.bmp,0.8297140002250671,4.3514
1118,i10.bmp,i10_08_4.bmp,0.680732250213623,3.5
1119,i10.bmp,i10_08_5.bmp,0.5446248650550842,2.7895
1120,i10.bmp,i10_09_1.bmp,0.7797412872314453,5.9744
1121,i10.bmp,i10_09_2.bmp,0.7136704325675964,5.6923
1122,i10.bmp,i10_09_3.bmp,0.6290557384490967,5.1795
1123,i10.bmp,i10_09_4.bmp,0.5322911739349365,3.8158
1124,i10.bmp,i10_09_5.bmp,0.4505690038204193,2.282
1125,i10.bmp,i10_10_1.bmp,0.8448541164398193,5.8684
1126,i10.bmp,i10_10_2.bmp,0.7575087547302246,5.8158
1127,i10.bmp,i10_10_3.bmp,0.6508132219314575,5.2051
1128,i10.bmp,i10_10_4.bmp,0.5278425216674805,3.641
1129,i10.bmp,i10_10_5.bmp,0.4819447994232178,2.4359
1130,i10.bmp,i10_11_1.bmp,0.7408043742179871,5.1539
1131,i10.bmp,i10_11_2.bmp,0.6104749441146851,4.4615
1132,i10.bmp,i10_11_3.bmp,0.5219370126724243,3.6154
1133,i10.bmp,i10_11_4.bmp,0.44507572054862976,2.1842
1134,i10.bmp,i10_11_5.bmp,0.39205893874168396,1.2368
1135,i10.bmp,i10_12_1.bmp,0.8434309959411621,4.7692
1136,i10.bmp,i10_12_2.bmp,0.8339924812316895,5.8421
1137,i10.bmp,i10_12_3.bmp,0.7915534973144531,4.9231
1138,i10.bmp,i10_12_4.bmp,0.7356025576591492,4.0526
1139,i10.bmp,i10_12_5.bmp,0.5756568908691406,2.6842
1140,i10.bmp,i10_13_1.bmp,0.900870680809021,5.7895
1141,i10.bmp,i10_13_2.bmp,0.6343384981155396,3.9211
1142,i10.bmp,i10_13_3.bmp,0.5751887559890747,3.4211
1143,i10.bmp,i10_13_4.bmp,0.521229088306427,2.6842
1144,i10.bmp,i10_13_5.bmp,0.5110046863555908,2.8974
1145,i10.bmp,i10_14_1.bmp,0.9206265807151794,5.8205
1146,i10.bmp,i10_14_2.bmp,0.9707255363464355,6.1539
1147,i10.bmp,i10_14_3.bmp,0.9329895973205566,5.5526
1148,i10.bmp,i10_14_4.bmp,0.841991662979126,4.2703
1149,i10.bmp,i10_14_5.bmp,0.8116086721420288,3.8421
1150,i10.bmp,i10_15_1.bmp,0.8301703333854675,3.0789
1151,i10.bmp,i10_15_2.bmp,0.8814023733139038,3.2308
1152,i10.bmp,i10_15_3.bmp,0.9023725390434265,3.6154
1153,i10.bmp,i10_15_4.bmp,0.9257545471191406,3.3684
1154,i10.bmp,i10_15_5.bmp,0.9443840980529785,4.1795
1155,i10.bmp,i10_16_1.bmp,0.9877519607543945,6.1282
1156,i10.bmp,i10_16_2.bmp,0.9766947627067566,6.1026
1157,i10.bmp,i10_16_3.bmp,0.9484952688217163,6.0256
1158,i10.bmp,i10_16_4.bmp,0.9330651164054871,5.5789
1159,i10.bmp,i10_16_5.bmp,0.8891116380691528,5.1282
1160,i10.bmp,i10_17_1.bmp,0.9603284597396851,5.7105
1161,i10.bmp,i10_17_2.bmp,0.9244961738586426,6.5897
1162,i10.bmp,i10_17_3.bmp,0.9138769507408142,4.5676
1163,i10.bmp,i10_17_4.bmp,0.8685266375541687,6.5641
1164,i10.bmp,i10_17_5.bmp,0.8776018023490906,3.6923
1165,i10.bmp,i10_18_1.bmp,0.9105009436607361,4.5128
1166,i10.bmp,i10_18_2.bmp,0.8555065989494324,4.0769
1167,i10.bmp,i10_18_3.bmp,0.7595939636230469,3.8205
1168,i10.bmp,i10_18_4.bmp,0.7366763353347778,3.6316
1169,i10.bmp,i10_18_5.bmp,0.7228093147277832,3.3158
1170,i10.bmp,i10_19_1.bmp,0.8416401147842407,5.5789
1171,i10.bmp,i10_19_2.bmp,0.8032166361808777,5.4211
1172,i10.bmp,i10_19_3.bmp,0.72917240858078,4.6757
1173,i10.bmp,i10_19_4.bmp,0.6901471018791199,4.2162
1174,i10.bmp,i10_19_5.bmp,0.6153729557991028,3.8718
1175,i10.bmp,i10_20_1.bmp,0.8616642951965332,5.8461
1176,i10.bmp,i10_20_2.bmp,0.7614717483520508,5.3846
1177,i10.bmp,i10_20_3.bmp,0.6606292724609375,4.4359
1178,i10.bmp,i10_20_4.bmp,0.5792065858840942,3.5789
1179,i10.bmp,i10_20_5.bmp,0.5611186027526855,2.8649
1180,i10.bmp,i10_21_1.bmp,0.7280474901199341,5.5
1181,i10.bmp,i10_21_2.bmp,0.6527168154716492,5.1795
1182,i10.bmp,i10_21_3.bmp,0.6064278483390808,4.2564
1183,i10.bmp,i10_21_4.bmp,0.5505234599113464,3.7692
1184,i10.bmp,i10_21_5.bmp,0.4715483784675598,2.5128
1185,i10.bmp,i10_22_1.bmp,0.8149785995483398,5.9737
1186,i10.bmp,i10_22_2.bmp,0.7733049392700195,4.8718
1187,i10.bmp,i10_22_3.bmp,0.7237138748168945,4.4865
1188,i10.bmp,i10_22_4.bmp,0.6640376448631287,4.0278
1189,i10.bmp,i10_22_5.bmp,0.6018326282501221,3.2564
1190,i10.bmp,i10_23_1.bmp,0.8659629821777344,6.1539
1191,i10.bmp,i10_23_2.bmp,0.7522345781326294,5.9487
1192,i10.bmp,i10_23_3.bmp,0.6206014156341553,4.5526
1193,i10.bmp,i10_23_4.bmp,0.4861491322517395,2.6053
1194,i10.bmp,i10_23_5.bmp,0.40177783370018005,1.4474
1195,i10.bmp,i10_24_1.bmp,0.7717463374137878,5.4615
1196,i10.bmp,i10_24_2.bmp,0.6901361346244812,4.7895
1197,i10.bmp,i10_24_3.bmp,0.5690022706985474,3.5128
1198,i10.bmp,i10_24_4.bmp,0.4410405158996582,1.8649
1199,i10.bmp,i10_24_5.bmp,0.40588828921318054,0.36842
1200,i11.bmp,i11_01_1.bmp,0.8723084330558777,5.5405
1201,i11.bmp,i11_01_2.bmp,0.8323935270309448,5.1622
1202,i11.bmp,i11_01_3.bmp,0.7884275317192078,5.3514
1203,i11.bmp,i11_01_4.bmp,0.7403653860092163,4.2857
1204,i11.bmp,i11_01_5.bmp,0.684105396270752,3.8611
1205,i11.bmp,i11_02_1.bmp,0.8786725997924805,5.5556
1206,i11.bmp,i11_02_2.bmp,0.8441037535667419,5.8857
1207,i11.bmp,i11_02_3.bmp,0.8041355609893799,5.4444
1208,i11.bmp,i11_02_4.bmp,0.7610182166099548,5.1944
1209,i11.bmp,i11_02_5.bmp,0.7124441862106323,4.75
1210,i11.bmp,i11_03_1.bmp,0.7763056755065918,5.0
1211,i11.bmp,i11_03_2.bmp,0.7150384783744812,4.4324
1212,i11.bmp,i11_03_3.bmp,0.6458777189254761,3.8286
1213,i11.bmp,i11_03_4.bmp,0.5884572267532349,3.2703
1214,i11.bmp,i11_03_5.bmp,0.5275074243545532,2.9167
1215,i11.bmp,i11_04_1.bmp,0.9657860994338989,5.4706
1216,i11.bmp,i11_04_2.bmp,0.9512149691581726,5.6216
1217,i11.bmp,i11_04_3.bmp,0.9208283424377441,5.2857
1218,i11.bmp,i11_04_4.bmp,0.8754872679710388,5.1944
1219,i11.bmp,i11_04_5.bmp,0.8196073770523071,4.6757
1220,i11.bmp,i11_05_1.bmp,0.913364827632904,6.027
1221,i11.bmp,i11_05_2.bmp,0.8833484053611755,5.8056
1222,i11.bmp,i11_05_3.bmp,0.8184877634048462,5.2973
1223,i11.bmp,i11_05_4.bmp,0.7380549311637878,4.1944
1224,i11.bmp,i11_05_5.bmp,0.626527726650238,3.0556
1225,i11.bmp,i11_06_1.bmp,0.8705482482910156,4.6944
1226,i11.bmp,i11_06_2.bmp,0.8103777766227722,4.3889
1227,i11.bmp,i11_06_3.bmp,0.7724176645278931,3.973
1228,i11.bmp,i11_06_4.bmp,0.7066396474838257,3.5405
1229,i11.bmp,i11_06_5.bmp,0.6377347707748413,3.0286
1230,i11.bmp,i11_07_1.bmp,0.8625614047050476,5.5676
1231,i11.bmp,i11_07_2.bmp,0.7748331427574158,4.8
1232,i11.bmp,i11_07_3.bmp,0.7113975882530212,4.5278
1233,i11.bmp,i11_07_4.bmp,0.6485875844955444,3.9412
1234,i11.bmp,i11_07_5.bmp,0.6094166040420532,2.7568
1235,i11.bmp,i11_08_1.bmp,0.9363911151885986,4.9429
1236,i11.bmp,i11_08_2.bmp,0.8909987211227417,4.5714
1237,i11.bmp,i11_08_3.bmp,0.81289142370224,3.7568
1238,i11.bmp,i11_08_4.bmp,0.6693999171257019,2.8571
1239,i11.bmp,i11_08_5.bmp,0.5122033357620239,2.3333
1240,i11.bmp,i11_09_1.bmp,0.8072440028190613,5.8108
1241,i11.bmp,i11_09_2.bmp,0.7578344345092773,5.8649
1242,i11.bmp,i11_09_3.bmp,0.6731764674186707,4.6667
1243,i11.bmp,i11_09_4.bmp,0.5582925081253052,3.3333
1244,i11.bmp,i11_09_5.bmp,0.4509612023830414,1.9722
1245,i11.bmp,i11_10_1.bmp,0.8689441680908203,5.8108
1246,i11.bmp,i11_10_2.bmp,0.8234521746635437,5.6486
1247,i11.bmp,i11_10_3.bmp,0.7384837865829468,5.0278
1248,i11.bmp,i11_10_4.bmp,0.5862154960632324,3.4865
1249,i11.bmp,i11_10_5.bmp,0.46485060453414917,2.2703
1250,i11.bmp,i11_11_1.bmp,0.8419644236564636,5.8611
1251,i11.bmp,i11_11_2.bmp,0.8016736507415771,5.4286
1252,i11.bmp,i11_11_3.bmp,0.7084104418754578,4.4722
1253,i11.bmp,i11_11_4.bmp,0.5281891822814941,2.9143
1254,i11.bmp,i11_11_5.bmp,0.4088534712791443,0.97222
1255,i11.bmp,i11_12_1.bmp,0.9316014647483826,5.6111
1256,i11.bmp,i11_12_2.bmp,0.9443796873092651,5.9722
1257,i11.bmp,i11_12_3.bmp,0.8232137560844421,4.6216
1258,i11.bmp,i11_12_4.bmp,0.7364687919616699,3.7778
1259,i11.bmp,i11_12_5.bmp,0.5686845183372498,2.0278
1260,i11.bmp,i11_13_1.bmp,0.7812446355819702,4.0833
1261,i11.bmp,i11_13_2.bmp,0.7680726051330566,4.5405
1262,i11.bmp,i11_13_3.bmp,0.6287451982498169,3.25
1263,i11.bmp,i11_13_4.bmp,0.5762245655059814,2.75
1264,i11.bmp,i11_13_5.bmp,0.5367425084114075,2.2778
1265,i11.bmp,i11_14_1.bmp,0.9537205696105957,5.8333
1266,i11.bmp,i11_14_2.bmp,0.9590557813644409,5.4571
1267,i11.bmp,i11_14_3.bmp,0.8943685293197632,5.2973
1268,i11.bmp,i11_14_4.bmp,0.8575877547264099,5.1667
1269,i11.bmp,i11_14_5.bmp,0.8169224262237549,4.3889
1270,i11.bmp,i11_15_1.bmp,0.8725987672805786,3.1892
1271,i11.bmp,i11_15_2.bmp,0.8783167600631714,3.3889
1272,i11.bmp,i11_15_3.bmp,0.9050381183624268,3.5
1273,i11.bmp,i11_15_4.bmp,0.925579309463501,3.6757
1274,i11.bmp,i11_15_5.bmp,0.9456266164779663,3.5
1275,i11.bmp,i11_16_1.bmp,0.9857301115989685,6.1081
1276,i11.bmp,i11_16_2.bmp,0.9798808097839355,5.9189
1277,i11.bmp,i11_16_3.bmp,0.9149083495140076,5.6944
1278,i11.bmp,i11_16_4.bmp,0.9432848691940308,4.9459
1279,i11.bmp,i11_16_5.bmp,0.8225516080856323,4.5676
1280,i11.bmp,i11_17_1.bmp,0.9737445116043091,5.5946
1281,i11.bmp,i11_17_2.bmp,0.9391155242919922,6.75
1282,i11.bmp,i11_17_3.bmp,0.9442645311355591,4.3429
1283,i11.bmp,i11_17_4.bmp,0.8812016844749451,6.8378
1284,i11.bmp,i11_17_5.bmp,0.8945057392120361,3.2162
1285,i11.bmp,i11_18_1.bmp,0.9399124979972839,4.5556
1286,i11.bmp,i11_18_2.bmp,0.9143728017807007,4.2703
1287,i11.bmp,i11_18_3.bmp,0.861147403717041,3.5833
1288,i11.bmp,i11_18_4.bmp,0.7197377681732178,3.4412
1289,i11.bmp,i11_18_5.bmp,0.706529974937439,3.5135
1290,i11.bmp,i11_19_1.bmp,0.8977786302566528,5.6486
1291,i11.bmp,i11_19_2.bmp,0.8514785170555115,5.1111
1292,i11.bmp,i11_19_3.bmp,0.8054313659667969,4.6486
1293,i11.bmp,i11_19_4.bmp,0.746900200843811,3.9714
1294,i11.bmp,i11_19_5.bmp,0.6874222159385681,3.6216
1295,i11.bmp,i11_20_1.bmp,0.9187321662902832,6.0286
1296,i11.bmp,i11_20_2.bmp,0.8836530447006226,5.5946
1297,i11.bmp,i11_20_3.bmp,0.829985499382019,5.3514
1298,i11.bmp,i11_20_4.bmp,0.7438735365867615,4.8889
1299,i11.bmp,i11_20_5.bmp,0.6297182440757751,3.6389
1300,i11.bmp,i11_21_1.bmp,0.8530287742614746,5.7027
1301,i11.bmp,i11_21_2.bmp,0.7977155447006226,5.4167
1302,i11.bmp,i11_21_3.bmp,0.7321419715881348,4.4054
1303,i11.bmp,i11_21_4.bmp,0.6284444332122803,3.8611
1304,i11.bmp,i11_21_5.bmp,0.5215639472007751,2.6486
1305,i11.bmp,i11_22_1.bmp,0.8927760124206543,5.5676
1306,i11.bmp,i11_22_2.bmp,0.8483816981315613,5.4054
1307,i11.bmp,i11_22_3.bmp,0.7727670669555664,4.8919
1308,i11.bmp,i11_22_4.bmp,0.6739438772201538,3.6486
1309,i11.bmp,i11_22_5.bmp,0.5852187871932983,2.5278
1310,i11.bmp,i11_23_1.bmp,0.884922444820404,5.8649
1311,i11.bmp,i11_23_2.bmp,0.795804500579834,5.8378
1312,i11.bmp,i11_23_3.bmp,0.7404206991195679,5.9459
1313,i11.bmp,i11_23_4.bmp,0.6579930782318115,5.2703
1314,i11.bmp,i11_23_5.bmp,0.5028874278068542,2.7568
1315,i11.bmp,i11_24_1.bmp,0.860881507396698,5.9189
1316,i11.bmp,i11_24_2.bmp,0.7941686511039734,5.4722
1317,i11.bmp,i11_24_3.bmp,0.6885220408439636,4.6286
1318,i11.bmp,i11_24_4.bmp,0.5306187868118286,2.8857
1319,i11.bmp,i11_24_5.bmp,0.4187518060207367,0.58333
1320,i12.bmp,i12_01_1.bmp,0.847865104675293,5.9459
1321,i12.bmp,i12_01_2.bmp,0.8079886436462402,4.9722
1322,i12.bmp,i12_01_3.bmp,0.7638288736343384,4.7895
1323,i12.bmp,i12_01_4.bmp,0.7035731077194214,4.1389
1324,i12.bmp,i12_01_5.bmp,0.6636826992034912,3.7632
1325,i12.bmp,i12_02_1.bmp,0.8711037635803223,6.0811
1326,i12.bmp,i12_02_2.bmp,0.8295068740844727,5.973
1327,i12.bmp,i12_02_3.bmp,0.7845777869224548,5.5263
1328,i12.bmp,i12_02_4.bmp,0.7368183135986328,5.0526
1329,i12.bmp,i12_02_5.bmp,0.6844369769096375,4.5405
1330,i12.bmp,i12_03_1.bmp,0.7455966472625732,4.5676
1331,i12.bmp,i12_03_2.bmp,0.6958395838737488,4.1622
1332,i12.bmp,i12_03_3.bmp,0.6293193101882935,3.7568
1333,i12.bmp,i12_03_4.bmp,0.5792522430419922,3.1053
1334,i12.bmp,i12_03_5.bmp,0.5167240500450134,2.7105
1335,i12.bmp,i12_04_1.bmp,0.9521745443344116,5.9189
1336,i12.bmp,i12_04_2.bmp,0.928379237651825,5.5263
1337,i12.bmp,i12_04_3.bmp,0.8929945826530457,5.2105
1338,i12.bmp,i12_04_4.bmp,0.8533337116241455,4.7027
1339,i12.bmp,i12_04_5.bmp,0.8011626601219177,3.7838
1340,i12.bmp,i12_05_1.bmp,0.8967801928520203,5.6486
1341,i12.bmp,i12_05_2.bmp,0.8579179644584656,5.8108
1342,i12.bmp,i12_05_3.bmp,0.790127158164978,5.2105
1343,i12.bmp,i12_05_4.bmp,0.7139847278594971,4.3514
1344,i12.bmp,i12_05_5.bmp,0.6254591345787048,3.6579
1345,i12.bmp,i12_06_1.bmp,0.837053656578064,5.0811
1346,i12.bmp,i12_06_2.bmp,0.7564067244529724,4.8158
1347,i12.bmp,i12_06_3.bmp,0.7040519118309021,4.4595
1348,i12.bmp,i12_06_4.bmp,0.6614608764648438,4.0811
1349,i12.bmp,i12_06_5.bmp,0.6087571978569031,3.75
1350,i12.bmp,i12_07_1.bmp,0.8210260272026062,4.6944
1351,i12.bmp,i12_07_2.bmp,0.7571122050285339,4.3947
1352,i12.bmp,i12_07_3.bmp,0.7028869390487671,4.1842
1353,i12.bmp,i12_07_4.bmp,0.6619561910629272,3.1892
1354,i12.bmp,i12_07_5.bmp,0.6010423302650452,3.0278
1355,i12.bmp,i12_08_1.bmp,0.9476190805435181,6.1842
1356,i12.bmp,i12_08_2.bmp,0.9043525457382202,5.4737
1357,i12.bmp,i12_08_3.bmp,0.824704647064209,4.5263
1358,i12.bmp,i12_08_4.bmp,0.6933783292770386,3.6053
1359,i12.bmp,i12_08_5.bmp,0.5431222319602966,2.7778
1360,i12.bmp,i12_09_1.bmp,0.8107067942619324,6.3158
1361,i12.bmp,i12_09_2.bmp,0.7657809257507324,5.5278
1362,i12.bmp,i12_09_3.bmp,0.6820902824401855,4.7368
1363,i12.bmp,i12_09_4.bmp,0.5545022487640381,3.4324
1364,i12.bmp,i12_09_5.bmp,0.4577347934246063,2.2571
1365,i12.bmp,i12_10_1.bmp,0.8660739660263062,6.0811
1366,i12.bmp,i12_10_2.bmp,0.8148510456085205,5.8947
1367,i12.bmp,i12_10_3.bmp,0.7116634249687195,5.1053
1368,i12.bmp,i12_10_4.bmp,0.5601437091827393,3.1053
1369,i12.bmp,i12_10_5.bmp,0.45592641830444336,2.2368
1370,i12.bmp,i12_11_1.bmp,0.7959002256393433,5.4054
1371,i12.bmp,i12_11_2.bmp,0.6742500066757202,4.6757
1372,i12.bmp,i12_11_3.bmp,0.5044949054718018,2.7778
1373,i12.bmp,i12_11_4.bmp,0.42076584696769714,1.9474
1374,i12.bmp,i12_11_5.bmp,0.39113563299179077,0.81579
1375,i12.bmp,i12_12_1.bmp,0.8458077311515808,5.5
1376,i12.bmp,i12_12_2.bmp,0.7678232192993164,5.0526
1377,i12.bmp,i12_12_3.bmp,0.6929720640182495,3.6486
1378,i12.bmp,i12_12_4.bmp,0.6279109716415405,3.0789
1379,i12.bmp,i12_12_5.bmp,0.5968502759933472,3.0811
1380,i12.bmp,i12_13_1.bmp,0.8582286834716797,5.3784
1381,i12.bmp,i12_13_2.bmp,0.7981895208358765,4.5676
1382,i12.bmp,i12_13_3.bmp,0.6476508378982544,3.2368
1383,i12.bmp,i12_13_4.bmp,0.5999828577041626,2.8333
1384,i12.bmp,i12_13_5.bmp,0.7903093099594116,4.0
1385,i12.bmp,i12_14_1.bmp,0.9110608100891113,5.5526
1386,i12.bmp,i12_14_2.bmp,0.966423749923706,6.1579
1387,i12.bmp,i12_14_3.bmp,0.9258754253387451,4.5405
1388,i12.bmp,i12_14_4.bmp,0.8830184936523438,4.4737
1389,i12.bmp,i12_14_5.bmp,0.8372316360473633,3.5676
1390,i12.bmp,i12_15_1.bmp,0.8250494003295898,3.5
1391,i12.bmp,i12_15_2.bmp,0.8517114520072937,3.5143
1392,i12.bmp,i12_15_3.bmp,0.8752149343490601,3.6579
1393,i12.bmp,i12_15_4.bmp,0.8969945311546326,4.0789
1394,i12.bmp,i12_15_5.bmp,0.9615175127983093,4.5429
1395,i12.bmp,i12_16_1.bmp,0.9925341606140137,6.5263
1396,i12.bmp,i12_16_2.bmp,0.9852701425552368,6.2973
1397,i12.bmp,i12_16_3.bmp,0.972010612487793,6.0526
1398,i12.bmp,i12_16_4.bmp,0.9427311420440674,6.1111
1399,i12.bmp,i12_16_5.bmp,0.9330023527145386,5.6757
1400,i12.bmp,i12_17_1.bmp,0.9785570502281189,6.2632
1401,i12.bmp,i12_17_2.bmp,0.9606211185455322,6.8158
1402,i12.bmp,i12_17_3.bmp,0.9565784931182861,4.8108
1403,i12.bmp,i12_17_4.bmp,0.9099464416503906,6.2632
1404,i12.bmp,i12_17_5.bmp,0.9073600769042969,4.0263
1405,i12.bmp,i12_18_1.bmp,0.9515355825424194,5.6486
1406,i12.bmp,i12_18_2.bmp,0.9354844093322754,5.3514
1407,i12.bmp,i12_18_3.bmp,0.909979522228241,5.0
1408,i12.bmp,i12_18_4.bmp,0.8502756357192993,4.4865
1409,i12.bmp,i12_18_5.bmp,0.7132036089897156,4.2973
1410,i12.bmp,i12_19_1.bmp,0.8647559881210327,5.7297
1411,i12.bmp,i12_19_2.bmp,0.8248469233512878,5.5135
1412,i12.bmp,i12_19_3.bmp,0.7821661829948425,5.2973
1413,i12.bmp,i12_19_4.bmp,0.7233562469482422,4.7105
1414,i12.bmp,i12_19_5.bmp,0.6805518865585327,4.0263
1415,i12.bmp,i12_20_1.bmp,0.887627363204956,5.5833
1416,i12.bmp,i12_20_2.bmp,0.8169420957565308,5.2778
1417,i12.bmp,i12_20_3.bmp,0.7319231033325195,4.4324
1418,i12.bmp,i12_20_4.bmp,0.6331037878990173,3.6053
1419,i12.bmp,i12_20_5.bmp,0.5612694621086121,2.8056
1420,i12.bmp,i12_21_1.bmp,0.8145255446434021,5.1579
1421,i12.bmp,i12_21_2.bmp,0.7380086779594421,4.9459
1422,i12.bmp,i12_21_3.bmp,0.6602237224578857,4.0263
1423,i12.bmp,i12_21_4.bmp,0.555661141872406,3.0278
1424,i12.bmp,i12_21_5.bmp,0.43136101961135864,2.0
1425,i12.bmp,i12_22_1.bmp,0.8779155611991882,5.25
1426,i12.bmp,i12_22_2.bmp,0.8355082869529724,5.1316
1427,i12.bmp,i12_22_3.bmp,0.7500249743461609,4.5676
1428,i12.bmp,i12_22_4.bmp,0.6187195181846619,3.5
1429,i12.bmp,i12_22_5.bmp,0.5481232404708862,2.6216
1430,i12.bmp,i12_23_1.bmp,0.8689050674438477,6.0541
1431,i12.bmp,i12_23_2.bmp,0.7519518733024597,6.1842
1432,i12.bmp,i12_23_3.bmp,0.6498850584030151,4.8947
1433,i12.bmp,i12_23_4.bmp,0.5188496112823486,3.1892
1434,i12.bmp,i12_23_5.bmp,0.4190022349357605,2.2105
1435,i12.bmp,i12_24_1.bmp,0.7902275919914246,5.8649
1436,i12.bmp,i12_24_2.bmp,0.6788119077682495,4.3784
1437,i12.bmp,i12_24_3.bmp,0.5297302007675171,3.0789
1438,i12.bmp,i12_24_4.bmp,0.43397873640060425,1.9737
1439,i12.bmp,i12_24_5.bmp,0.4034719467163086,0.40541
1440,i13.bmp,i13_01_1.bmp,0.9178428649902344,5.5349
1441,i13.bmp,i13_01_2.bmp,0.8749771118164062,5.425
1442,i13.bmp,i13_01_3.bmp,0.8263815641403198,5.0698
1443,i13.bmp,i13_01_4.bmp,0.7715821266174316,4.7907
1444,i13.bmp,i13_01_5.bmp,0.7239668369293213,4.0238
1445,i13.bmp,i13_02_1.bmp,0.9133927822113037,5.3095
1446,i13.bmp,i13_02_2.bmp,0.8713053464889526,5.5366
1447,i13.bmp,i13_02_3.bmp,0.8263518214225769,5.6279
1448,i13.bmp,i13_02_4.bmp,0.7741914987564087,5.4048
1449,i13.bmp,i13_02_5.bmp,0.7256919741630554,4.6667
1450,i13.bmp,i13_03_1.bmp,0.8043651580810547,5.1429
1451,i13.bmp,i13_03_2.bmp,0.7468468546867371,5.0714
1452,i13.bmp,i13_03_3.bmp,0.6860339641571045,4.1667
1453,i13.bmp,i13_03_4.bmp,0.6279550194740295,3.6667
1454,i13.bmp,i13_03_5.bmp,0.579566240310669,2.7619
1455,i13.bmp,i13_04_1.bmp,0.982886016368866,5.7317
1456,i13.bmp,i13_04_2.bmp,0.9760000705718994,5.475
1457,i13.bmp,i13_04_3.bmp,0.9613862037658691,5.5581
1458,i13.bmp,i13_04_4.bmp,0.9371803998947144,5.439
1459,i13.bmp,i13_04_5.bmp,0.8902642130851746,4.9286
1460,i13.bmp,i13_05_1.bmp,0.9605981707572937,5.3571
1461,i13.bmp,i13_05_2.bmp,0.9352261424064636,5.0476
1462,i13.bmp,i13_05_3.bmp,0.863977313041687,5.5116
1463,i13.bmp,i13_05_4.bmp,0.7818193435668945,4.1667
1464,i13.bmp,i13_05_5.bmp,0.6798176765441895,3.0952
1465,i13.bmp,i13_06_1.bmp,0.9072665572166443,4.55
1466,i13.bmp,i13_06_2.bmp,0.8462428450584412,4.2558
1467,i13.bmp,i13_06_3.bmp,0.8033251166343689,3.6667
1468,i13.bmp,i13_06_4.bmp,0.7509533762931824,3.4419
1469,i13.bmp,i13_06_5.bmp,0.6837104558944702,3.0952
1470,i13.bmp,i13_07_1.bmp,0.9185217618942261,5.725
1471,i13.bmp,i13_07_2.bmp,0.8836833834648132,5.3171
1472,i13.bmp,i13_07_3.bmp,0.8153359889984131,4.6429
1473,i13.bmp,i13_07_4.bmp,0.7118973731994629,3.4146
1474,i13.bmp,i13_07_5.bmp,0.604059100151062,2.8293
1475,i13.bmp,i13_08_1.bmp,0.9375075101852417,4.8095
1476,i13.bmp,i13_08_2.bmp,0.8817729949951172,3.9524
1477,i13.bmp,i13_08_3.bmp,0.7930159568786621,3.122
1478,i13.bmp,i13_08_4.bmp,0.6597603559494019,2.5814
1479,i13.bmp,i13_08_5.bmp,0.5285202860832214,1.7381
1480,i13.bmp,i13_09_1.bmp,0.8762984275817871,5.0732
1481,i13.bmp,i13_09_2.bmp,0.7883114218711853,4.7674
1482,i13.bmp,i13_09_3.bmp,0.6661546230316162,3.186
1483,i13.bmp,i13_09_4.bmp,0.5250948667526245,2.1667
1484,i13.bmp,i13_09_5.bmp,0.4372044503688812,0.4878
1485,i13.bmp,i13_10_1.bmp,0.8872243165969849,5.4884
1486,i13.bmp,i13_10_2.bmp,0.8346099853515625,5.4651
1487,i13.bmp,i13_10_3.bmp,0.7343825101852417,4.475
1488,i13.bmp,i13_10_4.bmp,0.5968354940414429,3.2558
1489,i13.bmp,i13_10_5.bmp,0.49998921155929565,1.1628
1490,i13.bmp,i13_11_1.bmp,0.93134605884552,5.3256
1491,i13.bmp,i13_11_2.bmp,0.8992857933044434,5.3256
1492,i13.bmp,i13_11_3.bmp,0.8330639600753784,4.6905
1493,i13.bmp,i13_11_4.bmp,0.7220115661621094,4.3488
1494,i13.bmp,i13_11_5.bmp,0.5446364879608154,2.3809
1495,i13.bmp,i13_12_1.bmp,0.9667815566062927,5.2326
1496,i13.bmp,i13_12_2.bmp,0.960901141166687,5.4419
1497,i13.bmp,i13_12_3.bmp,0.8927060961723328,5.1163
1498,i13.bmp,i13_12_4.bmp,0.8908151388168335,5.2619
1499,i13.bmp,i13_12_5.bmp,0.8450101613998413,5.0476
1500,i13.bmp,i13_13_1.bmp,0.9540209174156189,5.4186
1501,i13.bmp,i13_13_2.bmp,0.9330345392227173,4.9286
1502,i13.bmp,i13_13_3.bmp,0.8291603922843933,4.7907
1503,i13.bmp,i13_13_4.bmp,0.7762266993522644,3.6341
1504,i13.bmp,i13_13_5.bmp,0.652899980545044,2.4048
1505,i13.bmp,i13_14_1.bmp,0.9788780212402344,5.6429
1506,i13.bmp,i13_14_2.bmp,0.9646825790405273,5.4048
1507,i13.bmp,i13_14_3.bmp,0.913928210735321,5.7381
1508,i13.bmp,i13_14_4.bmp,0.8959764242172241,5.0233
1509,i13.bmp,i13_14_5.bmp,0.833582878112793,3.9762
1510,i13.bmp,i13_15_1.bmp,0.8734917640686035,2.7317
1511,i13.bmp,i13_15_2.bmp,0.8778053522109985,2.878
1512,i13.bmp,i13_15_3.bmp,0.9064024686813354,3.0476
1513,i13.bmp,i13_15_4.bmp,0.9241926670074463,3.5714
1514,i13.bmp,i13_15_5.bmp,0.9618940353393555,3.7073
1515,i13.bmp,i13_16_1.bmp,0.9892253875732422,5.6047
1516,i13.bmp,i13_16_2.bmp,0.9819509387016296,5.2791
1517,i13.bmp,i13_16_3.bmp,0.9548149108886719,5.439
1518,i13.bmp,i13_16_4.bmp,0.9477507472038269,4.2927
1519,i13.bmp,i13_16_5.bmp,0.8835205435752869,4.4419
1520,i13.bmp,i13_17_1.bmp,0.980029284954071,4.4884
1521,i13.bmp,i13_17_2.bmp,0.9605833888053894,6.6279
1522,i13.bmp,i13_17_3.bmp,0.9518963098526001,3.7209
1523,i13.bmp,i13_17_4.bmp,0.9093852043151855,6.4884
1524,i13.bmp,i13_17_5.bmp,0.9044755697250366,2.5854
1525,i13.bmp,i13_18_1.bmp,0.951187014579773,3.9512
1526,i13.bmp,i13_18_2.bmp,0.9231602549552917,3.7442
1527,i13.bmp,i13_18_3.bmp,0.8804299235343933,3.1429
1528,i13.bmp,i13_18_4.bmp,0.7797926664352417,2.8462
1529,i13.bmp,i13_18_5.bmp,0.6837624311447144,2.7317
1530,i13.bmp,i13_19_1.bmp,0.9190720319747925,5.2439
1531,i13.bmp,i13_19_2.bmp,0.8900215029716492,5.2619
1532,i13.bmp,i13_19_3.bmp,0.8282842636108398,5.3256
1533,i13.bmp,i13_19_4.bmp,0.7769520282745361,4.5122
1534,i13.bmp,i13_19_5.bmp,0.7149133086204529,4.1628
1535,i13.bmp,i13_20_1.bmp,0.967235267162323,5.6744
1536,i13.bmp,i13_20_2.bmp,0.9525175094604492,5.0952
1537,i13.bmp,i13_20_3.bmp,0.9266021251678467,5.5238
1538,i13.bmp,i13_20_4.bmp,0.8611702919006348,5.2857
1539,i13.bmp,i13_20_5.bmp,0.7657313346862793,5.2326
1540,i13.bmp,i13_21_1.bmp,0.9144506454467773,5.6512
1541,i13.bmp,i13_21_2.bmp,0.8624829649925232,5.5476
1542,i13.bmp,i13_21_3.bmp,0.8063759803771973,5.0952
1543,i13.bmp,i13_21_4.bmp,0.7198182344436646,4.7209
1544,i13.bmp,i13_21_5.bmp,0.6121573448181152,3.4762
1545,i13.bmp,i13_22_1.bmp,0.929278552532196,5.4286
1546,i13.bmp,i13_22_2.bmp,0.885039210319519,4.7805
1547,i13.bmp,i13_22_3.bmp,0.7753844261169434,3.9767
1548,i13.bmp,i13_22_4.bmp,0.6822044253349304,2.9302
1549,i13.bmp,i13_22_5.bmp,0.5799937844276428,2.4186
1550,i13.bmp,i13_23_1.bmp,0.929050862789154,5.6512
1551,i13.bmp,i13_23_2.bmp,0.8297463655471802,5.3953
1552,i13.bmp,i13_23_3.bmp,0.7594962120056152,5.45
1553,i13.bmp,i13_23_4.bmp,0.7173655033111572,5.0465
1554,i13.bmp,i13_23_5.bmp,0.6351075172424316,5.2093
1555,i13.bmp,i13_24_1.bmp,0.8763947486877441,5.4419
1556,i13.bmp,i13_24_2.bmp,0.8249799609184265,5.1905
1557,i13.bmp,i13_24_3.bmp,0.7749926447868347,4.3953
1558,i13.bmp,i13_24_4.bmp,0.7075592875480652,3.8605
1559,i13.bmp,i13_24_5.bmp,0.5994882583618164,2.8809
1560,i14.bmp,i14_01_1.bmp,0.9160270094871521,5.8919
1561,i14.bmp,i14_01_2.bmp,0.883647084236145,5.6944
1562,i14.bmp,i14_01_3.bmp,0.8469734191894531,4.7778
1563,i14.bmp,i14_01_4.bmp,0.7989617586135864,4.3143
1564,i14.bmp,i14_01_5.bmp,0.7455486059188843,3.75
1565,i14.bmp,i14_02_1.bmp,0.9245895147323608,5.973
1566,i14.bmp,i14_02_2.bmp,0.8951073884963989,5.9167
1567,i14.bmp,i14_02_3.bmp,0.8626154661178589,5.7714
1568,i14.bmp,i14_02_4.bmp,0.8234667778015137,5.1389
1569,i14.bmp,i14_02_5.bmp,0.7789222002029419,4.5278
1570,i14.bmp,i14_03_1.bmp,0.8430310487747192,5.1944
1571,i14.bmp,i14_03_2.bmp,0.7913109660148621,4.4324
1572,i14.bmp,i14_03_3.bmp,0.7319950461387634,3.7778
1573,i14.bmp,i14_03_4.bmp,0.6673251986503601,3.0833
1574,i14.bmp,i14_03_5.bmp,0.6096926927566528,2.5946
1575,i14.bmp,i14_04_1.bmp,0.98146653175354,6.0286
1576,i14.bmp,i14_04_2.bmp,0.9725484251976013,5.6389
1577,i14.bmp,i14_04_3.bmp,0.9558367729187012,5.5
1578,i14.bmp,i14_04_4.bmp,0.9272602796554565,4.6571
1579,i14.bmp,i14_04_5.bmp,0.8865672945976257,4.0278
1580,i14.bmp,i14_05_1.bmp,0.9487997889518738,6.0541
1581,i14.bmp,i14_05_2.bmp,0.9224560260772705,5.5946
1582,i14.bmp,i14_05_3.bmp,0.8669475317001343,4.9722
1583,i14.bmp,i14_05_4.bmp,0.797673225402832,4.1622
1584,i14.bmp,i14_05_5.bmp,0.7058414220809937,3.027
1585,i14.bmp,i14_06_1.bmp,0.9144875407218933,5.0833
1586,i14.bmp,i14_06_2.bmp,0.8804523348808289,4.3333
1587,i14.bmp,i14_06_3.bmp,0.8344048261642456,4.0278
1588,i14.bmp,i14_06_4.bmp,0.7682434916496277,3.7778
1589,i14.bmp,i14_06_5.bmp,0.7144264578819275,3.1667
1590,i14.bmp,i14_07_1.bmp,0.9052492380142212,5.7222
1591,i14.bmp,i14_07_2.bmp,0.8260375261306763,5.4444
1592,i14.bmp,i14_07_3.bmp,0.8062849044799805,4.2778
1593,i14.bmp,i14_07_4.bmp,0.7365166544914246,3.6111
1594,i14.bmp,i14_07_5.bmp,0.6526896953582764,2.9189
1595,i14.bmp,i14_08_1.bmp,0.9598852396011353,5.4324
1596,i14.bmp,i14_08_2.bmp,0.9274033308029175,4.5556
1597,i14.bmp,i14_08_3.bmp,0.8666836619377136,3.4865
1598,i14.bmp,i14_08_4.bmp,0.7535027265548706,2.8378
1599,i14.bmp,i14_08_5.bmp,0.616813063621521,1.5946
1600,i14.bmp,i14_09_1.bmp,0.8827526569366455,6.0541
1601,i14.bmp,i14_09_2.bmp,0.8417326807975769,5.8919
1602,i14.bmp,i14_09_3.bmp,0.77359938621521,4.5
1603,i14.bmp,i14_09_4.bmp,0.640990138053894,2.8919
1604,i14.bmp,i14_09_5.bmp,0.5440500974655151,1.75
1605,i14.bmp,i14_10_1.bmp,0.9011062383651733,5.7778
1606,i14.bmp,i14_10_2.bmp,0.8580106496810913,5.1667
1607,i14.bmp,i14_10_3.bmp,0.7781388759613037,4.25
1608,i14.bmp,i14_10_4.bmp,0.6613839864730835,3.0556
1609,i14.bmp,i14_10_5.bmp,0.5522608160972595,1.8611
1610,i14.bmp,i14_11_1.bmp,0.9209431409835815,5.973
1611,i14.bmp,i14_11_2.bmp,0.8699648380279541,5.4722
1612,i14.bmp,i14_11_3.bmp,0.7865333557128906,4.2432
1613,i14.bmp,i14_11_4.bmp,0.6598042249679565,3.0833
1614,i14.bmp,i14_11_5.bmp,0.5370646715164185,1.2857
1615,i14.bmp,i14_12_1.bmp,0.9572583436965942,5.8108
1616,i14.bmp,i14_12_2.bmp,0.9113773107528687,5.6471
1617,i14.bmp,i14_12_3.bmp,0.7928065061569214,4.0571
1618,i14.bmp,i14_12_4.bmp,0.8601657748222351,4.1351
1619,i14.bmp,i14_12_5.bmp,0.7931435108184814,3.1892
1620,i14.bmp,i14_13_1.bmp,0.9071301221847534,5.027
1621,i14.bmp,i14_13_2.bmp,0.8764680624008179,4.5278
1622,i14.bmp,i14_13_3.bmp,0.7998978495597839,3.6216
1623,i14.bmp,i14_13_4.bmp,0.7002543807029724,3.0833
1624,i14.bmp,i14_13_5.bmp,0.6031588315963745,1.9167
1625,i14.bmp,i14_14_1.bmp,0.9674854278564453,6.0541
1626,i14.bmp,i14_14_2.bmp,0.9725784659385681,5.7027
1627,i14.bmp,i14_14_3.bmp,0.938572108745575,4.6944
1628,i14.bmp,i14_14_4.bmp,0.8853150606155396,4.1667
1629,i14.bmp,i14_14_5.bmp,0.8340320587158203,3.3714
1630,i14.bmp,i14_15_1.bmp,0.9175404906272888,2.9459
1631,i14.bmp,i14_15_2.bmp,0.929398775100708,3.3514
1632,i14.bmp,i14_15_3.bmp,0.939185619354248,3.5294
1633,i14.bmp,i14_15_4.bmp,0.9606207609176636,3.6216
1634,i14.bmp,i14_15_5.bmp,0.9780459403991699,3.973
1635,i14.bmp,i14_16_1.bmp,0.9909418821334839,5.7714
1636,i14.bmp,i14_16_2.bmp,0.9861143827438354,5.973
1637,i14.bmp,i14_16_3.bmp,0.9631681442260742,5.3056
1638,i14.bmp,i14_16_4.bmp,0.9563671350479126,5.1714
1639,i14.bmp,i14_16_5.bmp,0.9043933749198914,4.0286
1640,i14.bmp,i14_17_1.bmp,0.981956422328949,5.4054
1641,i14.bmp,i14_17_2.bmp,0.9675249457359314,6.4324
1642,i14.bmp,i14_17_3.bmp,0.9569961428642273,4.1389
1643,i14.bmp,i14_17_4.bmp,0.9248105883598328,5.9189
1644,i14.bmp,i14_17_5.bmp,0.9216071963310242,3.2432
1645,i14.bmp,i14_18_1.bmp,0.975350022315979,5.3714
1646,i14.bmp,i14_18_2.bmp,0.9688135981559753,5.1389
1647,i14.bmp,i14_18_3.bmp,0.956635594367981,4.6667
1648,i14.bmp,i14_18_4.bmp,0.938812255859375,4.1471
1649,i14.bmp,i14_18_5.bmp,0.9080371856689453,3.75
1650,i14.bmp,i14_19_1.bmp,0.9126521348953247,5.3714
1651,i14.bmp,i14_19_2.bmp,0.8818115592002869,5.1111
1652,i14.bmp,i14_19_3.bmp,0.8416662216186523,4.9722
1653,i14.bmp,i14_19_4.bmp,0.7954967021942139,3.9143
1654,i14.bmp,i14_19_5.bmp,0.7437992095947266,3.2286
1655,i14.bmp,i14_20_1.bmp,0.9565099477767944,5.7222
1656,i14.bmp,i14_20_2.bmp,0.9286615252494812,5.5946
1657,i14.bmp,i14_20_3.bmp,0.8807380199432373,5.4167
1658,i14.bmp,i14_20_4.bmp,0.8028838038444519,4.1944
1659,i14.bmp,i14_20_5.bmp,0.6859714388847351,3.2703
1660,i14.bmp,i14_21_1.bmp,0.906955897808075,5.2973
1661,i14.bmp,i14_21_2.bmp,0.8577439188957214,5.1667
1662,i14.bmp,i14_21_3.bmp,0.7906431555747986,4.5405
1663,i14.bmp,i14_21_4.bmp,0.6845976710319519,3.75
1664,i14.bmp,i14_21_5.bmp,0.5811884999275208,2.6486
1665,i14.bmp,i14_22_1.bmp,0.9445196986198425,5.4054
1666,i14.bmp,i14_22_2.bmp,0.9075806140899658,5.3714
1667,i14.bmp,i14_22_3.bmp,0.8661193251609802,5.0556
1668,i14.bmp,i14_22_4.bmp,0.7630504965782166,3.9714
1669,i14.bmp,i14_22_5.bmp,0.6886610984802246,3.2778
1670,i14.bmp,i14_23_1.bmp,0.9286783933639526,6.0278
1671,i14.bmp,i14_23_2.bmp,0.8472380638122559,6.027
1672,i14.bmp,i14_23_3.bmp,0.775129497051239,5.6111
1673,i14.bmp,i14_23_4.bmp,0.7214266657829285,5.0
1674,i14.bmp,i14_23_5.bmp,0.5839130878448486,2.7778
1675,i14.bmp,i14_24_1.bmp,0.9204880595207214,6.1351
1676,i14.bmp,i14_24_2.bmp,0.8707869052886963,5.5833
1677,i14.bmp,i14_24_3.bmp,0.7881159782409668,4.4444
1678,i14.bmp,i14_24_4.bmp,0.6725804805755615,3.1892
1679,i14.bmp,i14_24_5.bmp,0.4856414794921875,0.91892
1680,i15.bmp,i15_01_1.bmp,0.8328051567077637,5.8222
1681,i15.bmp,i15_01_2.bmp,0.7870715856552124,5.0682
1682,i15.bmp,i15_01_3.bmp,0.7336670756340027,4.9556
1683,i15.bmp,i15_01_4.bmp,0.6735219955444336,4.2791
1684,i15.bmp,i15_01_5.bmp,0.6131776571273804,3.9111
1685,i15.bmp,i15_02_1.bmp,0.8502041697502136,6.0909
1686,i15.bmp,i15_02_2.bmp,0.8065561056137085,5.8182
1687,i15.bmp,i15_02_3.bmp,0.7604126334190369,5.6364
1688,i15.bmp,i15_02_4.bmp,0.6907105445861816,4.8864
1689,i15.bmp,i15_02_5.bmp,0.6368069648742676,4.6364
1690,i15.bmp,i15_03_1.bmp,0.7238876223564148,4.3256
1691,i15.bmp,i15_03_2.bmp,0.6515051126480103,3.814
1692,i15.bmp,i15_03_3.bmp,0.5843389630317688,3.6136
1693,i15.bmp,i15_03_4.bmp,0.5500099658966064,3.1778
1694,i15.bmp,i15_03_5.bmp,0.4970398545265198,2.6279
1695,i15.bmp,i15_04_1.bmp,0.9561988711357117,6.0227
1696,i15.bmp,i15_04_2.bmp,0.9406223297119141,6.0444
1697,i15.bmp,i15_04_3.bmp,0.9140205383300781,5.8372
1698,i15.bmp,i15_04_4.bmp,0.8782452940940857,5.7778
1699,i15.bmp,i15_04_5.bmp,0.8324679136276245,4.9773
1700,i15.bmp,i15_05_1.bmp,0.8869945406913757,5.7857
1701,i15.bmp,i15_05_2.bmp,0.8489810824394226,5.6512
1702,i15.bmp,i15_05_3.bmp,0.7764437198638916,5.1136
1703,i15.bmp,i15_05_4.bmp,0.6853723526000977,4.0682
1704,i15.bmp,i15_05_5.bmp,0.5771936774253845,3.3182
1705,i15.bmp,i15_06_1.bmp,0.7275330424308777,4.4318
1706,i15.bmp,i15_06_2.bmp,0.6691758036613464,4.1778
1707,i15.bmp,i15_06_3.bmp,0.6963167190551758,3.9767
1708,i15.bmp,i15_06_4.bmp,0.6581777334213257,3.3636
1709,i15.bmp,i15_06_5.bmp,0.5756426453590393,3.1778
1710,i15.bmp,i15_07_1.bmp,0.7766460180282593,4.814
1711,i15.bmp,i15_07_2.bmp,0.6513274908065796,3.9302
1712,i15.bmp,i15_07_3.bmp,0.6419562101364136,3.6136
1713,i15.bmp,i15_07_4.bmp,0.5817759037017822,2.9111
1714,i15.bmp,i15_07_5.bmp,0.5679883360862732,2.4444
1715,i15.bmp,i15_08_1.bmp,0.9516795873641968,5.9556
1716,i15.bmp,i15_08_2.bmp,0.9146085977554321,6.0667
1717,i15.bmp,i15_08_3.bmp,0.8358141779899597,5.1364
1718,i15.bmp,i15_08_4.bmp,0.7042397260665894,3.9318
1719,i15.bmp,i15_08_5.bmp,0.5793998837471008,3.3636
1720,i15.bmp,i15_09_1.bmp,0.7810184359550476,5.9302
1721,i15.bmp,i15_09_2.bmp,0.735245406627655,5.5454
1722,i15.bmp,i15_09_3.bmp,0.6662789583206177,4.6977
1723,i15.bmp,i15_09_4.bmp,0.5491973757743835,3.7442
1724,i15.bmp,i15_09_5.bmp,0.48108524084091187,2.5
1725,i15.bmp,i15_10_1.bmp,0.8464542627334595,5.7778
1726,i15.bmp,i15_10_2.bmp,0.7857937812805176,5.7046
1727,i15.bmp,i15_10_3.bmp,0.6521810293197632,4.6
1728,i15.bmp,i15_10_4.bmp,0.5034283995628357,3.1778
1729,i15.bmp,i15_10_5.bmp,0.43911129236221313,1.8667
1730,i15.bmp,i15_11_1.bmp,0.7433931231498718,5.8444
1731,i15.bmp,i15_11_2.bmp,0.6013833284378052,4.4
1732,i15.bmp,i15_11_3.bmp,0.500464916229248,3.0488
1733,i15.bmp,i15_11_4.bmp,0.439375102519989,2.0
1734,i15.bmp,i15_11_5.bmp,0.40692228078842163,0.65116
1735,i15.bmp,i15_12_1.bmp,0.8772265315055847,5.6667
1736,i15.bmp,i15_12_2.bmp,0.8474261164665222,5.4091
1737,i15.bmp,i15_12_3.bmp,0.6910383701324463,4.2222
1738,i15.bmp,i15_12_4.bmp,0.5494484901428223,3.2
1739,i15.bmp,i15_12_5.bmp,0.5124082565307617,2.5682
1740,i15.bmp,i15_13_1.bmp,0.7975499629974365,4.8409
1741,i15.bmp,i15_13_2.bmp,0.644296407699585,3.7674
1742,i15.bmp,i15_13_3.bmp,0.6008593440055847,3.3488
1743,i15.bmp,i15_13_4.bmp,0.5801328420639038,2.8636
1744,i15.bmp,i15_13_5.bmp,0.48524826765060425,2.1136
1745,i15.bmp,i15_14_1.bmp,0.9223527908325195,5.5909
1746,i15.bmp,i15_14_2.bmp,0.9694247245788574,6.1556
1747,i15.bmp,i15_14_3.bmp,0.9459317922592163,5.9556
1748,i15.bmp,i15_14_4.bmp,0.9102908372879028,5.0238
1749,i15.bmp,i15_14_5.bmp,0.8576642870903015,3.7955
1750,i15.bmp,i15_15_1.bmp,0.8876551389694214,3.8864
1751,i15.bmp,i15_15_2.bmp,0.8922642469406128,4.0227
1752,i15.bmp,i15_15_3.bmp,0.9056363105773926,3.9545
1753,i15.bmp,i15_15_4.bmp,0.9069649577140808,4.1364
1754,i15.bmp,i15_15_5.bmp,0.947695255279541,4.9546
1755,i15.bmp,i15_16_1.bmp,0.9876075983047485,6.2273
1756,i15.bmp,i15_16_2.bmp,0.9834245443344116,5.907
1757,i15.bmp,i15_16_3.bmp,0.9321216940879822,5.4222
1758,i15.bmp,i15_16_4.bmp,0.9546130895614624,5.3864
1759,i15.bmp,i15_16_5.bmp,0.8084412813186646,4.0233
1760,i15.bmp,i15_17_1.bmp,0.9741894602775574,5.9318
1761,i15.bmp,i15_17_2.bmp,0.9493765830993652,6.6667
1762,i15.bmp,i15_17_3.bmp,0.9480449557304382,5.0
1763,i15.bmp,i15_17_4.bmp,0.9005628824234009,6.3111
1764,i15.bmp,i15_17_5.bmp,0.8965872526168823,3.8222
1765,i15.bmp,i15_18_1.bmp,0.9434525966644287,5.1556
1766,i15.bmp,i15_18_2.bmp,0.9280649423599243,4.814
1767,i15.bmp,i15_18_3.bmp,0.9002401828765869,4.3721
1768,i15.bmp,i15_18_4.bmp,0.8323769569396973,4.0909
1769,i15.bmp,i15_18_5.bmp,0.676777720451355,3.7674
1770,i15.bmp,i15_19_1.bmp,0.863897979259491,5.9091
1771,i15.bmp,i15_19_2.bmp,0.8380353450775146,5.3333
1772,i15.bmp,i15_19_3.bmp,0.7760165929794312,4.7209
1773,i15.bmp,i15_19_4.bmp,0.7231701612472534,4.3721
1774,i15.bmp,i15_19_5.bmp,0.6318569779396057,3.9111
1775,i15.bmp,i15_20_1.bmp,0.8823709487915039,6.3256
1776,i15.bmp,i15_20_2.bmp,0.8206616640090942,5.6444
1777,i15.bmp,i15_20_3.bmp,0.7329563498497009,4.7442
1778,i15.bmp,i15_20_4.bmp,0.5786935687065125,3.1333
1779,i15.bmp,i15_20_5.bmp,0.5306986570358276,2.4444
1780,i15.bmp,i15_21_1.bmp,0.7845063209533691,5.2273
1781,i15.bmp,i15_21_2.bmp,0.7033548355102539,4.5556
1782,i15.bmp,i15_21_3.bmp,0.612506628036499,3.9111
1783,i15.bmp,i15_21_4.bmp,0.5175639390945435,3.1136
1784,i15.bmp,i15_21_5.bmp,0.46004652976989746,2.3023
1785,i15.bmp,i15_22_1.bmp,0.8942434191703796,6.3333
1786,i15.bmp,i15_22_2.bmp,0.8434540033340454,5.8
1787,i15.bmp,i15_22_3.bmp,0.7740340232849121,5.3864
1788,i15.bmp,i15_22_4.bmp,0.7079482078552246,4.4889
1789,i15.bmp,i15_22_5.bmp,0.6098239421844482,3.7111
1790,i15.bmp,i15_23_1.bmp,0.8719500303268433,5.9091
1791,i15.bmp,i15_23_2.bmp,0.7439712285995483,5.9091
1792,i15.bmp,i15_23_3.bmp,0.620140552520752,5.3636
1793,i15.bmp,i15_23_4.bmp,0.5674173831939697,4.4773
1794,i15.bmp,i15_23_5.bmp,0.5074315071105957,3.3721
1795,i15.bmp,i15_24_1.bmp,0.7861096262931824,5.7727
1796,i15.bmp,i15_24_2.bmp,0.6671853065490723,4.814
1797,i15.bmp,i15_24_3.bmp,0.519416868686676,3.2273
1798,i15.bmp,i15_24_4.bmp,0.44209417700767517,1.8864
1799,i15.bmp,i15_24_5.bmp,0.4229521155357361,0.72727
1800,i16.bmp,i16_01_1.bmp,0.8167518377304077,5.6154
1801,i16.bmp,i16_01_2.bmp,0.7716554403305054,5.65
1802,i16.bmp,i16_01_3.bmp,0.7206655740737915,5.0263
1803,i16.bmp,i16_01_4.bmp,0.6634418368339539,4.1539
1804,i16.bmp,i16_01_5.bmp,0.6199912428855896,3.9487
1805,i16.bmp,i16_02_1.bmp,0.8268917798995972,5.9
1806,i16.bmp,i16_02_2.bmp,0.7852071523666382,6.15
1807,i16.bmp,i16_02_3.bmp,0.7426295280456543,5.575
1808,i16.bmp,i16_02_4.bmp,0.6946092844009399,5.2
1809,i16.bmp,i16_02_5.bmp,0.648303747177124,4.6154
1810,i16.bmp,i16_03_1.bmp,0.7091752290725708,4.7436
1811,i16.bmp,i16_03_2.bmp,0.6555830240249634,4.0789
1812,i16.bmp,i16_03_3.bmp,0.6025227308273315,3.6923
1813,i16.bmp,i16_03_4.bmp,0.5446274280548096,3.2368
1814,i16.bmp,i16_03_5.bmp,0.5227276086807251,2.7949
1815,i16.bmp,i16_04_1.bmp,0.9419053792953491,5.825
1816,i16.bmp,i16_04_2.bmp,0.9196270704269409,5.8205
1817,i16.bmp,i16_04_3.bmp,0.8755764961242676,5.75
1818,i16.bmp,i16_04_4.bmp,0.835192084312439,5.1282
1819,i16.bmp,i16_04_5.bmp,0.7639505863189697,4.6154
1820,i16.bmp,i16_05_1.bmp,0.8653959035873413,5.8
1821,i16.bmp,i16_05_2.bmp,0.8252913355827332,5.6154
1822,i16.bmp,i16_05_3.bmp,0.752099871635437,5.2308
1823,i16.bmp,i16_05_4.bmp,0.666343629360199,4.35
1824,i16.bmp,i16_05_5.bmp,0.5656436681747437,3.3947
1825,i16.bmp,i16_06_1.bmp,0.7944044470787048,5.282
1826,i16.bmp,i16_06_2.bmp,0.7106723785400391,4.8205
1827,i16.bmp,i16_06_3.bmp,0.694105327129364,4.5385
1828,i16.bmp,i16_06_4.bmp,0.6551169157028198,3.9737
1829,i16.bmp,i16_06_5.bmp,0.5982418060302734,3.5897
1830,i16.bmp,i16_07_1.bmp,0.7271419763565063,5.475
1831,i16.bmp,i16_07_2.bmp,0.6737889051437378,4.75
1832,i16.bmp,i16_07_3.bmp,0.661970853805542,4.35
1833,i16.bmp,i16_07_4.bmp,0.59324049949646,3.6667
1834,i16.bmp,i16_07_5.bmp,0.5613436102867126,3.1026
1835,i16.bmp,i16_08_1.bmp,0.926025390625,5.8205
1836,i16.bmp,i16_08_2.bmp,0.8753002882003784,5.225
1837,i16.bmp,i16_08_3.bmp,0.7745884656906128,4.275
1838,i16.bmp,i16_08_4.bmp,0.6055015325546265,3.6154
1839,i16.bmp,i16_08_5.bmp,0.5051445364952087,2.925
1840,i16.bmp,i16_09_1.bmp,0.7518810033798218,6.0256
1841,i16.bmp,i16_09_2.bmp,0.7017876505851746,5.7692
1842,i16.bmp,i16_09_3.bmp,0.6360116004943848,4.5897
1843,i16.bmp,i16_09_4.bmp,0.4998922049999237,3.1282
1844,i16.bmp,i16_09_5.bmp,0.4296571612358093,2.3421
1845,i16.bmp,i16_10_1.bmp,0.8076072931289673,5.9
1846,i16.bmp,i16_10_2.bmp,0.7527542114257812,5.7692
1847,i16.bmp,i16_10_3.bmp,0.6260709166526794,5.2564
1848,i16.bmp,i16_10_4.bmp,0.5060508251190186,3.6154
1849,i16.bmp,i16_10_5.bmp,0.4369680881500244,2.4615
1850,i16.bmp,i16_11_1.bmp,0.707229495048523,5.875
1851,i16.bmp,i16_11_2.bmp,0.6020417213439941,5.075
1852,i16.bmp,i16_11_3.bmp,0.4657021760940552,2.8974
1853,i16.bmp,i16_11_4.bmp,0.3962843418121338,2.075
1854,i16.bmp,i16_11_5.bmp,0.38696715235710144,0.95
1855,i16.bmp,i16_12_1.bmp,0.8072842955589294,5.875
1856,i16.bmp,i16_12_2.bmp,0.8494423627853394,5.575
1857,i16.bmp,i16_12_3.bmp,0.7497127056121826,4.925
1858,i16.bmp,i16_12_4.bmp,0.6427865028381348,3.282
1859,i16.bmp,i16_12_5.bmp,0.4873940944671631,2.6
1860,i16.bmp,i16_13_1.bmp,0.7223151922225952,4.6
1861,i16.bmp,i16_13_2.bmp,0.6354947090148926,3.8158
1862,i16.bmp,i16_13_3.bmp,0.6369450092315674,4.4615
1863,i16.bmp,i16_13_4.bmp,0.5231467485427856,3.0513
1864,i16.bmp,i16_13_5.bmp,0.554876446723938,3.625
1865,i16.bmp,i16_14_1.bmp,0.9219440221786499,5.7692
1866,i16.bmp,i16_14_2.bmp,0.9728021025657654,6.1316
1867,i16.bmp,i16_14_3.bmp,0.9421868324279785,5.6154
1868,i16.bmp,i16_14_4.bmp,0.8950349688529968,5.5263
1869,i16.bmp,i16_14_5.bmp,0.8331968784332275,4.575
1870,i16.bmp,i16_15_1.bmp,0.8098029494285583,3.4103
1871,i16.bmp,i16_15_2.bmp,0.8229422569274902,3.5385
1872,i16.bmp,i16_15_3.bmp,0.8637239336967468,3.475
1873,i16.bmp,i16_15_4.bmp,0.8463561534881592,3.65
1874,i16.bmp,i16_15_5.bmp,0.9259953498840332,4.0263
1875,i16.bmp,i16_16_1.bmp,0.9913846850395203,5.9231
1876,i16.bmp,i16_16_2.bmp,0.98537677526474,6.275
1877,i16.bmp,i16_16_3.bmp,0.9677815437316895,5.6842
1878,i16.bmp,i16_16_4.bmp,0.9516393542289734,5.75
1879,i16.bmp,i16_16_5.bmp,0.9241792559623718,4.6154
1880,i16.bmp,i16_17_1.bmp,0.9711324572563171,5.825
1881,i16.bmp,i16_17_2.bmp,0.9530297517776489,7.1
1882,i16.bmp,i16_17_3.bmp,0.9482049942016602,4.75
1883,i16.bmp,i16_17_4.bmp,0.911981463432312,6.65
1884,i16.bmp,i16_17_5.bmp,0.9009923338890076,3.359
1885,i16.bmp,i16_18_1.bmp,0.9130792021751404,4.6
1886,i16.bmp,i16_18_2.bmp,0.8718449473381042,4.3947
1887,i16.bmp,i16_18_3.bmp,0.7699486613273621,4.05
1888,i16.bmp,i16_18_4.bmp,0.6618582010269165,3.9231
1889,i16.bmp,i16_18_5.bmp,0.6636249423027039,3.9474
1890,i16.bmp,i16_19_1.bmp,0.8108217120170593,5.575
1891,i16.bmp,i16_19_2.bmp,0.7707263231277466,5.375
1892,i16.bmp,i16_19_3.bmp,0.7266439199447632,4.6154
1893,i16.bmp,i16_19_4.bmp,0.6698999404907227,4.1539
1894,i16.bmp,i16_19_5.bmp,0.6146856546401978,3.6667
1895,i16.bmp,i16_20_1.bmp,0.841145396232605,6.0769
1896,i16.bmp,i16_20_2.bmp,0.7787701487541199,5.7436
1897,i16.bmp,i16_20_3.bmp,0.669898509979248,5.1842
1898,i16.bmp,i16_20_4.bmp,0.5885316133499146,4.125
1899,i16.bmp,i16_20_5.bmp,0.5577515363693237,3.5897
1900,i16.bmp,i16_21_1.bmp,0.7481271028518677,5.825
1901,i16.bmp,i16_21_2.bmp,0.7005872130393982,5.4615
1902,i16.bmp,i16_21_3.bmp,0.6168475151062012,4.2564
1903,i16.bmp,i16_21_4.bmp,0.5609142780303955,3.7692
1904,i16.bmp,i16_21_5.bmp,0.4065476655960083,1.8461
1905,i16.bmp,i16_22_1.bmp,0.7552353739738464,5.6154
1906,i16.bmp,i16_22_2.bmp,0.7279855012893677,5.35
1907,i16.bmp,i16_22_3.bmp,0.6487025618553162,4.9459
1908,i16.bmp,i16_22_4.bmp,0.5580320358276367,3.9737
1909,i16.bmp,i16_22_5.bmp,0.4931463599205017,2.775
1910,i16.bmp,i16_23_1.bmp,0.8133761286735535,6.125
1911,i16.bmp,i16_23_2.bmp,0.6215887069702148,4.825
1912,i16.bmp,i16_23_3.bmp,0.45462727546691895,2.7
1913,i16.bmp,i16_23_4.bmp,0.4189135432243347,2.1579
1914,i16.bmp,i16_23_5.bmp,0.40305519104003906,1.5263
1915,i16.bmp,i16_24_1.bmp,0.7211117744445801,5.3684
1916,i16.bmp,i16_24_2.bmp,0.576219379901886,4.0526
1917,i16.bmp,i16_24_3.bmp,0.45768460631370544,2.641
1918,i16.bmp,i16_24_4.bmp,0.4161856174468994,1.8421
1919,i16.bmp,i16_24_5.bmp,0.4000105857849121,0.97436
1920,i17.bmp,i17_01_1.bmp,0.8352349996566772,5.8919
1921,i17.bmp,i17_01_2.bmp,0.7744724154472351,5.2105
1922,i17.bmp,i17_01_3.bmp,0.7253963351249695,5.0513
1923,i17.bmp,i17_01_4.bmp,0.6676143407821655,4.3846
1924,i17.bmp,i17_01_5.bmp,0.6211880445480347,3.8718
1925,i17.bmp,i17_02_1.bmp,0.8488476276397705,5.75
1926,i17.bmp,i17_02_2.bmp,0.8066614866256714,6.0
1927,i17.bmp,i17_02_3.bmp,0.7503303289413452,5.825
1928,i17.bmp,i17_02_4.bmp,0.6921641826629639,5.275
1929,i17.bmp,i17_02_5.bmp,0.6420227885246277,4.4872
1930,i17.bmp,i17_03_1.bmp,0.729590892791748,4.9737
1931,i17.bmp,i17_03_2.bmp,0.6731883883476257,4.4359
1932,i17.bmp,i17_03_3.bmp,0.6047747135162354,3.8205
1933,i17.bmp,i17_03_4.bmp,0.5500175356864929,3.35
1934,i17.bmp,i17_03_5.bmp,0.5027538537979126,2.8974
1935,i17.bmp,i17_04_1.bmp,0.9574939608573914,5.7692
1936,i17.bmp,i17_04_2.bmp,0.9388973116874695,5.9737
1937,i17.bmp,i17_04_3.bmp,0.9060163497924805,5.3333
1938,i17.bmp,i17_04_4.bmp,0.8574883937835693,5.2368
1939,i17.bmp,i17_04_5.bmp,0.7997791171073914,4.7368
1940,i17.bmp,i17_05_1.bmp,0.894075870513916,5.825
1941,i17.bmp,i17_05_2.bmp,0.8530806303024292,5.925
1942,i17.bmp,i17_05_3.bmp,0.7729784846305847,5.2368
1943,i17.bmp,i17_05_4.bmp,0.6744982004165649,4.1795
1944,i17.bmp,i17_05_5.bmp,0.5655013918876648,3.3421
1945,i17.bmp,i17_06_1.bmp,0.8105785250663757,4.2368
1946,i17.bmp,i17_06_2.bmp,0.7603167295455933,4.4324
1947,i17.bmp,i17_06_3.bmp,0.7128810286521912,4.0
1948,i17.bmp,i17_06_4.bmp,0.6767435073852539,3.55
1949,i17.bmp,i17_06_5.bmp,0.6037001609802246,3.3077
1950,i17.bmp,i17_07_1.bmp,0.7988324165344238,5.718
1951,i17.bmp,i17_07_2.bmp,0.7020930051803589,4.6579
1952,i17.bmp,i17_07_3.bmp,0.6207536458969116,3.8974
1953,i17.bmp,i17_07_4.bmp,0.567516565322876,3.2051
1954,i17.bmp,i17_07_5.bmp,0.5097259283065796,2.4737
1955,i17.bmp,i17_08_1.bmp,0.9421607851982117,5.7436
1956,i17.bmp,i17_08_2.bmp,0.8997881412506104,5.225
1957,i17.bmp,i17_08_3.bmp,0.8188750147819519,4.575
1958,i17.bmp,i17_08_4.bmp,0.6764768362045288,3.718
1959,i17.bmp,i17_08_5.bmp,0.5168304443359375,2.95
1960,i17.bmp,i17_09_1.bmp,0.7743511199951172,6.025
1961,i17.bmp,i17_09_2.bmp,0.7288395762443542,6.1053
1962,i17.bmp,i17_09_3.bmp,0.6538289785385132,5.025
1963,i17.bmp,i17_09_4.bmp,0.5374271869659424,3.8205
1964,i17.bmp,i17_09_5.bmp,0.4642539918422699,2.4595
1965,i17.bmp,i17_10_1.bmp,0.8365423679351807,6.0513
1966,i17.bmp,i17_10_2.bmp,0.7673234939575195,5.925
1967,i17.bmp,i17_10_3.bmp,0.6580231189727783,5.1539
1968,i17.bmp,i17_10_4.bmp,0.5254186987876892,3.425
1969,i17.bmp,i17_10_5.bmp,0.4575824439525604,2.25
1970,i17.bmp,i17_11_1.bmp,0.7459298372268677,5.5641
1971,i17.bmp,i17_11_2.bmp,0.644721269607544,5.4359
1972,i17.bmp,i17_11_3.bmp,0.5235552787780762,3.8462
1973,i17.bmp,i17_11_4.bmp,0.45194146037101746,2.7692
1974,i17.bmp,i17_11_5.bmp,0.38891756534576416,1.025
1975,i17.bmp,i17_12_1.bmp,0.896443247795105,5.875
1976,i17.bmp,i17_12_2.bmp,0.8429352045059204,5.9231
1977,i17.bmp,i17_12_3.bmp,0.7997391223907471,5.0769
1978,i17.bmp,i17_12_4.bmp,0.7256690859794617,3.925
1979,i17.bmp,i17_12_5.bmp,0.48900556564331055,2.4872
1980,i17.bmp,i17_13_1.bmp,0.7853848338127136,5.15
1981,i17.bmp,i17_13_2.bmp,0.7136754989624023,4.45
1982,i17.bmp,i17_13_3.bmp,0.5980037450790405,3.2632
1983,i17.bmp,i17_13_4.bmp,0.5125731825828552,2.425
1984,i17.bmp,i17_13_5.bmp,0.5303453207015991,2.3684
1985,i17.bmp,i17_14_1.bmp,0.9234663844108582,5.875
1986,i17.bmp,i17_14_2.bmp,0.9561929106712341,5.7949
1987,i17.bmp,i17_14_3.bmp,0.9129514098167419,5.5263
1988,i17.bmp,i17_14_4.bmp,0.8647770881652832,4.359
1989,i17.bmp,i17_14_5.bmp,0.8271905779838562,3.525
1990,i17.bmp,i17_15_1.bmp,0.8720585703849792,3.55
1991,i17.bmp,i17_15_2.bmp,0.8626434206962585,3.4103
1992,i17.bmp,i17_15_3.bmp,0.875102698802948,3.2564
1993,i17.bmp,i17_15_4.bmp,0.8688102960586548,3.625
1994,i17.bmp,i17_15_5.bmp,0.9630412459373474,4.0
1995,i17.bmp,i17_16_1.bmp,0.9860639572143555,5.925
1996,i17.bmp,i17_16_2.bmp,0.9791578054428101,6.025
1997,i17.bmp,i17_16_3.bmp,0.909254789352417,5.5789
1998,i17.bmp,i17_16_4.bmp,0.9472689032554626,5.1579
1999,i17.bmp,i17_16_5.bmp,0.807466983795166,4.1795
2000,i17.bmp,i17_17_1.bmp,0.9737274646759033,5.575
2001,i17.bmp,i17_17_2.bmp,0.9432320594787598,6.625
2002,i17.bmp,i17_17_3.bmp,0.9452567100524902,4.4872
2003,i17.bmp,i17_17_4.bmp,0.8668367266654968,7.1
2004,i17.bmp,i17_17_5.bmp,0.9025408625602722,3.3684
2005,i17.bmp,i17_18_1.bmp,0.8664135932922363,4.55
2006,i17.bmp,i17_18_2.bmp,0.7404727935791016,4.0769
2007,i17.bmp,i17_18_3.bmp,0.707790732383728,4.1282
2008,i17.bmp,i17_18_4.bmp,0.7116345167160034,3.8205
2009,i17.bmp,i17_18_5.bmp,0.7106664180755615,3.718
2010,i17.bmp,i17_19_1.bmp,0.8446976542472839,5.725
2011,i17.bmp,i17_19_2.bmp,0.807205855846405,5.3333
2012,i17.bmp,i17_19_3.bmp,0.7551093101501465,4.7692
2013,i17.bmp,i17_19_4.bmp,0.7132331728935242,4.3077
2014,i17.bmp,i17_19_5.bmp,0.6649069786071777,3.9231
2015,i17.bmp,i17_20_1.bmp,0.8725227117538452,5.75
2016,i17.bmp,i17_20_2.bmp,0.7938724756240845,5.45
2017,i17.bmp,i17_20_3.bmp,0.6833833456039429,4.8684
2018,i17.bmp,i17_20_4.bmp,0.5716480612754822,4.3684
2019,i17.bmp,i17_20_5.bmp,0.5282775163650513,2.8649
2020,i17.bmp,i17_21_1.bmp,0.7800893783569336,5.425
2021,i17.bmp,i17_21_2.bmp,0.7043079733848572,4.7949
2022,i17.bmp,i17_21_3.bmp,0.5981912612915039,4.25
2023,i17.bmp,i17_21_4.bmp,0.5331474542617798,3.3846
2024,i17.bmp,i17_21_5.bmp,0.48490023612976074,2.5263
2025,i17.bmp,i17_22_1.bmp,0.8061555624008179,5.975
2026,i17.bmp,i17_22_2.bmp,0.7485143542289734,5.6154
2027,i17.bmp,i17_22_3.bmp,0.6534336805343628,4.3421
2028,i17.bmp,i17_22_4.bmp,0.5993571281433105,3.5897
2029,i17.bmp,i17_22_5.bmp,0.5351144671440125,2.8974
2030,i17.bmp,i17_23_1.bmp,0.8420968055725098,5.9
2031,i17.bmp,i17_23_2.bmp,0.7450456619262695,5.9
2032,i17.bmp,i17_23_3.bmp,0.5999120473861694,4.5641
2033,i17.bmp,i17_23_4.bmp,0.49550527334213257,3.1538
2034,i17.bmp,i17_23_5.bmp,0.3926078975200653,1.9231
2035,i17.bmp,i17_24_1.bmp,0.7360589504241943,6.05
2036,i17.bmp,i17_24_2.bmp,0.6819895505905151,5.525
2037,i17.bmp,i17_24_3.bmp,0.57858806848526,3.9737
2038,i17.bmp,i17_24_4.bmp,0.4499166011810303,2.0256
2039,i17.bmp,i17_24_5.bmp,0.41407105326652527,0.34211
2040,i18.bmp,i18_01_1.bmp,0.9024837017059326,5.6905
2041,i18.bmp,i18_01_2.bmp,0.8538094758987427,5.4146
2042,i18.bmp,i18_01_3.bmp,0.7977215647697449,4.85
2043,i18.bmp,i18_01_4.bmp,0.7384777069091797,4.4634
2044,i18.bmp,i18_01_5.bmp,0.6908485293388367,4.0
2045,i18.bmp,i18_02_1.bmp,0.9134447574615479,5.9512
2046,i18.bmp,i18_02_2.bmp,0.8777176737785339,5.881
2047,i18.bmp,i18_02_3.bmp,0.8373383283615112,5.7381
2048,i18.bmp,i18_02_4.bmp,0.7817177176475525,4.6341
2049,i18.bmp,i18_02_5.bmp,0.7297275066375732,4.2439
2050,i18.bmp,i18_03_1.bmp,0.7913169860839844,4.9762
2051,i18.bmp,i18_03_2.bmp,0.7372111678123474,4.55
2052,i18.bmp,i18_03_3.bmp,0.6739171743392944,3.7381
2053,i18.bmp,i18_03_4.bmp,0.6019050478935242,3.1191
2054,i18.bmp,i18_03_5.bmp,0.5337396860122681,2.5476
2055,i18.bmp,i18_04_1.bmp,0.9751927256584167,6.175
2056,i18.bmp,i18_04_2.bmp,0.9651550054550171,5.881
2057,i18.bmp,i18_04_3.bmp,0.9471316337585449,5.878
2058,i18.bmp,i18_04_4.bmp,0.9168755412101746,5.3171
2059,i18.bmp,i18_04_5.bmp,0.8733136057853699,4.3415
2060,i18.bmp,i18_05_1.bmp,0.9420127868652344,6.2439
2061,i18.bmp,i18_05_2.bmp,0.9138513803482056,5.6098
2062,i18.bmp,i18_05_3.bmp,0.8402771949768066,5.1707
2063,i18.bmp,i18_05_4.bmp,0.7368948459625244,4.0
2064,i18.bmp,i18_05_5.bmp,0.6093404293060303,3.125
2065,i18.bmp,i18_06_1.bmp,0.8801449537277222,4.5714
2066,i18.bmp,i18_06_2.bmp,0.8306116461753845,4.15
2067,i18.bmp,i18_06_3.bmp,0.7517521381378174,3.8095
2068,i18.bmp,i18_06_4.bmp,0.6853043437004089,3.7317
2069,i18.bmp,i18_06_5.bmp,0.5809112787246704,3.1951
2070,i18.bmp,i18_07_1.bmp,0.8665579557418823,5.5714
2071,i18.bmp,i18_07_2.bmp,0.8113460540771484,4.9286
2072,i18.bmp,i18_07_3.bmp,0.713066577911377,4.2143
2073,i18.bmp,i18_07_4.bmp,0.6283242702484131,3.4048
2074,i18.bmp,i18_07_5.bmp,0.6126060485839844,3.0
2075,i18.bmp,i18_08_1.bmp,0.9484996795654297,5.6905
2076,i18.bmp,i18_08_2.bmp,0.9050662517547607,4.6585
2077,i18.bmp,i18_08_3.bmp,0.819546103477478,4.1429
2078,i18.bmp,i18_08_4.bmp,0.6857478618621826,3.0476
2079,i18.bmp,i18_08_5.bmp,0.5304512977600098,2.0488
2080,i18.bmp,i18_09_1.bmp,0.8323787450790405,6.0244
2081,i18.bmp,i18_09_2.bmp,0.7797207236289978,5.881
2082,i18.bmp,i18_09_3.bmp,0.6881103515625,4.2619
2083,i18.bmp,i18_09_4.bmp,0.5448265075683594,3.0244
2084,i18.bmp,i18_09_5.bmp,0.4443572461605072,1.7073
2085,i18.bmp,i18_10_1.bmp,0.876292884349823,6.0732
2086,i18.bmp,i18_10_2.bmp,0.8171498775482178,5.7805
2087,i18.bmp,i18_10_3.bmp,0.7207903265953064,4.675
2088,i18.bmp,i18_10_4.bmp,0.535066545009613,3.5
2089,i18.bmp,i18_10_5.bmp,0.4509550929069519,2.1707
2090,i18.bmp,i18_11_1.bmp,0.8784335851669312,5.8049
2091,i18.bmp,i18_11_2.bmp,0.8254590034484863,5.5
2092,i18.bmp,i18_11_3.bmp,0.710900068283081,4.5122
2093,i18.bmp,i18_11_4.bmp,0.5300601720809937,3.0714
2094,i18.bmp,i18_11_5.bmp,0.4130323529243469,1.0
2095,i18.bmp,i18_12_1.bmp,0.9223505258560181,6.3571
2096,i18.bmp,i18_12_2.bmp,0.9095668792724609,5.3659
2097,i18.bmp,i18_12_3.bmp,0.8094086050987244,5.561
2098,i18.bmp,i18_12_4.bmp,0.799767255783081,4.925
2099,i18.bmp,i18_12_5.bmp,0.669365406036377,2.6585
2100,i18.bmp,i18_13_1.bmp,0.8320319056510925,4.1463
2101,i18.bmp,i18_13_2.bmp,0.7174977660179138,4.3571
2102,i18.bmp,i18_13_3.bmp,0.7006584405899048,3.8809
2103,i18.bmp,i18_13_4.bmp,0.632972002029419,2.9024
2104,i18.bmp,i18_13_5.bmp,0.5343436002731323,2.4634
2105,i18.bmp,i18_14_1.bmp,0.9603139758110046,4.9512
2106,i18.bmp,i18_14_2.bmp,0.9776589274406433,6.0
2107,i18.bmp,i18_14_3.bmp,0.9298028349876404,4.1951
2108,i18.bmp,i18_14_4.bmp,0.9266793131828308,4.1667
2109,i18.bmp,i18_14_5.bmp,0.8713421821594238,3.3415
2110,i18.bmp,i18_15_1.bmp,0.8923134803771973,3.2195
2111,i18.bmp,i18_15_2.bmp,0.9080613851547241,3.3415
2112,i18.bmp,i18_15_3.bmp,0.9254300594329834,3.2
2113,i18.bmp,i18_15_4.bmp,0.9394607543945312,3.525
2114,i18.bmp,i18_15_5.bmp,0.9630048274993896,3.9524
2115,i18.bmp,i18_16_1.bmp,0.9859644174575806,6.4146
2116,i18.bmp,i18_16_2.bmp,0.977944552898407,5.9524
2117,i18.bmp,i18_16_3.bmp,0.9405479431152344,5.6905
2118,i18.bmp,i18_16_4.bmp,0.9398279190063477,5.0
2119,i18.bmp,i18_16_5.bmp,0.8417176604270935,4.2564
2120,i18.bmp,i18_17_1.bmp,0.976857602596283,5.9286
2121,i18.bmp,i18_17_2.bmp,0.9562152624130249,6.0976
2122,i18.bmp,i18_17_3.bmp,0.9476943016052246,4.4146
2123,i18.bmp,i18_17_4.bmp,0.911791205406189,5.9048
2124,i18.bmp,i18_17_5.bmp,0.9019221067428589,3.4878
2125,i18.bmp,i18_18_1.bmp,0.9542657732963562,5.0244
2126,i18.bmp,i18_18_2.bmp,0.9413973093032837,4.8
2127,i18.bmp,i18_18_3.bmp,0.910880982875824,4.3571
2128,i18.bmp,i18_18_4.bmp,0.8586663603782654,4.0714
2129,i18.bmp,i18_18_5.bmp,0.7079567909240723,4.0952
2130,i18.bmp,i18_19_1.bmp,0.913005530834198,5.1429
2131,i18.bmp,i18_19_2.bmp,0.8809055685997009,5.0714
2132,i18.bmp,i18_19_3.bmp,0.8295011520385742,4.375
2133,i18.bmp,i18_19_4.bmp,0.7538332939147949,3.8537
2134,i18.bmp,i18_19_5.bmp,0.6860450506210327,3.7073
2135,i18.bmp,i18_20_1.bmp,0.9355192184448242,6.1667
2136,i18.bmp,i18_20_2.bmp,0.888305127620697,5.5714
2137,i18.bmp,i18_20_3.bmp,0.8392769694328308,5.3659
2138,i18.bmp,i18_20_4.bmp,0.7369951605796814,4.3659
2139,i18.bmp,i18_20_5.bmp,0.6090702414512634,3.325
2140,i18.bmp,i18_21_1.bmp,0.8655613660812378,5.5238
2141,i18.bmp,i18_21_2.bmp,0.8105265498161316,5.3415
2142,i18.bmp,i18_21_3.bmp,0.7320311069488525,4.5
2143,i18.bmp,i18_21_4.bmp,0.5880218744277954,3.2619
2144,i18.bmp,i18_21_5.bmp,0.4958761930465698,2.3171
2145,i18.bmp,i18_22_1.bmp,0.8980004787445068,5.7143
2146,i18.bmp,i18_22_2.bmp,0.8434550762176514,4.4048
2147,i18.bmp,i18_22_3.bmp,0.7416159510612488,3.6829
2148,i18.bmp,i18_22_4.bmp,0.6169179677963257,2.9524
2149,i18.bmp,i18_22_5.bmp,0.5227938890457153,2.3333
2150,i18.bmp,i18_23_1.bmp,0.9240539073944092,6.3095
2151,i18.bmp,i18_23_2.bmp,0.8528480529785156,6.1905
2152,i18.bmp,i18_23_3.bmp,0.7958811521530151,6.075
2153,i18.bmp,i18_23_4.bmp,0.7060703635215759,5.9286
2154,i18.bmp,i18_23_5.bmp,0.5804430246353149,4.0
2155,i18.bmp,i18_24_1.bmp,0.871882438659668,5.9024
2156,i18.bmp,i18_24_2.bmp,0.8063297271728516,5.5952
2157,i18.bmp,i18_24_3.bmp,0.6806978583335876,4.5854
2158,i18.bmp,i18_24_4.bmp,0.5447607636451721,3.2195
2159,i18.bmp,i18_24_5.bmp,0.42395922541618347,1.0238
2160,i19.bmp,i19_01_1.bmp,0.9115093946456909,5.7297
2161,i19.bmp,i19_01_2.bmp,0.8839556574821472,5.1081
2162,i19.bmp,i19_01_3.bmp,0.8363170623779297,4.6053
2163,i19.bmp,i19_01_4.bmp,0.7957169413566589,4.1351
2164,i19.bmp,i19_01_5.bmp,0.7335079908370972,3.5676
2165,i19.bmp,i19_02_1.bmp,0.9188661575317383,6.0811
2166,i19.bmp,i19_02_2.bmp,0.8894659280776978,5.6486
2167,i19.bmp,i19_02_3.bmp,0.8580386638641357,5.5789
2168,i19.bmp,i19_02_4.bmp,0.8257904052734375,5.0
2169,i19.bmp,i19_02_5.bmp,0.7770389318466187,4.4722
2170,i19.bmp,i19_03_1.bmp,0.8354344367980957,4.6667
2171,i19.bmp,i19_03_2.bmp,0.782813310623169,4.0541
2172,i19.bmp,i19_03_3.bmp,0.7072267532348633,3.6316
2173,i19.bmp,i19_03_4.bmp,0.6542588472366333,3.0
2174,i19.bmp,i19_03_5.bmp,0.6186472177505493,2.5263
2175,i19.bmp,i19_04_1.bmp,0.9801697731018066,5.8947
2176,i19.bmp,i19_04_2.bmp,0.9677202701568604,5.9459
2177,i19.bmp,i19_04_3.bmp,0.9501849412918091,5.8947
2178,i19.bmp,i19_04_4.bmp,0.9283870458602905,5.2432
2179,i19.bmp,i19_04_5.bmp,0.8785361051559448,4.4865
2180,i19.bmp,i19_05_1.bmp,0.9405338764190674,5.9737
2181,i19.bmp,i19_05_2.bmp,0.9145770072937012,5.5
2182,i19.bmp,i19_05_3.bmp,0.8588864207267761,5.0789
2183,i19.bmp,i19_05_4.bmp,0.7887201309204102,4.0
2184,i19.bmp,i19_05_5.bmp,0.7017927169799805,3.1842
2185,i19.bmp,i19_06_1.bmp,0.9031097888946533,4.7368
2186,i19.bmp,i19_06_2.bmp,0.8561388850212097,4.6486
2187,i19.bmp,i19_06_3.bmp,0.8214616775512695,3.8684
2188,i19.bmp,i19_06_4.bmp,0.7768539786338806,3.5676
2189,i19.bmp,i19_06_5.bmp,0.7104099988937378,3.1892
2190,i19.bmp,i19_07_1.bmp,0.8550748825073242,5.3784
2191,i19.bmp,i19_07_2.bmp,0.8053092956542969,4.6757
2192,i19.bmp,i19_07_3.bmp,0.7716646194458008,3.8889
2193,i19.bmp,i19_07_4.bmp,0.6980217695236206,3.1944
2194,i19.bmp,i19_07_5.bmp,0.6636251211166382,2.6053
2195,i19.bmp,i19_08_1.bmp,0.9545559287071228,5.3514
2196,i19.bmp,i19_08_2.bmp,0.9169600009918213,4.7027
2197,i19.bmp,i19_08_3.bmp,0.8516435623168945,3.7632
2198,i19.bmp,i19_08_4.bmp,0.7293679714202881,2.8919
2199,i19.bmp,i19_08_5.bmp,0.5897074937820435,2.2703
2200,i19.bmp,i19_09_1.bmp,0.860592782497406,6.0811
2201,i19.bmp,i19_09_2.bmp,0.8123550415039062,5.8947
2202,i19.bmp,i19_09_3.bmp,0.7546553015708923,4.8684
2203,i19.bmp,i19_09_4.bmp,0.6188093423843384,3.2703
2204,i19.bmp,i19_09_5.bmp,0.5544756054878235,1.8649
2205,i19.bmp,i19_10_1.bmp,0.902044951915741,5.7368
2206,i19.bmp,i19_10_2.bmp,0.8561438918113708,5.4722
2207,i19.bmp,i19_10_3.bmp,0.7692229151725769,4.8611
2208,i19.bmp,i19_10_4.bmp,0.6673320531845093,3.0
2209,i19.bmp,i19_10_5.bmp,0.5667735934257507,1.6579
2210,i19.bmp,i19_11_1.bmp,0.8650381565093994,5.5263
2211,i19.bmp,i19_11_2.bmp,0.7795085906982422,4.9737
2212,i19.bmp,i19_11_3.bmp,0.7090439200401306,4.5263
2213,i19.bmp,i19_11_4.bmp,0.6249096393585205,2.9459
2214,i19.bmp,i19_11_5.bmp,0.4965589940547943,1.2368
2215,i19.bmp,i19_12_1.bmp,0.9605631828308105,6.1316
2216,i19.bmp,i19_12_2.bmp,0.9479703903198242,5.5946
2217,i19.bmp,i19_12_3.bmp,0.8487473726272583,5.1842
2218,i19.bmp,i19_12_4.bmp,0.8598861694335938,5.0811
2219,i19.bmp,i19_12_5.bmp,0.8164297938346863,4.5278
2220,i19.bmp,i19_13_1.bmp,0.8996411561965942,4.6757
2221,i19.bmp,i19_13_2.bmp,0.8233709335327148,4.0526
2222,i19.bmp,i19_13_3.bmp,0.7866820096969604,3.6216
2223,i19.bmp,i19_13_4.bmp,0.7148277163505554,3.0789
2224,i19.bmp,i19_13_5.bmp,0.588455319404602,1.9474
2225,i19.bmp,i19_14_1.bmp,0.9665426015853882,5.6111
2226,i19.bmp,i19_14_2.bmp,0.9623464941978455,6.0263
2227,i19.bmp,i19_14_3.bmp,0.9503684043884277,5.4595
2228,i19.bmp,i19_14_4.bmp,0.921456515789032,4.9211
2229,i19.bmp,i19_14_5.bmp,0.8887712359428406,3.6486
2230,i19.bmp,i19_15_1.bmp,0.9428325891494751,2.8889
2231,i19.bmp,i19_15_2.bmp,0.9453653693199158,3.2778
2232,i19.bmp,i19_15_3.bmp,0.9637488722801208,3.5135
2233,i19.bmp,i19_15_4.bmp,0.9616155624389648,3.6842
2234,i19.bmp,i19_15_5.bmp,0.970209538936615,3.5405
2235,i19.bmp,i19_16_1.bmp,0.9922834634780884,6.1316
2236,i19.bmp,i19_16_2.bmp,0.9846445918083191,6.2632
2237,i19.bmp,i19_16_3.bmp,0.9713634252548218,5.2895
2238,i19.bmp,i19_16_4.bmp,0.9515676498413086,5.8421
2239,i19.bmp,i19_16_5.bmp,0.9289031028747559,4.4167
2240,i19.bmp,i19_17_1.bmp,0.9792826175689697,5.4737
2241,i19.bmp,i19_17_2.bmp,0.9624640345573425,6.1892
2242,i19.bmp,i19_17_3.bmp,0.9517736434936523,4.4324
2243,i19.bmp,i19_17_4.bmp,0.9173323512077332,5.7568
2244,i19.bmp,i19_17_5.bmp,0.9143673777580261,3.3421
2245,i19.bmp,i19_18_1.bmp,0.9651921987533569,5.1351
2246,i19.bmp,i19_18_2.bmp,0.9529351592063904,4.3889
2247,i19.bmp,i19_18_3.bmp,0.9319847822189331,4.2432
2248,i19.bmp,i19_18_4.bmp,0.8868911266326904,4.0811
2249,i19.bmp,i19_18_5.bmp,0.7949097156524658,4.0541
2250,i19.bmp,i19_19_1.bmp,0.9170060157775879,5.5405
2251,i19.bmp,i19_19_2.bmp,0.8840104341506958,4.973
2252,i19.bmp,i19_19_3.bmp,0.8399848937988281,4.5556
2253,i19.bmp,i19_19_4.bmp,0.7914533615112305,4.3143
2254,i19.bmp,i19_19_5.bmp,0.7356283068656921,3.5556
2255,i19.bmp,i19_20_1.bmp,0.9425942301750183,5.7027
2256,i19.bmp,i19_20_2.bmp,0.910193145275116,5.7105
2257,i19.bmp,i19_20_3.bmp,0.8433692455291748,5.1892
2258,i19.bmp,i19_20_4.bmp,0.7346882820129395,4.1389
2259,i19.bmp,i19_20_5.bmp,0.6438260078430176,3.0526
2260,i19.bmp,i19_21_1.bmp,0.8850318193435669,5.4054
2261,i19.bmp,i19_21_2.bmp,0.826694130897522,5.1622
2262,i19.bmp,i19_21_3.bmp,0.7526797652244568,4.0811
2263,i19.bmp,i19_21_4.bmp,0.6662724614143372,3.5676
2264,i19.bmp,i19_21_5.bmp,0.5952534079551697,2.25
2265,i19.bmp,i19_22_1.bmp,0.9108201861381531,5.7368
2266,i19.bmp,i19_22_2.bmp,0.8353046178817749,5.3243
2267,i19.bmp,i19_22_3.bmp,0.8080075979232788,4.4
2268,i19.bmp,i19_22_4.bmp,0.7381290197372437,3.9474
2269,i19.bmp,i19_22_5.bmp,0.651072084903717,2.7568
2270,i19.bmp,i19_23_1.bmp,0.942889928817749,5.8684
2271,i19.bmp,i19_23_2.bmp,0.8883684873580933,6.2895
2272,i19.bmp,i19_23_3.bmp,0.8443151712417603,5.7568
2273,i19.bmp,i19_23_4.bmp,0.7977105379104614,5.7632
2274,i19.bmp,i19_23_5.bmp,0.7183178663253784,5.2162
2275,i19.bmp,i19_24_1.bmp,0.8713312149047852,5.4595
2276,i19.bmp,i19_24_2.bmp,0.8112044334411621,4.7027
2277,i19.bmp,i19_24_3.bmp,0.7215436697006226,3.6389
2278,i19.bmp,i19_24_4.bmp,0.6089875102043152,2.5
2279,i19.bmp,i19_24_5.bmp,0.5298954844474792,0.77778
2280,i20.bmp,i20_01_1.bmp,0.8131408095359802,5.7692
2281,i20.bmp,i20_01_2.bmp,0.7677041888237,5.5128
2282,i20.bmp,i20_01_3.bmp,0.7321516871452332,4.9211
2283,i20.bmp,i20_01_4.bmp,0.6977112293243408,4.4359
2284,i20.bmp,i20_01_5.bmp,0.6602902412414551,3.7838
2285,i20.bmp,i20_02_1.bmp,0.8491193652153015,5.8421
2286,i20.bmp,i20_02_2.bmp,0.8059275150299072,5.7949
2287,i20.bmp,i20_02_3.bmp,0.7605688571929932,5.5135
2288,i20.bmp,i20_02_4.bmp,0.7244457006454468,5.282
2289,i20.bmp,i20_02_5.bmp,0.6621314287185669,4.4872
2290,i20.bmp,i20_03_1.bmp,0.7264758348464966,4.9474
2291,i20.bmp,i20_03_2.bmp,0.6775007247924805,4.2105
2292,i20.bmp,i20_03_3.bmp,0.6455649733543396,3.8108
2293,i20.bmp,i20_03_4.bmp,0.5876340866088867,3.1282
2294,i20.bmp,i20_03_5.bmp,0.5598061084747314,2.6579
2295,i20.bmp,i20_04_1.bmp,0.9554821848869324,5.7105
2296,i20.bmp,i20_04_2.bmp,0.9319068789482117,5.4737
2297,i20.bmp,i20_04_3.bmp,0.8917403221130371,5.1579
2298,i20.bmp,i20_04_4.bmp,0.8451301455497742,4.7297
2299,i20.bmp,i20_04_5.bmp,0.7919478416442871,4.0541
2300,i20.bmp,i20_05_1.bmp,0.8547353148460388,6.0263
2301,i20.bmp,i20_05_2.bmp,0.8166877627372742,5.7632
2302,i20.bmp,i20_05_3.bmp,0.7510101795196533,5.3947
2303,i20.bmp,i20_05_4.bmp,0.6886849403381348,4.2308
2304,i20.bmp,i20_05_5.bmp,0.6319668292999268,2.9211
2305,i20.bmp,i20_06_1.bmp,0.7706059217453003,4.9737
2306,i20.bmp,i20_06_2.bmp,0.7082409858703613,4.1389
2307,i20.bmp,i20_06_3.bmp,0.6757292747497559,3.9474
2308,i20.bmp,i20_06_4.bmp,0.6404528021812439,3.4359
2309,i20.bmp,i20_06_5.bmp,0.6012269258499146,3.1026
2310,i20.bmp,i20_07_1.bmp,0.8194065093994141,5.282
2311,i20.bmp,i20_07_2.bmp,0.7555302381515503,4.7297
2312,i20.bmp,i20_07_3.bmp,0.7069520354270935,4.4737
2313,i20.bmp,i20_07_4.bmp,0.6981258392333984,3.7368
2314,i20.bmp,i20_07_5.bmp,0.6066762804985046,3.282
2315,i20.bmp,i20_08_1.bmp,0.9478914737701416,5.6579
2316,i20.bmp,i20_08_2.bmp,0.9112212061882019,5.2973
2317,i20.bmp,i20_08_3.bmp,0.8452457189559937,4.0278
2318,i20.bmp,i20_08_4.bmp,0.7238192558288574,3.4211
2319,i20.bmp,i20_08_5.bmp,0.5771929025650024,2.5897
2320,i20.bmp,i20_09_1.bmp,0.8133139610290527,6.2632
2321,i20.bmp,i20_09_2.bmp,0.7929290533065796,6.1316
2322,i20.bmp,i20_09_3.bmp,0.7375789880752563,5.3333
2323,i20.bmp,i20_09_4.bmp,0.6182938814163208,3.7568
2324,i20.bmp,i20_09_5.bmp,0.5266317129135132,2.2162
2325,i20.bmp,i20_10_1.bmp,0.8245406150817871,6.1316
2326,i20.bmp,i20_10_2.bmp,0.783653736114502,5.7368
2327,i20.bmp,i20_10_3.bmp,0.7108339071273804,4.9444
2328,i20.bmp,i20_10_4.bmp,0.6136804223060608,3.5789
2329,i20.bmp,i20_10_5.bmp,0.540291428565979,2.7436
2330,i20.bmp,i20_11_1.bmp,0.7716771960258484,5.5789
2331,i20.bmp,i20_11_2.bmp,0.7211329340934753,4.8421
2332,i20.bmp,i20_11_3.bmp,0.6273940801620483,3.4324
2333,i20.bmp,i20_11_4.bmp,0.5332447290420532,2.0526
2334,i20.bmp,i20_11_5.bmp,0.4486832618713379,0.74359
2335,i20.bmp,i20_12_1.bmp,0.9034647941589355,6.1282
2336,i20.bmp,i20_12_2.bmp,0.8133105635643005,5.3077
2337,i20.bmp,i20_12_3.bmp,0.8028563857078552,4.4474
2338,i20.bmp,i20_12_4.bmp,0.7441415786743164,4.2564
2339,i20.bmp,i20_12_5.bmp,0.5915913581848145,2.5789
2340,i20.bmp,i20_13_1.bmp,0.7548083662986755,5.1539
2341,i20.bmp,i20_13_2.bmp,0.6477758884429932,3.7895
2342,i20.bmp,i20_13_3.bmp,0.794533371925354,3.8205
2343,i20.bmp,i20_13_4.bmp,0.5696712732315063,2.8919
2344,i20.bmp,i20_13_5.bmp,0.49953779578208923,2.027
2345,i20.bmp,i20_14_1.bmp,0.9549655914306641,6.0263
2346,i20.bmp,i20_14_2.bmp,0.9634944200515747,5.8421
2347,i20.bmp,i20_14_3.bmp,0.9165476560592651,4.5526
2348,i20.bmp,i20_14_4.bmp,0.8634688854217529,4.1282
2349,i20.bmp,i20_14_5.bmp,0.846463143825531,3.3684
2350,i20.bmp,i20_15_1.bmp,0.8487619161605835,3.2308
2351,i20.bmp,i20_15_2.bmp,0.858110785484314,3.3421
2352,i20.bmp,i20_15_3.bmp,0.8945574760437012,3.6923
2353,i20.bmp,i20_15_4.bmp,0.909737765789032,3.8974
2354,i20.bmp,i20_15_5.bmp,0.9416267275810242,4.0513
2355,i20.bmp,i20_16_1.bmp,0.9809619784355164,6.0513
2356,i20.bmp,i20_16_2.bmp,0.9375383853912354,6.0541
2357,i20.bmp,i20_16_3.bmp,0.9274411201477051,5.4054
2358,i20.bmp,i20_16_4.bmp,0.8225333094596863,5.1351
2359,i20.bmp,i20_16_5.bmp,0.8557088375091553,4.718
2360,i20.bmp,i20_17_1.bmp,0.9641265869140625,5.6154
2361,i20.bmp,i20_17_2.bmp,0.8817230463027954,6.3333
2362,i20.bmp,i20_17_3.bmp,0.9183337092399597,4.3243
2363,i20.bmp,i20_17_4.bmp,0.7778370380401611,5.8718
2364,i20.bmp,i20_17_5.bmp,0.8575414419174194,3.5385
2365,i20.bmp,i20_18_1.bmp,0.9289104342460632,5.6154
2366,i20.bmp,i20_18_2.bmp,0.9172850847244263,5.2368
2367,i20.bmp,i20_18_3.bmp,0.8906598091125488,4.5
2368,i20.bmp,i20_18_4.bmp,0.826675534248352,4.1351
2369,i20.bmp,i20_18_5.bmp,0.7423721551895142,4.1053
2370,i20.bmp,i20_19_1.bmp,0.8364722728729248,5.8205
2371,i20.bmp,i20_19_2.bmp,0.8043906092643738,5.1795
2372,i20.bmp,i20_19_3.bmp,0.7702352404594421,4.7949
2373,i20.bmp,i20_19_4.bmp,0.7317454218864441,4.0
2374,i20.bmp,i20_19_5.bmp,0.6985950469970703,3.4615
2375,i20.bmp,i20_20_1.bmp,0.8453325629234314,6.1579
2376,i20.bmp,i20_20_2.bmp,0.80492103099823,5.4615
2377,i20.bmp,i20_20_3.bmp,0.7537698745727539,4.7895
2378,i20.bmp,i20_20_4.bmp,0.6720374822616577,3.5263
2379,i20.bmp,i20_20_5.bmp,0.6004132628440857,2.718
2380,i20.bmp,i20_21_1.bmp,0.7868704795837402,5.5526
2381,i20.bmp,i20_21_2.bmp,0.7234906554222107,4.7632
2382,i20.bmp,i20_21_3.bmp,0.6844581365585327,4.0
2383,i20.bmp,i20_21_4.bmp,0.6081780195236206,3.2432
2384,i20.bmp,i20_21_5.bmp,0.5470161437988281,2.5789
2385,i20.bmp,i20_22_1.bmp,0.8353894948959351,6.0
2386,i20.bmp,i20_22_2.bmp,0.7806713581085205,5.1053
2387,i20.bmp,i20_22_3.bmp,0.7127519845962524,4.5263
2388,i20.bmp,i20_22_4.bmp,0.6680865287780762,4.1081
2389,i20.bmp,i20_22_5.bmp,0.6100983619689941,3.7297
2390,i20.bmp,i20_23_1.bmp,0.9055768251419067,5.9487
2391,i20.bmp,i20_23_2.bmp,0.8370194435119629,6.2564
2392,i20.bmp,i20_23_3.bmp,0.7482508420944214,5.8205
2393,i20.bmp,i20_23_4.bmp,0.6780531406402588,4.7297
2394,i20.bmp,i20_23_5.bmp,0.5455731153488159,3.1538
2395,i20.bmp,i20_24_1.bmp,0.8044053912162781,6.1842
2396,i20.bmp,i20_24_2.bmp,0.742572009563446,5.0789
2397,i20.bmp,i20_24_3.bmp,0.6538189649581909,3.4324
2398,i20.bmp,i20_24_4.bmp,0.5292431116104126,1.9744
2399,i20.bmp,i20_24_5.bmp,0.44426438212394714,0.84211
2400,i21.bmp,i21_01_1.bmp,0.8900564908981323,5.5116
2401,i21.bmp,i21_01_2.bmp,0.8559950590133667,5.0698
2402,i21.bmp,i21_01_3.bmp,0.81847083568573,4.4884
2403,i21.bmp,i21_01_4.bmp,0.7508218288421631,3.907
2404,i21.bmp,i21_01_5.bmp,0.69577956199646,3.4884
2405,i21.bmp,i21_02_1.bmp,0.8982852697372437,5.8095
2406,i21.bmp,i21_02_2.bmp,0.8667880892753601,5.5349
2407,i21.bmp,i21_02_3.bmp,0.830706000328064,5.4419
2408,i21.bmp,i21_02_4.bmp,0.7949347496032715,4.814
2409,i21.bmp,i21_02_5.bmp,0.7521681785583496,4.15
2410,i21.bmp,i21_03_1.bmp,0.8023891448974609,4.3953
2411,i21.bmp,i21_03_2.bmp,0.7342779636383057,3.9268
2412,i21.bmp,i21_03_3.bmp,0.6929903030395508,3.1667
2413,i21.bmp,i21_03_4.bmp,0.6563999652862549,3.0698
2414,i21.bmp,i21_03_5.bmp,0.6078524589538574,2.5581
2415,i21.bmp,i21_04_1.bmp,0.9724459648132324,5.9302
2416,i21.bmp,i21_04_2.bmp,0.9621134996414185,6.0233
2417,i21.bmp,i21_04_3.bmp,0.9426811933517456,5.4634
2418,i21.bmp,i21_04_4.bmp,0.9130551218986511,5.3333
2419,i21.bmp,i21_04_5.bmp,0.878036379814148,4.65
2420,i21.bmp,i21_05_1.bmp,0.9270178079605103,5.6977
2421,i21.bmp,i21_05_2.bmp,0.8982121348381042,5.907
2422,i21.bmp,i21_05_3.bmp,0.8420085906982422,5.1163
2423,i21.bmp,i21_05_4.bmp,0.7807083129882812,3.9286
2424,i21.bmp,i21_05_5.bmp,0.7024245262145996,3.0
2425,i21.bmp,i21_06_1.bmp,0.8671826124191284,4.9268
2426,i21.bmp,i21_06_2.bmp,0.8085484504699707,4.381
2427,i21.bmp,i21_06_3.bmp,0.8067982196807861,4.0244
2428,i21.bmp,i21_06_4.bmp,0.7573784589767456,3.5
2429,i21.bmp,i21_06_5.bmp,0.6948767900466919,3.0476
2430,i21.bmp,i21_07_1.bmp,0.8207632899284363,5.0244
2431,i21.bmp,i21_07_2.bmp,0.7952402830123901,4.45
2432,i21.bmp,i21_07_3.bmp,0.7307021021842957,4.1667
2433,i21.bmp,i21_07_4.bmp,0.718085527420044,3.5952
2434,i21.bmp,i21_07_5.bmp,0.6533044576644897,3.1667
2435,i21.bmp,i21_08_1.bmp,0.9515502452850342,5.5
2436,i21.bmp,i21_08_2.bmp,0.9184216856956482,4.8571
2437,i21.bmp,i21_08_3.bmp,0.8522223830223083,4.1163
2438,i21.bmp,i21_08_4.bmp,0.7418774366378784,3.2326
2439,i21.bmp,i21_08_5.bmp,0.6231510639190674,2.1628
2440,i21.bmp,i21_09_1.bmp,0.8078945875167847,6.075
2441,i21.bmp,i21_09_2.bmp,0.7859417796134949,6.1905
2442,i21.bmp,i21_09_3.bmp,0.7291496992111206,5.3095
2443,i21.bmp,i21_09_4.bmp,0.6439323425292969,3.7674
2444,i21.bmp,i21_09_5.bmp,0.5484280586242676,2.093
2445,i21.bmp,i21_10_1.bmp,0.884892463684082,6.3095
2446,i21.bmp,i21_10_2.bmp,0.8353880643844604,5.881
2447,i21.bmp,i21_10_3.bmp,0.7579604387283325,5.1395
2448,i21.bmp,i21_10_4.bmp,0.669407069683075,3.2619
2449,i21.bmp,i21_10_5.bmp,0.6000242233276367,1.9268
2450,i21.bmp,i21_11_1.bmp,0.8615577220916748,6.122
2451,i21.bmp,i21_11_2.bmp,0.8046257495880127,5.3953
2452,i21.bmp,i21_11_3.bmp,0.7206870913505554,4.6905
2453,i21.bmp,i21_11_4.bmp,0.6388506293296814,3.0
2454,i21.bmp,i21_11_5.bmp,0.501811146736145,1.0465
2455,i21.bmp,i21_12_1.bmp,0.960366427898407,5.7907
2456,i21.bmp,i21_12_2.bmp,0.825833797454834,4.7674
2457,i21.bmp,i21_12_3.bmp,0.9190235137939453,6.0
2458,i21.bmp,i21_12_4.bmp,0.8749854564666748,5.619
2459,i21.bmp,i21_12_5.bmp,0.6435999870300293,2.0238
2460,i21.bmp,i21_13_1.bmp,0.8483473062515259,4.4524
2461,i21.bmp,i21_13_2.bmp,0.78019779920578,3.6905
2462,i21.bmp,i21_13_3.bmp,0.6830698847770691,3.1707
2463,i21.bmp,i21_13_4.bmp,0.6052353382110596,2.3488
2464,i21.bmp,i21_13_5.bmp,0.6515039801597595,2.5581
2465,i21.bmp,i21_14_1.bmp,0.9661194682121277,5.907
2466,i21.bmp,i21_14_2.bmp,0.9754128456115723,6.1707
2467,i21.bmp,i21_14_3.bmp,0.9480297565460205,5.9524
2468,i21.bmp,i21_14_4.bmp,0.9145743250846863,4.3333
2469,i21.bmp,i21_14_5.bmp,0.8607228994369507,3.6512
2470,i21.bmp,i21_15_1.bmp,0.9210858345031738,2.8537
2471,i21.bmp,i21_15_2.bmp,0.9291264414787292,3.2683
2472,i21.bmp,i21_15_3.bmp,0.942614734172821,3.5714
2473,i21.bmp,i21_15_4.bmp,0.9563703536987305,3.7619
2474,i21.bmp,i21_15_5.bmp,0.9622358679771423,3.7143
2475,i21.bmp,i21_16_1.bmp,0.9909619092941284,6.122
2476,i21.bmp,i21_16_2.bmp,0.9834224581718445,5.9302
2477,i21.bmp,i21_16_3.bmp,0.9654797315597534,5.7143
2478,i21.bmp,i21_16_4.bmp,0.9527393579483032,5.1667
2479,i21.bmp,i21_16_5.bmp,0.9207526445388794,4.6744
2480,i21.bmp,i21_17_1.bmp,0.9658569097518921,5.3415
2481,i21.bmp,i21_17_2.bmp,0.9545319080352783,6.2619
2482,i21.bmp,i21_17_3.bmp,0.9187192320823669,4.3571
2483,i21.bmp,i21_17_4.bmp,0.9176509380340576,6.3023
2484,i21.bmp,i21_17_5.bmp,0.9032632112503052,3.55
2485,i21.bmp,i21_18_1.bmp,0.947750449180603,4.8571
2486,i21.bmp,i21_18_2.bmp,0.9309747219085693,4.3171
2487,i21.bmp,i21_18_3.bmp,0.895957887172699,4.119
2488,i21.bmp,i21_18_4.bmp,0.8115706443786621,3.6098
2489,i21.bmp,i21_18_5.bmp,0.7454214096069336,3.7857
2490,i21.bmp,i21_19_1.bmp,0.8852558135986328,5.381
2491,i21.bmp,i21_19_2.bmp,0.8537806272506714,4.7907
2492,i21.bmp,i21_19_3.bmp,0.8105393648147583,4.0714
2493,i21.bmp,i21_19_4.bmp,0.7648207545280457,3.6429
2494,i21.bmp,i21_19_5.bmp,0.7394837737083435,3.4186
2495,i21.bmp,i21_20_1.bmp,0.9328336119651794,5.975
2496,i21.bmp,i21_20_2.bmp,0.8997358083724976,5.6744
2497,i21.bmp,i21_20_3.bmp,0.8549525737762451,5.6905
2498,i21.bmp,i21_20_4.bmp,0.7545663118362427,4.8837
2499,i21.bmp,i21_20_5.bmp,0.6669323444366455,3.8372
2500,i21.bmp,i21_21_1.bmp,0.8687065839767456,5.5349
2501,i21.bmp,i21_21_2.bmp,0.8300642371177673,5.1429
2502,i21.bmp,i21_21_3.bmp,0.7631654143333435,4.3095
2503,i21.bmp,i21_21_4.bmp,0.6888505816459656,3.6191
2504,i21.bmp,i21_21_5.bmp,0.5922764539718628,2.7317
2505,i21.bmp,i21_22_1.bmp,0.8672592043876648,5.3571
2506,i21.bmp,i21_22_2.bmp,0.7830347418785095,5.4762
2507,i21.bmp,i21_22_3.bmp,0.7691370248794556,4.4419
2508,i21.bmp,i21_22_4.bmp,0.692271888256073,3.3721
2509,i21.bmp,i21_22_5.bmp,0.6240822076797485,3.0
2510,i21.bmp,i21_23_1.bmp,0.899665355682373,6.1163
2511,i21.bmp,i21_23_2.bmp,0.826669454574585,5.9048
2512,i21.bmp,i21_23_3.bmp,0.7896236181259155,5.6744
2513,i21.bmp,i21_23_4.bmp,0.7399162650108337,5.2381
2514,i21.bmp,i21_23_5.bmp,0.6239210367202759,2.8571
2515,i21.bmp,i21_24_1.bmp,0.8528285026550293,5.8837
2516,i21.bmp,i21_24_2.bmp,0.831554114818573,5.7209
2517,i21.bmp,i21_24_3.bmp,0.7678471803665161,5.0
2518,i21.bmp,i21_24_4.bmp,0.6722036600112915,3.0732
2519,i21.bmp,i21_24_5.bmp,0.44587767124176025,0.52381
2520,i22.bmp,i22_01_1.bmp,0.9038705825805664,5.8158
2521,i22.bmp,i22_01_2.bmp,0.8375271558761597,5.2368
2522,i22.bmp,i22_01_3.bmp,0.8100860118865967,4.8461
2523,i22.bmp,i22_01_4.bmp,0.7600101828575134,4.1579
2524,i22.bmp,i22_01_5.bmp,0.6950504183769226,3.718
2525,i22.bmp,i22_02_1.bmp,0.9163020849227905,5.6053
2526,i22.bmp,i22_02_2.bmp,0.8794339895248413,5.8205
2527,i22.bmp,i22_02_3.bmp,0.8411692380905151,5.4737
2528,i22.bmp,i22_02_4.bmp,0.7798457145690918,5.1316
2529,i22.bmp,i22_02_5.bmp,0.7291662096977234,4.5789
2530,i22.bmp,i22_03_1.bmp,0.7818654775619507,4.7949
2531,i22.bmp,i22_03_2.bmp,0.7358724474906921,4.3421
2532,i22.bmp,i22_03_3.bmp,0.6594077348709106,3.6842
2533,i22.bmp,i22_03_4.bmp,0.5891050100326538,3.0769
2534,i22.bmp,i22_03_5.bmp,0.5325162410736084,2.7027
2535,i22.bmp,i22_04_1.bmp,0.9710884094238281,5.7692
2536,i22.bmp,i22_04_2.bmp,0.9579461812973022,5.718
2537,i22.bmp,i22_04_3.bmp,0.9340702891349792,5.4359
2538,i22.bmp,i22_04_4.bmp,0.8993121981620789,5.0
2539,i22.bmp,i22_04_5.bmp,0.8523030281066895,4.3077
2540,i22.bmp,i22_05_1.bmp,0.9330626726150513,5.8684
2541,i22.bmp,i22_05_2.bmp,0.9042636156082153,5.6842
2542,i22.bmp,i22_05_3.bmp,0.840053915977478,4.8718
2543,i22.bmp,i22_05_4.bmp,0.7367823123931885,4.1842
2544,i22.bmp,i22_05_5.bmp,0.627589762210846,3.1842
2545,i22.bmp,i22_06_1.bmp,0.8956717252731323,4.7027
2546,i22.bmp,i22_06_2.bmp,0.8354002833366394,4.2432
2547,i22.bmp,i22_06_3.bmp,0.7755346298217773,3.7632
2548,i22.bmp,i22_06_4.bmp,0.6992422342300415,3.5676
2549,i22.bmp,i22_06_5.bmp,0.6401644945144653,3.2432
2550,i22.bmp,i22_07_1.bmp,0.8895261287689209,5.5897
2551,i22.bmp,i22_07_2.bmp,0.8138706088066101,5.0811
2552,i22.bmp,i22_07_3.bmp,0.6895999908447266,4.5789
2553,i22.bmp,i22_07_4.bmp,0.6426247954368591,3.8947
2554,i22.bmp,i22_07_5.bmp,0.5838403105735779,2.7436
2555,i22.bmp,i22_08_1.bmp,0.950077474117279,5.4474
2556,i22.bmp,i22_08_2.bmp,0.9094830751419067,4.6316
2557,i22.bmp,i22_08_3.bmp,0.8315135836601257,3.7838
2558,i22.bmp,i22_08_4.bmp,0.7041265368461609,3.1282
2559,i22.bmp,i22_08_5.bmp,0.5440822839736938,2.5385
2560,i22.bmp,i22_09_1.bmp,0.8455300331115723,5.8461
2561,i22.bmp,i22_09_2.bmp,0.7946774363517761,5.5263
2562,i22.bmp,i22_09_3.bmp,0.7012754678726196,4.6216
2563,i22.bmp,i22_09_4.bmp,0.5708843469619751,3.3333
2564,i22.bmp,i22_09_5.bmp,0.49731940031051636,2.0513
2565,i22.bmp,i22_10_1.bmp,0.8786571025848389,5.8378
2566,i22.bmp,i22_10_2.bmp,0.8159793615341187,5.5897
2567,i22.bmp,i22_10_3.bmp,0.7005510330200195,5.0
2568,i22.bmp,i22_10_4.bmp,0.5210603475570679,3.5897
2569,i22.bmp,i22_10_5.bmp,0.45434126257896423,2.0789
2570,i22.bmp,i22_11_1.bmp,0.8688998222351074,5.359
2571,i22.bmp,i22_11_2.bmp,0.7736913561820984,5.5128
2572,i22.bmp,i22_11_3.bmp,0.6295942068099976,4.2632
2573,i22.bmp,i22_11_4.bmp,0.4628238081932068,2.6316
2574,i22.bmp,i22_11_5.bmp,0.38739797472953796,0.86842
2575,i22.bmp,i22_12_1.bmp,0.8476709127426147,5.2632
2576,i22.bmp,i22_12_2.bmp,0.8953239321708679,5.7692
2577,i22.bmp,i22_12_3.bmp,0.8766304850578308,5.7436
2578,i22.bmp,i22_12_4.bmp,0.7311667799949646,4.3684
2579,i22.bmp,i22_12_5.bmp,0.5890820026397705,2.7632
2580,i22.bmp,i22_13_1.bmp,0.8824460506439209,5.2564
2581,i22.bmp,i22_13_2.bmp,0.7611593008041382,4.4359
2582,i22.bmp,i22_13_3.bmp,0.6761389970779419,3.6842
2583,i22.bmp,i22_13_4.bmp,0.6156120300292969,2.8718
2584,i22.bmp,i22_13_5.bmp,0.5382832884788513,2.5128
2585,i22.bmp,i22_14_1.bmp,0.959442138671875,5.7692
2586,i22.bmp,i22_14_2.bmp,0.9722990393638611,5.8611
2587,i22.bmp,i22_14_3.bmp,0.9460248351097107,5.7632
2588,i22.bmp,i22_14_4.bmp,0.8904258012771606,4.6216
2589,i22.bmp,i22_14_5.bmp,0.8635321855545044,4.1026
2590,i22.bmp,i22_15_1.bmp,0.8430432081222534,3.0526
2591,i22.bmp,i22_15_2.bmp,0.8765313029289246,3.0263
2592,i22.bmp,i22_15_3.bmp,0.8966587781906128,3.2162
2593,i22.bmp,i22_15_4.bmp,0.9340239763259888,3.3947
2594,i22.bmp,i22_15_5.bmp,0.9585422277450562,3.7368
2595,i22.bmp,i22_16_1.bmp,0.9918927550315857,5.8649
2596,i22.bmp,i22_16_2.bmp,0.9862114191055298,5.4103
2597,i22.bmp,i22_16_3.bmp,0.9673460721969604,6.0513
2598,i22.bmp,i22_16_4.bmp,0.9535722732543945,4.6053
2599,i22.bmp,i22_16_5.bmp,0.9155349731445312,5.2564
2600,i22.bmp,i22_17_1.bmp,0.9799224734306335,5.3333
2601,i22.bmp,i22_17_2.bmp,0.9639122486114502,6.0
2602,i22.bmp,i22_17_3.bmp,0.9506871700286865,4.2222
2603,i22.bmp,i22_17_4.bmp,0.9189700484275818,6.2308
2604,i22.bmp,i22_17_5.bmp,0.9097790718078613,3.3784
2605,i22.bmp,i22_18_1.bmp,0.9652377963066101,5.1539
2606,i22.bmp,i22_18_2.bmp,0.9548683166503906,4.6842
2607,i22.bmp,i22_18_3.bmp,0.9354761838912964,4.2368
2608,i22.bmp,i22_18_4.bmp,0.8962501287460327,3.7632
2609,i22.bmp,i22_18_5.bmp,0.7568488121032715,3.25
2610,i22.bmp,i22_19_1.bmp,0.9196068644523621,5.1316
2611,i22.bmp,i22_19_2.bmp,0.8877854347229004,5.1316
2612,i22.bmp,i22_19_3.bmp,0.8494712710380554,4.6667
2613,i22.bmp,i22_19_4.bmp,0.7849776148796082,4.0
2614,i22.bmp,i22_19_5.bmp,0.7276334166526794,3.5897
2615,i22.bmp,i22_20_1.bmp,0.9399473071098328,5.7105
2616,i22.bmp,i22_20_2.bmp,0.9007264375686646,5.7368
2617,i22.bmp,i22_20_3.bmp,0.8329175710678101,5.5526
2618,i22.bmp,i22_20_4.bmp,0.7083256244659424,4.8974
2619,i22.bmp,i22_20_5.bmp,0.613095760345459,3.6486
2620,i22.bmp,i22_21_1.bmp,0.8752121925354004,5.5789
2621,i22.bmp,i22_21_2.bmp,0.8214036822319031,5.0263
2622,i22.bmp,i22_21_3.bmp,0.7390696406364441,4.6579
2623,i22.bmp,i22_21_4.bmp,0.6168197989463806,3.5641
2624,i22.bmp,i22_21_5.bmp,0.5210501551628113,2.6316
2625,i22.bmp,i22_22_1.bmp,0.9120855331420898,5.9231
2626,i22.bmp,i22_22_2.bmp,0.8625887632369995,5.3514
2627,i22.bmp,i22_22_3.bmp,0.7756195068359375,4.8974
2628,i22.bmp,i22_22_4.bmp,0.6635744571685791,4.4474
2629,i22.bmp,i22_22_5.bmp,0.5778729915618896,2.8947
2630,i22.bmp,i22_23_1.bmp,0.9317039251327515,6.3243
2631,i22.bmp,i22_23_2.bmp,0.8561687469482422,6.1316
2632,i22.bmp,i22_23_3.bmp,0.753309965133667,5.2105
2633,i22.bmp,i22_23_4.bmp,0.6692683100700378,4.4359
2634,i22.bmp,i22_23_5.bmp,0.5076459646224976,2.1026
2635,i22.bmp,i22_24_1.bmp,0.8666788339614868,5.8205
2636,i22.bmp,i22_24_2.bmp,0.7919669151306152,5.4211
2637,i22.bmp,i22_24_3.bmp,0.6819561719894409,4.2162
2638,i22.bmp,i22_24_4.bmp,0.5302734375,2.2564
2639,i22.bmp,i22_24_5.bmp,0.40285131335258484,0.36842
2640,i23.bmp,i23_01_1.bmp,0.8758692741394043,5.6857
2641,i23.bmp,i23_01_2.bmp,0.8382517695426941,5.0571
2642,i23.bmp,i23_01_3.bmp,0.8008529543876648,4.7647
2643,i23.bmp,i23_01_4.bmp,0.7630298137664795,4.0857
2644,i23.bmp,i23_01_5.bmp,0.7257406115531921,3.7353
2645,i23.bmp,i23_02_1.bmp,0.8942148089408875,6.1471
2646,i23.bmp,i23_02_2.bmp,0.8593934774398804,5.8485
2647,i23.bmp,i23_02_3.bmp,0.8197382688522339,5.4571
2648,i23.bmp,i23_02_4.bmp,0.78122878074646,5.0286
2649,i23.bmp,i23_02_5.bmp,0.7465944290161133,4.3235
2650,i23.bmp,i23_03_1.bmp,0.7970358729362488,4.6177
2651,i23.bmp,i23_03_2.bmp,0.7570806741714478,4.1714
2652,i23.bmp,i23_03_3.bmp,0.7214676737785339,3.5588
2653,i23.bmp,i23_03_4.bmp,0.687297523021698,3.2647
2654,i23.bmp,i23_03_5.bmp,0.6578696966171265,2.6765
2655,i23.bmp,i23_04_1.bmp,0.9736700057983398,5.6177
2656,i23.bmp,i23_04_2.bmp,0.9627161026000977,5.6471
2657,i23.bmp,i23_04_3.bmp,0.9436932802200317,5.3235
2658,i23.bmp,i23_04_4.bmp,0.9155539274215698,4.7941
2659,i23.bmp,i23_04_5.bmp,0.8767484426498413,4.5294
2660,i23.bmp,i23_05_1.bmp,0.9159578084945679,6.0571
2661,i23.bmp,i23_05_2.bmp,0.8849658966064453,5.5
2662,i23.bmp,i23_05_3.bmp,0.8275913000106812,5.0909
2663,i23.bmp,i23_05_4.bmp,0.7709729671478271,4.3143
2664,i23.bmp,i23_05_5.bmp,0.715533435344696,3.3529
2665,i23.bmp,i23_06_1.bmp,0.8151042461395264,4.6177
2666,i23.bmp,i23_06_2.bmp,0.7970564365386963,4.3529
2667,i23.bmp,i23_06_3.bmp,0.7748762965202332,4.0294
2668,i23.bmp,i23_06_4.bmp,0.74615877866745,3.6176
2669,i23.bmp,i23_06_5.bmp,0.7071596384048462,3.2941
2670,i23.bmp,i23_07_1.bmp,0.8103679418563843,4.9706
2671,i23.bmp,i23_07_2.bmp,0.7942558526992798,3.8485
2672,i23.bmp,i23_07_3.bmp,0.7615888118743896,3.6857
2673,i23.bmp,i23_07_4.bmp,0.7231506109237671,3.4412
2674,i23.bmp,i23_07_5.bmp,0.6930158138275146,2.7879
2675,i23.bmp,i23_08_1.bmp,0.9634766578674316,5.9429
2676,i23.bmp,i23_08_2.bmp,0.9380321502685547,5.5294
2677,i23.bmp,i23_08_3.bmp,0.8829210996627808,4.6765
2678,i23.bmp,i23_08_4.bmp,0.801345705986023,3.9412
2679,i23.bmp,i23_08_5.bmp,0.704173743724823,2.7714
2680,i23.bmp,i23_09_1.bmp,0.8646141886711121,6.697
2681,i23.bmp,i23_09_2.bmp,0.8407766222953796,6.0571
2682,i23.bmp,i23_09_3.bmp,0.7943589091300964,5.7059
2683,i23.bmp,i23_09_4.bmp,0.7212335467338562,4.2647
2684,i23.bmp,i23_09_5.bmp,0.6346198916435242,2.6471
2685,i23.bmp,i23_10_1.bmp,0.8990993499755859,5.9714
2686,i23.bmp,i23_10_2.bmp,0.8495578765869141,5.7941
2687,i23.bmp,i23_10_3.bmp,0.7683846354484558,5.0294
2688,i23.bmp,i23_10_4.bmp,0.6822372674942017,3.6471
2689,i23.bmp,i23_10_5.bmp,0.6132782697677612,2.4
2690,i23.bmp,i23_11_1.bmp,0.7998600006103516,5.2571
2691,i23.bmp,i23_11_2.bmp,0.7393543124198914,4.5714
2692,i23.bmp,i23_11_3.bmp,0.6764494180679321,3.1176
2693,i23.bmp,i23_11_4.bmp,0.61470627784729,2.2424
2694,i23.bmp,i23_11_5.bmp,0.48572415113449097,0.82353
2695,i23.bmp,i23_12_1.bmp,0.9036003351211548,5.9697
2696,i23.bmp,i23_12_2.bmp,0.8726979494094849,5.7429
2697,i23.bmp,i23_12_3.bmp,0.8599672317504883,3.8
2698,i23.bmp,i23_12_4.bmp,0.7376798391342163,2.8857
2699,i23.bmp,i23_12_5.bmp,0.5988593101501465,1.8571
2700,i23.bmp,i23_13_1.bmp,0.8879615664482117,4.5429
2701,i23.bmp,i23_13_2.bmp,0.7739542722702026,4.1515
2702,i23.bmp,i23_13_3.bmp,0.7510368227958679,3.3429
2703,i23.bmp,i23_13_4.bmp,0.6639583706855774,2.4706
2704,i23.bmp,i23_13_5.bmp,0.6516070365905762,2.5882
2705,i23.bmp,i23_14_1.bmp,0.9532235860824585,6.0857
2706,i23.bmp,i23_14_2.bmp,0.9798263311386108,6.2941
2707,i23.bmp,i23_14_3.bmp,0.9647125601768494,5.0588
2708,i23.bmp,i23_14_4.bmp,0.9340699911117554,5.0588
2709,i23.bmp,i23_14_5.bmp,0.8986055254936218,3.6
2710,i23.bmp,i23_15_1.bmp,0.9229429960250854,2.9429
2711,i23.bmp,i23_15_2.bmp,0.9367620348930359,2.9714
2712,i23.bmp,i23_15_3.bmp,0.9485491514205933,3.2571
2713,i23.bmp,i23_15_4.bmp,0.9616081714630127,3.4118
2714,i23.bmp,i23_15_5.bmp,0.9794313311576843,3.6286
2715,i23.bmp,i23_16_1.bmp,0.9931129813194275,6.3333
2716,i23.bmp,i23_16_2.bmp,0.9861222505569458,5.8286
2717,i23.bmp,i23_16_3.bmp,0.974350094795227,5.8235
2718,i23.bmp,i23_16_4.bmp,0.9500352144241333,5.2
2719,i23.bmp,i23_16_5.bmp,0.9417087435722351,5.7143
2720,i23.bmp,i23_17_1.bmp,0.9806326627731323,5.6667
2721,i23.bmp,i23_17_2.bmp,0.9578717947006226,6.8
2722,i23.bmp,i23_17_3.bmp,0.9573765993118286,4.8286
2723,i23.bmp,i23_17_4.bmp,0.9101653099060059,6.6857
2724,i23.bmp,i23_17_5.bmp,0.9160919189453125,3.8824
2725,i23.bmp,i23_18_1.bmp,0.9690808653831482,5.7647
2726,i23.bmp,i23_18_2.bmp,0.9618083238601685,5.6471
2727,i23.bmp,i23_18_3.bmp,0.9517339468002319,5.4412
2728,i23.bmp,i23_18_4.bmp,0.9363269805908203,5.0571
2729,i23.bmp,i23_18_5.bmp,0.9070258140563965,4.3823
2730,i23.bmp,i23_19_1.bmp,0.8721615672111511,5.7143
2731,i23.bmp,i23_19_2.bmp,0.8316282033920288,4.9714
2732,i23.bmp,i23_19_3.bmp,0.7946649789810181,4.6177
2733,i23.bmp,i23_19_4.bmp,0.7529963254928589,3.8857
2734,i23.bmp,i23_19_5.bmp,0.715451717376709,3.4286
2735,i23.bmp,i23_20_1.bmp,0.9041499495506287,5.6
2736,i23.bmp,i23_20_2.bmp,0.8472965955734253,5.0882
2737,i23.bmp,i23_20_3.bmp,0.786083459854126,4.0938
2738,i23.bmp,i23_20_4.bmp,0.7277902364730835,3.3429
2739,i23.bmp,i23_20_5.bmp,0.6633415222167969,2.6571
2740,i23.bmp,i23_21_1.bmp,0.8445992469787598,5.6
2741,i23.bmp,i23_21_2.bmp,0.799350380897522,4.7941
2742,i23.bmp,i23_21_3.bmp,0.7205244898796082,4.1212
2743,i23.bmp,i23_21_4.bmp,0.6815001964569092,3.5143
2744,i23.bmp,i23_21_5.bmp,0.5822681784629822,2.4118
2745,i23.bmp,i23_22_1.bmp,0.9104269742965698,6.1765
2746,i23.bmp,i23_22_2.bmp,0.8684912919998169,5.8857
2747,i23.bmp,i23_22_3.bmp,0.8316420316696167,5.0294
2748,i23.bmp,i23_22_4.bmp,0.7796310782432556,4.6471
2749,i23.bmp,i23_22_5.bmp,0.6996771693229675,4.0
2750,i23.bmp,i23_23_1.bmp,0.9298743009567261,6.303
2751,i23.bmp,i23_23_2.bmp,0.8678369522094727,5.9118
2752,i23.bmp,i23_23_3.bmp,0.7940407991409302,5.1714
2753,i23.bmp,i23_23_4.bmp,0.7058800458908081,3.7576
2754,i23.bmp,i23_23_5.bmp,0.5859858989715576,3.0
2755,i23.bmp,i23_24_1.bmp,0.853707492351532,5.8529
2756,i23.bmp,i23_24_2.bmp,0.7917880415916443,4.7353
2757,i23.bmp,i23_24_3.bmp,0.724634051322937,3.6765
2758,i23.bmp,i23_24_4.bmp,0.5596528053283691,1.7273
2759,i23.bmp,i23_24_5.bmp,0.5230822563171387,0.78788
2760,i24.bmp,i24_01_1.bmp,0.8411197066307068,5.8857
2761,i24.bmp,i24_01_2.bmp,0.7941145300865173,5.0556
2762,i24.bmp,i24_01_3.bmp,0.7270336151123047,4.7222
2763,i24.bmp,i24_01_4.bmp,0.6617081165313721,4.1429
2764,i24.bmp,i24_01_5.bmp,0.5937541723251343,3.5833
2765,i24.bmp,i24_02_1.bmp,0.8623086214065552,6.4444
2766,i24.bmp,i24_02_2.bmp,0.8122650980949402,5.9118
2767,i24.bmp,i24_02_3.bmp,0.7644907236099243,5.1389
2768,i24.bmp,i24_02_4.bmp,0.7000166177749634,5.0857
2769,i24.bmp,i24_02_5.bmp,0.6341880559921265,4.5278
2770,i24.bmp,i24_03_1.bmp,0.7115105986595154,4.8
2771,i24.bmp,i24_03_2.bmp,0.6479164958000183,4.2571
2772,i24.bmp,i24_03_3.bmp,0.5637387633323669,3.8286
2773,i24.bmp,i24_03_4.bmp,0.5051697492599487,3.2857
2774,i24.bmp,i24_03_5.bmp,0.4590132236480713,2.6944
2775,i24.bmp,i24_04_1.bmp,0.9676207900047302,5.8571
2776,i24.bmp,i24_04_2.bmp,0.9525971412658691,5.8333
2777,i24.bmp,i24_04_3.bmp,0.9210104942321777,5.5294
2778,i24.bmp,i24_04_4.bmp,0.8776254653930664,5.1667
2779,i24.bmp,i24_04_5.bmp,0.8276612162590027,4.5714
2780,i24.bmp,i24_05_1.bmp,0.895990252494812,5.8056
2781,i24.bmp,i24_05_2.bmp,0.8557229042053223,5.3333
2782,i24.bmp,i24_05_3.bmp,0.7713882327079773,5.1389
2783,i24.bmp,i24_05_4.bmp,0.667920708656311,4.0286
2784,i24.bmp,i24_05_5.bmp,0.5502833724021912,3.25
2785,i24.bmp,i24_06_1.bmp,0.866642415523529,4.6471
2786,i24.bmp,i24_06_2.bmp,0.7957891225814819,4.3714
2787,i24.bmp,i24_06_3.bmp,0.719637393951416,3.9714
2788,i24.bmp,i24_06_4.bmp,0.6305098533630371,3.6667
2789,i24.bmp,i24_06_5.bmp,0.5518597364425659,3.2857
2790,i24.bmp,i24_07_1.bmp,0.8222786784172058,5.5278
2791,i24.bmp,i24_07_2.bmp,0.7508658170700073,4.5714
2792,i24.bmp,i24_07_3.bmp,0.65241539478302,4.0882
2793,i24.bmp,i24_07_4.bmp,0.6060363054275513,2.8857
2794,i24.bmp,i24_07_5.bmp,0.5426291227340698,2.4444
2795,i24.bmp,i24_08_1.bmp,0.9440047740936279,5.9444
2796,i24.bmp,i24_08_2.bmp,0.9004925489425659,4.9714
2797,i24.bmp,i24_08_3.bmp,0.8124078512191772,4.0571
2798,i24.bmp,i24_08_4.bmp,0.6441010236740112,3.1765
2799,i24.bmp,i24_08_5.bmp,0.48010528087615967,2.6176
2800,i24.bmp,i24_09_1.bmp,0.8091288805007935,6.0
2801,i24.bmp,i24_09_2.bmp,0.750785231590271,5.2941
2802,i24.bmp,i24_09_3.bmp,0.6324187517166138,4.5278
2803,i24.bmp,i24_09_4.bmp,0.4995955228805542,3.3889
2804,i24.bmp,i24_09_5.bmp,0.4201364517211914,2.0
2805,i24.bmp,i24_10_1.bmp,0.8461276888847351,5.8857
2806,i24.bmp,i24_10_2.bmp,0.7821873426437378,5.8286
2807,i24.bmp,i24_10_3.bmp,0.6476025581359863,4.6571
2808,i24.bmp,i24_10_4.bmp,0.49496322870254517,3.2778
2809,i24.bmp,i24_10_5.bmp,0.44487303495407104,1.8529
2810,i24.bmp,i24_11_1.bmp,0.8184164762496948,5.4
2811,i24.bmp,i24_11_2.bmp,0.7218031287193298,4.697
2812,i24.bmp,i24_11_3.bmp,0.5944496393203735,4.0294
2813,i24.bmp,i24_11_4.bmp,0.4535007178783417,2.5714
2814,i24.bmp,i24_11_5.bmp,0.38620007038116455,0.91667
2815,i24.bmp,i24_12_1.bmp,0.7954161167144775,5.6857
2816,i24.bmp,i24_12_2.bmp,0.9368898272514343,6.0857
2817,i24.bmp,i24_12_3.bmp,0.8675953149795532,5.4848
2818,i24.bmp,i24_12_4.bmp,0.6363258361816406,3.5
2819,i24.bmp,i24_12_5.bmp,0.5608922243118286,2.5833
2820,i24.bmp,i24_13_1.bmp,0.8399428129196167,4.0588
2821,i24.bmp,i24_13_2.bmp,0.6483765840530396,3.7429
2822,i24.bmp,i24_13_3.bmp,0.5892910957336426,3.3143
2823,i24.bmp,i24_13_4.bmp,0.525081992149353,2.8889
2824,i24.bmp,i24_13_5.bmp,0.5528900623321533,2.5
2825,i24.bmp,i24_14_1.bmp,0.9439725875854492,6.0
2826,i24.bmp,i24_14_2.bmp,0.975631833076477,5.9714
2827,i24.bmp,i24_14_3.bmp,0.9455463886260986,5.3429
2828,i24.bmp,i24_14_4.bmp,0.9006081819534302,5.1389
2829,i24.bmp,i24_14_5.bmp,0.858473002910614,4.6389
2830,i24.bmp,i24_15_1.bmp,0.9075242877006531,4.0278
2831,i24.bmp,i24_15_2.bmp,0.9192146062850952,4.4
2832,i24.bmp,i24_15_3.bmp,0.9195976257324219,3.8857
2833,i24.bmp,i24_15_4.bmp,0.9381985068321228,3.6667
2834,i24.bmp,i24_15_5.bmp,0.9606226682662964,3.3889
2835,i24.bmp,i24_16_1.bmp,0.9931868314743042,5.9714
2836,i24.bmp,i24_16_2.bmp,0.9891597032546997,6.1111
2837,i24.bmp,i24_16_3.bmp,0.9723837375640869,5.4571
2838,i24.bmp,i24_16_4.bmp,0.9668307304382324,5.6111
2839,i24.bmp,i24_16_5.bmp,0.9314247965812683,4.8857
2840,i24.bmp,i24_17_1.bmp,0.9812207221984863,5.75
2841,i24.bmp,i24_17_2.bmp,0.9729411005973816,6.4722
2842,i24.bmp,i24_17_3.bmp,0.9626538157463074,4.8056
2843,i24.bmp,i24_17_4.bmp,0.9480143785476685,6.7222
2844,i24.bmp,i24_17_5.bmp,0.9203581809997559,3.6
2845,i24.bmp,i24_18_1.bmp,0.9301475882530212,4.8
2846,i24.bmp,i24_18_2.bmp,0.8886537551879883,4.3939
2847,i24.bmp,i24_18_3.bmp,0.7481510043144226,3.9118
2848,i24.bmp,i24_18_4.bmp,0.6900402307510376,4.1143
2849,i24.bmp,i24_18_5.bmp,0.690887451171875,3.7941
2850,i24.bmp,i24_19_1.bmp,0.8468372225761414,5.5714
2851,i24.bmp,i24_19_2.bmp,0.7995400428771973,5.1765
2852,i24.bmp,i24_19_3.bmp,0.733534038066864,4.7778
2853,i24.bmp,i24_19_4.bmp,0.6659070253372192,4.0882
2854,i24.bmp,i24_19_5.bmp,0.5815820693969727,3.8571
2855,i24.bmp,i24_20_1.bmp,0.877844512462616,6.1429
2856,i24.bmp,i24_20_2.bmp,0.809313178062439,5.6111
2857,i24.bmp,i24_20_3.bmp,0.7347111105918884,5.1714
2858,i24.bmp,i24_20_4.bmp,0.6265694499015808,4.0286
2859,i24.bmp,i24_20_5.bmp,0.5702270269393921,3.5143
2860,i24.bmp,i24_21_1.bmp,0.7908527255058289,5.7778
2861,i24.bmp,i24_21_2.bmp,0.7095276117324829,4.8286
2862,i24.bmp,i24_21_3.bmp,0.626073956489563,4.1429
2863,i24.bmp,i24_21_4.bmp,0.5523734092712402,3.3611
2864,i24.bmp,i24_21_5.bmp,0.4635905921459198,2.6857
2865,i24.bmp,i24_22_1.bmp,0.8654564619064331,5.7714
2866,i24.bmp,i24_22_2.bmp,0.7865259647369385,5.0294
2867,i24.bmp,i24_22_3.bmp,0.6794793009757996,4.6177
2868,i24.bmp,i24_22_4.bmp,0.5709025859832764,3.3333
2869,i24.bmp,i24_22_5.bmp,0.5173683762550354,2.7429
2870,i24.bmp,i24_23_1.bmp,0.8780983686447144,5.8
2871,i24.bmp,i24_23_2.bmp,0.7716439962387085,6.0278
2872,i24.bmp,i24_23_3.bmp,0.6678218245506287,5.6857
2873,i24.bmp,i24_23_4.bmp,0.5742400288581848,5.0882
2874,i24.bmp,i24_23_5.bmp,0.43504655361175537,2.2941
2875,i24.bmp,i24_24_1.bmp,0.8038560152053833,5.7059
2876,i24.bmp,i24_24_2.bmp,0.6847610473632812,5.3429
2877,i24.bmp,i24_24_3.bmp,0.5911258459091187,4.3429
2878,i24.bmp,i24_24_4.bmp,0.48723554611206055,2.7429
2879,i24.bmp,i24_24_5.bmp,0.4091050326824188,0.41667
2880,i25.bmp,i25_01_1.bmp,0.794327437877655,5.1429
2881,i25.bmp,i25_01_2.bmp,0.7718915343284607,4.6765
2882,i25.bmp,i25_01_3.bmp,0.7354131937026978,4.4
2883,i25.bmp,i25_01_4.bmp,0.7061251401901245,3.8857
2884,i25.bmp,i25_01_5.bmp,0.6765455007553101,3.4444
2885,i25.bmp,i25_02_1.bmp,0.8290867805480957,5.5429
2886,i25.bmp,i25_02_2.bmp,0.8037542104721069,5.2778
2887,i25.bmp,i25_02_3.bmp,0.7661651372909546,5.25
2888,i25.bmp,i25_02_4.bmp,0.7411085963249207,4.4571
2889,i25.bmp,i25_02_5.bmp,0.7057064771652222,3.7714
2890,i25.bmp,i25_03_1.bmp,0.7492617964744568,4.0
2891,i25.bmp,i25_03_2.bmp,0.7178131937980652,3.5833
2892,i25.bmp,i25_03_3.bmp,0.6746816635131836,3.25
2893,i25.bmp,i25_03_4.bmp,0.6457218527793884,2.9143
2894,i25.bmp,i25_03_5.bmp,0.6106617450714111,2.4167
2895,i25.bmp,i25_04_1.bmp,0.9815479516983032,6.3939
2896,i25.bmp,i25_04_2.bmp,0.9688393473625183,6.1667
2897,i25.bmp,i25_04_3.bmp,0.9503616094589233,5.8889
2898,i25.bmp,i25_04_4.bmp,0.9216094017028809,5.5
2899,i25.bmp,i25_04_5.bmp,0.8780117034912109,5.2353
2900,i25.bmp,i25_05_1.bmp,0.8427623510360718,5.3333
2901,i25.bmp,i25_05_2.bmp,0.8099138736724854,5.2571
2902,i25.bmp,i25_05_3.bmp,0.7544786334037781,4.6111
2903,i25.bmp,i25_05_4.bmp,0.7010780572891235,3.8571
2904,i25.bmp,i25_05_5.bmp,0.6406513452529907,2.75
2905,i25.bmp,i25_06_1.bmp,0.8706311583518982,4.4
2906,i25.bmp,i25_06_2.bmp,0.8087770938873291,4.2857
2907,i25.bmp,i25_06_3.bmp,0.7410098910331726,3.7059
2908,i25.bmp,i25_06_4.bmp,0.6919986605644226,3.4722
2909,i25.bmp,i25_06_5.bmp,0.6513923406600952,3.0278
2910,i25.bmp,i25_07_1.bmp,0.9187482595443726,3.5
2911,i25.bmp,i25_07_2.bmp,0.8944537043571472,3.1429
2912,i25.bmp,i25_07_3.bmp,0.8735782504081726,3.0303
2913,i25.bmp,i25_07_4.bmp,0.8552166223526001,2.7143
2914,i25.bmp,i25_07_5.bmp,0.7996084690093994,2.7429
2915,i25.bmp,i25_08_1.bmp,0.9421274065971375,5.5294
2916,i25.bmp,i25_08_2.bmp,0.8736491203308105,5.0556
2917,i25.bmp,i25_08_3.bmp,0.7762448787689209,4.2941
2918,i25.bmp,i25_08_4.bmp,0.6702606081962585,3.1765
2919,i25.bmp,i25_08_5.bmp,0.5726460218429565,1.9444
2920,i25.bmp,i25_09_1.bmp,0.908942461013794,5.8333
2921,i25.bmp,i25_09_2.bmp,0.8744907379150391,5.2
2922,i25.bmp,i25_09_3.bmp,0.8308519124984741,4.2286
2923,i25.bmp,i25_09_4.bmp,0.7549394369125366,3.1176
2924,i25.bmp,i25_09_5.bmp,0.622589111328125,1.3333
2925,i25.bmp,i25_10_1.bmp,0.9098701477050781,5.8571
2926,i25.bmp,i25_10_2.bmp,0.8946510553359985,5.5714
2927,i25.bmp,i25_10_3.bmp,0.8346518874168396,4.2571
2928,i25.bmp,i25_10_4.bmp,0.7673873901367188,2.1471
2929,i25.bmp,i25_10_5.bmp,0.6729025840759277,1.4722
2930,i25.bmp,i25_11_1.bmp,0.9325823187828064,6.0857
2931,i25.bmp,i25_11_2.bmp,0.9158095717430115,5.8611
2932,i25.bmp,i25_11_3.bmp,0.8634883165359497,5.3611
2933,i25.bmp,i25_11_4.bmp,0.820697009563446,4.9722
2934,i25.bmp,i25_11_5.bmp,0.7588509917259216,4.6
2935,i25.bmp,i25_12_1.bmp,0.9160311222076416,6.0278
2936,i25.bmp,i25_12_2.bmp,0.9159718751907349,5.8
2937,i25.bmp,i25_12_3.bmp,0.8694579601287842,4.8333
2938,i25.bmp,i25_12_4.bmp,0.8582425117492676,5.0303
2939,i25.bmp,i25_12_5.bmp,0.8668336868286133,4.6667
2940,i25.bmp,i25_13_1.bmp,0.82391357421875,4.8286
2941,i25.bmp,i25_13_2.bmp,0.8311208486557007,5.7143
2942,i25.bmp,i25_13_3.bmp,0.7306427955627441,3.6857
2943,i25.bmp,i25_13_4.bmp,0.7837717533111572,4.5714
2944,i25.bmp,i25_13_5.bmp,0.7972621917724609,3.0286
2945,i25.bmp,i25_14_1.bmp,0.9905736446380615,5.7143
2946,i25.bmp,i25_14_2.bmp,0.9605598449707031,5.1429
2947,i25.bmp,i25_14_3.bmp,0.9485479593276978,5.0882
2948,i25.bmp,i25_14_4.bmp,0.8893861770629883,3.8286
2949,i25.bmp,i25_14_5.bmp,0.8599680662155151,3.1111
2950,i25.bmp,i25_15_1.bmp,0.920174777507782,3.2778
2951,i25.bmp,i25_15_2.bmp,0.9205578565597534,2.9394
2952,i25.bmp,i25_15_3.bmp,0.9426062107086182,3.5278
2953,i25.bmp,i25_15_4.bmp,0.9483449459075928,3.9706
2954,i25.bmp,i25_15_5.bmp,0.9697248339653015,4.1429
2955,i25.bmp,i25_16_1.bmp,0.9921948313713074,5.9167
2956,i25.bmp,i25_16_2.bmp,0.9859110116958618,6.4167
2957,i25.bmp,i25_16_3.bmp,0.9723805785179138,5.7714
2958,i25.bmp,i25_16_4.bmp,0.9516985416412354,5.5556
2959,i25.bmp,i25_16_5.bmp,0.9352418780326843,4.4706
2960,i25.bmp,i25_17_1.bmp,0.9770471453666687,5.6111
2961,i25.bmp,i25_17_2.bmp,0.9673046469688416,6.8571
2962,i25.bmp,i25_17_3.bmp,0.9477370977401733,4.4857
2963,i25.bmp,i25_17_4.bmp,0.9416923522949219,6.3889
2964,i25.bmp,i25_17_5.bmp,0.8851284980773926,3.2857
2965,i25.bmp,i25_18_1.bmp,0.9575257301330566,5.6111
2966,i25.bmp,i25_18_2.bmp,0.9470250010490417,5.0588
2967,i25.bmp,i25_18_3.bmp,0.9351284503936768,4.4444
2968,i25.bmp,i25_18_4.bmp,0.9067567586898804,4.0
2969,i25.bmp,i25_18_5.bmp,0.8524497747421265,2.6765
2970,i25.bmp,i25_19_1.bmp,0.8109092116355896,5.1667
2971,i25.bmp,i25_19_2.bmp,0.7761349081993103,4.2857
2972,i25.bmp,i25_19_3.bmp,0.7440798282623291,3.8333
2973,i25.bmp,i25_19_4.bmp,0.7160298228263855,3.7941
2974,i25.bmp,i25_19_5.bmp,0.6793588399887085,3.3429
2975,i25.bmp,i25_20_1.bmp,0.9433585405349731,5.6765
2976,i25.bmp,i25_20_2.bmp,0.9284197688102722,5.5429
2977,i25.bmp,i25_20_3.bmp,0.9078270792961121,5.0
2978,i25.bmp,i25_20_4.bmp,0.883533239364624,4.9722
2979,i25.bmp,i25_20_5.bmp,0.824637770652771,4.0571
2980,i25.bmp,i25_21_1.bmp,0.8155210018157959,5.1714
2981,i25.bmp,i25_21_2.bmp,0.7718794345855713,4.4571
2982,i25.bmp,i25_21_3.bmp,0.7942954897880554,4.8857
2983,i25.bmp,i25_21_4.bmp,0.6833164691925049,3.4286
2984,i25.bmp,i25_21_5.bmp,0.6657565832138062,2.9143
2985,i25.bmp,i25_22_1.bmp,0.8758692145347595,4.8056
2986,i25.bmp,i25_22_2.bmp,0.8576914072036743,4.25
2987,i25.bmp,i25_22_3.bmp,0.8244553804397583,3.7941
2988,i25.bmp,i25_22_4.bmp,0.7860053777694702,3.4
2989,i25.bmp,i25_22_5.bmp,0.7629609107971191,2.7941
2990,i25.bmp,i25_23_1.bmp,0.9838711023330688,6.3056
2991,i25.bmp,i25_23_2.bmp,0.9626116752624512,6.2778
2992,i25.bmp,i25_23_3.bmp,0.9385952353477478,6.1714
2993,i25.bmp,i25_23_4.bmp,0.9169423580169678,6.1429
2994,i25.bmp,i25_23_5.bmp,0.8866989612579346,5.9714
2995,i25.bmp,i25_24_1.bmp,0.8686447143554688,5.6571
2996,i25.bmp,i25_24_2.bmp,0.8280528783798218,5.4444
2997,i25.bmp,i25_24_3.bmp,0.7796467542648315,4.6286
2998,i25.bmp,i25_24_4.bmp,0.7235369086265564,4.0278
2999,i25.bmp,i25_24_5.bmp,0.6711036562919617,2.7714
