idx,ref_img_path,dis_img_path,score,mos_label
0,i01.bmp,i01_01_1.bmp,0.9138616919517517,5.5143
1,i01.bmp,i01_01_2.bmp,0.8801432847976685,5.5676
2,i01.bmp,i01_01_3.bmp,0.8416317701339722,4.9444
3,i01.bmp,i01_01_4.bmp,0.7908276319503784,4.3784
4,i01.bmp,i01_01_5.bmp,0.7449817657470703,3.8649
5,i01.bmp,i01_02_1.bmp,0.9400997161865234,6.0286
6,i01.bmp,i01_02_2.bmp,0.9131888151168823,6.1081
7,i01.bmp,i01_02_3.bmp,0.8756198883056641,5.3889
8,i01.bmp,i01_02_4.bmp,0.8346952199935913,4.7143
9,i01.bmp,i01_02_5.bmp,0.7921239137649536,4.3611
10,i01.bmp,i01_03_1.bmp,0.8343647718429565,4.7714
11,i01.bmp,i01_03_2.bmp,0.7922177314758301,4.2703
12,i01.bmp,i01_03_3.bmp,0.7420220375061035,3.7027
13,i01.bmp,i01_03_4.bmp,0.6899054050445557,3.1944
14,i01.bmp,i01_03_5.bmp,0.6335021257400513,2.7143
15,i01.bmp,i01_04_1.bmp,0.9828690886497498,5.9714
16,i01.bmp,i01_04_2.bmp,0.9757574796676636,5.7568
17,i01.bmp,i01_04_3.bmp,0.9621884226799011,5.2703
18,i01.bmp,i01_04_4.bmp,0.9434455633163452,5.2432
19,i01.bmp,i01_04_5.bmp,0.9082548022270203,4.7143
20,i01.bmp,i01_05_1.bmp,0.9512382745742798,5.9189
21,i01.bmp,i01_05_2.bmp,0.9289448261260986,5.7027
22,i01.bmp,i01_05_3.bmp,0.8733751773834229,5.0833
23,i01.bmp,i01_05_4.bmp,0.7968327403068542,4.1389
24,i01.bmp,i01_05_5.bmp,0.7008222341537476,3.1389
25,i01.bmp,i01_06_1.bmp,0.9130748510360718,4.0
26,i01.bmp,i01_06_2.bmp,0.8819642066955566,3.8919
27,i01.bmp,i01_06_3.bmp,0.8404189944267273,3.7297
28,i01.bmp,i01_06_4.bmp,0.789975643157959,3.4857
29,i01.bmp,i01_06_5.bmp,0.7384343147277832,2.9444
30,i01.bmp,i01_07_1.bmp,0.9103844165802002,5.0833
31,i01.bmp,i01_07_2.bmp,0.8698830604553223,4.75
32,i01.bmp,i01_07_3.bmp,0.8290592432022095,4.0
33,i01.bmp,i01_07_4.bmp,0.7786763906478882,3.2222
34,i01.bmp,i01_07_5.bmp,0.7010285258293152,2.1944
35,i01.bmp,i01_08_1.bmp,0.9569623470306396,5.1892
36,i01.bmp,i01_08_2.bmp,0.9069046974182129,4.4722
37,i01.bmp,i01_08_3.bmp,0.7992783784866333,3.4865
38,i01.bmp,i01_08_4.bmp,0.654119610786438,3.0
39,i01.bmp,i01_08_5.bmp,0.5405654907226562,2.1111
40,i01.bmp,i01_09_1.bmp,0.8960655927658081,6.0833
41,i01.bmp,i01_09_2.bmp,0.8452496528625488,5.1667
42,i01.bmp,i01_09_3.bmp,0.7584255933761597,4.4286
43,i01.bmp,i01_09_4.bmp,0.6497157216072083,2.8108
44,i01.bmp,i01_09_5.bmp,0.5391666293144226,1.5405
45,i01.bmp,i01_10_1.bmp,0.9384157061576843,5.973
46,i01.bmp,i01_10_2.bmp,0.899688720703125,5.9459
47,i01.bmp,i01_10_3.bmp,0.8297924995422363,4.9167
48,i01.bmp,i01_10_4.bmp,0.6932041645050049,3.2162
49,i01.bmp,i01_10_5.bmp,0.6033289432525635,2.0811
50,i01.bmp,i01_11_1.bmp,0.9286226034164429,5.9143
51,i01.bmp,i01_11_2.bmp,0.8860422968864441,5.6757
52,i01.bmp,i01_11_3.bmp,0.838433027267456,4.6944
53,i01.bmp,i01_11_4.bmp,0.6791903972625732,3.6757
54,i01.bmp,i01_11_5.bmp,0.5314106345176697,1.4595
55,i01.bmp,i01_12_1.bmp,0.9436473250389099,5.9459
56,i01.bmp,i01_12_2.bmp,0.9453031420707703,5.8649
57,i01.bmp,i01_12_3.bmp,0.8535820841789246,4.2162
58,i01.bmp,i01_12_4.bmp,0.7834908366203308,3.8333
59,i01.bmp,i01_12_5.bmp,0.7234688997268677,3.4324
60,i01.bmp,i01_13_1.bmp,0.9299753904342651,5.4595
61,i01.bmp,i01_13_2.bmp,0.8466027975082397,3.9143
62,i01.bmp,i01_13_3.bmp,0.7596387267112732,3.2778
63,i01.bmp,i01_13_4.bmp,0.7360633611679077,3.1667
64,i01.bmp,i01_13_5.bmp,0.7345499992370605,3.1081
65,i01.bmp,i01_14_1.bmp,0.9636714458465576,5.6944
66,i01.bmp,i01_14_2.bmp,0.9762485027313232,6.0541
67,i01.bmp,i01_14_3.bmp,0.943494975566864,5.7568
68,i01.bmp,i01_14_4.bmp,0.9083417654037476,5.5556
69,i01.bmp,i01_14_5.bmp,0.869364857673645,4.4706
70,i01.bmp,i01_15_1.bmp,0.8605808615684509,2.8333
71,i01.bmp,i01_15_2.bmp,0.8795152902603149,2.8286
72,i01.bmp,i01_15_3.bmp,0.893088698387146,3.1081
73,i01.bmp,i01_15_4.bmp,0.9192662239074707,3.5833
74,i01.bmp,i01_15_5.bmp,0.9511711597442627,3.8919
75,i01.bmp,i01_16_1.bmp,0.9915720820426941,5.8056
76,i01.bmp,i01_16_2.bmp,0.9848429560661316,6.0541
77,i01.bmp,i01_16_3.bmp,0.9612674713134766,4.8889
78,i01.bmp,i01_16_4.bmp,0.9529065489768982,5.0278
79,i01.bmp,i01_16_5.bmp,0.8990081548690796,4.1944
80,i01.bmp,i01_17_1.bmp,0.9764968156814575,5.3514
81,i01.bmp,i01_17_2.bmp,0.9560561180114746,6.6216
82,i01.bmp,i01_17_3.bmp,0.9293999671936035,4.0811
83,i01.bmp,i01_17_4.bmp,0.8905296325683594,6.2432
84,i01.bmp,i01_17_5.bmp,0.8077568411827087,2.9714
85,i01.bmp,i01_18_1.bmp,0.9486808180809021,4.6216
86,i01.bmp,i01_18_2.bmp,0.9239282011985779,4.2222
87,i01.bmp,i01_18_3.bmp,0.876403272151947,3.7714
88,i01.bmp,i01_18_4.bmp,0.8042640089988708,3.4722
89,i01.bmp,i01_18_5.bmp,0.7831470370292664,3.4167
90,i01.bmp,i01_19_1.bmp,0.9287374019622803,5.9444
91,i01.bmp,i01_19_2.bmp,0.8945357203483582,5.4722
92,i01.bmp,i01_19_3.bmp,0.8505296111106873,5.0811
93,i01.bmp,i01_19_4.bmp,0.8023973703384399,4.5278
94,i01.bmp,i01_19_5.bmp,0.753739058971405,3.9444
95,i01.bmp,i01_20_1.bmp,0.9597322344779968,5.8571
96,i01.bmp,i01_20_2.bmp,0.9401347041130066,5.8333
97,i01.bmp,i01_20_3.bmp,0.9030951857566833,6.0278
98,i01.bmp,i01_20_4.bmp,0.8439249992370605,5.0833
99,i01.bmp,i01_20_5.bmp,0.7549852132797241,4.3333
100,i01.bmp,i01_21_1.bmp,0.9014467000961304,5.7027
101,i01.bmp,i01_21_2.bmp,0.86727374792099,5.2778
102,i01.bmp,i01_21_3.bmp,0.8082720041275024,4.6757
103,i01.bmp,i01_21_4.bmp,0.7518324255943298,4.0571
104,i01.bmp,i01_21_5.bmp,0.669355034828186,3.0541
105,i01.bmp,i01_22_1.bmp,0.9239921569824219,5.5556
106,i01.bmp,i01_22_2.bmp,0.8742361068725586,5.1892
107,i01.bmp,i01_22_3.bmp,0.8345715999603271,4.3056
108,i01.bmp,i01_22_4.bmp,0.7815868258476257,3.1622
109,i01.bmp,i01_22_5.bmp,0.6445783376693726,2.1944
110,i01.bmp,i01_23_1.bmp,0.9350147247314453,6.2857
111,i01.bmp,i01_23_2.bmp,0.8857588768005371,5.6111
112,i01.bmp,i01_23_3.bmp,0.8398774862289429,5.7778
113,i01.bmp,i01_23_4.bmp,0.746170699596405,4.8056
114,i01.bmp,i01_23_5.bmp,0.5660015344619751,2.4054
115,i01.bmp,i01_24_1.bmp,0.9085399508476257,5.7027
116,i01.bmp,i01_24_2.bmp,0.8541356325149536,5.5833
117,i01.bmp,i01_24_3.bmp,0.7869793772697449,5.1081
118,i01.bmp,i01_24_4.bmp,0.6644513607025146,3.0811
119,i01.bmp,i01_24_5.bmp,0.5442292094230652,0.45946
120,i02.bmp,i02_01_1.bmp,0.9004096984863281,5.7429
121,i02.bmp,i02_01_2.bmp,0.8632141947746277,5.3429
122,i02.bmp,i02_01_3.bmp,0.8056585788726807,5.2222
123,i02.bmp,i02_01_4.bmp,0.7432079315185547,4.1944
124,i02.bmp,i02_01_5.bmp,0.6828516721725464,3.973
125,i02.bmp,i02_02_1.bmp,0.9436807632446289,6.0556
126,i02.bmp,i02_02_2.bmp,0.9159071445465088,6.0541
127,i02.bmp,i02_02_3.bmp,0.8720192313194275,5.8889
128,i02.bmp,i02_02_4.bmp,0.820226788520813,5.2973
129,i02.bmp,i02_02_5.bmp,0.7542855739593506,4.3889
130,i02.bmp,i02_03_1.bmp,0.8136889934539795,4.8
131,i02.bmp,i02_03_2.bmp,0.754835844039917,4.4324
132,i02.bmp,i02_03_3.bmp,0.6957420706748962,3.8378
133,i02.bmp,i02_03_4.bmp,0.63340163230896,3.5278
134,i02.bmp,i02_03_5.bmp,0.5814516544342041,2.9189
135,i02.bmp,i02_04_1.bmp,0.9773973822593689,6.2857
136,i02.bmp,i02_04_2.bmp,0.9656381607055664,6.1622
137,i02.bmp,i02_04_3.bmp,0.9425985217094421,5.1944
138,i02.bmp,i02_04_4.bmp,0.9030332565307617,4.7429
139,i02.bmp,i02_04_5.bmp,0.8427035212516785,4.2857
140,i02.bmp,i02_05_1.bmp,0.9460945129394531,6.1177
141,i02.bmp,i02_05_2.bmp,0.917014479637146,6.1111
142,i02.bmp,i02_05_3.bmp,0.8439949750900269,5.4324
143,i02.bmp,i02_05_4.bmp,0.745840311050415,4.3784
144,i02.bmp,i02_05_5.bmp,0.6394855976104736,3.4167
145,i02.bmp,i02_06_1.bmp,0.9034526348114014,4.5556
146,i02.bmp,i02_06_2.bmp,0.8626956343650818,4.2778
147,i02.bmp,i02_06_3.bmp,0.8020977973937988,3.7297
148,i02.bmp,i02_06_4.bmp,0.7405266165733337,3.4857
149,i02.bmp,i02_06_5.bmp,0.6715452075004578,3.1081
150,i02.bmp,i02_07_1.bmp,0.8967267870903015,5.9143
151,i02.bmp,i02_07_2.bmp,0.8376356959342957,5.5833
152,i02.bmp,i02_07_3.bmp,0.7795052528381348,3.7647
153,i02.bmp,i02_07_4.bmp,0.7329084873199463,3.7568
154,i02.bmp,i02_07_5.bmp,0.6708287000656128,2.8571
155,i02.bmp,i02_08_1.bmp,0.9640005826950073,6.1081
156,i02.bmp,i02_08_2.bmp,0.9208575487136841,5.1667
157,i02.bmp,i02_08_3.bmp,0.8311442136764526,4.5429
158,i02.bmp,i02_08_4.bmp,0.7014464139938354,3.8378
159,i02.bmp,i02_08_5.bmp,0.5934655070304871,3.027
160,i02.bmp,i02_09_1.bmp,0.8404456377029419,6.0
161,i02.bmp,i02_09_2.bmp,0.7950150966644287,5.5143
162,i02.bmp,i02_09_3.bmp,0.7366258502006531,4.5278
163,i02.bmp,i02_09_4.bmp,0.6451771259307861,3.6486
164,i02.bmp,i02_09_5.bmp,0.5539659261703491,2.4167
165,i02.bmp,i02_10_1.bmp,0.9191860556602478,6.0
166,i02.bmp,i02_10_2.bmp,0.8738278746604919,5.9722
167,i02.bmp,i02_10_3.bmp,0.7768547534942627,5.4324
168,i02.bmp,i02_10_4.bmp,0.6500104665756226,3.5
169,i02.bmp,i02_10_5.bmp,0.5902190208435059,2.7143
170,i02.bmp,i02_11_1.bmp,0.8589601516723633,5.9167
171,i02.bmp,i02_11_2.bmp,0.7325055599212646,4.8056
172,i02.bmp,i02_11_3.bmp,0.5930305123329163,2.973
173,i02.bmp,i02_11_4.bmp,0.5315379500389099,1.9189
174,i02.bmp,i02_11_5.bmp,0.5065596103668213,1.2778
175,i02.bmp,i02_12_1.bmp,0.8878501653671265,5.3056
176,i02.bmp,i02_12_2.bmp,0.8394774794578552,4.4324
177,i02.bmp,i02_12_3.bmp,0.7261509895324707,3.0811
178,i02.bmp,i02_12_4.bmp,0.6523576974868774,2.6757
179,i02.bmp,i02_12_5.bmp,0.6104252338409424,2.3714
180,i02.bmp,i02_13_1.bmp,0.783477783203125,4.4722
181,i02.bmp,i02_13_2.bmp,0.7934066653251648,4.0
182,i02.bmp,i02_13_3.bmp,0.683660626411438,3.3889
183,i02.bmp,i02_13_4.bmp,0.5928099751472473,2.8919
184,i02.bmp,i02_13_5.bmp,0.7453567981719971,3.6111
185,i02.bmp,i02_14_1.bmp,0.9193730354309082,5.75
186,i02.bmp,i02_14_2.bmp,0.9681228399276733,6.0811
187,i02.bmp,i02_14_3.bmp,0.9205421209335327,5.1143
188,i02.bmp,i02_14_4.bmp,0.899655282497406,5.3143
189,i02.bmp,i02_14_5.bmp,0.8507887721061707,4.2162
190,i02.bmp,i02_15_1.bmp,0.8525351881980896,3.4
191,i02.bmp,i02_15_2.bmp,0.8633548021316528,3.6216
192,i02.bmp,i02_15_3.bmp,0.8712564706802368,3.8333
193,i02.bmp,i02_15_4.bmp,0.8851560950279236,3.8378
194,i02.bmp,i02_15_5.bmp,0.9176530241966248,4.2
195,i02.bmp,i02_16_1.bmp,0.989409327507019,5.9459
196,i02.bmp,i02_16_2.bmp,0.9810017347335815,6.0833
197,i02.bmp,i02_16_3.bmp,0.9464516043663025,5.3243
198,i02.bmp,i02_16_4.bmp,0.9391723871231079,5.1389
199,i02.bmp,i02_16_5.bmp,0.8741074800491333,4.5676
200,i02.bmp,i02_17_1.bmp,0.9745263457298279,5.9167
201,i02.bmp,i02_17_2.bmp,0.9479302763938904,5.6857
202,i02.bmp,i02_17_3.bmp,0.9162890315055847,4.8378
203,i02.bmp,i02_17_4.bmp,0.8749780654907227,4.7714
204,i02.bmp,i02_17_5.bmp,0.7740504145622253,3.9167
205,i02.bmp,i02_18_1.bmp,0.9738287329673767,5.9722
206,i02.bmp,i02_18_2.bmp,0.964491605758667,5.5946
207,i02.bmp,i02_18_3.bmp,0.9456564784049988,4.8286
208,i02.bmp,i02_18_4.bmp,0.9138538837432861,4.9189
209,i02.bmp,i02_18_5.bmp,0.8679794073104858,4.5429
210,i02.bmp,i02_19_1.bmp,0.8976117372512817,5.7778
211,i02.bmp,i02_19_2.bmp,0.8516938090324402,5.4324
212,i02.bmp,i02_19_3.bmp,0.7970771789550781,4.8333
213,i02.bmp,i02_19_4.bmp,0.7376502752304077,4.2222
214,i02.bmp,i02_19_5.bmp,0.6792788505554199,3.7568
215,i02.bmp,i02_20_1.bmp,0.9270955920219421,6.0541
216,i02.bmp,i02_20_2.bmp,0.8686100840568542,6.1714
217,i02.bmp,i02_20_3.bmp,0.7706758975982666,5.3056
218,i02.bmp,i02_20_4.bmp,0.6882766485214233,4.0
219,i02.bmp,i02_20_5.bmp,0.6383733749389648,2.8056
220,i02.bmp,i02_21_1.bmp,0.8568925857543945,5.973
221,i02.bmp,i02_21_2.bmp,0.7867550253868103,5.2973
222,i02.bmp,i02_21_3.bmp,0.715387761592865,4.6
223,i02.bmp,i02_21_4.bmp,0.6423248052597046,3.2778
224,i02.bmp,i02_21_5.bmp,0.5728573799133301,2.3611
225,i02.bmp,i02_22_1.bmp,0.9025998115539551,5.5135
226,i02.bmp,i02_22_2.bmp,0.8531723022460938,5.2432
227,i02.bmp,i02_22_3.bmp,0.7856687307357788,4.4857
228,i02.bmp,i02_22_4.bmp,0.7272439002990723,3.8056
229,i02.bmp,i02_22_5.bmp,0.5745538473129272,2.2222
230,i02.bmp,i02_23_1.bmp,0.9360418319702148,6.7778
231,i02.bmp,i02_23_2.bmp,0.8295817375183105,5.5405
232,i02.bmp,i02_23_3.bmp,0.6490408182144165,3.4444
233,i02.bmp,i02_23_4.bmp,0.5421688556671143,2.1622
234,i02.bmp,i02_23_5.bmp,0.5107158422470093,0.81081
235,i02.bmp,i02_24_1.bmp,0.8292844295501709,6.0811
236,i02.bmp,i02_24_2.bmp,0.7164596319198608,4.9167
237,i02.bmp,i02_24_3.bmp,0.602503776550293,3.0
238,i02.bmp,i02_24_4.bmp,0.5341395735740662,2.1111
239,i02.bmp,i02_24_5.bmp,0.507821798324585,0.89189
240,i03.bmp,i03_01_1.bmp,0.8364654779434204,5.7692
241,i03.bmp,i03_01_2.bmp,0.795327365398407,5.1053
242,i03.bmp,i03_01_3.bmp,0.7502397894859314,4.6842
243,i03.bmp,i03_01_4.bmp,0.700734555721283,4.25
244,i03.bmp,i03_01_5.bmp,0.6535078883171082,3.925
245,i03.bmp,i03_02_1.bmp,0.8930109739303589,6.1842
246,i03.bmp,i03_02_2.bmp,0.8568777441978455,6.282
247,i03.bmp,i03_02_3.bmp,0.8141149878501892,5.25
248,i03.bmp,i03_02_4.bmp,0.7669302821159363,5.0
249,i03.bmp,i03_02_5.bmp,0.7160919904708862,4.6
250,i03.bmp,i03_03_1.bmp,0.7552348971366882,4.65
251,i03.bmp,i03_03_2.bmp,0.7095046043395996,4.0769
252,i03.bmp,i03_03_3.bmp,0.6666943430900574,3.85
253,i03.bmp,i03_03_4.bmp,0.6129366159439087,3.282
254,i03.bmp,i03_03_5.bmp,0.5655520558357239,2.8947
255,i03.bmp,i03_04_1.bmp,0.9664444327354431,6.3846
256,i03.bmp,i03_04_2.bmp,0.9498993754386902,5.6579
257,i03.bmp,i03_04_3.bmp,0.9227484464645386,5.225
258,i03.bmp,i03_04_4.bmp,0.8732073307037354,4.6
259,i03.bmp,i03_04_5.bmp,0.8048431277275085,3.575
260,i03.bmp,i03_05_1.bmp,0.8949377536773682,6.5
261,i03.bmp,i03_05_2.bmp,0.8567183017730713,5.6316
262,i03.bmp,i03_05_3.bmp,0.7848072052001953,5.3
263,i03.bmp,i03_05_4.bmp,0.7056419253349304,4.3077
264,i03.bmp,i03_05_5.bmp,0.6200764179229736,3.4737
265,i03.bmp,i03_06_1.bmp,0.8229045867919922,4.8158
266,i03.bmp,i03_06_2.bmp,0.7745676040649414,4.5385
267,i03.bmp,i03_06_3.bmp,0.7349727153778076,4.1
268,i03.bmp,i03_06_4.bmp,0.6874498128890991,3.75
269,i03.bmp,i03_06_5.bmp,0.6385552883148193,3.5
270,i03.bmp,i03_07_1.bmp,0.8182251453399658,4.9744
271,i03.bmp,i03_07_2.bmp,0.7770347595214844,4.1
272,i03.bmp,i03_07_3.bmp,0.7347936630249023,3.8462
273,i03.bmp,i03_07_4.bmp,0.7167593836784363,3.825
274,i03.bmp,i03_07_5.bmp,0.6799854636192322,3.6154
275,i03.bmp,i03_08_1.bmp,0.962221086025238,6.3421
276,i03.bmp,i03_08_2.bmp,0.9256916046142578,5.6
277,i03.bmp,i03_08_3.bmp,0.8459148406982422,4.4737
278,i03.bmp,i03_08_4.bmp,0.7313026189804077,3.75
279,i03.bmp,i03_08_5.bmp,0.6409863829612732,2.95
280,i03.bmp,i03_09_1.bmp,0.8613218069076538,6.65
281,i03.bmp,i03_09_2.bmp,0.8329501152038574,6.2564
282,i03.bmp,i03_09_3.bmp,0.7731750011444092,5.475
283,i03.bmp,i03_09_4.bmp,0.689987063407898,3.7436
284,i03.bmp,i03_09_5.bmp,0.5946319103240967,2.4737
285,i03.bmp,i03_10_1.bmp,0.8988568186759949,6.2368
286,i03.bmp,i03_10_2.bmp,0.8582137823104858,5.6667
287,i03.bmp,i03_10_3.bmp,0.7660521864891052,5.0513
288,i03.bmp,i03_10_4.bmp,0.6625882387161255,3.3
289,i03.bmp,i03_10_5.bmp,0.6049457788467407,2.4872
290,i03.bmp,i03_11_1.bmp,0.8130232691764832,5.3684
291,i03.bmp,i03_11_2.bmp,0.6949876546859741,4.0769
292,i03.bmp,i03_11_3.bmp,0.6170475482940674,2.8462
293,i03.bmp,i03_11_4.bmp,0.5597109794616699,1.8205
294,i03.bmp,i03_11_5.bmp,0.5290012955665588,0.7
295,i03.bmp,i03_12_1.bmp,0.8362571001052856,5.4103
296,i03.bmp,i03_12_2.bmp,0.8068102598190308,4.0789
297,i03.bmp,i03_12_3.bmp,0.7378377914428711,2.8421
298,i03.bmp,i03_12_4.bmp,0.7047547101974487,3.1
299,i03.bmp,i03_12_5.bmp,0.6289860010147095,2.4
300,i03.bmp,i03_13_1.bmp,0.8200735449790955,5.1282
301,i03.bmp,i03_13_2.bmp,0.6951202154159546,3.641
302,i03.bmp,i03_13_3.bmp,0.675003170967102,3.925
303,i03.bmp,i03_13_4.bmp,0.6129360198974609,2.925
304,i03.bmp,i03_13_5.bmp,0.5624690055847168,2.4211
305,i03.bmp,i03_14_1.bmp,0.9080955386161804,5.0769
306,i03.bmp,i03_14_2.bmp,0.9671561121940613,6.0
307,i03.bmp,i03_14_3.bmp,0.9470515251159668,4.85
308,i03.bmp,i03_14_4.bmp,0.8955835700035095,4.4615
309,i03.bmp,i03_14_5.bmp,0.8524191379547119,3.5
310,i03.bmp,i03_15_1.bmp,0.8386155962944031,3.725
311,i03.bmp,i03_15_2.bmp,0.8553996086120605,4.05
312,i03.bmp,i03_15_3.bmp,0.8739612102508545,4.025
313,i03.bmp,i03_15_4.bmp,0.8987864255905151,4.282
314,i03.bmp,i03_15_5.bmp,0.9347087144851685,4.7949
315,i03.bmp,i03_16_1.bmp,0.9881033897399902,6.8205
316,i03.bmp,i03_16_2.bmp,0.9775646924972534,6.525
317,i03.bmp,i03_16_3.bmp,0.9510717391967773,5.975
318,i03.bmp,i03_16_4.bmp,0.9275361895561218,6.075
319,i03.bmp,i03_16_5.bmp,0.8991670608520508,5.0256
320,i03.bmp,i03_17_1.bmp,0.9698214530944824,6.282
321,i03.bmp,i03_17_2.bmp,0.9394401907920837,6.75
322,i03.bmp,i03_17_3.bmp,0.9097689390182495,5.2
323,i03.bmp,i03_17_4.bmp,0.8823859691619873,6.575
324,i03.bmp,i03_17_5.bmp,0.7842429876327515,3.7949
325,i03.bmp,i03_18_1.bmp,0.9552008509635925,5.7692
326,i03.bmp,i03_18_2.bmp,0.942851722240448,5.718
327,i03.bmp,i03_18_3.bmp,0.9184807538986206,5.5641
328,i03.bmp,i03_18_4.bmp,0.8815488815307617,5.0
329,i03.bmp,i03_18_5.bmp,0.8229632377624512,4.6579
330,i03.bmp,i03_19_1.bmp,0.8355368971824646,5.5128
331,i03.bmp,i03_19_2.bmp,0.7843753099441528,5.0256
332,i03.bmp,i03_19_3.bmp,0.7379517555236816,4.7
333,i03.bmp,i03_19_4.bmp,0.6905162334442139,4.3077
334,i03.bmp,i03_19_5.bmp,0.6407350301742554,3.6923
335,i03.bmp,i03_20_1.bmp,0.8653745651245117,5.8421
336,i03.bmp,i03_20_2.bmp,0.7943190932273865,5.4615
337,i03.bmp,i03_20_3.bmp,0.7224680781364441,4.1579
338,i03.bmp,i03_20_4.bmp,0.6584129333496094,3.1795
339,i03.bmp,i03_20_5.bmp,0.6143379211425781,2.825
340,i03.bmp,i03_21_1.bmp,0.7984168529510498,5.2368
341,i03.bmp,i03_21_2.bmp,0.7422494292259216,4.4359
342,i03.bmp,i03_21_3.bmp,0.6881504058837891,3.8974
343,i03.bmp,i03_21_4.bmp,0.634107232093811,3.1795
344,i03.bmp,i03_21_5.bmp,0.5657650828361511,2.1
345,i03.bmp,i03_22_1.bmp,0.8982553482055664,5.9744
346,i03.bmp,i03_22_2.bmp,0.8557278513908386,5.359
347,i03.bmp,i03_22_3.bmp,0.8086397051811218,5.2308
348,i03.bmp,i03_22_4.bmp,0.7399412393569946,4.359
349,i03.bmp,i03_22_5.bmp,0.6846579909324646,3.9211
350,i03.bmp,i03_23_1.bmp,0.9342952966690063,6.718
351,i03.bmp,i03_23_2.bmp,0.8515872955322266,5.8461
352,i03.bmp,i03_23_3.bmp,0.6714363098144531,3.9
353,i03.bmp,i03_23_4.bmp,0.5888097286224365,2.6579
354,i03.bmp,i03_23_5.bmp,0.5511734485626221,1.975
355,i03.bmp,i03_24_1.bmp,0.7890574336051941,5.7436
356,i03.bmp,i03_24_2.bmp,0.6970213651657104,4.2051
357,i03.bmp,i03_24_3.bmp,0.6107059121131897,2.825
358,i03.bmp,i03_24_4.bmp,0.5565789937973022,1.8158
359,i03.bmp,i03_24_5.bmp,0.5325548052787781,0.42105
360,i04.bmp,i04_01_1.bmp,0.8796787261962891,5.7619
361,i04.bmp,i04_01_2.bmp,0.8282079100608826,5.4762
362,i04.bmp,i04_01_3.bmp,0.7755978107452393,4.9286
363,i04.bmp,i04_01_4.bmp,0.7106764316558838,4.2683
364,i04.bmp,i04_01_5.bmp,0.6465986967086792,4.0
365,i04.bmp,i04_02_1.bmp,0.9164549112319946,6.275
366,i04.bmp,i04_02_2.bmp,0.8848785758018494,6.1539
367,i04.bmp,i04_02_3.bmp,0.8354767560958862,5.6829
368,i04.bmp,i04_02_4.bmp,0.7883309125900269,5.3095
369,i04.bmp,i04_02_5.bmp,0.723796546459198,4.5366
370,i04.bmp,i04_03_1.bmp,0.7829432487487793,4.7805
371,i04.bmp,i04_03_2.bmp,0.7296006083488464,4.2143
372,i04.bmp,i04_03_3.bmp,0.6622680425643921,3.9
373,i04.bmp,i04_03_4.bmp,0.601035475730896,3.425
374,i04.bmp,i04_03_5.bmp,0.5471183657646179,3.0238
375,i04.bmp,i04_04_1.bmp,0.9712334871292114,6.125
376,i04.bmp,i04_04_2.bmp,0.9612523913383484,6.2683
377,i04.bmp,i04_04_3.bmp,0.9426623582839966,6.15
378,i04.bmp,i04_04_4.bmp,0.9049766063690186,5.4762
379,i04.bmp,i04_04_5.bmp,0.8404664397239685,4.8095
380,i04.bmp,i04_05_1.bmp,0.9252228140830994,6.3095
381,i04.bmp,i04_05_2.bmp,0.8906586170196533,5.9024
382,i04.bmp,i04_05_3.bmp,0.8125419616699219,5.325
383,i04.bmp,i04_05_4.bmp,0.7095755934715271,4.4762
384,i04.bmp,i04_05_5.bmp,0.6039151549339294,3.7073
385,i04.bmp,i04_06_1.bmp,0.8553969264030457,5.0238
386,i04.bmp,i04_06_2.bmp,0.8045158386230469,4.561
387,i04.bmp,i04_06_3.bmp,0.7400835752487183,4.2619
388,i04.bmp,i04_06_4.bmp,0.6899187564849854,4.1951
389,i04.bmp,i04_06_5.bmp,0.6304246783256531,3.45
390,i04.bmp,i04_07_1.bmp,0.8072572946548462,4.6905
391,i04.bmp,i04_07_2.bmp,0.7614805102348328,4.075
392,i04.bmp,i04_07_3.bmp,0.7020224928855896,3.5238
393,i04.bmp,i04_07_4.bmp,0.6524114608764648,3.1429
394,i04.bmp,i04_07_5.bmp,0.6108092069625854,2.9524
395,i04.bmp,i04_08_1.bmp,0.9613255262374878,6.3095
396,i04.bmp,i04_08_2.bmp,0.9282344579696655,5.9268
397,i04.bmp,i04_08_3.bmp,0.8554346561431885,5.381
398,i04.bmp,i04_08_4.bmp,0.7444827556610107,4.375
399,i04.bmp,i04_08_5.bmp,0.6265538930892944,3.6667
400,i04.bmp,i04_09_1.bmp,0.831885814666748,6.381
401,i04.bmp,i04_09_2.bmp,0.7903019785881042,5.8049
402,i04.bmp,i04_09_3.bmp,0.7282719016075134,5.0488
403,i04.bmp,i04_09_4.bmp,0.6475838422775269,3.7805
404,i04.bmp,i04_09_5.bmp,0.5649877190589905,2.5
405,i04.bmp,i04_10_1.bmp,0.9091987013816833,6.0714
406,i04.bmp,i04_10_2.bmp,0.8644739389419556,5.9756
407,i04.bmp,i04_10_3.bmp,0.7615232467651367,5.0714
408,i04.bmp,i04_10_4.bmp,0.6212177276611328,3.2619
409,i04.bmp,i04_10_5.bmp,0.554287850856781,2.1905
410,i04.bmp,i04_11_1.bmp,0.7553212642669678,5.3
411,i04.bmp,i04_11_2.bmp,0.6460564136505127,4.0
412,i04.bmp,i04_11_3.bmp,0.5740369558334351,2.9024
413,i04.bmp,i04_11_4.bmp,0.5299443006515503,2.0
414,i04.bmp,i04_11_5.bmp,0.5074852108955383,0.88095
415,i04.bmp,i04_12_1.bmp,0.9016079306602478,6.05
416,i04.bmp,i04_12_2.bmp,0.8089744448661804,4.6429
417,i04.bmp,i04_12_3.bmp,0.7141796350479126,3.9286
418,i04.bmp,i04_12_4.bmp,0.6622218489646912,2.9048
419,i04.bmp,i04_12_5.bmp,0.5991305708885193,2.6585
420,i04.bmp,i04_13_1.bmp,0.780143678188324,4.6667
421,i04.bmp,i04_13_2.bmp,0.6784827709197998,3.8462
422,i04.bmp,i04_13_3.bmp,0.6369165182113647,3.3571
423,i04.bmp,i04_13_4.bmp,0.6349891424179077,3.4634
424,i04.bmp,i04_13_5.bmp,0.545020580291748,2.3809
425,i04.bmp,i04_14_1.bmp,0.8777121305465698,5.0714
426,i04.bmp,i04_14_2.bmp,0.978862464427948,6.4048
427,i04.bmp,i04_14_3.bmp,0.9421564936637878,6.0
428,i04.bmp,i04_14_4.bmp,0.9289731979370117,4.4048
429,i04.bmp,i04_14_5.bmp,0.868230938911438,3.6098
430,i04.bmp,i04_15_1.bmp,0.8723269701004028,3.3809
431,i04.bmp,i04_15_2.bmp,0.8824071288108826,3.4048
432,i04.bmp,i04_15_3.bmp,0.8915068507194519,3.5
433,i04.bmp,i04_15_4.bmp,0.908035397529602,3.7561
434,i04.bmp,i04_15_5.bmp,0.9334100484848022,4.0513
435,i04.bmp,i04_16_1.bmp,0.9920791387557983,6.2857
436,i04.bmp,i04_16_2.bmp,0.9866911768913269,6.6429
437,i04.bmp,i04_16_3.bmp,0.9578779935836792,6.0952
438,i04.bmp,i04_16_4.bmp,0.9535028338432312,5.6667
439,i04.bmp,i04_16_5.bmp,0.891507625579834,5.1539
440,i04.bmp,i04_17_1.bmp,0.9753230810165405,6.0
441,i04.bmp,i04_17_2.bmp,0.9560317397117615,6.6667
442,i04.bmp,i04_17_3.bmp,0.9295443296432495,4.7805
443,i04.bmp,i04_17_4.bmp,0.8956336379051208,7.2143
444,i04.bmp,i04_17_5.bmp,0.8027567267417908,3.925
445,i04.bmp,i04_18_1.bmp,0.954931914806366,5.4146
446,i04.bmp,i04_18_2.bmp,0.933992326259613,5.0244
447,i04.bmp,i04_18_3.bmp,0.9020088911056519,4.6667
448,i04.bmp,i04_18_4.bmp,0.8488327860832214,4.2381
449,i04.bmp,i04_18_5.bmp,0.7614549398422241,3.9268
450,i04.bmp,i04_19_1.bmp,0.8738518953323364,5.4524
451,i04.bmp,i04_19_2.bmp,0.8258731365203857,5.3571
452,i04.bmp,i04_19_3.bmp,0.7683335542678833,4.9024
453,i04.bmp,i04_19_4.bmp,0.7108489274978638,4.425
454,i04.bmp,i04_19_5.bmp,0.6488198041915894,4.1667
455,i04.bmp,i04_20_1.bmp,0.890760600566864,6.4524
456,i04.bmp,i04_20_2.bmp,0.7936517596244812,5.225
457,i04.bmp,i04_20_3.bmp,0.6973087191581726,4.1905
458,i04.bmp,i04_20_4.bmp,0.638493001461029,3.1191
459,i04.bmp,i04_20_5.bmp,0.6117260456085205,2.4146
460,i04.bmp,i04_21_1.bmp,0.8111619353294373,5.1463
461,i04.bmp,i04_21_2.bmp,0.7446526885032654,4.7317
462,i04.bmp,i04_21_3.bmp,0.675396203994751,3.8095
463,i04.bmp,i04_21_4.bmp,0.6101617813110352,3.2195
464,i04.bmp,i04_21_5.bmp,0.5512988567352295,2.0
465,i04.bmp,i04_22_1.bmp,0.9083642363548279,6.0244
466,i04.bmp,i04_22_2.bmp,0.8642433881759644,5.7857
467,i04.bmp,i04_22_3.bmp,0.8045727610588074,4.4286
468,i04.bmp,i04_22_4.bmp,0.7356326580047607,4.122
469,i04.bmp,i04_22_5.bmp,0.5922366380691528,2.9048
470,i04.bmp,i04_23_1.bmp,0.8875508308410645,6.425
471,i04.bmp,i04_23_2.bmp,0.7495796084403992,5.4048
472,i04.bmp,i04_23_3.bmp,0.6135618090629578,3.878
473,i04.bmp,i04_23_4.bmp,0.5600813031196594,2.9512
474,i04.bmp,i04_23_5.bmp,0.5000752806663513,1.4762
475,i04.bmp,i04_24_1.bmp,0.7569341659545898,5.5476
476,i04.bmp,i04_24_2.bmp,0.630838930606842,3.7619
477,i04.bmp,i04_24_3.bmp,0.5670041441917419,2.5854
478,i04.bmp,i04_24_4.bmp,0.5294958353042603,1.9048
479,i04.bmp,i04_24_5.bmp,0.49807223677635193,0.58537
480,i05.bmp,i05_01_1.bmp,0.9576640129089355,5.525
481,i05.bmp,i05_01_2.bmp,0.929290771484375,5.5
482,i05.bmp,i05_01_3.bmp,0.8908456563949585,4.8461
483,i05.bmp,i05_01_4.bmp,0.8366594314575195,4.0513
484,i05.bmp,i05_01_5.bmp,0.775730311870575,3.561
485,i05.bmp,i05_02_1.bmp,0.9731056094169617,5.8293
486,i05.bmp,i05_02_2.bmp,0.9582556486129761,5.6829
487,i05.bmp,i05_02_3.bmp,0.9327470660209656,5.325
488,i05.bmp,i05_02_4.bmp,0.8980600237846375,5.0976
489,i05.bmp,i05_02_5.bmp,0.8395524024963379,4.2564
490,i05.bmp,i05_03_1.bmp,0.9044885039329529,5.0976
491,i05.bmp,i05_03_2.bmp,0.8543521165847778,4.4878
492,i05.bmp,i05_03_3.bmp,0.7968156337738037,3.675
493,i05.bmp,i05_03_4.bmp,0.7310322523117065,3.0732
494,i05.bmp,i05_03_5.bmp,0.6637762784957886,2.375
495,i05.bmp,i05_04_1.bmp,0.9899342060089111,5.6341
496,i05.bmp,i05_04_2.bmp,0.985595703125,5.75
497,i05.bmp,i05_04_3.bmp,0.9772995710372925,5.575
498,i05.bmp,i05_04_4.bmp,0.9604841470718384,4.9268
499,i05.bmp,i05_04_5.bmp,0.9267326593399048,4.4
500,i05.bmp,i05_05_1.bmp,0.9772188067436218,5.625
501,i05.bmp,i05_05_2.bmp,0.9630257487297058,5.3902
502,i05.bmp,i05_05_3.bmp,0.9135271906852722,4.7
503,i05.bmp,i05_05_4.bmp,0.824773907661438,3.8158
504,i05.bmp,i05_05_5.bmp,0.7165460586547852,2.9231
505,i05.bmp,i05_06_1.bmp,0.9584993124008179,4.375
506,i05.bmp,i05_06_2.bmp,0.92985999584198,3.9231
507,i05.bmp,i05_06_3.bmp,0.8789952993392944,3.5
508,i05.bmp,i05_06_4.bmp,0.8247103095054626,3.3171
509,i05.bmp,i05_06_5.bmp,0.7472313642501831,2.5128
510,i05.bmp,i05_07_1.bmp,0.9510075449943542,5.275
511,i05.bmp,i05_07_2.bmp,0.917233943939209,5.2683
512,i05.bmp,i05_07_3.bmp,0.872005820274353,4.5385
513,i05.bmp,i05_07_4.bmp,0.8202053308486938,4.0513
514,i05.bmp,i05_07_5.bmp,0.7739915251731873,3.1463
515,i05.bmp,i05_08_1.bmp,0.9647380113601685,5.4
516,i05.bmp,i05_08_2.bmp,0.9156782031059265,4.6667
517,i05.bmp,i05_08_3.bmp,0.8040198087692261,3.6585
518,i05.bmp,i05_08_4.bmp,0.6506631374359131,2.7805
519,i05.bmp,i05_08_5.bmp,0.5308069586753845,1.25
520,i05.bmp,i05_09_1.bmp,0.9493304491043091,5.825
521,i05.bmp,i05_09_2.bmp,0.9185287356376648,5.825
522,i05.bmp,i05_09_3.bmp,0.8477180004119873,5.325
523,i05.bmp,i05_09_4.bmp,0.707189679145813,3.5
524,i05.bmp,i05_09_5.bmp,0.5484920740127563,1.3659
525,i05.bmp,i05_10_1.bmp,0.952749490737915,5.7317
526,i05.bmp,i05_10_2.bmp,0.9229186773300171,5.1539
527,i05.bmp,i05_10_3.bmp,0.8397394418716431,4.7073
528,i05.bmp,i05_10_4.bmp,0.7102763652801514,3.439
529,i05.bmp,i05_10_5.bmp,0.6270182132720947,1.878
530,i05.bmp,i05_11_1.bmp,0.9650321006774902,5.7561
531,i05.bmp,i05_11_2.bmp,0.9261175394058228,5.4
532,i05.bmp,i05_11_3.bmp,0.8645675182342529,4.5
533,i05.bmp,i05_11_4.bmp,0.7615892887115479,3.6667
534,i05.bmp,i05_11_5.bmp,0.6160504221916199,2.25
535,i05.bmp,i05_12_1.bmp,0.9815589785575867,5.6829
536,i05.bmp,i05_12_2.bmp,0.986556887626648,5.775
537,i05.bmp,i05_12_3.bmp,0.9440150260925293,5.35
538,i05.bmp,i05_12_4.bmp,0.8647562265396118,3.8
539,i05.bmp,i05_12_5.bmp,0.7331726551055908,2.725
540,i05.bmp,i05_13_1.bmp,0.9159344434738159,5.4634
541,i05.bmp,i05_13_2.bmp,0.9057618379592896,4.9024
542,i05.bmp,i05_13_3.bmp,0.8133842945098877,3.475
543,i05.bmp,i05_13_4.bmp,0.7445904612541199,2.9756
544,i05.bmp,i05_13_5.bmp,0.6414088010787964,1.9737
545,i05.bmp,i05_14_1.bmp,0.9743248820304871,5.9268
546,i05.bmp,i05_14_2.bmp,0.9692888259887695,5.5366
547,i05.bmp,i05_14_3.bmp,0.9367672801017761,5.6098
548,i05.bmp,i05_14_4.bmp,0.9078658819198608,5.225
549,i05.bmp,i05_14_5.bmp,0.8519694209098816,4.3171
550,i05.bmp,i05_15_1.bmp,0.8937715291976929,3.05
551,i05.bmp,i05_15_2.bmp,0.9088167548179626,3.1
552,i05.bmp,i05_15_3.bmp,0.9342033863067627,3.3171
553,i05.bmp,i05_15_4.bmp,0.9578120112419128,3.9
554,i05.bmp,i05_15_5.bmp,0.981696605682373,3.8462
555,i05.bmp,i05_16_1.bmp,0.9912304282188416,6.15
556,i05.bmp,i05_16_2.bmp,0.9846562743186951,5.95
557,i05.bmp,i05_16_3.bmp,0.9572091102600098,5.5854
558,i05.bmp,i05_16_4.bmp,0.9464084506034851,5.0976
559,i05.bmp,i05_16_5.bmp,0.892309844493866,4.25
560,i05.bmp,i05_17_1.bmp,0.9814866781234741,5.3
561,i05.bmp,i05_17_2.bmp,0.9602618217468262,6.8293
562,i05.bmp,i05_17_3.bmp,0.9296450614929199,4.025
563,i05.bmp,i05_17_4.bmp,0.9018062949180603,6.561
564,i05.bmp,i05_17_5.bmp,0.792479395866394,2.8
565,i05.bmp,i05_18_1.bmp,0.9606142044067383,4.775
566,i05.bmp,i05_18_2.bmp,0.9358353614807129,4.2051
567,i05.bmp,i05_18_3.bmp,0.8955638408660889,3.7436
568,i05.bmp,i05_18_4.bmp,0.830980658531189,3.5385
569,i05.bmp,i05_18_5.bmp,0.7587267756462097,3.15
570,i05.bmp,i05_19_1.bmp,0.9589146971702576,5.175
571,i05.bmp,i05_19_2.bmp,0.9317334890365601,4.8049
572,i05.bmp,i05_19_3.bmp,0.8905649185180664,4.225
573,i05.bmp,i05_19_4.bmp,0.8427035808563232,3.65
574,i05.bmp,i05_19_5.bmp,0.7803859114646912,3.3659
575,i05.bmp,i05_20_1.bmp,0.972817063331604,5.6829
576,i05.bmp,i05_20_2.bmp,0.9517406225204468,5.561
577,i05.bmp,i05_20_3.bmp,0.9096801280975342,5.0244
578,i05.bmp,i05_20_4.bmp,0.8359802961349487,4.475
579,i05.bmp,i05_20_5.bmp,0.7435357570648193,3.282
580,i05.bmp,i05_21_1.bmp,0.9326837062835693,5.6
581,i05.bmp,i05_21_2.bmp,0.8855926394462585,4.925
582,i05.bmp,i05_21_3.bmp,0.8288794755935669,4.3659
583,i05.bmp,i05_21_4.bmp,0.7456003427505493,3.35
584,i05.bmp,i05_21_5.bmp,0.6547953486442566,2.475
585,i05.bmp,i05_22_1.bmp,0.973392903804779,5.275
586,i05.bmp,i05_22_2.bmp,0.9546182155609131,5.25
587,i05.bmp,i05_22_3.bmp,0.9279963374137878,4.7561
588,i05.bmp,i05_22_4.bmp,0.856761634349823,4.1
589,i05.bmp,i05_22_5.bmp,0.7867462635040283,3.1707
590,i05.bmp,i05_23_1.bmp,0.9640154838562012,5.7317
591,i05.bmp,i05_23_2.bmp,0.9278217554092407,5.575
592,i05.bmp,i05_23_3.bmp,0.8933409452438354,5.6341
593,i05.bmp,i05_23_4.bmp,0.8607158064842224,5.7561
594,i05.bmp,i05_23_5.bmp,0.7861881256103516,5.439
595,i05.bmp,i05_24_1.bmp,0.9478504061698914,5.525
596,i05.bmp,i05_24_2.bmp,0.9065892100334167,5.6098
597,i05.bmp,i05_24_3.bmp,0.834131121635437,5.2
598,i05.bmp,i05_24_4.bmp,0.7308930158615112,3.9512
599,i05.bmp,i05_24_5.bmp,0.6115058660507202,2.6098
600,i06.bmp,i06_01_1.bmp,0.9363505244255066,5.7568
601,i06.bmp,i06_01_2.bmp,0.9040530920028687,5.1667
602,i06.bmp,i06_01_3.bmp,0.8621705770492554,5.027
603,i06.bmp,i06_01_4.bmp,0.8051460981369019,4.3143
604,i06.bmp,i06_01_5.bmp,0.742247462272644,3.6111
605,i06.bmp,i06_02_1.bmp,0.9549906253814697,6.1622
606,i06.bmp,i06_02_2.bmp,0.932120680809021,5.7838
607,i06.bmp,i06_02_3.bmp,0.9057633280754089,5.4595
608,i06.bmp,i06_02_4.bmp,0.8573274612426758,4.8333
609,i06.bmp,i06_02_5.bmp,0.8024210929870605,4.3889
610,i06.bmp,i06_03_1.bmp,0.8670239448547363,4.5833
611,i06.bmp,i06_03_2.bmp,0.8137490749359131,4.0571
612,i06.bmp,i06_03_3.bmp,0.7492682933807373,3.4722
613,i06.bmp,i06_03_4.bmp,0.6857913732528687,2.9459
614,i06.bmp,i06_03_5.bmp,0.6126417517662048,2.5
615,i06.bmp,i06_04_1.bmp,0.9848429560661316,5.8333
616,i06.bmp,i06_04_2.bmp,0.9790405035018921,5.8611
617,i06.bmp,i06_04_3.bmp,0.9686388373374939,5.6944
618,i06.bmp,i06_04_4.bmp,0.9486636519432068,5.0811
619,i06.bmp,i06_04_5.bmp,0.9187409281730652,4.5833
620,i06.bmp,i06_05_1.bmp,0.9633714556694031,5.9189
621,i06.bmp,i06_05_2.bmp,0.9458152055740356,5.7143
622,i06.bmp,i06_05_3.bmp,0.8935978412628174,4.973
623,i06.bmp,i06_05_4.bmp,0.8068622350692749,4.0286
624,i06.bmp,i06_05_5.bmp,0.6928395628929138,2.9459
625,i06.bmp,i06_06_1.bmp,0.9329366683959961,4.6111
626,i06.bmp,i06_06_2.bmp,0.9003440141677856,4.3889
627,i06.bmp,i06_06_3.bmp,0.8503932952880859,3.7778
628,i06.bmp,i06_06_4.bmp,0.7941350936889648,3.5278
629,i06.bmp,i06_06_5.bmp,0.7231317758560181,3.0541
630,i06.bmp,i06_07_1.bmp,0.9303125739097595,5.3243
631,i06.bmp,i06_07_2.bmp,0.8902050852775574,5.1143
632,i06.bmp,i06_07_3.bmp,0.8580384254455566,4.4054
633,i06.bmp,i06_07_4.bmp,0.7840198278427124,3.1429
634,i06.bmp,i06_07_5.bmp,0.7321025729179382,2.6857
635,i06.bmp,i06_08_1.bmp,0.9627796411514282,5.1892
636,i06.bmp,i06_08_2.bmp,0.9141818881034851,4.5833
637,i06.bmp,i06_08_3.bmp,0.8060135245323181,3.4857
638,i06.bmp,i06_08_4.bmp,0.6566452383995056,2.7027
639,i06.bmp,i06_08_5.bmp,0.5484844446182251,2.0541
640,i06.bmp,i06_09_1.bmp,0.910082995891571,6.0541
641,i06.bmp,i06_09_2.bmp,0.8695470690727234,5.8649
642,i06.bmp,i06_09_3.bmp,0.7846898436546326,4.8649
643,i06.bmp,i06_09_4.bmp,0.6557533144950867,3.0
644,i06.bmp,i06_09_5.bmp,0.5268663763999939,1.6571
645,i06.bmp,i06_10_1.bmp,0.9405262470245361,5.8378
646,i06.bmp,i06_10_2.bmp,0.9033991098403931,5.6286
647,i06.bmp,i06_10_3.bmp,0.8209303617477417,5.4286
648,i06.bmp,i06_10_4.bmp,0.6945683360099792,3.1622
649,i06.bmp,i06_10_5.bmp,0.5969886779785156,1.7778
650,i06.bmp,i06_11_1.bmp,0.9351348280906677,5.5405
651,i06.bmp,i06_11_2.bmp,0.8858363032341003,5.1944
652,i06.bmp,i06_11_3.bmp,0.8162059783935547,4.5
653,i06.bmp,i06_11_4.bmp,0.6629195213317871,3.0811
654,i06.bmp,i06_11_5.bmp,0.5020415782928467,0.75676
655,i06.bmp,i06_12_1.bmp,0.9518313407897949,5.8611
656,i06.bmp,i06_12_2.bmp,0.9153486490249634,4.75
657,i06.bmp,i06_12_3.bmp,0.8777644634246826,4.3514
658,i06.bmp,i06_12_4.bmp,0.8200684785842896,3.6286
659,i06.bmp,i06_12_5.bmp,0.7994629740715027,3.8378
660,i06.bmp,i06_13_1.bmp,0.9121485948562622,4.6757
661,i06.bmp,i06_13_2.bmp,0.9165236353874207,4.8286
662,i06.bmp,i06_13_3.bmp,0.8217401504516602,4.1714
663,i06.bmp,i06_13_4.bmp,0.7158488035202026,3.1944
664,i06.bmp,i06_13_5.bmp,0.6603192090988159,2.7027
665,i06.bmp,i06_14_1.bmp,0.9761636257171631,6.0
666,i06.bmp,i06_14_2.bmp,0.9716830253601074,6.0
667,i06.bmp,i06_14_3.bmp,0.9311009645462036,4.7714
668,i06.bmp,i06_14_4.bmp,0.9062508344650269,4.3333
669,i06.bmp,i06_14_5.bmp,0.8596956729888916,4.3056
670,i06.bmp,i06_15_1.bmp,0.9093849062919617,3.6216
671,i06.bmp,i06_15_2.bmp,0.9149495959281921,3.3243
672,i06.bmp,i06_15_3.bmp,0.9415943622589111,3.75
673,i06.bmp,i06_15_4.bmp,0.958869457244873,4.4054
674,i06.bmp,i06_15_5.bmp,0.9642428159713745,4.8333
675,i06.bmp,i06_16_1.bmp,0.9926282167434692,5.5676
676,i06.bmp,i06_16_2.bmp,0.9845532774925232,6.25
677,i06.bmp,i06_16_3.bmp,0.9659973978996277,5.0833
678,i06.bmp,i06_16_4.bmp,0.9459352493286133,5.8378
679,i06.bmp,i06_16_5.bmp,0.9116733074188232,4.1389
680,i06.bmp,i06_17_1.bmp,0.9783991575241089,5.5556
681,i06.bmp,i06_17_2.bmp,0.9500195980072021,6.0811
682,i06.bmp,i06_17_3.bmp,0.9281413555145264,4.0556
683,i06.bmp,i06_17_4.bmp,0.8841812014579773,5.8378
684,i06.bmp,i06_17_5.bmp,0.8051435351371765,3.3784
685,i06.bmp,i06_18_1.bmp,0.9579582214355469,5.2
686,i06.bmp,i06_18_2.bmp,0.9335634708404541,4.3611
687,i06.bmp,i06_18_3.bmp,0.894415557384491,3.8889
688,i06.bmp,i06_18_4.bmp,0.8240621089935303,3.7297
689,i06.bmp,i06_18_5.bmp,0.7606909275054932,3.7838
690,i06.bmp,i06_19_1.bmp,0.9406358599662781,5.3333
691,i06.bmp,i06_19_2.bmp,0.9172765612602234,5.2703
692,i06.bmp,i06_19_3.bmp,0.8852859735488892,4.9459
693,i06.bmp,i06_19_4.bmp,0.8278136253356934,4.1944
694,i06.bmp,i06_19_5.bmp,0.7699722647666931,3.5946
695,i06.bmp,i06_20_1.bmp,0.9619518518447876,5.6111
696,i06.bmp,i06_20_2.bmp,0.9407076239585876,5.2778
697,i06.bmp,i06_20_3.bmp,0.8981373310089111,5.5946
698,i06.bmp,i06_20_4.bmp,0.8192843198776245,4.9459
699,i06.bmp,i06_20_5.bmp,0.7161905765533447,3.973
700,i06.bmp,i06_21_1.bmp,0.914893388748169,5.7027
701,i06.bmp,i06_21_2.bmp,0.8660380840301514,5.1111
702,i06.bmp,i06_21_3.bmp,0.8023911714553833,4.7143
703,i06.bmp,i06_21_4.bmp,0.7329610586166382,3.6389
704,i06.bmp,i06_21_5.bmp,0.6475632190704346,2.8056
705,i06.bmp,i06_22_1.bmp,0.9420177936553955,5.6389
706,i06.bmp,i06_22_2.bmp,0.9009058475494385,5.2778
707,i06.bmp,i06_22_3.bmp,0.8289897441864014,4.1622
708,i06.bmp,i06_22_4.bmp,0.780363917350769,3.5676
709,i06.bmp,i06_22_5.bmp,0.6918694376945496,2.973
710,i06.bmp,i06_23_1.bmp,0.9499832987785339,5.9143
711,i06.bmp,i06_23_2.bmp,0.8960064649581909,5.8056
712,i06.bmp,i06_23_3.bmp,0.818232536315918,5.6757
713,i06.bmp,i06_23_4.bmp,0.7487754225730896,5.3243
714,i06.bmp,i06_23_5.bmp,0.5441150069236755,2.3429
715,i06.bmp,i06_24_1.bmp,0.9088353514671326,5.8378
716,i06.bmp,i06_24_2.bmp,0.8586446046829224,5.8
717,i06.bmp,i06_24_3.bmp,0.7688435912132263,4.8108
718,i06.bmp,i06_24_4.bmp,0.6470277905464172,3.2162
719,i06.bmp,i06_24_5.bmp,0.5056918263435364,0.88889
720,i07.bmp,i07_01_1.bmp,0.906366229057312,5.6818
721,i07.bmp,i07_01_2.bmp,0.8697645664215088,5.0909
722,i07.bmp,i07_01_3.bmp,0.8211261034011841,4.8
723,i07.bmp,i07_01_4.bmp,0.7662143111228943,4.4546
724,i07.bmp,i07_01_5.bmp,0.7076157331466675,3.9762
725,i07.bmp,i07_02_1.bmp,0.9432295560836792,6.0444
726,i07.bmp,i07_02_2.bmp,0.9145020246505737,5.8636
727,i07.bmp,i07_02_3.bmp,0.879409670829773,5.5581
728,i07.bmp,i07_02_4.bmp,0.8381772041320801,5.2326
729,i07.bmp,i07_02_5.bmp,0.7802091836929321,4.7556
730,i07.bmp,i07_03_1.bmp,0.8405424356460571,4.9333
731,i07.bmp,i07_03_2.bmp,0.7881066203117371,4.2273
732,i07.bmp,i07_03_3.bmp,0.7254194617271423,3.7333
733,i07.bmp,i07_03_4.bmp,0.6614850759506226,3.3111
734,i07.bmp,i07_03_5.bmp,0.5969495177268982,2.7333
735,i07.bmp,i07_04_1.bmp,0.9789996147155762,5.8667
736,i07.bmp,i07_04_2.bmp,0.9688445925712585,6.0
737,i07.bmp,i07_04_3.bmp,0.9505731463432312,5.4222
738,i07.bmp,i07_04_4.bmp,0.9152302145957947,4.9512
739,i07.bmp,i07_04_5.bmp,0.8623606562614441,4.2093
740,i07.bmp,i07_05_1.bmp,0.9438554644584656,6.0444
741,i07.bmp,i07_05_2.bmp,0.9156907796859741,5.8
742,i07.bmp,i07_05_3.bmp,0.8500193357467651,5.1591
743,i07.bmp,i07_05_4.bmp,0.758940577507019,4.2791
744,i07.bmp,i07_05_5.bmp,0.6566511392593384,3.3182
745,i07.bmp,i07_06_1.bmp,0.9109077453613281,4.8333
746,i07.bmp,i07_06_2.bmp,0.8687743544578552,4.6136
747,i07.bmp,i07_06_3.bmp,0.8262397646903992,4.1591
748,i07.bmp,i07_06_4.bmp,0.7738540172576904,3.75
749,i07.bmp,i07_06_5.bmp,0.7117390036582947,3.3182
750,i07.bmp,i07_07_1.bmp,0.8912930488586426,5.5814
751,i07.bmp,i07_07_2.bmp,0.8625988960266113,5.1905
752,i07.bmp,i07_07_3.bmp,0.8020391464233398,4.3182
753,i07.bmp,i07_07_4.bmp,0.7407441139221191,3.6222
754,i07.bmp,i07_07_5.bmp,0.6993304491043091,2.8372
755,i07.bmp,i07_08_1.bmp,0.9666106104850769,5.8636
756,i07.bmp,i07_08_2.bmp,0.9337280988693237,5.5333
757,i07.bmp,i07_08_3.bmp,0.8583276271820068,4.5814
758,i07.bmp,i07_08_4.bmp,0.7298328280448914,3.4222
759,i07.bmp,i07_08_5.bmp,0.5795751810073853,2.6364
760,i07.bmp,i07_09_1.bmp,0.9099480509757996,6.4222
761,i07.bmp,i07_09_2.bmp,0.8760591745376587,6.0222
762,i07.bmp,i07_09_3.bmp,0.8135718703269958,5.2273
763,i07.bmp,i07_09_4.bmp,0.7147402763366699,3.9767
764,i07.bmp,i07_09_5.bmp,0.590573787689209,2.4667
765,i07.bmp,i07_10_1.bmp,0.932590663433075,6.1333
766,i07.bmp,i07_10_2.bmp,0.9041045904159546,5.8864
767,i07.bmp,i07_10_3.bmp,0.8202351331710815,5.0454
768,i07.bmp,i07_10_4.bmp,0.7025548815727234,3.7045
769,i07.bmp,i07_10_5.bmp,0.6370541453361511,2.2273
770,i07.bmp,i07_11_1.bmp,0.878109872341156,5.4884
771,i07.bmp,i07_11_2.bmp,0.7877330780029297,4.5111
772,i07.bmp,i07_11_3.bmp,0.6861310005187988,3.4318
773,i07.bmp,i07_11_4.bmp,0.5951526761054993,2.4222
774,i07.bmp,i07_11_5.bmp,0.5307836532592773,0.97727
775,i07.bmp,i07_12_1.bmp,0.9314122200012207,5.3409
776,i07.bmp,i07_12_2.bmp,0.8847715258598328,4.7273
777,i07.bmp,i07_12_3.bmp,0.8056084513664246,3.5333
778,i07.bmp,i07_12_4.bmp,0.6909220218658447,2.8636
779,i07.bmp,i07_12_5.bmp,0.6833967566490173,2.5111
780,i07.bmp,i07_13_1.bmp,0.829950213432312,4.5814
781,i07.bmp,i07_13_2.bmp,0.7898340225219727,4.0682
782,i07.bmp,i07_13_3.bmp,0.7047477960586548,3.3721
783,i07.bmp,i07_13_4.bmp,0.64930260181427,2.7273
784,i07.bmp,i07_13_5.bmp,0.6068260073661804,2.5111
785,i07.bmp,i07_14_1.bmp,0.9407041072845459,5.7954
786,i07.bmp,i07_14_2.bmp,0.9660614728927612,6.1591
787,i07.bmp,i07_14_3.bmp,0.9328964948654175,5.7046
788,i07.bmp,i07_14_4.bmp,0.9014253616333008,5.2222
789,i07.bmp,i07_14_5.bmp,0.865189254283905,4.2046
790,i07.bmp,i07_15_1.bmp,0.8989207148551941,3.6364
791,i07.bmp,i07_15_2.bmp,0.9058868288993835,3.2889
792,i07.bmp,i07_15_3.bmp,0.9077619910240173,3.0455
793,i07.bmp,i07_15_4.bmp,0.9230854511260986,3.3409
794,i07.bmp,i07_15_5.bmp,0.9464877843856812,3.6512
795,i07.bmp,i07_16_1.bmp,0.9921466112136841,6.2046
796,i07.bmp,i07_16_2.bmp,0.986607015132904,6.3488
797,i07.bmp,i07_16_3.bmp,0.9634913206100464,5.9333
798,i07.bmp,i07_16_4.bmp,0.9540945887565613,5.3556
799,i07.bmp,i07_16_5.bmp,0.9159424304962158,4.8182
800,i07.bmp,i07_17_1.bmp,0.9790184497833252,5.5454
801,i07.bmp,i07_17_2.bmp,0.9581955671310425,6.4
802,i07.bmp,i07_17_3.bmp,0.9335018396377563,4.4048
803,i07.bmp,i07_17_4.bmp,0.8990875482559204,6.7273
804,i07.bmp,i07_17_5.bmp,0.8097786903381348,3.3409
805,i07.bmp,i07_18_1.bmp,0.9575335383415222,5.3864
806,i07.bmp,i07_18_2.bmp,0.9354121088981628,4.9546
807,i07.bmp,i07_18_3.bmp,0.8955291509628296,4.3778
808,i07.bmp,i07_18_4.bmp,0.8279733657836914,3.8636
809,i07.bmp,i07_18_5.bmp,0.7483839988708496,3.6364
810,i07.bmp,i07_19_1.bmp,0.9013814330101013,5.8667
811,i07.bmp,i07_19_2.bmp,0.8616811037063599,5.4444
812,i07.bmp,i07_19_3.bmp,0.8168745040893555,4.8
813,i07.bmp,i07_19_4.bmp,0.7662971019744873,4.1136
814,i07.bmp,i07_19_5.bmp,0.7056437730789185,3.7045
815,i07.bmp,i07_20_1.bmp,0.9234796762466431,5.75
816,i07.bmp,i07_20_2.bmp,0.8679932951927185,5.4222
817,i07.bmp,i07_20_3.bmp,0.7899853587150574,4.4186
818,i07.bmp,i07_20_4.bmp,0.7131283283233643,3.6222
819,i07.bmp,i07_20_5.bmp,0.6534600853919983,2.9302
820,i07.bmp,i07_21_1.bmp,0.8654088973999023,5.6667
821,i07.bmp,i07_21_2.bmp,0.819149374961853,4.9546
822,i07.bmp,i07_21_3.bmp,0.7461243867874146,4.1111
823,i07.bmp,i07_21_4.bmp,0.6761783957481384,3.3864
824,i07.bmp,i07_21_5.bmp,0.5981614589691162,2.3256
825,i07.bmp,i07_22_1.bmp,0.9305183291435242,5.9333
826,i07.bmp,i07_22_2.bmp,0.8960514068603516,5.2326
827,i07.bmp,i07_22_3.bmp,0.8285828828811646,4.6512
828,i07.bmp,i07_22_4.bmp,0.7634657621383667,4.1429
829,i07.bmp,i07_22_5.bmp,0.6666416525840759,2.6591
830,i07.bmp,i07_23_1.bmp,0.9391874074935913,6.0222
831,i07.bmp,i07_23_2.bmp,0.870992124080658,5.7333
832,i07.bmp,i07_23_3.bmp,0.7837651968002319,5.0444
833,i07.bmp,i07_23_4.bmp,0.7301845550537109,4.2093
834,i07.bmp,i07_23_5.bmp,0.5903717279434204,2.6444
835,i07.bmp,i07_24_1.bmp,0.8620234727859497,5.7209
836,i07.bmp,i07_24_2.bmp,0.7803685665130615,4.9333
837,i07.bmp,i07_24_3.bmp,0.6853708028793335,3.8636
838,i07.bmp,i07_24_4.bmp,0.600942075252533,2.25
839,i07.bmp,i07_24_5.bmp,0.5343756675720215,0.47619
840,i08.bmp,i08_01_1.bmp,0.9488963484764099,5.5484
841,i08.bmp,i08_01_2.bmp,0.9253317713737488,4.7097
842,i08.bmp,i08_01_3.bmp,0.8891837000846863,4.8387
843,i08.bmp,i08_01_4.bmp,0.8407995700836182,4.1
844,i08.bmp,i08_01_5.bmp,0.7916210889816284,3.5484
845,i08.bmp,i08_02_1.bmp,0.964125394821167,5.5938
846,i08.bmp,i08_02_2.bmp,0.9473196268081665,5.5484
847,i08.bmp,i08_02_3.bmp,0.9245575666427612,5.4063
848,i08.bmp,i08_02_4.bmp,0.8882285952568054,5.2258
849,i08.bmp,i08_02_5.bmp,0.8436795473098755,4.6452
850,i08.bmp,i08_03_1.bmp,0.8969995379447937,4.6452
851,i08.bmp,i08_03_2.bmp,0.8596860766410828,4.2903
852,i08.bmp,i08_03_3.bmp,0.800550639629364,3.4667
853,i08.bmp,i08_03_4.bmp,0.738142192363739,2.9688
854,i08.bmp,i08_03_5.bmp,0.6750389337539673,2.3438
855,i08.bmp,i08_04_1.bmp,0.9883710741996765,6.0645
856,i08.bmp,i08_04_2.bmp,0.9837140440940857,5.8387
857,i08.bmp,i08_04_3.bmp,0.9751302003860474,5.625
858,i08.bmp,i08_04_4.bmp,0.9592273235321045,5.4375
859,i08.bmp,i08_04_5.bmp,0.9316587448120117,4.9677
860,i08.bmp,i08_05_1.bmp,0.9721746444702148,5.3333
861,i08.bmp,i08_05_2.bmp,0.9586502313613892,5.4516
862,i08.bmp,i08_05_3.bmp,0.9162110090255737,4.7188
863,i08.bmp,i08_05_4.bmp,0.841479480266571,3.9677
864,i08.bmp,i08_05_5.bmp,0.7407612204551697,3.125
865,i08.bmp,i08_06_1.bmp,0.9365951418876648,4.3871
866,i08.bmp,i08_06_2.bmp,0.8976017832756042,4.0938
867,i08.bmp,i08_06_3.bmp,0.8584892153739929,3.9333
868,i08.bmp,i08_06_4.bmp,0.8166120052337646,3.6129
869,i08.bmp,i08_06_5.bmp,0.7520169019699097,3.0645
870,i08.bmp,i08_07_1.bmp,0.9392436742782593,5.5
871,i08.bmp,i08_07_2.bmp,0.9139425158500671,4.6452
872,i08.bmp,i08_07_3.bmp,0.8721910715103149,4.1667
873,i08.bmp,i08_07_4.bmp,0.8229171633720398,3.4516
874,i08.bmp,i08_07_5.bmp,0.7523002624511719,2.3871
875,i08.bmp,i08_08_1.bmp,0.9622275233268738,5.2188
876,i08.bmp,i08_08_2.bmp,0.911597728729248,4.5938
877,i08.bmp,i08_08_3.bmp,0.8004605770111084,3.9032
878,i08.bmp,i08_08_4.bmp,0.6531773805618286,2.871
879,i08.bmp,i08_08_5.bmp,0.5501489639282227,1.9677
880,i08.bmp,i08_09_1.bmp,0.9128742218017578,5.7097
881,i08.bmp,i08_09_2.bmp,0.8822369575500488,5.875
882,i08.bmp,i08_09_3.bmp,0.8276762962341309,5.0313
883,i08.bmp,i08_09_4.bmp,0.7363178133964539,3.5
884,i08.bmp,i08_09_5.bmp,0.6007607579231262,1.75
885,i08.bmp,i08_10_1.bmp,0.9498251676559448,5.9677
886,i08.bmp,i08_10_2.bmp,0.9216549396514893,5.5938
887,i08.bmp,i08_10_3.bmp,0.8508314490318298,4.6875
888,i08.bmp,i08_10_4.bmp,0.7394574880599976,3.2188
889,i08.bmp,i08_10_5.bmp,0.6562020182609558,1.3438
890,i08.bmp,i08_11_1.bmp,0.944085955619812,6.0
891,i08.bmp,i08_11_2.bmp,0.9062485098838806,5.25
892,i08.bmp,i08_11_3.bmp,0.8512426614761353,4.5667
893,i08.bmp,i08_11_4.bmp,0.7868775129318237,4.1936
894,i08.bmp,i08_11_5.bmp,0.6353105306625366,2.2667
895,i08.bmp,i08_12_1.bmp,0.9795851111412048,6.1936
896,i08.bmp,i08_12_2.bmp,0.9856023788452148,5.7419
897,i08.bmp,i08_12_3.bmp,0.9438571929931641,5.5
898,i08.bmp,i08_12_4.bmp,0.8663158416748047,4.8125
899,i08.bmp,i08_12_5.bmp,0.9011425971984863,4.25
900,i08.bmp,i08_13_1.bmp,0.9488784074783325,5.7813
901,i08.bmp,i08_13_2.bmp,0.8358438014984131,3.2667
902,i08.bmp,i08_13_3.bmp,0.925647497177124,4.3871
903,i08.bmp,i08_13_4.bmp,0.7945291996002197,2.7333
904,i08.bmp,i08_13_5.bmp,0.6920510530471802,2.125
905,i08.bmp,i08_14_1.bmp,0.9777940511703491,5.6563
906,i08.bmp,i08_14_2.bmp,0.9752645492553711,5.4375
907,i08.bmp,i08_14_3.bmp,0.9413776397705078,4.871
908,i08.bmp,i08_14_4.bmp,0.9124836921691895,4.75
909,i08.bmp,i08_14_5.bmp,0.8640255928039551,4.0
910,i08.bmp,i08_15_1.bmp,0.9078335165977478,3.7742
911,i08.bmp,i08_15_2.bmp,0.9201993346214294,2.9355
912,i08.bmp,i08_15_3.bmp,0.9290523529052734,3.2813
913,i08.bmp,i08_15_4.bmp,0.9451829791069031,3.6875
914,i08.bmp,i08_15_5.bmp,0.9653282165527344,3.5161
915,i08.bmp,i08_16_1.bmp,0.9926860332489014,6.0625
916,i08.bmp,i08_16_2.bmp,0.9857914447784424,5.75
917,i08.bmp,i08_16_3.bmp,0.9666413068771362,5.871
918,i08.bmp,i08_16_4.bmp,0.9451929926872253,4.9032
919,i08.bmp,i08_16_5.bmp,0.9166847467422485,4.5667
920,i08.bmp,i08_17_1.bmp,0.9809950590133667,5.4063
921,i08.bmp,i08_17_2.bmp,0.9551960825920105,5.5807
922,i08.bmp,i08_17_3.bmp,0.9320688247680664,4.1875
923,i08.bmp,i08_17_4.bmp,0.8897478580474854,5.0645
924,i08.bmp,i08_17_5.bmp,0.8102655410766602,3.2581
925,i08.bmp,i08_18_1.bmp,0.9525925517082214,4.25
926,i08.bmp,i08_18_2.bmp,0.9207638502120972,3.7419
927,i08.bmp,i08_18_3.bmp,0.8749472498893738,2.9375
928,i08.bmp,i08_18_4.bmp,0.846577525138855,2.8438
929,i08.bmp,i08_18_5.bmp,0.8393084406852722,2.871
930,i08.bmp,i08_19_1.bmp,0.9557754993438721,5.3871
931,i08.bmp,i08_19_2.bmp,0.9359513521194458,4.9355
932,i08.bmp,i08_19_3.bmp,0.9042156934738159,4.6875
933,i08.bmp,i08_19_4.bmp,0.8570905923843384,4.0323
934,i08.bmp,i08_19_5.bmp,0.810854434967041,3.5938
935,i08.bmp,i08_20_1.bmp,0.9709089994430542,5.871
936,i08.bmp,i08_20_2.bmp,0.9527141451835632,5.9677
937,i08.bmp,i08_20_3.bmp,0.9178949594497681,5.2667
938,i08.bmp,i08_20_4.bmp,0.8543319702148438,4.625
939,i08.bmp,i08_20_5.bmp,0.7769173383712769,3.8125
940,i08.bmp,i08_21_1.bmp,0.9306616187095642,5.6875
941,i08.bmp,i08_21_2.bmp,0.8883061408996582,4.9355
942,i08.bmp,i08_21_3.bmp,0.8328722715377808,4.2903
943,i08.bmp,i08_21_4.bmp,0.7693797945976257,3.8064
944,i08.bmp,i08_21_5.bmp,0.6910313367843628,2.6774
945,i08.bmp,i08_22_1.bmp,0.9539172649383545,5.6129
946,i08.bmp,i08_22_2.bmp,0.9244944453239441,5.4516
947,i08.bmp,i08_22_3.bmp,0.8848292231559753,4.1613
948,i08.bmp,i08_22_4.bmp,0.8157554864883423,3.0625
949,i08.bmp,i08_22_5.bmp,0.7864862680435181,2.375
950,i08.bmp,i08_23_1.bmp,0.9641141891479492,6.0323
951,i08.bmp,i08_23_2.bmp,0.9325655698776245,6.1613
952,i08.bmp,i08_23_3.bmp,0.9027673602104187,5.6774
953,i08.bmp,i08_23_4.bmp,0.8799303770065308,5.5
954,i08.bmp,i08_23_5.bmp,0.8485972285270691,5.4375
955,i08.bmp,i08_24_1.bmp,0.9371923208236694,5.9355
956,i08.bmp,i08_24_2.bmp,0.8948015570640564,5.7813
957,i08.bmp,i08_24_3.bmp,0.8379998207092285,5.2903
958,i08.bmp,i08_24_4.bmp,0.7573679685592651,3.9677
959,i08.bmp,i08_24_5.bmp,0.6495537161827087,2.625
960,i09.bmp,i09_01_1.bmp,0.8867762088775635,5.3636
961,i09.bmp,i09_01_2.bmp,0.8462664484977722,5.0
962,i09.bmp,i09_01_3.bmp,0.7931088805198669,4.5454
963,i09.bmp,i09_01_4.bmp,0.7367463111877441,4.0323
964,i09.bmp,i09_01_5.bmp,0.685675323009491,3.6364
965,i09.bmp,i09_02_1.bmp,0.9292551875114441,5.8788
966,i09.bmp,i09_02_2.bmp,0.8992942571640015,6.0303
967,i09.bmp,i09_02_3.bmp,0.8594270944595337,5.5625
968,i09.bmp,i09_02_4.bmp,0.8070816993713379,4.875
969,i09.bmp,i09_02_5.bmp,0.7549922466278076,4.5454
970,i09.bmp,i09_03_1.bmp,0.803552508354187,4.6061
971,i09.bmp,i09_03_2.bmp,0.754317045211792,4.0938
972,i09.bmp,i09_03_3.bmp,0.7021552920341492,3.697
973,i09.bmp,i09_03_4.bmp,0.6424054503440857,3.25
974,i09.bmp,i09_03_5.bmp,0.5860254764556885,2.8788
975,i09.bmp,i09_04_1.bmp,0.9737716913223267,5.7419
976,i09.bmp,i09_04_2.bmp,0.9621844291687012,5.5938
977,i09.bmp,i09_04_3.bmp,0.9398295879364014,5.3871
978,i09.bmp,i09_04_4.bmp,0.9025038480758667,4.6774
979,i09.bmp,i09_04_5.bmp,0.8483192920684814,4.2727
980,i09.bmp,i09_05_1.bmp,0.9322308897972107,5.9355
981,i09.bmp,i09_05_2.bmp,0.9027795791625977,5.5
982,i09.bmp,i09_05_3.bmp,0.8294105529785156,4.9688
983,i09.bmp,i09_05_4.bmp,0.7413212060928345,4.0909
984,i09.bmp,i09_05_5.bmp,0.645609974861145,3.5938
985,i09.bmp,i09_06_1.bmp,0.879564642906189,5.2188
986,i09.bmp,i09_06_2.bmp,0.8356757164001465,4.3125
987,i09.bmp,i09_06_3.bmp,0.7915793657302856,4.1613
988,i09.bmp,i09_06_4.bmp,0.7398111820220947,3.8125
989,i09.bmp,i09_06_5.bmp,0.6808878183364868,3.3438
990,i09.bmp,i09_07_1.bmp,0.8798433542251587,4.8788
991,i09.bmp,i09_07_2.bmp,0.8425914645195007,4.75
992,i09.bmp,i09_07_3.bmp,0.7915395498275757,4.129
993,i09.bmp,i09_07_4.bmp,0.7387648820877075,3.6667
994,i09.bmp,i09_07_5.bmp,0.6931056380271912,2.7097
995,i09.bmp,i09_08_1.bmp,0.9594360589981079,5.875
996,i09.bmp,i09_08_2.bmp,0.9193322062492371,5.2424
997,i09.bmp,i09_08_3.bmp,0.8282549381256104,4.3438
998,i09.bmp,i09_08_4.bmp,0.6875348091125488,3.4848
999,i09.bmp,i09_08_5.bmp,0.5727347135543823,2.375
1000,i09.bmp,i09_09_1.bmp,0.8749939799308777,6.5454
1001,i09.bmp,i09_09_2.bmp,0.8386968374252319,6.0909
1002,i09.bmp,i09_09_3.bmp,0.7854785919189453,5.1515
1003,i09.bmp,i09_09_4.bmp,0.7024692893028259,3.9063
1004,i09.bmp,i09_09_5.bmp,0.5902872085571289,2.5152
1005,i09.bmp,i09_10_1.bmp,0.9212534427642822,6.0
1006,i09.bmp,i09_10_2.bmp,0.8793689012527466,5.6563
1007,i09.bmp,i09_10_3.bmp,0.7968267798423767,4.9063
1008,i09.bmp,i09_10_4.bmp,0.6862618327140808,3.1936
1009,i09.bmp,i09_10_5.bmp,0.6279866695404053,2.3438
1010,i09.bmp,i09_11_1.bmp,0.855418860912323,5.9063
1011,i09.bmp,i09_11_2.bmp,0.7940529584884644,5.1563
1012,i09.bmp,i09_11_3.bmp,0.6831867098808289,3.9688
1013,i09.bmp,i09_11_4.bmp,0.5863765478134155,2.4063
1014,i09.bmp,i09_11_5.bmp,0.5239382982254028,0.87879
1015,i09.bmp,i09_12_1.bmp,0.9716141223907471,6.0606
1016,i09.bmp,i09_12_2.bmp,0.9465982913970947,5.9063
1017,i09.bmp,i09_12_3.bmp,0.8267331123352051,4.9063
1018,i09.bmp,i09_12_4.bmp,0.7117633819580078,2.9688
1019,i09.bmp,i09_12_5.bmp,0.6771008372306824,2.8438
1020,i09.bmp,i09_13_1.bmp,0.8198280334472656,4.5152
1021,i09.bmp,i09_13_2.bmp,0.760566234588623,3.7742
1022,i09.bmp,i09_13_3.bmp,0.667402982711792,3.3333
1023,i09.bmp,i09_13_4.bmp,0.6433771848678589,2.8182
1024,i09.bmp,i09_13_5.bmp,0.6713012456893921,2.8788
1025,i09.bmp,i09_14_1.bmp,0.9288526773452759,5.8438
1026,i09.bmp,i09_14_2.bmp,0.9716269969940186,5.4848
1027,i09.bmp,i09_14_3.bmp,0.9252091646194458,6.2813
1028,i09.bmp,i09_14_4.bmp,0.8808900713920593,4.4375
1029,i09.bmp,i09_14_5.bmp,0.8414067625999451,3.3125
1030,i09.bmp,i09_15_1.bmp,0.8811925649642944,2.9091
1031,i09.bmp,i09_15_2.bmp,0.8988984823226929,3.0606
1032,i09.bmp,i09_15_3.bmp,0.9139596819877625,3.25
1033,i09.bmp,i09_15_4.bmp,0.9335269331932068,3.5938
1034,i09.bmp,i09_15_5.bmp,0.9602011442184448,5.8485
1035,i09.bmp,i09_16_1.bmp,0.9928507804870605,6.0606
1036,i09.bmp,i09_16_2.bmp,0.9873560667037964,6.303
1037,i09.bmp,i09_16_3.bmp,0.973929762840271,5.75
1038,i09.bmp,i09_16_4.bmp,0.9550396203994751,5.9032
1039,i09.bmp,i09_16_5.bmp,0.939832866191864,4.6667
1040,i09.bmp,i09_17_1.bmp,0.9765362739562988,5.8125
1041,i09.bmp,i09_17_2.bmp,0.9568361043930054,6.7879
1042,i09.bmp,i09_17_3.bmp,0.929156482219696,4.7813
1043,i09.bmp,i09_17_4.bmp,0.8976960182189941,6.3636
1044,i09.bmp,i09_17_5.bmp,0.8102326393127441,3.6061
1045,i09.bmp,i09_18_1.bmp,0.9465728998184204,4.8182
1046,i09.bmp,i09_18_2.bmp,0.9235942363739014,4.303
1047,i09.bmp,i09_18_3.bmp,0.8808878660202026,4.0645
1048,i09.bmp,i09_18_4.bmp,0.8117414712905884,3.3125
1049,i09.bmp,i09_18_5.bmp,0.779414176940918,3.1563
1050,i09.bmp,i09_19_1.bmp,0.8878155946731567,5.5
1051,i09.bmp,i09_19_2.bmp,0.8464621305465698,4.6774
1052,i09.bmp,i09_19_3.bmp,0.7964040040969849,4.5161
1053,i09.bmp,i09_19_4.bmp,0.7432330846786499,4.0625
1054,i09.bmp,i09_19_5.bmp,0.6908614635467529,3.4848
1055,i09.bmp,i09_20_1.bmp,0.9115358591079712,5.8125
1056,i09.bmp,i09_20_2.bmp,0.8540530204772949,5.6667
1057,i09.bmp,i09_20_3.bmp,0.7850770950317383,4.5
1058,i09.bmp,i09_20_4.bmp,0.7097059488296509,3.9091
1059,i09.bmp,i09_20_5.bmp,0.6475781798362732,2.9091
1060,i09.bmp,i09_21_1.bmp,0.8376172780990601,5.2727
1061,i09.bmp,i09_21_2.bmp,0.7932776212692261,4.8125
1062,i09.bmp,i09_21_3.bmp,0.7299495935440063,4.25
1063,i09.bmp,i09_21_4.bmp,0.6716170310974121,3.5
1064,i09.bmp,i09_21_5.bmp,0.583823025226593,2.1613
1065,i09.bmp,i09_22_1.bmp,0.9039359092712402,5.7188
1066,i09.bmp,i09_22_2.bmp,0.8663299083709717,5.7879
1067,i09.bmp,i09_22_3.bmp,0.8198329210281372,5.5
1068,i09.bmp,i09_22_4.bmp,0.7333461046218872,4.0938
1069,i09.bmp,i09_22_5.bmp,0.6829497218132019,2.7188
1070,i09.bmp,i09_23_1.bmp,0.929360568523407,6.25
1071,i09.bmp,i09_23_2.bmp,0.8709906339645386,6.2813
1072,i09.bmp,i09_23_3.bmp,0.7804882526397705,6.0303
1073,i09.bmp,i09_23_4.bmp,0.705784022808075,4.8125
1074,i09.bmp,i09_23_5.bmp,0.5734995603561401,2.875
1075,i09.bmp,i09_24_1.bmp,0.8549148440361023,5.75
1076,i09.bmp,i09_24_2.bmp,0.7769473791122437,5.0938
1077,i09.bmp,i09_24_3.bmp,0.6791744232177734,3.75
1078,i09.bmp,i09_24_4.bmp,0.593485951423645,2.0303
1079,i09.bmp,i09_24_5.bmp,0.5252230167388916,0.24242
1080,i10.bmp,i10_01_1.bmp,0.891213595867157,5.718
1081,i10.bmp,i10_01_2.bmp,0.8430256843566895,5.4324
1082,i10.bmp,i10_01_3.bmp,0.7946373820304871,4.7436
1083,i10.bmp,i10_01_4.bmp,0.7287046313285828,4.5385
1084,i10.bmp,i10_01_5.bmp,0.6603484153747559,3.8158
1085,i10.bmp,i10_02_1.bmp,0.9319061040878296,6.0541
1086,i10.bmp,i10_02_2.bmp,0.900888204574585,5.8378
1087,i10.bmp,i10_02_3.bmp,0.8564788103103638,5.7692
1088,i10.bmp,i10_02_4.bmp,0.8061857223510742,5.5263
1089,i10.bmp,i10_02_5.bmp,0.7389810085296631,4.7297
1090,i10.bmp,i10_03_1.bmp,0.8016189932823181,5.0541
1091,i10.bmp,i10_03_2.bmp,0.7354461550712585,4.3611
1092,i10.bmp,i10_03_3.bmp,0.6679667234420776,4.0256
1093,i10.bmp,i10_03_4.bmp,0.6068455576896667,3.3077
1094,i10.bmp,i10_03_5.bmp,0.5532174110412598,2.9231
1095,i10.bmp,i10_04_1.bmp,0.9771718978881836,6.0769
1096,i10.bmp,i10_04_2.bmp,0.9706921577453613,5.1111
1097,i10.bmp,i10_04_3.bmp,0.9564162492752075,5.1579
1098,i10.bmp,i10_04_4.bmp,0.9279870986938477,4.7692
1099,i10.bmp,i10_04_5.bmp,0.8762101531028748,4.2308
1100,i10.bmp,i10_05_1.bmp,0.9365319609642029,6.0513
1101,i10.bmp,i10_05_2.bmp,0.9067234992980957,5.7949
1102,i10.bmp,i10_05_3.bmp,0.8299180269241333,5.1795
1103,i10.bmp,i10_05_4.bmp,0.7325569987297058,4.3947
1104,i10.bmp,i10_05_5.bmp,0.6210389137268066,3.3421
1105,i10.bmp,i10_06_1.bmp,0.8911275267601013,5.1579
1106,i10.bmp,i10_06_2.bmp,0.841760516166687,4.6486
1107,i10.bmp,i10_06_3.bmp,0.7827746868133545,4.5789
1108,i10.bmp,i10_06_4.bmp,0.7298964858055115,3.8421
1109,i10.bmp,i10_06_5.bmp,0.6646125316619873,3.4054
1110,i10.bmp,i10_07_1.bmp,0.8718223571777344,5.5405
1111,i10.bmp,i10_07_2.bmp,0.8269585371017456,5.0256
1112,i10.bmp,i10_07_3.bmp,0.759272575378418,4.4615
1113,i10.bmp,i10_07_4.bmp,0.6983462572097778,4.0
1114,i10.bmp,i10_07_5.bmp,0.6644400954246521,3.0526
1115,i10.bmp,i10_08_1.bmp,0.9610360860824585,5.9737
1116,i10.bmp,i10_08_2.bmp,0.9232103824615479,5.3077
1117,i10.bmp,i10_08_3.bmp,0.8337278366088867,4.3514
1118,i10.bmp,i10_08_4.bmp,0.6829769015312195,3.5
1119,i10.bmp,i10_08_5.bmp,0.5618631839752197,2.7895
1120,i10.bmp,i10_09_1.bmp,0.8724383115768433,5.9744
1121,i10.bmp,i10_09_2.bmp,0.833251953125,5.6923
1122,i10.bmp,i10_09_3.bmp,0.7541903257369995,5.1795
1123,i10.bmp,i10_09_4.bmp,0.6380776762962341,3.8158
1124,i10.bmp,i10_09_5.bmp,0.5406463146209717,2.282
1125,i10.bmp,i10_10_1.bmp,0.9229795336723328,5.8684
1126,i10.bmp,i10_10_2.bmp,0.8821637034416199,5.8158
1127,i10.bmp,i10_10_3.bmp,0.7960361242294312,5.2051
1128,i10.bmp,i10_10_4.bmp,0.6582261919975281,3.641
1129,i10.bmp,i10_10_5.bmp,0.5833701491355896,2.4359
1130,i10.bmp,i10_11_1.bmp,0.8585106730461121,5.1539
1131,i10.bmp,i10_11_2.bmp,0.759800136089325,4.4615
1132,i10.bmp,i10_11_3.bmp,0.6307198405265808,3.6154
1133,i10.bmp,i10_11_4.bmp,0.5444875359535217,2.1842
1134,i10.bmp,i10_11_5.bmp,0.4882543087005615,1.2368
1135,i10.bmp,i10_12_1.bmp,0.8863692283630371,4.7692
1136,i10.bmp,i10_12_2.bmp,0.8969680666923523,5.8421
1137,i10.bmp,i10_12_3.bmp,0.8392283320426941,4.9231
1138,i10.bmp,i10_12_4.bmp,0.7767626047134399,4.0526
1139,i10.bmp,i10_12_5.bmp,0.6505073308944702,2.6842
1140,i10.bmp,i10_13_1.bmp,0.9333368539810181,5.7895
1141,i10.bmp,i10_13_2.bmp,0.7414953112602234,3.9211
1142,i10.bmp,i10_13_3.bmp,0.6760818362236023,3.4211
1143,i10.bmp,i10_13_4.bmp,0.6242300868034363,2.6842
1144,i10.bmp,i10_13_5.bmp,0.6064376831054688,2.8974
1145,i10.bmp,i10_14_1.bmp,0.9392704963684082,5.8205
1146,i10.bmp,i10_14_2.bmp,0.9744288921356201,6.1539
1147,i10.bmp,i10_14_3.bmp,0.9389346837997437,5.5526
1148,i10.bmp,i10_14_4.bmp,0.885527491569519,4.2703
1149,i10.bmp,i10_14_5.bmp,0.8720647096633911,3.8421
1150,i10.bmp,i10_15_1.bmp,0.8765260577201843,3.0789
1151,i10.bmp,i10_15_2.bmp,0.8895684480667114,3.2308
1152,i10.bmp,i10_15_3.bmp,0.9138387441635132,3.6154
1153,i10.bmp,i10_15_4.bmp,0.9260896444320679,3.3684
1154,i10.bmp,i10_15_5.bmp,0.9484792947769165,4.1795
1155,i10.bmp,i10_16_1.bmp,0.9928207397460938,6.1282
1156,i10.bmp,i10_16_2.bmp,0.9891436100006104,6.1026
1157,i10.bmp,i10_16_3.bmp,0.968442440032959,6.0256
1158,i10.bmp,i10_16_4.bmp,0.9613606333732605,5.5789
1159,i10.bmp,i10_16_5.bmp,0.9216882586479187,5.1282
1160,i10.bmp,i10_17_1.bmp,0.9778687357902527,5.7105
1161,i10.bmp,i10_17_2.bmp,0.9553899765014648,6.5897
1162,i10.bmp,i10_17_3.bmp,0.9347255229949951,4.5676
1163,i10.bmp,i10_17_4.bmp,0.8924662470817566,6.5641
1164,i10.bmp,i10_17_5.bmp,0.8162091970443726,3.6923
1165,i10.bmp,i10_18_1.bmp,0.9064604640007019,4.5128
1166,i10.bmp,i10_18_2.bmp,0.8518680334091187,4.0769
1167,i10.bmp,i10_18_3.bmp,0.8017885684967041,3.8205
1168,i10.bmp,i10_18_4.bmp,0.7974265813827515,3.6316
1169,i10.bmp,i10_18_5.bmp,0.7785405516624451,3.3158
1170,i10.bmp,i10_19_1.bmp,0.8955733180046082,5.5789
1171,i10.bmp,i10_19_2.bmp,0.8554300665855408,5.4211
1172,i10.bmp,i10_19_3.bmp,0.8015367984771729,4.6757
1173,i10.bmp,i10_19_4.bmp,0.7470773458480835,4.2162
1174,i10.bmp,i10_19_5.bmp,0.6876200437545776,3.8718
1175,i10.bmp,i10_20_1.bmp,0.9082886576652527,5.8461
1176,i10.bmp,i10_20_2.bmp,0.8375205397605896,5.3846
1177,i10.bmp,i10_20_3.bmp,0.7491304278373718,4.4359
1178,i10.bmp,i10_20_4.bmp,0.680821418762207,3.5789
1179,i10.bmp,i10_20_5.bmp,0.6371166110038757,2.8649
1180,i10.bmp,i10_21_1.bmp,0.8427631258964539,5.5
1181,i10.bmp,i10_21_2.bmp,0.7700361609458923,5.1795
1182,i10.bmp,i10_21_3.bmp,0.7150325775146484,4.2564
1183,i10.bmp,i10_21_4.bmp,0.6386538743972778,3.7692
1184,i10.bmp,i10_21_5.bmp,0.5644907355308533,2.5128
1185,i10.bmp,i10_22_1.bmp,0.9190157651901245,5.9737
1186,i10.bmp,i10_22_2.bmp,0.8714069128036499,4.8718
1187,i10.bmp,i10_22_3.bmp,0.8106452226638794,4.4865
1188,i10.bmp,i10_22_4.bmp,0.7647732496261597,4.0278
1189,i10.bmp,i10_22_5.bmp,0.6837695837020874,3.2564
1190,i10.bmp,i10_23_1.bmp,0.9309989213943481,6.1539
1191,i10.bmp,i10_23_2.bmp,0.8413808345794678,5.9487
1192,i10.bmp,i10_23_3.bmp,0.6953756213188171,4.5526
1193,i10.bmp,i10_23_4.bmp,0.556076169013977,2.6053
1194,i10.bmp,i10_23_5.bmp,0.5002772808074951,1.4474
1195,i10.bmp,i10_24_1.bmp,0.839159369468689,5.4615
1196,i10.bmp,i10_24_2.bmp,0.7564508318901062,4.7895
1197,i10.bmp,i10_24_3.bmp,0.6294358968734741,3.5128
1198,i10.bmp,i10_24_4.bmp,0.5318500399589539,1.8649
1199,i10.bmp,i10_24_5.bmp,0.48633813858032227,0.36842
1200,i11.bmp,i11_01_1.bmp,0.9266681671142578,5.5405
1201,i11.bmp,i11_01_2.bmp,0.8968172073364258,5.1622
1202,i11.bmp,i11_01_3.bmp,0.8448952436447144,5.3514
1203,i11.bmp,i11_01_4.bmp,0.7979555130004883,4.2857
1204,i11.bmp,i11_01_5.bmp,0.7315421104431152,3.8611
1205,i11.bmp,i11_02_1.bmp,0.949802577495575,5.5556
1206,i11.bmp,i11_02_2.bmp,0.9288792610168457,5.8857
1207,i11.bmp,i11_02_3.bmp,0.8965216875076294,5.4444
1208,i11.bmp,i11_02_4.bmp,0.8463661074638367,5.1944
1209,i11.bmp,i11_02_5.bmp,0.7900748252868652,4.75
1210,i11.bmp,i11_03_1.bmp,0.8502206802368164,5.0
1211,i11.bmp,i11_03_2.bmp,0.7918874621391296,4.4324
1212,i11.bmp,i11_03_3.bmp,0.7331396341323853,3.8286
1213,i11.bmp,i11_03_4.bmp,0.6700966358184814,3.2703
1214,i11.bmp,i11_03_5.bmp,0.607131838798523,2.9167
1215,i11.bmp,i11_04_1.bmp,0.9805500507354736,5.4706
1216,i11.bmp,i11_04_2.bmp,0.9733797907829285,5.6216
1217,i11.bmp,i11_04_3.bmp,0.9588561058044434,5.2857
1218,i11.bmp,i11_04_4.bmp,0.9317414164543152,5.1944
1219,i11.bmp,i11_04_5.bmp,0.8861857652664185,4.6757
1220,i11.bmp,i11_05_1.bmp,0.9570736289024353,6.027
1221,i11.bmp,i11_05_2.bmp,0.9372803568840027,5.8056
1222,i11.bmp,i11_05_3.bmp,0.8822836875915527,5.2973
1223,i11.bmp,i11_05_4.bmp,0.7905179858207703,4.1944
1224,i11.bmp,i11_05_5.bmp,0.6801568865776062,3.0556
1225,i11.bmp,i11_06_1.bmp,0.9218044281005859,4.6944
1226,i11.bmp,i11_06_2.bmp,0.8777689933776855,4.3889
1227,i11.bmp,i11_06_3.bmp,0.8394320011138916,3.973
1228,i11.bmp,i11_06_4.bmp,0.7793070673942566,3.5405
1229,i11.bmp,i11_06_5.bmp,0.7108384370803833,3.0286
1230,i11.bmp,i11_07_1.bmp,0.9119333028793335,5.5676
1231,i11.bmp,i11_07_2.bmp,0.8624529838562012,4.8
1232,i11.bmp,i11_07_3.bmp,0.8073276877403259,4.5278
1233,i11.bmp,i11_07_4.bmp,0.756030797958374,3.9412
1234,i11.bmp,i11_07_5.bmp,0.6929221153259277,2.7568
1235,i11.bmp,i11_08_1.bmp,0.9596304893493652,4.9429
1236,i11.bmp,i11_08_2.bmp,0.9101055860519409,4.5714
1237,i11.bmp,i11_08_3.bmp,0.7976500391960144,3.7568
1238,i11.bmp,i11_08_4.bmp,0.6415555477142334,2.8571
1239,i11.bmp,i11_08_5.bmp,0.5327054262161255,2.3333
1240,i11.bmp,i11_09_1.bmp,0.8933448195457458,5.8108
1241,i11.bmp,i11_09_2.bmp,0.8486167192459106,5.8649
1242,i11.bmp,i11_09_3.bmp,0.763401448726654,4.6667
1243,i11.bmp,i11_09_4.bmp,0.6495332717895508,3.3333
1244,i11.bmp,i11_09_5.bmp,0.5294594764709473,1.9722
1245,i11.bmp,i11_10_1.bmp,0.9320648908615112,5.8108
1246,i11.bmp,i11_10_2.bmp,0.8951163291931152,5.6486
1247,i11.bmp,i11_10_3.bmp,0.812319278717041,5.0278
1248,i11.bmp,i11_10_4.bmp,0.6888017654418945,3.4865
1249,i11.bmp,i11_10_5.bmp,0.5998842716217041,2.2703
1250,i11.bmp,i11_11_1.bmp,0.9178234338760376,5.8611
1251,i11.bmp,i11_11_2.bmp,0.8673328757286072,5.4286
1252,i11.bmp,i11_11_3.bmp,0.7774738073348999,4.4722
1253,i11.bmp,i11_11_4.bmp,0.611020028591156,2.9143
1254,i11.bmp,i11_11_5.bmp,0.49544987082481384,0.97222
1255,i11.bmp,i11_12_1.bmp,0.9502242803573608,5.6111
1256,i11.bmp,i11_12_2.bmp,0.9662718772888184,5.9722
1257,i11.bmp,i11_12_3.bmp,0.8656923174858093,4.6216
1258,i11.bmp,i11_12_4.bmp,0.7657178640365601,3.7778
1259,i11.bmp,i11_12_5.bmp,0.6579990386962891,2.0278
1260,i11.bmp,i11_13_1.bmp,0.8696304559707642,4.0833
1261,i11.bmp,i11_13_2.bmp,0.8090850114822388,4.5405
1262,i11.bmp,i11_13_3.bmp,0.742810845375061,3.25
1263,i11.bmp,i11_13_4.bmp,0.6839406490325928,2.75
1264,i11.bmp,i11_13_5.bmp,0.6267210245132446,2.2778
1265,i11.bmp,i11_14_1.bmp,0.958018958568573,5.8333
1266,i11.bmp,i11_14_2.bmp,0.9606980085372925,5.4571
1267,i11.bmp,i11_14_3.bmp,0.9088972806930542,5.2973
1268,i11.bmp,i11_14_4.bmp,0.8697779178619385,5.1667
1269,i11.bmp,i11_14_5.bmp,0.8407458662986755,4.3889
1270,i11.bmp,i11_15_1.bmp,0.8730285167694092,3.1892
1271,i11.bmp,i11_15_2.bmp,0.8792999982833862,3.3889
1272,i11.bmp,i11_15_3.bmp,0.8947352170944214,3.5
1273,i11.bmp,i11_15_4.bmp,0.9086788892745972,3.6757
1274,i11.bmp,i11_15_5.bmp,0.9217309951782227,3.5
1275,i11.bmp,i11_16_1.bmp,0.9888842105865479,6.1081
1276,i11.bmp,i11_16_2.bmp,0.9814555048942566,5.9189
1277,i11.bmp,i11_16_3.bmp,0.9446988105773926,5.6944
1278,i11.bmp,i11_16_4.bmp,0.9417791366577148,4.9459
1279,i11.bmp,i11_16_5.bmp,0.8721126317977905,4.5676
1280,i11.bmp,i11_17_1.bmp,0.9774083495140076,5.5946
1281,i11.bmp,i11_17_2.bmp,0.9552366733551025,6.75
1282,i11.bmp,i11_17_3.bmp,0.9310542941093445,4.3429
1283,i11.bmp,i11_17_4.bmp,0.8856462240219116,6.8378
1284,i11.bmp,i11_17_5.bmp,0.8063825368881226,3.2162
1285,i11.bmp,i11_18_1.bmp,0.9467231035232544,4.5556
1286,i11.bmp,i11_18_2.bmp,0.9153234362602234,4.2703
1287,i11.bmp,i11_18_3.bmp,0.8598042726516724,3.5833
1288,i11.bmp,i11_18_4.bmp,0.7803670763969421,3.4412
1289,i11.bmp,i11_18_5.bmp,0.7672114372253418,3.5135
1290,i11.bmp,i11_19_1.bmp,0.9377925395965576,5.6486
1291,i11.bmp,i11_19_2.bmp,0.8986986875534058,5.1111
1292,i11.bmp,i11_19_3.bmp,0.8548845052719116,4.6486
1293,i11.bmp,i11_19_4.bmp,0.8007643222808838,3.9714
1294,i11.bmp,i11_19_5.bmp,0.7420341968536377,3.6216
1295,i11.bmp,i11_20_1.bmp,0.9513877630233765,6.0286
1296,i11.bmp,i11_20_2.bmp,0.9203799962997437,5.5946
1297,i11.bmp,i11_20_3.bmp,0.8627197742462158,5.3514
1298,i11.bmp,i11_20_4.bmp,0.7742192149162292,4.8889
1299,i11.bmp,i11_20_5.bmp,0.6780247092247009,3.6389
1300,i11.bmp,i11_21_1.bmp,0.8934547305107117,5.7027
1301,i11.bmp,i11_21_2.bmp,0.8384982347488403,5.4167
1302,i11.bmp,i11_21_3.bmp,0.7710360884666443,4.4054
1303,i11.bmp,i11_21_4.bmp,0.6973322629928589,3.8611
1304,i11.bmp,i11_21_5.bmp,0.6190178990364075,2.6486
1305,i11.bmp,i11_22_1.bmp,0.9393965601921082,5.5676
1306,i11.bmp,i11_22_2.bmp,0.9141606092453003,5.4054
1307,i11.bmp,i11_22_3.bmp,0.8535089492797852,4.8919
1308,i11.bmp,i11_22_4.bmp,0.7787100076675415,3.6486
1309,i11.bmp,i11_22_5.bmp,0.6820680499076843,2.5278
1310,i11.bmp,i11_23_1.bmp,0.9422310590744019,5.8649
1311,i11.bmp,i11_23_2.bmp,0.8873348236083984,5.8378
1312,i11.bmp,i11_23_3.bmp,0.8372763991355896,5.9459
1313,i11.bmp,i11_23_4.bmp,0.7259138822555542,5.2703
1314,i11.bmp,i11_23_5.bmp,0.5621683597564697,2.7568
1315,i11.bmp,i11_24_1.bmp,0.9023476839065552,5.9189
1316,i11.bmp,i11_24_2.bmp,0.8400210738182068,5.4722
1317,i11.bmp,i11_24_3.bmp,0.7478439211845398,4.6286
1318,i11.bmp,i11_24_4.bmp,0.6116802096366882,2.8857
1319,i11.bmp,i11_24_5.bmp,0.5014422535896301,0.58333
1320,i12.bmp,i12_01_1.bmp,0.9027771949768066,5.9459
1321,i12.bmp,i12_01_2.bmp,0.861752450466156,4.9722
1322,i12.bmp,i12_01_3.bmp,0.808135986328125,4.7895
1323,i12.bmp,i12_01_4.bmp,0.7457622289657593,4.1389
1324,i12.bmp,i12_01_5.bmp,0.6974541544914246,3.7632
1325,i12.bmp,i12_02_1.bmp,0.9368472099304199,6.0811
1326,i12.bmp,i12_02_2.bmp,0.911249041557312,5.973
1327,i12.bmp,i12_02_3.bmp,0.8669345378875732,5.5263
1328,i12.bmp,i12_02_4.bmp,0.8194462656974792,5.0526
1329,i12.bmp,i12_02_5.bmp,0.7596282958984375,4.5405
1330,i12.bmp,i12_03_1.bmp,0.824752688407898,4.5676
1331,i12.bmp,i12_03_2.bmp,0.7723139524459839,4.1622
1332,i12.bmp,i12_03_3.bmp,0.7075979709625244,3.7568
1333,i12.bmp,i12_03_4.bmp,0.6473780274391174,3.1053
1334,i12.bmp,i12_03_5.bmp,0.5925695300102234,2.7105
1335,i12.bmp,i12_04_1.bmp,0.9735228419303894,5.9189
1336,i12.bmp,i12_04_2.bmp,0.9606844782829285,5.5263
1337,i12.bmp,i12_04_3.bmp,0.934958815574646,5.2105
1338,i12.bmp,i12_04_4.bmp,0.8930320143699646,4.7027
1339,i12.bmp,i12_04_5.bmp,0.8320398330688477,3.7838
1340,i12.bmp,i12_05_1.bmp,0.9463590979576111,5.6486
1341,i12.bmp,i12_05_2.bmp,0.9162635803222656,5.8108
1342,i12.bmp,i12_05_3.bmp,0.8416270613670349,5.2105
1343,i12.bmp,i12_05_4.bmp,0.7488604784011841,4.3514
1344,i12.bmp,i12_05_5.bmp,0.6466994285583496,3.6579
1345,i12.bmp,i12_06_1.bmp,0.9097179770469666,5.0811
1346,i12.bmp,i12_06_2.bmp,0.8462917804718018,4.8158
1347,i12.bmp,i12_06_3.bmp,0.7847692966461182,4.4595
1348,i12.bmp,i12_06_4.bmp,0.7305264472961426,4.0811
1349,i12.bmp,i12_06_5.bmp,0.6674727201461792,3.75
1350,i12.bmp,i12_07_1.bmp,0.8776323199272156,4.6944
1351,i12.bmp,i12_07_2.bmp,0.8347477316856384,4.3947
1352,i12.bmp,i12_07_3.bmp,0.7585689425468445,4.1842
1353,i12.bmp,i12_07_4.bmp,0.7282008528709412,3.1892
1354,i12.bmp,i12_07_5.bmp,0.6773064136505127,3.0278
1355,i12.bmp,i12_08_1.bmp,0.9654941558837891,6.1842
1356,i12.bmp,i12_08_2.bmp,0.9239391088485718,5.4737
1357,i12.bmp,i12_08_3.bmp,0.834484338760376,4.5263
1358,i12.bmp,i12_08_4.bmp,0.7000142931938171,3.6053
1359,i12.bmp,i12_08_5.bmp,0.5848250389099121,2.7778
1360,i12.bmp,i12_09_1.bmp,0.8750931024551392,6.3158
1361,i12.bmp,i12_09_2.bmp,0.8321470022201538,5.5278
1362,i12.bmp,i12_09_3.bmp,0.7691946029663086,4.7368
1363,i12.bmp,i12_09_4.bmp,0.6719932556152344,3.4324
1364,i12.bmp,i12_09_5.bmp,0.5728724002838135,2.2571
1365,i12.bmp,i12_10_1.bmp,0.9291417598724365,6.0811
1366,i12.bmp,i12_10_2.bmp,0.8895684480667114,5.8947
1367,i12.bmp,i12_10_3.bmp,0.8037725687026978,5.1053
1368,i12.bmp,i12_10_4.bmp,0.6546856760978699,3.1053
1369,i12.bmp,i12_10_5.bmp,0.5940700769424438,2.2368
1370,i12.bmp,i12_11_1.bmp,0.8642293810844421,5.4054
1371,i12.bmp,i12_11_2.bmp,0.7471872568130493,4.6757
1372,i12.bmp,i12_11_3.bmp,0.6079962253570557,2.7778
1373,i12.bmp,i12_11_4.bmp,0.5383915305137634,1.9474
1374,i12.bmp,i12_11_5.bmp,0.5039695501327515,0.81579
1375,i12.bmp,i12_12_1.bmp,0.917210578918457,5.5
1376,i12.bmp,i12_12_2.bmp,0.847872257232666,5.0526
1377,i12.bmp,i12_12_3.bmp,0.7486094832420349,3.6486
1378,i12.bmp,i12_12_4.bmp,0.7154436111450195,3.0789
1379,i12.bmp,i12_12_5.bmp,0.6712281703948975,3.0811
1380,i12.bmp,i12_13_1.bmp,0.8851791620254517,5.3784
1381,i12.bmp,i12_13_2.bmp,0.8036224246025085,4.5676
1382,i12.bmp,i12_13_3.bmp,0.6941531896591187,3.2368
1383,i12.bmp,i12_13_4.bmp,0.650236964225769,2.8333
1384,i12.bmp,i12_13_5.bmp,0.8241845965385437,4.0
1385,i12.bmp,i12_14_1.bmp,0.926433801651001,5.5526
1386,i12.bmp,i12_14_2.bmp,0.9707121253013611,6.1579
1387,i12.bmp,i12_14_3.bmp,0.932517945766449,4.5405
1388,i12.bmp,i12_14_4.bmp,0.9034428000450134,4.4737
1389,i12.bmp,i12_14_5.bmp,0.8549251556396484,3.5676
1390,i12.bmp,i12_15_1.bmp,0.8580363988876343,3.5
1391,i12.bmp,i12_15_2.bmp,0.871177613735199,3.5143
1392,i12.bmp,i12_15_3.bmp,0.8834256529808044,3.6579
1393,i12.bmp,i12_15_4.bmp,0.9053682684898376,4.0789
1394,i12.bmp,i12_15_5.bmp,0.9188778400421143,4.5429
1395,i12.bmp,i12_16_1.bmp,0.9929211139678955,6.5263
1396,i12.bmp,i12_16_2.bmp,0.9860352873802185,6.2973
1397,i12.bmp,i12_16_3.bmp,0.9720240831375122,6.0526
1398,i12.bmp,i12_16_4.bmp,0.9468011856079102,6.1111
1399,i12.bmp,i12_16_5.bmp,0.9333140254020691,5.6757
1400,i12.bmp,i12_17_1.bmp,0.9778127670288086,6.2632
1401,i12.bmp,i12_17_2.bmp,0.9550251960754395,6.8158
1402,i12.bmp,i12_17_3.bmp,0.9310845136642456,4.8108
1403,i12.bmp,i12_17_4.bmp,0.8859797716140747,6.2632
1404,i12.bmp,i12_17_5.bmp,0.8062679767608643,4.0263
1405,i12.bmp,i12_18_1.bmp,0.9555935859680176,5.6486
1406,i12.bmp,i12_18_2.bmp,0.9307891726493835,5.3514
1407,i12.bmp,i12_18_3.bmp,0.8873962759971619,5.0
1408,i12.bmp,i12_18_4.bmp,0.8115260004997253,4.4865
1409,i12.bmp,i12_18_5.bmp,0.7389921545982361,4.2973
1410,i12.bmp,i12_19_1.bmp,0.9202848672866821,5.7297
1411,i12.bmp,i12_19_2.bmp,0.8876750469207764,5.5135
1412,i12.bmp,i12_19_3.bmp,0.841032862663269,5.2973
1413,i12.bmp,i12_19_4.bmp,0.7906273603439331,4.7105
1414,i12.bmp,i12_19_5.bmp,0.7314020991325378,4.0263
1415,i12.bmp,i12_20_1.bmp,0.9257116317749023,5.5833
1416,i12.bmp,i12_20_2.bmp,0.8589346408843994,5.2778
1417,i12.bmp,i12_20_3.bmp,0.7737013101577759,4.4324
1418,i12.bmp,i12_20_4.bmp,0.6883747577667236,3.6053
1419,i12.bmp,i12_20_5.bmp,0.6258854866027832,2.8056
1420,i12.bmp,i12_21_1.bmp,0.856766939163208,5.1579
1421,i12.bmp,i12_21_2.bmp,0.7853185534477234,4.9459
1422,i12.bmp,i12_21_3.bmp,0.7311617136001587,4.0263
1423,i12.bmp,i12_21_4.bmp,0.6617907881736755,3.0278
1424,i12.bmp,i12_21_5.bmp,0.5634214282035828,2.0
1425,i12.bmp,i12_22_1.bmp,0.9237604141235352,5.25
1426,i12.bmp,i12_22_2.bmp,0.8893669843673706,5.1316
1427,i12.bmp,i12_22_3.bmp,0.8234753012657166,4.5676
1428,i12.bmp,i12_22_4.bmp,0.7272942066192627,3.5
1429,i12.bmp,i12_22_5.bmp,0.6536635160446167,2.6216
1430,i12.bmp,i12_23_1.bmp,0.9254941940307617,6.0541
1431,i12.bmp,i12_23_2.bmp,0.8375489115715027,6.1842
1432,i12.bmp,i12_23_3.bmp,0.7342280745506287,4.8947
1433,i12.bmp,i12_23_4.bmp,0.6056450605392456,3.1892
1434,i12.bmp,i12_23_5.bmp,0.5236964225769043,2.2105
1435,i12.bmp,i12_24_1.bmp,0.8464903235435486,5.8649
1436,i12.bmp,i12_24_2.bmp,0.7489532232284546,4.3784
1437,i12.bmp,i12_24_3.bmp,0.6153491735458374,3.0789
1438,i12.bmp,i12_24_4.bmp,0.5318044424057007,1.9737
1439,i12.bmp,i12_24_5.bmp,0.4979974031448364,0.40541
1440,i13.bmp,i13_01_1.bmp,0.9440430402755737,5.5349
1441,i13.bmp,i13_01_2.bmp,0.9269424676895142,5.425
1442,i13.bmp,i13_01_3.bmp,0.882401168346405,5.0698
1443,i13.bmp,i13_01_4.bmp,0.8360728025436401,4.7907
1444,i13.bmp,i13_01_5.bmp,0.7907752394676208,4.0238
1445,i13.bmp,i13_02_1.bmp,0.9571797251701355,5.3095
1446,i13.bmp,i13_02_2.bmp,0.9338385462760925,5.5366
1447,i13.bmp,i13_02_3.bmp,0.903176486492157,5.6279
1448,i13.bmp,i13_02_4.bmp,0.8665067553520203,5.4048
1449,i13.bmp,i13_02_5.bmp,0.8266700506210327,4.6667
1450,i13.bmp,i13_03_1.bmp,0.8780297040939331,5.1429
1451,i13.bmp,i13_03_2.bmp,0.8312408924102783,5.0714
1452,i13.bmp,i13_03_3.bmp,0.7705375552177429,4.1667
1453,i13.bmp,i13_03_4.bmp,0.715057373046875,3.6667
1454,i13.bmp,i13_03_5.bmp,0.6604982614517212,2.7619
1455,i13.bmp,i13_04_1.bmp,0.9842894077301025,5.7317
1456,i13.bmp,i13_04_2.bmp,0.9792742729187012,5.475
1457,i13.bmp,i13_04_3.bmp,0.9700508117675781,5.5581
1458,i13.bmp,i13_04_4.bmp,0.9564751982688904,5.439
1459,i13.bmp,i13_04_5.bmp,0.9283312559127808,4.9286
1460,i13.bmp,i13_05_1.bmp,0.9721498489379883,5.3571
1461,i13.bmp,i13_05_2.bmp,0.9587976336479187,5.0476
1462,i13.bmp,i13_05_3.bmp,0.9202413558959961,5.5116
1463,i13.bmp,i13_05_4.bmp,0.8481355905532837,4.1667
1464,i13.bmp,i13_05_5.bmp,0.7411469221115112,3.0952
1465,i13.bmp,i13_06_1.bmp,0.9442338943481445,4.55
1466,i13.bmp,i13_06_2.bmp,0.9183689951896667,4.2558
1467,i13.bmp,i13_06_3.bmp,0.8712598085403442,3.6667
1468,i13.bmp,i13_06_4.bmp,0.8301972150802612,3.4419
1469,i13.bmp,i13_06_5.bmp,0.7660284042358398,3.0952
1470,i13.bmp,i13_07_1.bmp,0.9416310787200928,5.725
1471,i13.bmp,i13_07_2.bmp,0.9083335399627686,5.3171
1472,i13.bmp,i13_07_3.bmp,0.8621382713317871,4.6429
1473,i13.bmp,i13_07_4.bmp,0.7939502000808716,3.4146
1474,i13.bmp,i13_07_5.bmp,0.7149060964584351,2.8293
1475,i13.bmp,i13_08_1.bmp,0.9483741521835327,4.8095
1476,i13.bmp,i13_08_2.bmp,0.8923735618591309,3.9524
1477,i13.bmp,i13_08_3.bmp,0.7759652137756348,3.122
1478,i13.bmp,i13_08_4.bmp,0.6232404708862305,2.5814
1479,i13.bmp,i13_08_5.bmp,0.5212719440460205,1.7381
1480,i13.bmp,i13_09_1.bmp,0.9036036729812622,5.0732
1481,i13.bmp,i13_09_2.bmp,0.8438646793365479,4.7674
1482,i13.bmp,i13_09_3.bmp,0.74770587682724,3.186
1483,i13.bmp,i13_09_4.bmp,0.6119449138641357,2.1667
1484,i13.bmp,i13_09_5.bmp,0.501140832901001,0.4878
1485,i13.bmp,i13_10_1.bmp,0.9336943626403809,5.4884
1486,i13.bmp,i13_10_2.bmp,0.8949152827262878,5.4651
1487,i13.bmp,i13_10_3.bmp,0.8221497535705566,4.475
1488,i13.bmp,i13_10_4.bmp,0.6882584095001221,3.2558
1489,i13.bmp,i13_10_5.bmp,0.5913517475128174,1.1628
1490,i13.bmp,i13_11_1.bmp,0.9623443484306335,5.3256
1491,i13.bmp,i13_11_2.bmp,0.9315536022186279,5.3256
1492,i13.bmp,i13_11_3.bmp,0.87482088804245,4.6905
1493,i13.bmp,i13_11_4.bmp,0.7854862213134766,4.3488
1494,i13.bmp,i13_11_5.bmp,0.5999386310577393,2.3809
1495,i13.bmp,i13_12_1.bmp,0.9739610552787781,5.2326
1496,i13.bmp,i13_12_2.bmp,0.9696423411369324,5.4419
1497,i13.bmp,i13_12_3.bmp,0.9163113832473755,5.1163
1498,i13.bmp,i13_12_4.bmp,0.926360011100769,5.2619
1499,i13.bmp,i13_12_5.bmp,0.8882063627243042,5.0476
1500,i13.bmp,i13_13_1.bmp,0.9642066955566406,5.4186
1501,i13.bmp,i13_13_2.bmp,0.9432945251464844,4.9286
1502,i13.bmp,i13_13_3.bmp,0.8350784182548523,4.7907
1503,i13.bmp,i13_13_4.bmp,0.8133358955383301,3.6341
1504,i13.bmp,i13_13_5.bmp,0.7020217180252075,2.4048
1505,i13.bmp,i13_14_1.bmp,0.9736563563346863,5.6429
1506,i13.bmp,i13_14_2.bmp,0.9473695158958435,5.4048
1507,i13.bmp,i13_14_3.bmp,0.9151508808135986,5.7381
1508,i13.bmp,i13_14_4.bmp,0.8793343901634216,5.0233
1509,i13.bmp,i13_14_5.bmp,0.8328311443328857,3.9762
1510,i13.bmp,i13_15_1.bmp,0.8441357612609863,2.7317
1511,i13.bmp,i13_15_2.bmp,0.8548730611801147,2.878
1512,i13.bmp,i13_15_3.bmp,0.8666605949401855,3.0476
1513,i13.bmp,i13_15_4.bmp,0.8999687433242798,3.5714
1514,i13.bmp,i13_15_5.bmp,0.8885856866836548,3.7073
1515,i13.bmp,i13_16_1.bmp,0.9884637594223022,5.6047
1516,i13.bmp,i13_16_2.bmp,0.9795465469360352,5.2791
1517,i13.bmp,i13_16_3.bmp,0.9474776983261108,5.439
1518,i13.bmp,i13_16_4.bmp,0.931348979473114,4.2927
1519,i13.bmp,i13_16_5.bmp,0.8828608989715576,4.4419
1520,i13.bmp,i13_17_1.bmp,0.9742912650108337,4.4884
1521,i13.bmp,i13_17_2.bmp,0.9495580196380615,6.6279
1522,i13.bmp,i13_17_3.bmp,0.9190883636474609,3.7209
1523,i13.bmp,i13_17_4.bmp,0.8776766061782837,6.4884
1524,i13.bmp,i13_17_5.bmp,0.7931661605834961,2.5854
1525,i13.bmp,i13_18_1.bmp,0.9470159411430359,3.9512
1526,i13.bmp,i13_18_2.bmp,0.9171596765518188,3.7442
1527,i13.bmp,i13_18_3.bmp,0.8671072721481323,3.1429
1528,i13.bmp,i13_18_4.bmp,0.7993552684783936,2.8462
1529,i13.bmp,i13_18_5.bmp,0.757954478263855,2.7317
1530,i13.bmp,i13_19_1.bmp,0.9481233358383179,5.2439
1531,i13.bmp,i13_19_2.bmp,0.9237897396087646,5.2619
1532,i13.bmp,i13_19_3.bmp,0.8828125,5.3256
1533,i13.bmp,i13_19_4.bmp,0.8323653936386108,4.5122
1534,i13.bmp,i13_19_5.bmp,0.7746438980102539,4.1628
1535,i13.bmp,i13_20_1.bmp,0.9743799567222595,5.6744
1536,i13.bmp,i13_20_2.bmp,0.9616899490356445,5.0952
1537,i13.bmp,i13_20_3.bmp,0.9397815465927124,5.5238
1538,i13.bmp,i13_20_4.bmp,0.8963232040405273,5.2857
1539,i13.bmp,i13_20_5.bmp,0.8227256536483765,5.2326
1540,i13.bmp,i13_21_1.bmp,0.9292687177658081,5.6512
1541,i13.bmp,i13_21_2.bmp,0.8993344306945801,5.5476
1542,i13.bmp,i13_21_3.bmp,0.8574993014335632,5.0952
1543,i13.bmp,i13_21_4.bmp,0.7879557013511658,4.7209
1544,i13.bmp,i13_21_5.bmp,0.7071326971054077,3.4762
1545,i13.bmp,i13_22_1.bmp,0.9383090734481812,5.4286
1546,i13.bmp,i13_22_2.bmp,0.8994048833847046,4.7805
1547,i13.bmp,i13_22_3.bmp,0.8410117030143738,3.9767
1548,i13.bmp,i13_22_4.bmp,0.7570828795433044,2.9302
1549,i13.bmp,i13_22_5.bmp,0.6915268898010254,2.4186
1550,i13.bmp,i13_23_1.bmp,0.9417972564697266,5.6512
1551,i13.bmp,i13_23_2.bmp,0.8862363696098328,5.3953
1552,i13.bmp,i13_23_3.bmp,0.8389439582824707,5.45
1553,i13.bmp,i13_23_4.bmp,0.8038868308067322,5.0465
1554,i13.bmp,i13_23_5.bmp,0.7140442728996277,5.2093
1555,i13.bmp,i13_24_1.bmp,0.9192022085189819,5.4419
1556,i13.bmp,i13_24_2.bmp,0.8839415311813354,5.1905
1557,i13.bmp,i13_24_3.bmp,0.8289481401443481,4.3953
1558,i13.bmp,i13_24_4.bmp,0.7635616660118103,3.8605
1559,i13.bmp,i13_24_5.bmp,0.6346560716629028,2.8809
1560,i14.bmp,i14_01_1.bmp,0.9451879858970642,5.8919
1561,i14.bmp,i14_01_2.bmp,0.9144836664199829,5.6944
1562,i14.bmp,i14_01_3.bmp,0.8767085075378418,4.7778
1563,i14.bmp,i14_01_4.bmp,0.8239924311637878,4.3143
1564,i14.bmp,i14_01_5.bmp,0.7617051005363464,3.75
1565,i14.bmp,i14_02_1.bmp,0.9640814661979675,5.973
1566,i14.bmp,i14_02_2.bmp,0.9463437795639038,5.9167
1567,i14.bmp,i14_02_3.bmp,0.9204651117324829,5.7714
1568,i14.bmp,i14_02_4.bmp,0.8841686248779297,5.1389
1569,i14.bmp,i14_02_5.bmp,0.8373348712921143,4.5278
1570,i14.bmp,i14_03_1.bmp,0.8871932029724121,5.1944
1571,i14.bmp,i14_03_2.bmp,0.8395372629165649,4.4324
1572,i14.bmp,i14_03_3.bmp,0.7813953161239624,3.7778
1573,i14.bmp,i14_03_4.bmp,0.7211618423461914,3.0833
1574,i14.bmp,i14_03_5.bmp,0.6432780027389526,2.5946
1575,i14.bmp,i14_04_1.bmp,0.9867109656333923,6.0286
1576,i14.bmp,i14_04_2.bmp,0.9820855855941772,5.6389
1577,i14.bmp,i14_04_3.bmp,0.9726487398147583,5.5
1578,i14.bmp,i14_04_4.bmp,0.9552659392356873,4.6571
1579,i14.bmp,i14_04_5.bmp,0.9221190214157104,4.0278
1580,i14.bmp,i14_05_1.bmp,0.9680771827697754,6.0541
1581,i14.bmp,i14_05_2.bmp,0.9496909976005554,5.5946
1582,i14.bmp,i14_05_3.bmp,0.8984255790710449,4.9722
1583,i14.bmp,i14_05_4.bmp,0.8190045356750488,4.1622
1584,i14.bmp,i14_05_5.bmp,0.7083548307418823,3.027
1585,i14.bmp,i14_06_1.bmp,0.9419358968734741,5.0833
1586,i14.bmp,i14_06_2.bmp,0.9068025350570679,4.3333
1587,i14.bmp,i14_06_3.bmp,0.8711332082748413,4.0278
1588,i14.bmp,i14_06_4.bmp,0.820690393447876,3.7778
1589,i14.bmp,i14_06_5.bmp,0.7485577464103699,3.1667
1590,i14.bmp,i14_07_1.bmp,0.9287602305412292,5.7222
1591,i14.bmp,i14_07_2.bmp,0.899512767791748,5.4444
1592,i14.bmp,i14_07_3.bmp,0.8331944346427917,4.2778
1593,i14.bmp,i14_07_4.bmp,0.7914329767227173,3.6111
1594,i14.bmp,i14_07_5.bmp,0.7289049029350281,2.9189
1595,i14.bmp,i14_08_1.bmp,0.9673849940299988,5.4324
1596,i14.bmp,i14_08_2.bmp,0.9259910583496094,4.5556
1597,i14.bmp,i14_08_3.bmp,0.828096330165863,3.4865
1598,i14.bmp,i14_08_4.bmp,0.6838626861572266,2.8378
1599,i14.bmp,i14_08_5.bmp,0.5597931742668152,1.5946
1600,i14.bmp,i14_09_1.bmp,0.9038102030754089,6.0541
1601,i14.bmp,i14_09_2.bmp,0.868959367275238,5.8919
1602,i14.bmp,i14_09_3.bmp,0.7987553477287292,4.5
1603,i14.bmp,i14_09_4.bmp,0.6834318041801453,2.8919
1604,i14.bmp,i14_09_5.bmp,0.5597335696220398,1.75
1605,i14.bmp,i14_10_1.bmp,0.9384592771530151,5.7778
1606,i14.bmp,i14_10_2.bmp,0.9028122425079346,5.1667
1607,i14.bmp,i14_10_3.bmp,0.8221403956413269,4.25
1608,i14.bmp,i14_10_4.bmp,0.6917847394943237,3.0556
1609,i14.bmp,i14_10_5.bmp,0.5974048376083374,1.8611
1610,i14.bmp,i14_11_1.bmp,0.9485994577407837,5.973
1611,i14.bmp,i14_11_2.bmp,0.9004629850387573,5.4722
1612,i14.bmp,i14_11_3.bmp,0.8160674571990967,4.2432
1613,i14.bmp,i14_11_4.bmp,0.679085910320282,3.0833
1614,i14.bmp,i14_11_5.bmp,0.5425345301628113,1.2857
1615,i14.bmp,i14_12_1.bmp,0.9681633710861206,5.8108
1616,i14.bmp,i14_12_2.bmp,0.924201488494873,5.6471
1617,i14.bmp,i14_12_3.bmp,0.8347226977348328,4.0571
1618,i14.bmp,i14_12_4.bmp,0.8501573801040649,4.1351
1619,i14.bmp,i14_12_5.bmp,0.8037132024765015,3.1892
1620,i14.bmp,i14_13_1.bmp,0.8957902193069458,5.027
1621,i14.bmp,i14_13_2.bmp,0.8831533789634705,4.5278
1622,i14.bmp,i14_13_3.bmp,0.7916874885559082,3.6216
1623,i14.bmp,i14_13_4.bmp,0.7200533747673035,3.0833
1624,i14.bmp,i14_13_5.bmp,0.6491470336914062,1.9167
1625,i14.bmp,i14_14_1.bmp,0.968016505241394,6.0541
1626,i14.bmp,i14_14_2.bmp,0.9728026390075684,5.7027
1627,i14.bmp,i14_14_3.bmp,0.9353100061416626,4.6944
1628,i14.bmp,i14_14_4.bmp,0.8842608332633972,4.1667
1629,i14.bmp,i14_14_5.bmp,0.8402544856071472,3.3714
1630,i14.bmp,i14_15_1.bmp,0.9031665325164795,2.9459
1631,i14.bmp,i14_15_2.bmp,0.9167229533195496,3.3514
1632,i14.bmp,i14_15_3.bmp,0.9327236413955688,3.5294
1633,i14.bmp,i14_15_4.bmp,0.947138786315918,3.6216
1634,i14.bmp,i14_15_5.bmp,0.9693825244903564,3.973
1635,i14.bmp,i14_16_1.bmp,0.9927064776420593,5.7714
1636,i14.bmp,i14_16_2.bmp,0.9871132373809814,5.973
1637,i14.bmp,i14_16_3.bmp,0.9677234888076782,5.3056
1638,i14.bmp,i14_16_4.bmp,0.9530676603317261,5.1714
1639,i14.bmp,i14_16_5.bmp,0.9164215326309204,4.0286
1640,i14.bmp,i14_17_1.bmp,0.9801732897758484,5.4054
1641,i14.bmp,i14_17_2.bmp,0.9579480886459351,6.4324
1642,i14.bmp,i14_17_3.bmp,0.9298821687698364,4.1389
1643,i14.bmp,i14_17_4.bmp,0.8929663896560669,5.9189
1644,i14.bmp,i14_17_5.bmp,0.7950007319450378,3.2432
1645,i14.bmp,i14_18_1.bmp,0.9751726388931274,5.3714
1646,i14.bmp,i14_18_2.bmp,0.9620609283447266,5.1389
1647,i14.bmp,i14_18_3.bmp,0.9399206042289734,4.6667
1648,i14.bmp,i14_18_4.bmp,0.9022364020347595,4.1471
1649,i14.bmp,i14_18_5.bmp,0.8392705321311951,3.75
1650,i14.bmp,i14_19_1.bmp,0.9364435076713562,5.3714
1651,i14.bmp,i14_19_2.bmp,0.9081788063049316,5.1111
1652,i14.bmp,i14_19_3.bmp,0.8655977249145508,4.9722
1653,i14.bmp,i14_19_4.bmp,0.8224303126335144,3.9143
1654,i14.bmp,i14_19_5.bmp,0.76143479347229,3.2286
1655,i14.bmp,i14_20_1.bmp,0.9686414003372192,5.7222
1656,i14.bmp,i14_20_2.bmp,0.9450743198394775,5.5946
1657,i14.bmp,i14_20_3.bmp,0.9036025404930115,5.4167
1658,i14.bmp,i14_20_4.bmp,0.8206479549407959,4.1944
1659,i14.bmp,i14_20_5.bmp,0.7099407911300659,3.2703
1660,i14.bmp,i14_21_1.bmp,0.9254001379013062,5.2973
1661,i14.bmp,i14_21_2.bmp,0.8855624198913574,5.1667
1662,i14.bmp,i14_21_3.bmp,0.8148297071456909,4.5405
1663,i14.bmp,i14_21_4.bmp,0.7418086528778076,3.75
1664,i14.bmp,i14_21_5.bmp,0.6442538499832153,2.6486
1665,i14.bmp,i14_22_1.bmp,0.9631980657577515,5.4054
1666,i14.bmp,i14_22_2.bmp,0.938938319683075,5.3714
1667,i14.bmp,i14_22_3.bmp,0.9053561687469482,5.0556
1668,i14.bmp,i14_22_4.bmp,0.8060586452484131,3.9714
1669,i14.bmp,i14_22_5.bmp,0.7335655093193054,3.2778
1670,i14.bmp,i14_23_1.bmp,0.9610454440116882,6.0278
1671,i14.bmp,i14_23_2.bmp,0.9153794646263123,6.027
1672,i14.bmp,i14_23_3.bmp,0.8480011820793152,5.6111
1673,i14.bmp,i14_23_4.bmp,0.7912112474441528,5.0
1674,i14.bmp,i14_23_5.bmp,0.6357313990592957,2.7778
1675,i14.bmp,i14_24_1.bmp,0.9347854852676392,6.1351
1676,i14.bmp,i14_24_2.bmp,0.8882428407669067,5.5833
1677,i14.bmp,i14_24_3.bmp,0.8063921928405762,4.4444
1678,i14.bmp,i14_24_4.bmp,0.684445321559906,3.1892
1679,i14.bmp,i14_24_5.bmp,0.5327444076538086,0.91892
1680,i15.bmp,i15_01_1.bmp,0.8833186030387878,5.8222
1681,i15.bmp,i15_01_2.bmp,0.8385865092277527,5.0682
1682,i15.bmp,i15_01_3.bmp,0.7872752547264099,4.9556
1683,i15.bmp,i15_01_4.bmp,0.7294227480888367,4.2791
1684,i15.bmp,i15_01_5.bmp,0.6669539213180542,3.9111
1685,i15.bmp,i15_02_1.bmp,0.9183129072189331,6.0909
1686,i15.bmp,i15_02_2.bmp,0.8850767016410828,5.8182
1687,i15.bmp,i15_02_3.bmp,0.8453340530395508,5.6364
1688,i15.bmp,i15_02_4.bmp,0.7903875112533569,4.8864
1689,i15.bmp,i15_02_5.bmp,0.7322222590446472,4.6364
1690,i15.bmp,i15_03_1.bmp,0.7931400537490845,4.3256
1691,i15.bmp,i15_03_2.bmp,0.7316982746124268,3.814
1692,i15.bmp,i15_03_3.bmp,0.6728076934814453,3.6136
1693,i15.bmp,i15_03_4.bmp,0.6155561208724976,3.1778
1694,i15.bmp,i15_03_5.bmp,0.5663881301879883,2.6279
1695,i15.bmp,i15_04_1.bmp,0.9663905501365662,6.0227
1696,i15.bmp,i15_04_2.bmp,0.9556983709335327,6.0444
1697,i15.bmp,i15_04_3.bmp,0.9390287399291992,5.8372
1698,i15.bmp,i15_04_4.bmp,0.9124324321746826,5.7778
1699,i15.bmp,i15_04_5.bmp,0.8694980144500732,4.9773
1700,i15.bmp,i15_05_1.bmp,0.9237796664237976,5.7857
1701,i15.bmp,i15_05_2.bmp,0.8922287821769714,5.6512
1702,i15.bmp,i15_05_3.bmp,0.8194596767425537,5.1136
1703,i15.bmp,i15_05_4.bmp,0.7232835292816162,4.0682
1704,i15.bmp,i15_05_5.bmp,0.6225398778915405,3.3182
1705,i15.bmp,i15_06_1.bmp,0.8510526418685913,4.4318
1706,i15.bmp,i15_06_2.bmp,0.7960347533226013,4.1778
1707,i15.bmp,i15_06_3.bmp,0.7455639839172363,3.9767
1708,i15.bmp,i15_06_4.bmp,0.6941840052604675,3.3636
1709,i15.bmp,i15_06_5.bmp,0.643097996711731,3.1778
1710,i15.bmp,i15_07_1.bmp,0.8263341784477234,4.814
1711,i15.bmp,i15_07_2.bmp,0.7695886492729187,3.9302
1712,i15.bmp,i15_07_3.bmp,0.7147883176803589,3.6136
1713,i15.bmp,i15_07_4.bmp,0.6704902052879333,2.9111
1714,i15.bmp,i15_07_5.bmp,0.62074214220047,2.4444
1715,i15.bmp,i15_08_1.bmp,0.9564242362976074,5.9556
1716,i15.bmp,i15_08_2.bmp,0.9169223308563232,6.0667
1717,i15.bmp,i15_08_3.bmp,0.8395419120788574,5.1364
1718,i15.bmp,i15_08_4.bmp,0.7379645109176636,3.9318
1719,i15.bmp,i15_08_5.bmp,0.6506218910217285,3.3636
1720,i15.bmp,i15_09_1.bmp,0.8341500759124756,5.9302
1721,i15.bmp,i15_09_2.bmp,0.7916449904441833,5.5454
1722,i15.bmp,i15_09_3.bmp,0.7314708232879639,4.6977
1723,i15.bmp,i15_09_4.bmp,0.664056658744812,3.7442
1724,i15.bmp,i15_09_5.bmp,0.5856382846832275,2.5
1725,i15.bmp,i15_10_1.bmp,0.9166369438171387,5.7778
1726,i15.bmp,i15_10_2.bmp,0.8687121272087097,5.7046
1727,i15.bmp,i15_10_3.bmp,0.7738916277885437,4.6
1728,i15.bmp,i15_10_4.bmp,0.6351532936096191,3.1778
1729,i15.bmp,i15_10_5.bmp,0.5693714618682861,1.8667
1730,i15.bmp,i15_11_1.bmp,0.83284592628479,5.8444
1731,i15.bmp,i15_11_2.bmp,0.7140134572982788,4.4
1732,i15.bmp,i15_11_3.bmp,0.6191919445991516,3.0488
1733,i15.bmp,i15_11_4.bmp,0.5600693225860596,2.0
1734,i15.bmp,i15_11_5.bmp,0.5258857011795044,0.65116
1735,i15.bmp,i15_12_1.bmp,0.9086878299713135,5.6667
1736,i15.bmp,i15_12_2.bmp,0.880884051322937,5.4091
1737,i15.bmp,i15_12_3.bmp,0.7474410533905029,4.2222
1738,i15.bmp,i15_12_4.bmp,0.6881210803985596,3.2
1739,i15.bmp,i15_12_5.bmp,0.6056310534477234,2.5682
1740,i15.bmp,i15_13_1.bmp,0.8575315475463867,4.8409
1741,i15.bmp,i15_13_2.bmp,0.7109540700912476,3.7674
1742,i15.bmp,i15_13_3.bmp,0.6731633543968201,3.3488
1743,i15.bmp,i15_13_4.bmp,0.6524711847305298,2.8636
1744,i15.bmp,i15_13_5.bmp,0.5540952682495117,2.1136
1745,i15.bmp,i15_14_1.bmp,0.9225372076034546,5.5909
1746,i15.bmp,i15_14_2.bmp,0.9745742082595825,6.1556
1747,i15.bmp,i15_14_3.bmp,0.9479748010635376,5.9556
1748,i15.bmp,i15_14_4.bmp,0.9180421233177185,5.0238
1749,i15.bmp,i15_14_5.bmp,0.866706371307373,3.7955
1750,i15.bmp,i15_15_1.bmp,0.8789167404174805,3.8864
1751,i15.bmp,i15_15_2.bmp,0.8792061805725098,4.0227
1752,i15.bmp,i15_15_3.bmp,0.9002041816711426,3.9545
1753,i15.bmp,i15_15_4.bmp,0.9203709959983826,4.1364
1754,i15.bmp,i15_15_5.bmp,0.9333176612854004,4.9546
1755,i15.bmp,i15_16_1.bmp,0.9853453636169434,6.2273
1756,i15.bmp,i15_16_2.bmp,0.9748887419700623,5.907
1757,i15.bmp,i15_16_3.bmp,0.9236823320388794,5.4222
1758,i15.bmp,i15_16_4.bmp,0.9270573854446411,5.3864
1759,i15.bmp,i15_16_5.bmp,0.820193886756897,4.0233
1760,i15.bmp,i15_17_1.bmp,0.9692082405090332,5.9318
1761,i15.bmp,i15_17_2.bmp,0.943418025970459,6.6667
1762,i15.bmp,i15_17_3.bmp,0.9140748977661133,5.0
1763,i15.bmp,i15_17_4.bmp,0.8773834109306335,6.3111
1764,i15.bmp,i15_17_5.bmp,0.7836066484451294,3.8222
1765,i15.bmp,i15_18_1.bmp,0.950464129447937,5.1556
1766,i15.bmp,i15_18_2.bmp,0.9267999529838562,4.814
1767,i15.bmp,i15_18_3.bmp,0.8872465491294861,4.3721
1768,i15.bmp,i15_18_4.bmp,0.8187224268913269,4.0909
1769,i15.bmp,i15_18_5.bmp,0.741937518119812,3.7674
1770,i15.bmp,i15_19_1.bmp,0.9128109812736511,5.9091
1771,i15.bmp,i15_19_2.bmp,0.8790819644927979,5.3333
1772,i15.bmp,i15_19_3.bmp,0.8366589546203613,4.7209
1773,i15.bmp,i15_19_4.bmp,0.7790313959121704,4.3721
1774,i15.bmp,i15_19_5.bmp,0.7217146158218384,3.9111
1775,i15.bmp,i15_20_1.bmp,0.9066312313079834,6.3256
1776,i15.bmp,i15_20_2.bmp,0.845647931098938,5.6444
1777,i15.bmp,i15_20_3.bmp,0.772221565246582,4.7442
1778,i15.bmp,i15_20_4.bmp,0.683914065361023,3.1333
1779,i15.bmp,i15_20_5.bmp,0.6191027164459229,2.4444
1780,i15.bmp,i15_21_1.bmp,0.8281625509262085,5.2273
1781,i15.bmp,i15_21_2.bmp,0.7739206552505493,4.5556
1782,i15.bmp,i15_21_3.bmp,0.7142298221588135,3.9111
1783,i15.bmp,i15_21_4.bmp,0.6432473659515381,3.1136
1784,i15.bmp,i15_21_5.bmp,0.5972930788993835,2.3023
1785,i15.bmp,i15_22_1.bmp,0.9249029159545898,6.3333
1786,i15.bmp,i15_22_2.bmp,0.8885213732719421,5.8
1787,i15.bmp,i15_22_3.bmp,0.8365045785903931,5.3864
1788,i15.bmp,i15_22_4.bmp,0.7578725814819336,4.4889
1789,i15.bmp,i15_22_5.bmp,0.6822525858879089,3.7111
1790,i15.bmp,i15_23_1.bmp,0.9390593767166138,5.9091
1791,i15.bmp,i15_23_2.bmp,0.8747784495353699,5.9091
1792,i15.bmp,i15_23_3.bmp,0.7600120902061462,5.3636
1793,i15.bmp,i15_23_4.bmp,0.6860177516937256,4.4773
1794,i15.bmp,i15_23_5.bmp,0.6124677658081055,3.3721
1795,i15.bmp,i15_24_1.bmp,0.8288127779960632,5.7727
1796,i15.bmp,i15_24_2.bmp,0.7341503500938416,4.814
1797,i15.bmp,i15_24_3.bmp,0.6229507923126221,3.2273
1798,i15.bmp,i15_24_4.bmp,0.5583022832870483,1.8864
1799,i15.bmp,i15_24_5.bmp,0.5341976881027222,0.72727
1800,i16.bmp,i16_01_1.bmp,0.8549644947052002,5.6154
1801,i16.bmp,i16_01_2.bmp,0.8081123232841492,5.65
1802,i16.bmp,i16_01_3.bmp,0.7516441345214844,5.0263
1803,i16.bmp,i16_01_4.bmp,0.6954689025878906,4.1539
1804,i16.bmp,i16_01_5.bmp,0.6376700401306152,3.9487
1805,i16.bmp,i16_02_1.bmp,0.8948965072631836,5.9
1806,i16.bmp,i16_02_2.bmp,0.8537660837173462,6.15
1807,i16.bmp,i16_02_3.bmp,0.8137342929840088,5.575
1808,i16.bmp,i16_02_4.bmp,0.7571568489074707,5.2
1809,i16.bmp,i16_02_5.bmp,0.694968581199646,4.6154
1810,i16.bmp,i16_03_1.bmp,0.7621091604232788,4.7436
1811,i16.bmp,i16_03_2.bmp,0.7030498385429382,4.0789
1812,i16.bmp,i16_03_3.bmp,0.6447996497154236,3.6923
1813,i16.bmp,i16_03_4.bmp,0.5843713283538818,3.2368
1814,i16.bmp,i16_03_5.bmp,0.5365192294120789,2.7949
1815,i16.bmp,i16_04_1.bmp,0.964321494102478,5.825
1816,i16.bmp,i16_04_2.bmp,0.9536868929862976,5.8205
1817,i16.bmp,i16_04_3.bmp,0.9342358112335205,5.75
1818,i16.bmp,i16_04_4.bmp,0.8990311026573181,5.1282
1819,i16.bmp,i16_04_5.bmp,0.8479821085929871,4.6154
1820,i16.bmp,i16_05_1.bmp,0.9040362238883972,5.8
1821,i16.bmp,i16_05_2.bmp,0.8693714141845703,5.6154
1822,i16.bmp,i16_05_3.bmp,0.7972299456596375,5.2308
1823,i16.bmp,i16_05_4.bmp,0.7067732810974121,4.35
1824,i16.bmp,i16_05_5.bmp,0.5989120602607727,3.3947
1825,i16.bmp,i16_06_1.bmp,0.8499881625175476,5.282
1826,i16.bmp,i16_06_2.bmp,0.7976858615875244,4.8205
1827,i16.bmp,i16_06_3.bmp,0.7521225810050964,4.5385
1828,i16.bmp,i16_06_4.bmp,0.6859492659568787,3.9737
1829,i16.bmp,i16_06_5.bmp,0.6339455842971802,3.5897
1830,i16.bmp,i16_07_1.bmp,0.8062417507171631,5.475
1831,i16.bmp,i16_07_2.bmp,0.7543322443962097,4.75
1832,i16.bmp,i16_07_3.bmp,0.6883401274681091,4.35
1833,i16.bmp,i16_07_4.bmp,0.6501946449279785,3.6667
1834,i16.bmp,i16_07_5.bmp,0.6076821088790894,3.1026
1835,i16.bmp,i16_08_1.bmp,0.947034478187561,5.8205
1836,i16.bmp,i16_08_2.bmp,0.8997265100479126,5.225
1837,i16.bmp,i16_08_3.bmp,0.805162787437439,4.275
1838,i16.bmp,i16_08_4.bmp,0.6801537871360779,3.6154
1839,i16.bmp,i16_08_5.bmp,0.5889950394630432,2.925
1840,i16.bmp,i16_09_1.bmp,0.8285681009292603,6.0256
1841,i16.bmp,i16_09_2.bmp,0.7808172106742859,5.7692
1842,i16.bmp,i16_09_3.bmp,0.7052936553955078,4.5897
1843,i16.bmp,i16_09_4.bmp,0.5987555980682373,3.1282
1844,i16.bmp,i16_09_5.bmp,0.5352720618247986,2.3421
1845,i16.bmp,i16_10_1.bmp,0.8948581218719482,5.9
1846,i16.bmp,i16_10_2.bmp,0.8517047762870789,5.7692
1847,i16.bmp,i16_10_3.bmp,0.7583125829696655,5.2564
1848,i16.bmp,i16_10_4.bmp,0.6236569285392761,3.6154
1849,i16.bmp,i16_10_5.bmp,0.5668836832046509,2.4615
1850,i16.bmp,i16_11_1.bmp,0.8162126541137695,5.875
1851,i16.bmp,i16_11_2.bmp,0.7245340347290039,5.075
1852,i16.bmp,i16_11_3.bmp,0.5620571374893188,2.8974
1853,i16.bmp,i16_11_4.bmp,0.5151964426040649,2.075
1854,i16.bmp,i16_11_5.bmp,0.4830027222633362,0.95
1855,i16.bmp,i16_12_1.bmp,0.8979719877243042,5.875
1856,i16.bmp,i16_12_2.bmp,0.8544530868530273,5.575
1857,i16.bmp,i16_12_3.bmp,0.7985484600067139,4.925
1858,i16.bmp,i16_12_4.bmp,0.707099199295044,3.282
1859,i16.bmp,i16_12_5.bmp,0.5615922808647156,2.6
1860,i16.bmp,i16_13_1.bmp,0.7870060801506042,4.6
1861,i16.bmp,i16_13_2.bmp,0.7066583633422852,3.8158
1862,i16.bmp,i16_13_3.bmp,0.690977931022644,4.4615
1863,i16.bmp,i16_13_4.bmp,0.5956000685691833,3.0513
1864,i16.bmp,i16_13_5.bmp,0.6280829906463623,3.625
1865,i16.bmp,i16_14_1.bmp,0.9223074913024902,5.7692
1866,i16.bmp,i16_14_2.bmp,0.9676774740219116,6.1316
1867,i16.bmp,i16_14_3.bmp,0.9478927850723267,5.6154
1868,i16.bmp,i16_14_4.bmp,0.9104291200637817,5.5263
1869,i16.bmp,i16_14_5.bmp,0.8780948519706726,4.575
1870,i16.bmp,i16_15_1.bmp,0.8488729000091553,3.4103
1871,i16.bmp,i16_15_2.bmp,0.8625216484069824,3.5385
1872,i16.bmp,i16_15_3.bmp,0.8645566701889038,3.475
1873,i16.bmp,i16_15_4.bmp,0.886722981929779,3.65
1874,i16.bmp,i16_15_5.bmp,0.8899991512298584,4.0263
1875,i16.bmp,i16_16_1.bmp,0.990149199962616,5.9231
1876,i16.bmp,i16_16_2.bmp,0.9809877276420593,6.275
1877,i16.bmp,i16_16_3.bmp,0.9592508673667908,5.6842
1878,i16.bmp,i16_16_4.bmp,0.9428669810295105,5.75
1879,i16.bmp,i16_16_5.bmp,0.9047557711601257,4.6154
1880,i16.bmp,i16_17_1.bmp,0.9724102020263672,5.825
1881,i16.bmp,i16_17_2.bmp,0.9493853449821472,7.1
1882,i16.bmp,i16_17_3.bmp,0.9267885088920593,4.75
1883,i16.bmp,i16_17_4.bmp,0.886012077331543,6.65
1884,i16.bmp,i16_17_5.bmp,0.8134585618972778,3.359
1885,i16.bmp,i16_18_1.bmp,0.8991233706474304,4.6
1886,i16.bmp,i16_18_2.bmp,0.842656135559082,4.3947
1887,i16.bmp,i16_18_3.bmp,0.7682602405548096,4.05
1888,i16.bmp,i16_18_4.bmp,0.7232561111450195,3.9231
1889,i16.bmp,i16_18_5.bmp,0.7074216604232788,3.9474
1890,i16.bmp,i16_19_1.bmp,0.8464038372039795,5.575
1891,i16.bmp,i16_19_2.bmp,0.807182252407074,5.375
1892,i16.bmp,i16_19_3.bmp,0.7618369460105896,4.6154
1893,i16.bmp,i16_19_4.bmp,0.7056329250335693,4.1539
1894,i16.bmp,i16_19_5.bmp,0.6441173553466797,3.6667
1895,i16.bmp,i16_20_1.bmp,0.8936642408370972,6.0769
1896,i16.bmp,i16_20_2.bmp,0.8323708772659302,5.7436
1897,i16.bmp,i16_20_3.bmp,0.7479366660118103,5.1842
1898,i16.bmp,i16_20_4.bmp,0.6712760925292969,4.125
1899,i16.bmp,i16_20_5.bmp,0.6202938556671143,3.5897
1900,i16.bmp,i16_21_1.bmp,0.8128702044487,5.825
1901,i16.bmp,i16_21_2.bmp,0.7572595477104187,5.4615
1902,i16.bmp,i16_21_3.bmp,0.6991569995880127,4.2564
1903,i16.bmp,i16_21_4.bmp,0.6363449692726135,3.7692
1904,i16.bmp,i16_21_5.bmp,0.5419437289237976,1.8461
1905,i16.bmp,i16_22_1.bmp,0.8493044376373291,5.6154
1906,i16.bmp,i16_22_2.bmp,0.8079135417938232,5.35
1907,i16.bmp,i16_22_3.bmp,0.7519521117210388,4.9459
1908,i16.bmp,i16_22_4.bmp,0.6779209971427917,3.9737
1909,i16.bmp,i16_22_5.bmp,0.5943896174430847,2.775
1910,i16.bmp,i16_23_1.bmp,0.8927576541900635,6.125
1911,i16.bmp,i16_23_2.bmp,0.7257294654846191,4.825
1912,i16.bmp,i16_23_3.bmp,0.5431463122367859,2.7
1913,i16.bmp,i16_23_4.bmp,0.5119054317474365,2.1579
1914,i16.bmp,i16_23_5.bmp,0.5025831460952759,1.5263
1915,i16.bmp,i16_24_1.bmp,0.7955538630485535,5.3684
1916,i16.bmp,i16_24_2.bmp,0.6743761897087097,4.0526
1917,i16.bmp,i16_24_3.bmp,0.5604343414306641,2.641
1918,i16.bmp,i16_24_4.bmp,0.5234882235527039,1.8421
1919,i16.bmp,i16_24_5.bmp,0.5069059729576111,0.97436
1920,i17.bmp,i17_01_1.bmp,0.9005779027938843,5.8919
1921,i17.bmp,i17_01_2.bmp,0.8573013544082642,5.2105
1922,i17.bmp,i17_01_3.bmp,0.8039782047271729,5.0513
1923,i17.bmp,i17_01_4.bmp,0.7480446100234985,4.3846
1924,i17.bmp,i17_01_5.bmp,0.6911411285400391,3.8718
1925,i17.bmp,i17_02_1.bmp,0.9355312585830688,5.75
1926,i17.bmp,i17_02_2.bmp,0.9044601321220398,6.0
1927,i17.bmp,i17_02_3.bmp,0.869369626045227,5.825
1928,i17.bmp,i17_02_4.bmp,0.8146824836730957,5.275
1929,i17.bmp,i17_02_5.bmp,0.7545959949493408,4.4872
1930,i17.bmp,i17_03_1.bmp,0.8175784349441528,4.9737
1931,i17.bmp,i17_03_2.bmp,0.7618824243545532,4.4359
1932,i17.bmp,i17_03_3.bmp,0.6981403827667236,3.8205
1933,i17.bmp,i17_03_4.bmp,0.6367300748825073,3.35
1934,i17.bmp,i17_03_5.bmp,0.5774754285812378,2.8974
1935,i17.bmp,i17_04_1.bmp,0.976264238357544,5.7692
1936,i17.bmp,i17_04_2.bmp,0.9682709574699402,5.9737
1937,i17.bmp,i17_04_3.bmp,0.9492868185043335,5.3333
1938,i17.bmp,i17_04_4.bmp,0.9132601022720337,5.2368
1939,i17.bmp,i17_04_5.bmp,0.8581222891807556,4.7368
1940,i17.bmp,i17_05_1.bmp,0.9436373114585876,5.825
1941,i17.bmp,i17_05_2.bmp,0.9159224033355713,5.925
1942,i17.bmp,i17_05_3.bmp,0.8396205306053162,5.2368
1943,i17.bmp,i17_05_4.bmp,0.7442244291305542,4.1795
1944,i17.bmp,i17_05_5.bmp,0.6370900869369507,3.3421
1945,i17.bmp,i17_06_1.bmp,0.8828422427177429,4.2368
1946,i17.bmp,i17_06_2.bmp,0.839919924736023,4.4324
1947,i17.bmp,i17_06_3.bmp,0.7900031805038452,4.0
1948,i17.bmp,i17_06_4.bmp,0.741252601146698,3.55
1949,i17.bmp,i17_06_5.bmp,0.6745488047599792,3.3077
1950,i17.bmp,i17_07_1.bmp,0.8715454339981079,5.718
1951,i17.bmp,i17_07_2.bmp,0.7990493774414062,4.6579
1952,i17.bmp,i17_07_3.bmp,0.7241787910461426,3.8974
1953,i17.bmp,i17_07_4.bmp,0.668380618095398,3.2051
1954,i17.bmp,i17_07_5.bmp,0.6221618056297302,2.4737
1955,i17.bmp,i17_08_1.bmp,0.9598371386528015,5.7436
1956,i17.bmp,i17_08_2.bmp,0.9172589182853699,5.225
1957,i17.bmp,i17_08_3.bmp,0.8214129209518433,4.575
1958,i17.bmp,i17_08_4.bmp,0.6798586249351501,3.718
1959,i17.bmp,i17_08_5.bmp,0.5661166310310364,2.95
1960,i17.bmp,i17_09_1.bmp,0.8645109534263611,6.025
1961,i17.bmp,i17_09_2.bmp,0.8214550018310547,6.1053
1962,i17.bmp,i17_09_3.bmp,0.7415642142295837,5.025
1963,i17.bmp,i17_09_4.bmp,0.6377530097961426,3.8205
1964,i17.bmp,i17_09_5.bmp,0.5326915979385376,2.4595
1965,i17.bmp,i17_10_1.bmp,0.931410014629364,6.0513
1966,i17.bmp,i17_10_2.bmp,0.8874555826187134,5.925
1967,i17.bmp,i17_10_3.bmp,0.7981788516044617,5.1539
1968,i17.bmp,i17_10_4.bmp,0.6589913368225098,3.425
1969,i17.bmp,i17_10_5.bmp,0.5752454996109009,2.25
1970,i17.bmp,i17_11_1.bmp,0.8577818870544434,5.5641
1971,i17.bmp,i17_11_2.bmp,0.7665922045707703,5.4359
1972,i17.bmp,i17_11_3.bmp,0.6333955526351929,3.8462
1973,i17.bmp,i17_11_4.bmp,0.5413681268692017,2.7692
1974,i17.bmp,i17_11_5.bmp,0.4694553017616272,1.025
1975,i17.bmp,i17_12_1.bmp,0.9455914497375488,5.875
1976,i17.bmp,i17_12_2.bmp,0.8955456018447876,5.9231
1977,i17.bmp,i17_12_3.bmp,0.864356517791748,5.0769
1978,i17.bmp,i17_12_4.bmp,0.783646285533905,3.925
1979,i17.bmp,i17_12_5.bmp,0.5917264223098755,2.4872
1980,i17.bmp,i17_13_1.bmp,0.8475532531738281,5.15
1981,i17.bmp,i17_13_2.bmp,0.7945141792297363,4.45
1982,i17.bmp,i17_13_3.bmp,0.6869909763336182,3.2632
1983,i17.bmp,i17_13_4.bmp,0.6403185725212097,2.425
1984,i17.bmp,i17_13_5.bmp,0.5917855501174927,2.3684
1985,i17.bmp,i17_14_1.bmp,0.9328938722610474,5.875
1986,i17.bmp,i17_14_2.bmp,0.9595205187797546,5.7949
1987,i17.bmp,i17_14_3.bmp,0.9186152815818787,5.5263
1988,i17.bmp,i17_14_4.bmp,0.8848289847373962,4.359
1989,i17.bmp,i17_14_5.bmp,0.8385102152824402,3.525
1990,i17.bmp,i17_15_1.bmp,0.8649570941925049,3.55
1991,i17.bmp,i17_15_2.bmp,0.8763289451599121,3.4103
1992,i17.bmp,i17_15_3.bmp,0.8888914585113525,3.2564
1993,i17.bmp,i17_15_4.bmp,0.9065355062484741,3.625
1994,i17.bmp,i17_15_5.bmp,0.9403135180473328,4.0
1995,i17.bmp,i17_16_1.bmp,0.9884803295135498,5.925
1996,i17.bmp,i17_16_2.bmp,0.98046875,6.025
1997,i17.bmp,i17_16_3.bmp,0.93061363697052,5.5789
1998,i17.bmp,i17_16_4.bmp,0.9369019269943237,5.1579
1999,i17.bmp,i17_16_5.bmp,0.8634333610534668,4.1795
2000,i17.bmp,i17_17_1.bmp,0.9767270088195801,5.575
2001,i17.bmp,i17_17_2.bmp,0.9503709673881531,6.625
2002,i17.bmp,i17_17_3.bmp,0.9262707233428955,4.4872
2003,i17.bmp,i17_17_4.bmp,0.8808541297912598,7.1
2004,i17.bmp,i17_17_5.bmp,0.7895103693008423,3.3684
2005,i17.bmp,i17_18_1.bmp,0.8843215703964233,4.55
2006,i17.bmp,i17_18_2.bmp,0.8352164030075073,4.0769
2007,i17.bmp,i17_18_3.bmp,0.815497100353241,4.1282
2008,i17.bmp,i17_18_4.bmp,0.8008015155792236,3.8205
2009,i17.bmp,i17_18_5.bmp,0.8000564575195312,3.718
2010,i17.bmp,i17_19_1.bmp,0.9078320264816284,5.725
2011,i17.bmp,i17_19_2.bmp,0.8731591105461121,5.3333
2012,i17.bmp,i17_19_3.bmp,0.8268405199050903,4.7692
2013,i17.bmp,i17_19_4.bmp,0.7686080932617188,4.3077
2014,i17.bmp,i17_19_5.bmp,0.7064417600631714,3.9231
2015,i17.bmp,i17_20_1.bmp,0.9241654872894287,5.75
2016,i17.bmp,i17_20_2.bmp,0.8578657507896423,5.45
2017,i17.bmp,i17_20_3.bmp,0.7642011642456055,4.8684
2018,i17.bmp,i17_20_4.bmp,0.6728527545928955,4.3684
2019,i17.bmp,i17_20_5.bmp,0.6244440078735352,2.8649
2020,i17.bmp,i17_21_1.bmp,0.845080554485321,5.425
2021,i17.bmp,i17_21_2.bmp,0.7813231945037842,4.7949
2022,i17.bmp,i17_21_3.bmp,0.7105849981307983,4.25
2023,i17.bmp,i17_21_4.bmp,0.6503404378890991,3.3846
2024,i17.bmp,i17_21_5.bmp,0.580924391746521,2.5263
2025,i17.bmp,i17_22_1.bmp,0.9101076126098633,5.975
2026,i17.bmp,i17_22_2.bmp,0.8726378679275513,5.6154
2027,i17.bmp,i17_22_3.bmp,0.7762824296951294,4.3421
2028,i17.bmp,i17_22_4.bmp,0.6909687519073486,3.5897
2029,i17.bmp,i17_22_5.bmp,0.6238077878952026,2.8974
2030,i17.bmp,i17_23_1.bmp,0.9205016493797302,5.9
2031,i17.bmp,i17_23_2.bmp,0.8500256538391113,5.9
2032,i17.bmp,i17_23_3.bmp,0.6905943751335144,4.5641
2033,i17.bmp,i17_23_4.bmp,0.5749088525772095,3.1538
2034,i17.bmp,i17_23_5.bmp,0.48587292432785034,1.9231
2035,i17.bmp,i17_24_1.bmp,0.8321794271469116,6.05
2036,i17.bmp,i17_24_2.bmp,0.7633266448974609,5.525
2037,i17.bmp,i17_24_3.bmp,0.6516501307487488,3.9737
2038,i17.bmp,i17_24_4.bmp,0.5358446836471558,2.0256
2039,i17.bmp,i17_24_5.bmp,0.48035192489624023,0.34211
2040,i18.bmp,i18_01_1.bmp,0.9286473989486694,5.6905
2041,i18.bmp,i18_01_2.bmp,0.8960245847702026,5.4146
2042,i18.bmp,i18_01_3.bmp,0.8531996607780457,4.85
2043,i18.bmp,i18_01_4.bmp,0.8013838529586792,4.4634
2044,i18.bmp,i18_01_5.bmp,0.7403172254562378,4.0
2045,i18.bmp,i18_02_1.bmp,0.9545442461967468,5.9512
2046,i18.bmp,i18_02_2.bmp,0.9298827648162842,5.881
2047,i18.bmp,i18_02_3.bmp,0.9001209139823914,5.7381
2048,i18.bmp,i18_02_4.bmp,0.8553828597068787,4.6341
2049,i18.bmp,i18_02_5.bmp,0.8032786250114441,4.2439
2050,i18.bmp,i18_03_1.bmp,0.861556887626648,4.9762
2051,i18.bmp,i18_03_2.bmp,0.8114349842071533,4.55
2052,i18.bmp,i18_03_3.bmp,0.7511061429977417,3.7381
2053,i18.bmp,i18_03_4.bmp,0.6877487897872925,3.1191
2054,i18.bmp,i18_03_5.bmp,0.6243922710418701,2.5476
2055,i18.bmp,i18_04_1.bmp,0.9852988719940186,6.175
2056,i18.bmp,i18_04_2.bmp,0.9798136949539185,5.881
2057,i18.bmp,i18_04_3.bmp,0.9704696536064148,5.878
2058,i18.bmp,i18_04_4.bmp,0.9533500075340271,5.3171
2059,i18.bmp,i18_04_5.bmp,0.924274206161499,4.3415
2060,i18.bmp,i18_05_1.bmp,0.961484432220459,6.2439
2061,i18.bmp,i18_05_2.bmp,0.940929114818573,5.6098
2062,i18.bmp,i18_05_3.bmp,0.8864114284515381,5.1707
2063,i18.bmp,i18_05_4.bmp,0.7986289262771606,4.0
2064,i18.bmp,i18_05_5.bmp,0.6854218244552612,3.125
2065,i18.bmp,i18_06_1.bmp,0.9162317514419556,4.5714
2066,i18.bmp,i18_06_2.bmp,0.8779392242431641,4.15
2067,i18.bmp,i18_06_3.bmp,0.8290039896965027,3.8095
2068,i18.bmp,i18_06_4.bmp,0.7695075869560242,3.7317
2069,i18.bmp,i18_06_5.bmp,0.7029263377189636,3.1951
2070,i18.bmp,i18_07_1.bmp,0.9043383002281189,5.5714
2071,i18.bmp,i18_07_2.bmp,0.8642095327377319,4.9286
2072,i18.bmp,i18_07_3.bmp,0.8123261332511902,4.2143
2073,i18.bmp,i18_07_4.bmp,0.7566283941268921,3.4048
2074,i18.bmp,i18_07_5.bmp,0.6998395919799805,3.0
2075,i18.bmp,i18_08_1.bmp,0.9637266397476196,5.6905
2076,i18.bmp,i18_08_2.bmp,0.9197840690612793,4.6585
2077,i18.bmp,i18_08_3.bmp,0.821618914604187,4.1429
2078,i18.bmp,i18_08_4.bmp,0.6836616396903992,3.0476
2079,i18.bmp,i18_08_5.bmp,0.559258222579956,2.0488
2080,i18.bmp,i18_09_1.bmp,0.8942539095878601,6.0244
2081,i18.bmp,i18_09_2.bmp,0.8561506271362305,5.881
2082,i18.bmp,i18_09_3.bmp,0.7801195979118347,4.2619
2083,i18.bmp,i18_09_4.bmp,0.6458138227462769,3.0244
2084,i18.bmp,i18_09_5.bmp,0.5308317542076111,1.7073
2085,i18.bmp,i18_10_1.bmp,0.9336646795272827,6.0732
2086,i18.bmp,i18_10_2.bmp,0.8984450101852417,5.7805
2087,i18.bmp,i18_10_3.bmp,0.80186527967453,4.675
2088,i18.bmp,i18_10_4.bmp,0.685390830039978,3.5
2089,i18.bmp,i18_10_5.bmp,0.6023193597793579,2.1707
2090,i18.bmp,i18_11_1.bmp,0.9359027743339539,5.8049
2091,i18.bmp,i18_11_2.bmp,0.8878211975097656,5.5
2092,i18.bmp,i18_11_3.bmp,0.7870358824729919,4.5122
2093,i18.bmp,i18_11_4.bmp,0.6376037001609802,3.0714
2094,i18.bmp,i18_11_5.bmp,0.5203238725662231,1.0
2095,i18.bmp,i18_12_1.bmp,0.9450621604919434,6.3571
2096,i18.bmp,i18_12_2.bmp,0.9328831434249878,5.3659
2097,i18.bmp,i18_12_3.bmp,0.8660451769828796,5.561
2098,i18.bmp,i18_12_4.bmp,0.8437725305557251,4.925
2099,i18.bmp,i18_12_5.bmp,0.7144789695739746,2.6585
2100,i18.bmp,i18_13_1.bmp,0.8535851240158081,4.1463
2101,i18.bmp,i18_13_2.bmp,0.827939510345459,4.3571
2102,i18.bmp,i18_13_3.bmp,0.7907987833023071,3.8809
2103,i18.bmp,i18_13_4.bmp,0.6973161697387695,2.9024
2104,i18.bmp,i18_13_5.bmp,0.6243996620178223,2.4634
2105,i18.bmp,i18_14_1.bmp,0.9680986404418945,4.9512
2106,i18.bmp,i18_14_2.bmp,0.9821605682373047,6.0
2107,i18.bmp,i18_14_3.bmp,0.9413689970970154,4.1951
2108,i18.bmp,i18_14_4.bmp,0.9352798461914062,4.1667
2109,i18.bmp,i18_14_5.bmp,0.8880324363708496,3.3415
2110,i18.bmp,i18_15_1.bmp,0.8787283301353455,3.2195
2111,i18.bmp,i18_15_2.bmp,0.8959372043609619,3.3415
2112,i18.bmp,i18_15_3.bmp,0.912003219127655,3.2
2113,i18.bmp,i18_15_4.bmp,0.9222382307052612,3.525
2114,i18.bmp,i18_15_5.bmp,0.9646434783935547,3.9524
2115,i18.bmp,i18_16_1.bmp,0.9895672798156738,6.4146
2116,i18.bmp,i18_16_2.bmp,0.981096625328064,5.9524
2117,i18.bmp,i18_16_3.bmp,0.9499777555465698,5.6905
2118,i18.bmp,i18_16_4.bmp,0.9374405741691589,5.0
2119,i18.bmp,i18_16_5.bmp,0.8656613230705261,4.2564
2120,i18.bmp,i18_17_1.bmp,0.9803158640861511,5.9286
2121,i18.bmp,i18_17_2.bmp,0.9581813216209412,6.0976
2122,i18.bmp,i18_17_3.bmp,0.9334160685539246,4.4146
2123,i18.bmp,i18_17_4.bmp,0.8998629450798035,5.9048
2124,i18.bmp,i18_17_5.bmp,0.8058336973190308,3.4878
2125,i18.bmp,i18_18_1.bmp,0.9622992277145386,5.0244
2126,i18.bmp,i18_18_2.bmp,0.9423450231552124,4.8
2127,i18.bmp,i18_18_3.bmp,0.9019472599029541,4.3571
2128,i18.bmp,i18_18_4.bmp,0.8301262855529785,4.0714
2129,i18.bmp,i18_18_5.bmp,0.741322934627533,4.0952
2130,i18.bmp,i18_19_1.bmp,0.9332005977630615,5.1429
2131,i18.bmp,i18_19_2.bmp,0.8992478251457214,5.0714
2132,i18.bmp,i18_19_3.bmp,0.8538085222244263,4.375
2133,i18.bmp,i18_19_4.bmp,0.8014957904815674,3.8537
2134,i18.bmp,i18_19_5.bmp,0.7434231042861938,3.7073
2135,i18.bmp,i18_20_1.bmp,0.9585769176483154,6.1667
2136,i18.bmp,i18_20_2.bmp,0.932576060295105,5.5714
2137,i18.bmp,i18_20_3.bmp,0.8799552321434021,5.3659
2138,i18.bmp,i18_20_4.bmp,0.8009990453720093,4.3659
2139,i18.bmp,i18_20_5.bmp,0.6993693113327026,3.325
2140,i18.bmp,i18_21_1.bmp,0.9000963568687439,5.5238
2141,i18.bmp,i18_21_2.bmp,0.8513636589050293,5.3415
2142,i18.bmp,i18_21_3.bmp,0.7896844744682312,4.5
2143,i18.bmp,i18_21_4.bmp,0.7006497383117676,3.2619
2144,i18.bmp,i18_21_5.bmp,0.6126654148101807,2.3171
2145,i18.bmp,i18_22_1.bmp,0.9477328062057495,5.7143
2146,i18.bmp,i18_22_2.bmp,0.8994153738021851,4.4048
2147,i18.bmp,i18_22_3.bmp,0.8327639102935791,3.6829
2148,i18.bmp,i18_22_4.bmp,0.741950511932373,2.9524
2149,i18.bmp,i18_22_5.bmp,0.6517759561538696,2.3333
2150,i18.bmp,i18_23_1.bmp,0.9546515345573425,6.3095
2151,i18.bmp,i18_23_2.bmp,0.9102949500083923,6.1905
2152,i18.bmp,i18_23_3.bmp,0.8706030249595642,6.075
2153,i18.bmp,i18_23_4.bmp,0.796526312828064,5.9286
2154,i18.bmp,i18_23_5.bmp,0.6691917181015015,4.0
2155,i18.bmp,i18_24_1.bmp,0.9174940586090088,5.9024
2156,i18.bmp,i18_24_2.bmp,0.8603380918502808,5.5952
2157,i18.bmp,i18_24_3.bmp,0.7758998870849609,4.5854
2158,i18.bmp,i18_24_4.bmp,0.6528375148773193,3.2195
2159,i18.bmp,i18_24_5.bmp,0.5161836743354797,1.0238
2160,i19.bmp,i19_01_1.bmp,0.9314934611320496,5.7297
2161,i19.bmp,i19_01_2.bmp,0.9016281366348267,5.1081
2162,i19.bmp,i19_01_3.bmp,0.8600747585296631,4.6053
2163,i19.bmp,i19_01_4.bmp,0.8054087162017822,4.1351
2164,i19.bmp,i19_01_5.bmp,0.7490207552909851,3.5676
2165,i19.bmp,i19_02_1.bmp,0.9522790908813477,6.0811
2166,i19.bmp,i19_02_2.bmp,0.9311145544052124,5.6486
2167,i19.bmp,i19_02_3.bmp,0.9013375639915466,5.5789
2168,i19.bmp,i19_02_4.bmp,0.8630180358886719,5.0
2169,i19.bmp,i19_02_5.bmp,0.8190619349479675,4.4722
2170,i19.bmp,i19_03_1.bmp,0.8655217885971069,4.6667
2171,i19.bmp,i19_03_2.bmp,0.8213506937026978,4.0541
2172,i19.bmp,i19_03_3.bmp,0.760764479637146,3.6316
2173,i19.bmp,i19_03_4.bmp,0.7033226490020752,3.0
2174,i19.bmp,i19_03_5.bmp,0.6412190198898315,2.5263
2175,i19.bmp,i19_04_1.bmp,0.9844141006469727,5.8947
2176,i19.bmp,i19_04_2.bmp,0.9766048192977905,5.9459
2177,i19.bmp,i19_04_3.bmp,0.9653327465057373,5.8947
2178,i19.bmp,i19_04_4.bmp,0.9498306512832642,5.2432
2179,i19.bmp,i19_04_5.bmp,0.9070608019828796,4.4865
2180,i19.bmp,i19_05_1.bmp,0.958101212978363,5.9737
2181,i19.bmp,i19_05_2.bmp,0.9386305809020996,5.5
2182,i19.bmp,i19_05_3.bmp,0.8886083364486694,5.0789
2183,i19.bmp,i19_05_4.bmp,0.8100975751876831,4.0
2184,i19.bmp,i19_05_5.bmp,0.7010389566421509,3.1842
2185,i19.bmp,i19_06_1.bmp,0.9282647967338562,4.7368
2186,i19.bmp,i19_06_2.bmp,0.8972374200820923,4.6486
2187,i19.bmp,i19_06_3.bmp,0.8535681962966919,3.8684
2188,i19.bmp,i19_06_4.bmp,0.8041338920593262,3.5676
2189,i19.bmp,i19_06_5.bmp,0.7379567623138428,3.1892
2190,i19.bmp,i19_07_1.bmp,0.9124862551689148,5.3784
2191,i19.bmp,i19_07_2.bmp,0.8797764182090759,4.6757
2192,i19.bmp,i19_07_3.bmp,0.8295227885246277,3.8889
2193,i19.bmp,i19_07_4.bmp,0.7811746001243591,3.1944
2194,i19.bmp,i19_07_5.bmp,0.7326740026473999,2.6053
2195,i19.bmp,i19_08_1.bmp,0.9610689878463745,5.3514
2196,i19.bmp,i19_08_2.bmp,0.9162750244140625,4.7027
2197,i19.bmp,i19_08_3.bmp,0.8166775107383728,3.7632
2198,i19.bmp,i19_08_4.bmp,0.671945333480835,2.8919
2199,i19.bmp,i19_08_5.bmp,0.5540401339530945,2.2703
2200,i19.bmp,i19_09_1.bmp,0.9029620885848999,6.0811
2201,i19.bmp,i19_09_2.bmp,0.8719738721847534,5.8947
2202,i19.bmp,i19_09_3.bmp,0.812842845916748,4.8684
2203,i19.bmp,i19_09_4.bmp,0.7151384353637695,3.2703
2204,i19.bmp,i19_09_5.bmp,0.605334997177124,1.8649
2205,i19.bmp,i19_10_1.bmp,0.9382621645927429,5.7368
2206,i19.bmp,i19_10_2.bmp,0.9072644114494324,5.4722
2207,i19.bmp,i19_10_3.bmp,0.8344634771347046,4.8611
2208,i19.bmp,i19_10_4.bmp,0.7235614657402039,3.0
2209,i19.bmp,i19_10_5.bmp,0.633275032043457,1.6579
2210,i19.bmp,i19_11_1.bmp,0.9110769629478455,5.5263
2211,i19.bmp,i19_11_2.bmp,0.8631891012191772,4.9737
2212,i19.bmp,i19_11_3.bmp,0.8008980751037598,4.5263
2213,i19.bmp,i19_11_4.bmp,0.6798872947692871,2.9459
2214,i19.bmp,i19_11_5.bmp,0.5723738670349121,1.2368
2215,i19.bmp,i19_12_1.bmp,0.9639444351196289,6.1316
2216,i19.bmp,i19_12_2.bmp,0.9491469860076904,5.5946
2217,i19.bmp,i19_12_3.bmp,0.8752036094665527,5.1842
2218,i19.bmp,i19_12_4.bmp,0.874588131904602,5.0811
2219,i19.bmp,i19_12_5.bmp,0.8086508512496948,4.5278
2220,i19.bmp,i19_13_1.bmp,0.9213692545890808,4.6757
2221,i19.bmp,i19_13_2.bmp,0.8457905650138855,4.0526
2222,i19.bmp,i19_13_3.bmp,0.798543393611908,3.6216
2223,i19.bmp,i19_13_4.bmp,0.7289730906486511,3.0789
2224,i19.bmp,i19_13_5.bmp,0.6515322923660278,1.9474
2225,i19.bmp,i19_14_1.bmp,0.9680147171020508,5.6111
2226,i19.bmp,i19_14_2.bmp,0.9625996351242065,6.0263
2227,i19.bmp,i19_14_3.bmp,0.9443215131759644,5.4595
2228,i19.bmp,i19_14_4.bmp,0.9250167608261108,4.9211
2229,i19.bmp,i19_14_5.bmp,0.8853365182876587,3.6486
2230,i19.bmp,i19_15_1.bmp,0.9089240431785583,2.8889
2231,i19.bmp,i19_15_2.bmp,0.9227056503295898,3.2778
2232,i19.bmp,i19_15_3.bmp,0.9450590014457703,3.5135
2233,i19.bmp,i19_15_4.bmp,0.9464391469955444,3.6842
2234,i19.bmp,i19_15_5.bmp,0.9353577494621277,3.5405
2235,i19.bmp,i19_16_1.bmp,0.9930582046508789,6.1316
2236,i19.bmp,i19_16_2.bmp,0.986457109451294,6.2632
2237,i19.bmp,i19_16_3.bmp,0.9705232381820679,5.2895
2238,i19.bmp,i19_16_4.bmp,0.9522466659545898,5.8421
2239,i19.bmp,i19_16_5.bmp,0.9293522238731384,4.4167
2240,i19.bmp,i19_17_1.bmp,0.9783463478088379,5.4737
2241,i19.bmp,i19_17_2.bmp,0.9551874995231628,6.1892
2242,i19.bmp,i19_17_3.bmp,0.9285948276519775,4.4324
2243,i19.bmp,i19_17_4.bmp,0.8906493186950684,5.7568
2244,i19.bmp,i19_17_5.bmp,0.8053703308105469,3.3421
2245,i19.bmp,i19_18_1.bmp,0.9636906385421753,5.1351
2246,i19.bmp,i19_18_2.bmp,0.9442185163497925,4.3889
2247,i19.bmp,i19_18_3.bmp,0.9137747287750244,4.2432
2248,i19.bmp,i19_18_4.bmp,0.8581184148788452,4.0811
2249,i19.bmp,i19_18_5.bmp,0.8021025657653809,4.0541
2250,i19.bmp,i19_19_1.bmp,0.9304661154747009,5.5405
2251,i19.bmp,i19_19_2.bmp,0.8991061449050903,4.973
2252,i19.bmp,i19_19_3.bmp,0.8568856120109558,4.5556
2253,i19.bmp,i19_19_4.bmp,0.8043171167373657,4.3143
2254,i19.bmp,i19_19_5.bmp,0.7437913417816162,3.5556
2255,i19.bmp,i19_20_1.bmp,0.9543935060501099,5.7027
2256,i19.bmp,i19_20_2.bmp,0.9205090403556824,5.7105
2257,i19.bmp,i19_20_3.bmp,0.8584887981414795,5.1892
2258,i19.bmp,i19_20_4.bmp,0.7674345970153809,4.1389
2259,i19.bmp,i19_20_5.bmp,0.6915570497512817,3.0526
2260,i19.bmp,i19_21_1.bmp,0.9001139998435974,5.4054
2261,i19.bmp,i19_21_2.bmp,0.8509947657585144,5.1622
2262,i19.bmp,i19_21_3.bmp,0.7975316047668457,4.0811
2263,i19.bmp,i19_21_4.bmp,0.73106449842453,3.5676
2264,i19.bmp,i19_21_5.bmp,0.640199601650238,2.25
2265,i19.bmp,i19_22_1.bmp,0.9453439712524414,5.7368
2266,i19.bmp,i19_22_2.bmp,0.9107292890548706,5.3243
2267,i19.bmp,i19_22_3.bmp,0.8605078458786011,4.4
2268,i19.bmp,i19_22_4.bmp,0.8096256256103516,3.9474
2269,i19.bmp,i19_22_5.bmp,0.6875853538513184,2.7568
2270,i19.bmp,i19_23_1.bmp,0.9595842361450195,5.8684
2271,i19.bmp,i19_23_2.bmp,0.9211753606796265,6.2895
2272,i19.bmp,i19_23_3.bmp,0.8865981101989746,5.7568
2273,i19.bmp,i19_23_4.bmp,0.8507305979728699,5.7632
2274,i19.bmp,i19_23_5.bmp,0.7835609912872314,5.2162
2275,i19.bmp,i19_24_1.bmp,0.8971379995346069,5.4595
2276,i19.bmp,i19_24_2.bmp,0.837675929069519,4.7027
2277,i19.bmp,i19_24_3.bmp,0.7481610774993896,3.6389
2278,i19.bmp,i19_24_4.bmp,0.6594480872154236,2.5
2279,i19.bmp,i19_24_5.bmp,0.5861998796463013,0.77778
2280,i20.bmp,i20_01_1.bmp,0.8882896900177002,5.7692
2281,i20.bmp,i20_01_2.bmp,0.8514713048934937,5.5128
2282,i20.bmp,i20_01_3.bmp,0.8078740835189819,4.9211
2283,i20.bmp,i20_01_4.bmp,0.7562001943588257,4.4359
2284,i20.bmp,i20_01_5.bmp,0.7068283557891846,3.7838
2285,i20.bmp,i20_02_1.bmp,0.9224206805229187,5.8421
2286,i20.bmp,i20_02_2.bmp,0.8960283994674683,5.7949
2287,i20.bmp,i20_02_3.bmp,0.8625888228416443,5.5135
2288,i20.bmp,i20_02_4.bmp,0.8240925669670105,5.282
2289,i20.bmp,i20_02_5.bmp,0.7673842310905457,4.4872
2290,i20.bmp,i20_03_1.bmp,0.8191132545471191,4.9474
2291,i20.bmp,i20_03_2.bmp,0.7706968784332275,4.2105
2292,i20.bmp,i20_03_3.bmp,0.7190417647361755,3.8108
2293,i20.bmp,i20_03_4.bmp,0.6643399000167847,3.1282
2294,i20.bmp,i20_03_5.bmp,0.6123478412628174,2.6579
2295,i20.bmp,i20_04_1.bmp,0.9732419848442078,5.7105
2296,i20.bmp,i20_04_2.bmp,0.9612848162651062,5.4737
2297,i20.bmp,i20_04_3.bmp,0.9389995336532593,5.1579
2298,i20.bmp,i20_04_4.bmp,0.9001920223236084,4.7297
2299,i20.bmp,i20_04_5.bmp,0.8376419544219971,4.0541
2300,i20.bmp,i20_05_1.bmp,0.9212585687637329,6.0263
2301,i20.bmp,i20_05_2.bmp,0.8919705152511597,5.7632
2302,i20.bmp,i20_05_3.bmp,0.828895092010498,5.3947
2303,i20.bmp,i20_05_4.bmp,0.7512689828872681,4.2308
2304,i20.bmp,i20_05_5.bmp,0.6556133031845093,2.9211
2305,i20.bmp,i20_06_1.bmp,0.8633720278739929,4.9737
2306,i20.bmp,i20_06_2.bmp,0.8059467077255249,4.1389
2307,i20.bmp,i20_06_3.bmp,0.7547745704650879,3.9474
2308,i20.bmp,i20_06_4.bmp,0.7082327604293823,3.4359
2309,i20.bmp,i20_06_5.bmp,0.6487263441085815,3.1026
2310,i20.bmp,i20_07_1.bmp,0.8907028436660767,5.282
2311,i20.bmp,i20_07_2.bmp,0.8448818922042847,4.7297
2312,i20.bmp,i20_07_3.bmp,0.8064095377922058,4.4737
2313,i20.bmp,i20_07_4.bmp,0.7695364952087402,3.7368
2314,i20.bmp,i20_07_5.bmp,0.7308747172355652,3.282
2315,i20.bmp,i20_08_1.bmp,0.9675893783569336,5.6579
2316,i20.bmp,i20_08_2.bmp,0.9348325133323669,5.2973
2317,i20.bmp,i20_08_3.bmp,0.8571574091911316,4.0278
2318,i20.bmp,i20_08_4.bmp,0.7260980606079102,3.4211
2319,i20.bmp,i20_08_5.bmp,0.6165769100189209,2.5897
2320,i20.bmp,i20_09_1.bmp,0.8962961435317993,6.2632
2321,i20.bmp,i20_09_2.bmp,0.8689817190170288,6.1316
2322,i20.bmp,i20_09_3.bmp,0.825230598449707,5.3333
2323,i20.bmp,i20_09_4.bmp,0.7240056395530701,3.7568
2324,i20.bmp,i20_09_5.bmp,0.5933997631072998,2.2162
2325,i20.bmp,i20_10_1.bmp,0.9165882468223572,6.1316
2326,i20.bmp,i20_10_2.bmp,0.8884460926055908,5.7368
2327,i20.bmp,i20_10_3.bmp,0.8213099241256714,4.9444
2328,i20.bmp,i20_10_4.bmp,0.7184416651725769,3.5789
2329,i20.bmp,i20_10_5.bmp,0.666235625743866,2.7436
2330,i20.bmp,i20_11_1.bmp,0.8644979000091553,5.5789
2331,i20.bmp,i20_11_2.bmp,0.8099431395530701,4.8421
2332,i20.bmp,i20_11_3.bmp,0.6944711208343506,3.4324
2333,i20.bmp,i20_11_4.bmp,0.6091579794883728,2.0526
2334,i20.bmp,i20_11_5.bmp,0.5511623620986938,0.74359
2335,i20.bmp,i20_12_1.bmp,0.9376067519187927,6.1282
2336,i20.bmp,i20_12_2.bmp,0.8733920454978943,5.3077
2337,i20.bmp,i20_12_3.bmp,0.8307048678398132,4.4474
2338,i20.bmp,i20_12_4.bmp,0.7836036086082458,4.2564
2339,i20.bmp,i20_12_5.bmp,0.6630699038505554,2.5789
2340,i20.bmp,i20_13_1.bmp,0.8231498003005981,5.1539
2341,i20.bmp,i20_13_2.bmp,0.7588232755661011,3.7895
2342,i20.bmp,i20_13_3.bmp,0.8521236181259155,3.8205
2343,i20.bmp,i20_13_4.bmp,0.652206540107727,2.8919
2344,i20.bmp,i20_13_5.bmp,0.5910510420799255,2.027
2345,i20.bmp,i20_14_1.bmp,0.9667749404907227,6.0263
2346,i20.bmp,i20_14_2.bmp,0.9670550227165222,5.8421
2347,i20.bmp,i20_14_3.bmp,0.9234142303466797,4.5526
2348,i20.bmp,i20_14_4.bmp,0.8796493411064148,4.1282
2349,i20.bmp,i20_14_5.bmp,0.856695294380188,3.3684
2350,i20.bmp,i20_15_1.bmp,0.8910624384880066,3.2308
2351,i20.bmp,i20_15_2.bmp,0.9040930271148682,3.3421
2352,i20.bmp,i20_15_3.bmp,0.9249151945114136,3.6923
2353,i20.bmp,i20_15_4.bmp,0.9414747953414917,3.8974
2354,i20.bmp,i20_15_5.bmp,0.9571802020072937,4.0513
2355,i20.bmp,i20_16_1.bmp,0.9865858554840088,6.0513
2356,i20.bmp,i20_16_2.bmp,0.9650704264640808,6.0541
2357,i20.bmp,i20_16_3.bmp,0.9470052719116211,5.4054
2358,i20.bmp,i20_16_4.bmp,0.9153673052787781,5.1351
2359,i20.bmp,i20_16_5.bmp,0.8771981596946716,4.718
2360,i20.bmp,i20_17_1.bmp,0.9681541323661804,5.6154
2361,i20.bmp,i20_17_2.bmp,0.9205260276794434,6.3333
2362,i20.bmp,i20_17_3.bmp,0.9021751284599304,4.3243
2363,i20.bmp,i20_17_4.bmp,0.8412607908248901,5.8718
2364,i20.bmp,i20_17_5.bmp,0.7742027044296265,3.5385
2365,i20.bmp,i20_18_1.bmp,0.9495357275009155,5.6154
2366,i20.bmp,i20_18_2.bmp,0.932926595211029,5.2368
2367,i20.bmp,i20_18_3.bmp,0.9032530188560486,4.5
2368,i20.bmp,i20_18_4.bmp,0.8461979627609253,4.1351
2369,i20.bmp,i20_18_5.bmp,0.8114827871322632,4.1053
2370,i20.bmp,i20_19_1.bmp,0.9002758264541626,5.8205
2371,i20.bmp,i20_19_2.bmp,0.8740860223770142,5.1795
2372,i20.bmp,i20_19_3.bmp,0.8354441523551941,4.7949
2373,i20.bmp,i20_19_4.bmp,0.7929254770278931,4.0
2374,i20.bmp,i20_19_5.bmp,0.7431787252426147,3.4615
2375,i20.bmp,i20_20_1.bmp,0.9041800498962402,6.1579
2376,i20.bmp,i20_20_2.bmp,0.8507156372070312,5.4615
2377,i20.bmp,i20_20_3.bmp,0.785568356513977,4.7895
2378,i20.bmp,i20_20_4.bmp,0.7068177461624146,3.5263
2379,i20.bmp,i20_20_5.bmp,0.6514110565185547,2.718
2380,i20.bmp,i20_21_1.bmp,0.8565636873245239,5.5526
2381,i20.bmp,i20_21_2.bmp,0.8042186498641968,4.7632
2382,i20.bmp,i20_21_3.bmp,0.7554863691329956,4.0
2383,i20.bmp,i20_21_4.bmp,0.698030948638916,3.2432
2384,i20.bmp,i20_21_5.bmp,0.6350427865982056,2.5789
2385,i20.bmp,i20_22_1.bmp,0.9028711318969727,6.0
2386,i20.bmp,i20_22_2.bmp,0.8591901659965515,5.1053
2387,i20.bmp,i20_22_3.bmp,0.8116917014122009,4.5263
2388,i20.bmp,i20_22_4.bmp,0.7660515308380127,4.1081
2389,i20.bmp,i20_22_5.bmp,0.709727942943573,3.7297
2390,i20.bmp,i20_23_1.bmp,0.9494528770446777,5.9487
2391,i20.bmp,i20_23_2.bmp,0.9033960700035095,6.2564
2392,i20.bmp,i20_23_3.bmp,0.8245737552642822,5.8205
2393,i20.bmp,i20_23_4.bmp,0.748053252696991,4.7297
2394,i20.bmp,i20_23_5.bmp,0.6200786828994751,3.1538
2395,i20.bmp,i20_24_1.bmp,0.8641233444213867,6.1842
2396,i20.bmp,i20_24_2.bmp,0.7985411882400513,5.0789
2397,i20.bmp,i20_24_3.bmp,0.7045370936393738,3.4324
2398,i20.bmp,i20_24_4.bmp,0.5938926935195923,1.9744
2399,i20.bmp,i20_24_5.bmp,0.5433483123779297,0.84211
2400,i21.bmp,i21_01_1.bmp,0.9068993330001831,5.5116
2401,i21.bmp,i21_01_2.bmp,0.8740056753158569,5.0698
2402,i21.bmp,i21_01_3.bmp,0.8392809629440308,4.4884
2403,i21.bmp,i21_01_4.bmp,0.7845489978790283,3.907
2404,i21.bmp,i21_01_5.bmp,0.7392427921295166,3.4884
2405,i21.bmp,i21_02_1.bmp,0.9366709589958191,5.8095
2406,i21.bmp,i21_02_2.bmp,0.9126335978507996,5.5349
2407,i21.bmp,i21_02_3.bmp,0.8793449401855469,5.4419
2408,i21.bmp,i21_02_4.bmp,0.8405956029891968,4.814
2409,i21.bmp,i21_02_5.bmp,0.790929913520813,4.15
2410,i21.bmp,i21_03_1.bmp,0.8361755609512329,4.3953
2411,i21.bmp,i21_03_2.bmp,0.792655348777771,3.9268
2412,i21.bmp,i21_03_3.bmp,0.7410982847213745,3.1667
2413,i21.bmp,i21_03_4.bmp,0.6916756629943848,3.0698
2414,i21.bmp,i21_03_5.bmp,0.6256292462348938,2.5581
2415,i21.bmp,i21_04_1.bmp,0.9798732995986938,5.9302
2416,i21.bmp,i21_04_2.bmp,0.9730557203292847,6.0233
2417,i21.bmp,i21_04_3.bmp,0.9612637758255005,5.4634
2418,i21.bmp,i21_04_4.bmp,0.9411259889602661,5.3333
2419,i21.bmp,i21_04_5.bmp,0.9100257754325867,4.65
2420,i21.bmp,i21_05_1.bmp,0.9442026615142822,5.6977
2421,i21.bmp,i21_05_2.bmp,0.9206780195236206,5.907
2422,i21.bmp,i21_05_3.bmp,0.8664615154266357,5.1163
2423,i21.bmp,i21_05_4.bmp,0.7909559011459351,3.9286
2424,i21.bmp,i21_05_5.bmp,0.6936954259872437,3.0
2425,i21.bmp,i21_06_1.bmp,0.9019703269004822,4.9268
2426,i21.bmp,i21_06_2.bmp,0.8660571575164795,4.381
2427,i21.bmp,i21_06_3.bmp,0.8300652503967285,4.0244
2428,i21.bmp,i21_06_4.bmp,0.7803955078125,3.5
2429,i21.bmp,i21_06_5.bmp,0.7298344373703003,3.0476
2430,i21.bmp,i21_07_1.bmp,0.8999387621879578,5.0244
2431,i21.bmp,i21_07_2.bmp,0.8635808825492859,4.45
2432,i21.bmp,i21_07_3.bmp,0.8231932520866394,4.1667
2433,i21.bmp,i21_07_4.bmp,0.7817780375480652,3.5952
2434,i21.bmp,i21_07_5.bmp,0.7327119708061218,3.1667
2435,i21.bmp,i21_08_1.bmp,0.955929160118103,5.5
2436,i21.bmp,i21_08_2.bmp,0.9122969508171082,4.8571
2437,i21.bmp,i21_08_3.bmp,0.8155860304832458,4.1163
2438,i21.bmp,i21_08_4.bmp,0.6748566031455994,3.2326
2439,i21.bmp,i21_08_5.bmp,0.5603454113006592,2.1628
2440,i21.bmp,i21_09_1.bmp,0.8892902135848999,6.075
2441,i21.bmp,i21_09_2.bmp,0.8578991293907166,6.1905
2442,i21.bmp,i21_09_3.bmp,0.7951668500900269,5.3095
2443,i21.bmp,i21_09_4.bmp,0.6867588758468628,3.7674
2444,i21.bmp,i21_09_5.bmp,0.5564653873443604,2.093
2445,i21.bmp,i21_10_1.bmp,0.9173333644866943,6.3095
2446,i21.bmp,i21_10_2.bmp,0.8771770000457764,5.881
2447,i21.bmp,i21_10_3.bmp,0.8075236678123474,5.1395
2448,i21.bmp,i21_10_4.bmp,0.7096837759017944,3.2619
2449,i21.bmp,i21_10_5.bmp,0.6199049949645996,1.9268
2450,i21.bmp,i21_11_1.bmp,0.8934491872787476,6.122
2451,i21.bmp,i21_11_2.bmp,0.856056809425354,5.3953
2452,i21.bmp,i21_11_3.bmp,0.7948738932609558,4.6905
2453,i21.bmp,i21_11_4.bmp,0.6542223691940308,3.0
2454,i21.bmp,i21_11_5.bmp,0.5201165676116943,1.0465
2455,i21.bmp,i21_12_1.bmp,0.9677566289901733,5.7907
2456,i21.bmp,i21_12_2.bmp,0.8885549902915955,4.7674
2457,i21.bmp,i21_12_3.bmp,0.937373161315918,6.0
2458,i21.bmp,i21_12_4.bmp,0.896166205406189,5.619
2459,i21.bmp,i21_12_5.bmp,0.6889818906784058,2.0238
2460,i21.bmp,i21_13_1.bmp,0.8735238313674927,4.4524
2461,i21.bmp,i21_13_2.bmp,0.8275812864303589,3.6905
2462,i21.bmp,i21_13_3.bmp,0.7635560035705566,3.1707
2463,i21.bmp,i21_13_4.bmp,0.6886647939682007,2.3488
2464,i21.bmp,i21_13_5.bmp,0.6515430808067322,2.5581
2465,i21.bmp,i21_14_1.bmp,0.9709731340408325,5.907
2466,i21.bmp,i21_14_2.bmp,0.9779795408248901,6.1707
2467,i21.bmp,i21_14_3.bmp,0.9515804052352905,5.9524
2468,i21.bmp,i21_14_4.bmp,0.8976742625236511,4.3333
2469,i21.bmp,i21_14_5.bmp,0.8572553396224976,3.6512
2470,i21.bmp,i21_15_1.bmp,0.8801440596580505,2.8537
2471,i21.bmp,i21_15_2.bmp,0.8984594345092773,3.2683
2472,i21.bmp,i21_15_3.bmp,0.9132456183433533,3.5714
2473,i21.bmp,i21_15_4.bmp,0.925707221031189,3.7619
2474,i21.bmp,i21_15_5.bmp,0.9462511539459229,3.7143
2475,i21.bmp,i21_16_1.bmp,0.991966962814331,6.122
2476,i21.bmp,i21_16_2.bmp,0.9843637943267822,5.9302
2477,i21.bmp,i21_16_3.bmp,0.9646355509757996,5.7143
2478,i21.bmp,i21_16_4.bmp,0.9465181231498718,5.1667
2479,i21.bmp,i21_16_5.bmp,0.9210807681083679,4.6744
2480,i21.bmp,i21_17_1.bmp,0.9731957316398621,5.3415
2481,i21.bmp,i21_17_2.bmp,0.9513718485832214,6.2619
2482,i21.bmp,i21_17_3.bmp,0.9194619655609131,4.3571
2483,i21.bmp,i21_17_4.bmp,0.8917291164398193,6.3023
2484,i21.bmp,i21_17_5.bmp,0.7976617217063904,3.55
2485,i21.bmp,i21_18_1.bmp,0.9533339738845825,4.8571
2486,i21.bmp,i21_18_2.bmp,0.9292733073234558,4.3171
2487,i21.bmp,i21_18_3.bmp,0.8857221603393555,4.119
2488,i21.bmp,i21_18_4.bmp,0.8091093301773071,3.6098
2489,i21.bmp,i21_18_5.bmp,0.7670339345932007,3.7857
2490,i21.bmp,i21_19_1.bmp,0.9009922742843628,5.381
2491,i21.bmp,i21_19_2.bmp,0.8756147623062134,4.7907
2492,i21.bmp,i21_19_3.bmp,0.8368856906890869,4.0714
2493,i21.bmp,i21_19_4.bmp,0.7961937785148621,3.6429
2494,i21.bmp,i21_19_5.bmp,0.7480003833770752,3.4186
2495,i21.bmp,i21_20_1.bmp,0.9439961314201355,5.975
2496,i21.bmp,i21_20_2.bmp,0.915924072265625,5.6744
2497,i21.bmp,i21_20_3.bmp,0.8727614283561707,5.6905
2498,i21.bmp,i21_20_4.bmp,0.7988204956054688,4.8837
2499,i21.bmp,i21_20_5.bmp,0.714823842048645,3.8372
2500,i21.bmp,i21_21_1.bmp,0.8847702741622925,5.5349
2501,i21.bmp,i21_21_2.bmp,0.8449759483337402,5.1429
2502,i21.bmp,i21_21_3.bmp,0.7894096374511719,4.3095
2503,i21.bmp,i21_21_4.bmp,0.7257660627365112,3.6191
2504,i21.bmp,i21_21_5.bmp,0.6454781293869019,2.7317
2505,i21.bmp,i21_22_1.bmp,0.9119965434074402,5.3571
2506,i21.bmp,i21_22_2.bmp,0.8717331886291504,5.4762
2507,i21.bmp,i21_22_3.bmp,0.8293226957321167,4.4419
2508,i21.bmp,i21_22_4.bmp,0.7847403883934021,3.3721
2509,i21.bmp,i21_22_5.bmp,0.724418044090271,3.0
2510,i21.bmp,i21_23_1.bmp,0.9419598579406738,6.1163
2511,i21.bmp,i21_23_2.bmp,0.8889443874359131,5.9048
2512,i21.bmp,i21_23_3.bmp,0.8165976405143738,5.6744
2513,i21.bmp,i21_23_4.bmp,0.7508043050765991,5.2381
2514,i21.bmp,i21_23_5.bmp,0.6003322601318359,2.8571
2515,i21.bmp,i21_24_1.bmp,0.8953583240509033,5.8837
2516,i21.bmp,i21_24_2.bmp,0.847315788269043,5.7209
2517,i21.bmp,i21_24_3.bmp,0.764702558517456,5.0
2518,i21.bmp,i21_24_4.bmp,0.6458796262741089,3.0732
2519,i21.bmp,i21_24_5.bmp,0.5219142436981201,0.52381
2520,i22.bmp,i22_01_1.bmp,0.9195232391357422,5.8158
2521,i22.bmp,i22_01_2.bmp,0.8829373121261597,5.2368
2522,i22.bmp,i22_01_3.bmp,0.8342589139938354,4.8461
2523,i22.bmp,i22_01_4.bmp,0.789783239364624,4.1579
2524,i22.bmp,i22_01_5.bmp,0.730580747127533,3.718
2525,i22.bmp,i22_02_1.bmp,0.9484387636184692,5.6053
2526,i22.bmp,i22_02_2.bmp,0.9256700277328491,5.8205
2527,i22.bmp,i22_02_3.bmp,0.8902069330215454,5.4737
2528,i22.bmp,i22_02_4.bmp,0.8423153758049011,5.1316
2529,i22.bmp,i22_02_5.bmp,0.7922613024711609,4.5789
2530,i22.bmp,i22_03_1.bmp,0.8435332775115967,4.7949
2531,i22.bmp,i22_03_2.bmp,0.7890571355819702,4.3421
2532,i22.bmp,i22_03_3.bmp,0.7345170974731445,3.6842
2533,i22.bmp,i22_03_4.bmp,0.678991973400116,3.0769
2534,i22.bmp,i22_03_5.bmp,0.6114211082458496,2.7027
2535,i22.bmp,i22_04_1.bmp,0.9789854288101196,5.7692
2536,i22.bmp,i22_04_2.bmp,0.970970869064331,5.718
2537,i22.bmp,i22_04_3.bmp,0.9548141956329346,5.4359
2538,i22.bmp,i22_04_4.bmp,0.9260919094085693,5.0
2539,i22.bmp,i22_04_5.bmp,0.8806277513504028,4.3077
2540,i22.bmp,i22_05_1.bmp,0.9526811838150024,5.8684
2541,i22.bmp,i22_05_2.bmp,0.9301397204399109,5.6842
2542,i22.bmp,i22_05_3.bmp,0.8703529834747314,4.8718
2543,i22.bmp,i22_05_4.bmp,0.7833465337753296,4.1842
2544,i22.bmp,i22_05_5.bmp,0.6792146563529968,3.1842
2545,i22.bmp,i22_06_1.bmp,0.9087626338005066,4.7027
2546,i22.bmp,i22_06_2.bmp,0.8647059202194214,4.2432
2547,i22.bmp,i22_06_3.bmp,0.8216373324394226,3.7632
2548,i22.bmp,i22_06_4.bmp,0.7663101553916931,3.5676
2549,i22.bmp,i22_06_5.bmp,0.7058348059654236,3.2432
2550,i22.bmp,i22_07_1.bmp,0.9057821035385132,5.5897
2551,i22.bmp,i22_07_2.bmp,0.8572344779968262,5.0811
2552,i22.bmp,i22_07_3.bmp,0.8103952407836914,4.5789
2553,i22.bmp,i22_07_4.bmp,0.7466897964477539,3.8947
2554,i22.bmp,i22_07_5.bmp,0.6781738996505737,2.7436
2555,i22.bmp,i22_08_1.bmp,0.9601976871490479,5.4474
2556,i22.bmp,i22_08_2.bmp,0.9136462211608887,4.6316
2557,i22.bmp,i22_08_3.bmp,0.8178908228874207,3.7838
2558,i22.bmp,i22_08_4.bmp,0.6768581867218018,3.1282
2559,i22.bmp,i22_08_5.bmp,0.571167528629303,2.5385
2560,i22.bmp,i22_09_1.bmp,0.8722376227378845,5.8461
2561,i22.bmp,i22_09_2.bmp,0.825890064239502,5.5263
2562,i22.bmp,i22_09_3.bmp,0.7537199854850769,4.6216
2563,i22.bmp,i22_09_4.bmp,0.6710844039916992,3.3333
2564,i22.bmp,i22_09_5.bmp,0.5681697130203247,2.0513
2565,i22.bmp,i22_10_1.bmp,0.9211850166320801,5.8378
2566,i22.bmp,i22_10_2.bmp,0.8872236013412476,5.5897
2567,i22.bmp,i22_10_3.bmp,0.7950977683067322,5.0
2568,i22.bmp,i22_10_4.bmp,0.6648383736610413,3.5897
2569,i22.bmp,i22_10_5.bmp,0.5930643677711487,2.0789
2570,i22.bmp,i22_11_1.bmp,0.904723048210144,5.359
2571,i22.bmp,i22_11_2.bmp,0.8346781730651855,5.5128
2572,i22.bmp,i22_11_3.bmp,0.7062556147575378,4.2632
2573,i22.bmp,i22_11_4.bmp,0.5759001970291138,2.6316
2574,i22.bmp,i22_11_5.bmp,0.4921531081199646,0.86842
2575,i22.bmp,i22_12_1.bmp,0.8971352577209473,5.2632
2576,i22.bmp,i22_12_2.bmp,0.9156097173690796,5.7692
2577,i22.bmp,i22_12_3.bmp,0.8892986178398132,5.7436
2578,i22.bmp,i22_12_4.bmp,0.7925225496292114,4.3684
2579,i22.bmp,i22_12_5.bmp,0.6761583089828491,2.7632
2580,i22.bmp,i22_13_1.bmp,0.8946639895439148,5.2564
2581,i22.bmp,i22_13_2.bmp,0.809750497341156,4.4359
2582,i22.bmp,i22_13_3.bmp,0.752821147441864,3.6842
2583,i22.bmp,i22_13_4.bmp,0.6764731407165527,2.8718
2584,i22.bmp,i22_13_5.bmp,0.6352410316467285,2.5128
2585,i22.bmp,i22_14_1.bmp,0.952704668045044,5.7692
2586,i22.bmp,i22_14_2.bmp,0.9708316326141357,5.8611
2587,i22.bmp,i22_14_3.bmp,0.9448398351669312,5.7632
2588,i22.bmp,i22_14_4.bmp,0.8988725543022156,4.6216
2589,i22.bmp,i22_14_5.bmp,0.862250030040741,4.1026
2590,i22.bmp,i22_15_1.bmp,0.8771839141845703,3.0526
2591,i22.bmp,i22_15_2.bmp,0.8953660726547241,3.0263
2592,i22.bmp,i22_15_3.bmp,0.9085871577262878,3.2162
2593,i22.bmp,i22_15_4.bmp,0.9330452680587769,3.3947
2594,i22.bmp,i22_15_5.bmp,0.9479564428329468,3.7368
2595,i22.bmp,i22_16_1.bmp,0.9911345839500427,5.8649
2596,i22.bmp,i22_16_2.bmp,0.9838085174560547,5.4103
2597,i22.bmp,i22_16_3.bmp,0.9588114023208618,6.0513
2598,i22.bmp,i22_16_4.bmp,0.9423670768737793,4.6053
2599,i22.bmp,i22_16_5.bmp,0.900987982749939,5.2564
2600,i22.bmp,i22_17_1.bmp,0.9757187366485596,5.3333
2601,i22.bmp,i22_17_2.bmp,0.9500501155853271,6.0
2602,i22.bmp,i22_17_3.bmp,0.920150637626648,4.2222
2603,i22.bmp,i22_17_4.bmp,0.881885290145874,6.2308
2604,i22.bmp,i22_17_5.bmp,0.78473299741745,3.3784
2605,i22.bmp,i22_18_1.bmp,0.9532427787780762,5.1539
2606,i22.bmp,i22_18_2.bmp,0.9277231097221375,4.6842
2607,i22.bmp,i22_18_3.bmp,0.8822543025016785,4.2368
2608,i22.bmp,i22_18_4.bmp,0.8076812028884888,3.7632
2609,i22.bmp,i22_18_5.bmp,0.701958417892456,3.25
2610,i22.bmp,i22_19_1.bmp,0.9247271418571472,5.1316
2611,i22.bmp,i22_19_2.bmp,0.8992912173271179,5.1316
2612,i22.bmp,i22_19_3.bmp,0.8523356318473816,4.6667
2613,i22.bmp,i22_19_4.bmp,0.8003703355789185,4.0
2614,i22.bmp,i22_19_5.bmp,0.7374936938285828,3.5897
2615,i22.bmp,i22_20_1.bmp,0.9498192667961121,5.7105
2616,i22.bmp,i22_20_2.bmp,0.9231560230255127,5.7368
2617,i22.bmp,i22_20_3.bmp,0.8640986680984497,5.5526
2618,i22.bmp,i22_20_4.bmp,0.7747166156768799,4.8974
2619,i22.bmp,i22_20_5.bmp,0.6814388036727905,3.6486
2620,i22.bmp,i22_21_1.bmp,0.8880793452262878,5.5789
2621,i22.bmp,i22_21_2.bmp,0.8284915685653687,5.0263
2622,i22.bmp,i22_21_3.bmp,0.7718714475631714,4.6579
2623,i22.bmp,i22_21_4.bmp,0.702751636505127,3.5641
2624,i22.bmp,i22_21_5.bmp,0.6130363345146179,2.6316
2625,i22.bmp,i22_22_1.bmp,0.9352686405181885,5.9231
2626,i22.bmp,i22_22_2.bmp,0.8949962854385376,5.3514
2627,i22.bmp,i22_22_3.bmp,0.8503044843673706,4.8974
2628,i22.bmp,i22_22_4.bmp,0.7730943560600281,4.4474
2629,i22.bmp,i22_22_5.bmp,0.6593958735466003,2.8947
2630,i22.bmp,i22_23_1.bmp,0.9509036540985107,6.3243
2631,i22.bmp,i22_23_2.bmp,0.9026974439620972,6.1316
2632,i22.bmp,i22_23_3.bmp,0.8145840167999268,5.2105
2633,i22.bmp,i22_23_4.bmp,0.7173161506652832,4.4359
2634,i22.bmp,i22_23_5.bmp,0.5491721034049988,2.1026
2635,i22.bmp,i22_24_1.bmp,0.893606424331665,5.8205
2636,i22.bmp,i22_24_2.bmp,0.8264412879943848,5.4211
2637,i22.bmp,i22_24_3.bmp,0.7221741676330566,4.2162
2638,i22.bmp,i22_24_4.bmp,0.5868358016014099,2.2564
2639,i22.bmp,i22_24_5.bmp,0.4878227412700653,0.36842
2640,i23.bmp,i23_01_1.bmp,0.8924629092216492,5.6857
2641,i23.bmp,i23_01_2.bmp,0.853033721446991,5.0571
2642,i23.bmp,i23_01_3.bmp,0.8076902627944946,4.7647
2643,i23.bmp,i23_01_4.bmp,0.7511682510375977,4.0857
2644,i23.bmp,i23_01_5.bmp,0.6955260038375854,3.7353
2645,i23.bmp,i23_02_1.bmp,0.9280489683151245,6.1471
2646,i23.bmp,i23_02_2.bmp,0.9015340209007263,5.8485
2647,i23.bmp,i23_02_3.bmp,0.8640279769897461,5.4571
2648,i23.bmp,i23_02_4.bmp,0.8171796202659607,5.0286
2649,i23.bmp,i23_02_5.bmp,0.766546368598938,4.3235
2650,i23.bmp,i23_03_1.bmp,0.8207505941390991,4.6177
2651,i23.bmp,i23_03_2.bmp,0.7654301524162292,4.1714
2652,i23.bmp,i23_03_3.bmp,0.7053207755088806,3.5588
2653,i23.bmp,i23_03_4.bmp,0.654772162437439,3.2647
2654,i23.bmp,i23_03_5.bmp,0.5962592959403992,2.6765
2655,i23.bmp,i23_04_1.bmp,0.9758890867233276,5.6177
2656,i23.bmp,i23_04_2.bmp,0.9680389165878296,5.6471
2657,i23.bmp,i23_04_3.bmp,0.9526398181915283,5.3235
2658,i23.bmp,i23_04_4.bmp,0.9224209785461426,4.7941
2659,i23.bmp,i23_04_5.bmp,0.8716034293174744,4.5294
2660,i23.bmp,i23_05_1.bmp,0.932818591594696,6.0571
2661,i23.bmp,i23_05_2.bmp,0.9054803252220154,5.5
2662,i23.bmp,i23_05_3.bmp,0.8377572894096375,5.0909
2663,i23.bmp,i23_05_4.bmp,0.752816379070282,4.3143
2664,i23.bmp,i23_05_5.bmp,0.6575853824615479,3.3529
2665,i23.bmp,i23_06_1.bmp,0.8621772527694702,4.6177
2666,i23.bmp,i23_06_2.bmp,0.8185737133026123,4.3529
2667,i23.bmp,i23_06_3.bmp,0.7799224853515625,4.0294
2668,i23.bmp,i23_06_4.bmp,0.7306138873100281,3.6176
2669,i23.bmp,i23_06_5.bmp,0.6813238859176636,3.2941
2670,i23.bmp,i23_07_1.bmp,0.8575426340103149,4.9706
2671,i23.bmp,i23_07_2.bmp,0.7978442907333374,3.8485
2672,i23.bmp,i23_07_3.bmp,0.7452043890953064,3.6857
2673,i23.bmp,i23_07_4.bmp,0.6932427883148193,3.4412
2674,i23.bmp,i23_07_5.bmp,0.6431600451469421,2.7879
2675,i23.bmp,i23_08_1.bmp,0.9661301374435425,5.9429
2676,i23.bmp,i23_08_2.bmp,0.9391791224479675,5.5294
2677,i23.bmp,i23_08_3.bmp,0.8765354156494141,4.6765
2678,i23.bmp,i23_08_4.bmp,0.7705146074295044,3.9412
2679,i23.bmp,i23_08_5.bmp,0.6688309907913208,2.7714
2680,i23.bmp,i23_09_1.bmp,0.8709070086479187,6.697
2681,i23.bmp,i23_09_2.bmp,0.8346314430236816,6.0571
2682,i23.bmp,i23_09_3.bmp,0.7905508875846863,5.7059
2683,i23.bmp,i23_09_4.bmp,0.7222107648849487,4.2647
2684,i23.bmp,i23_09_5.bmp,0.6283495426177979,2.6471
2685,i23.bmp,i23_10_1.bmp,0.9266697764396667,5.9714
2686,i23.bmp,i23_10_2.bmp,0.8925468325614929,5.7941
2687,i23.bmp,i23_10_3.bmp,0.8085737228393555,5.0294
2688,i23.bmp,i23_10_4.bmp,0.6871218681335449,3.6471
2689,i23.bmp,i23_10_5.bmp,0.6094285249710083,2.4
2690,i23.bmp,i23_11_1.bmp,0.8352985382080078,5.2571
2691,i23.bmp,i23_11_2.bmp,0.7448147535324097,4.5714
2692,i23.bmp,i23_11_3.bmp,0.6702284812927246,3.1176
2693,i23.bmp,i23_11_4.bmp,0.61506187915802,2.2424
2694,i23.bmp,i23_11_5.bmp,0.5559622049331665,0.82353
2695,i23.bmp,i23_12_1.bmp,0.908510684967041,5.9697
2696,i23.bmp,i23_12_2.bmp,0.8730770945549011,5.7429
2697,i23.bmp,i23_12_3.bmp,0.8214061260223389,3.8
2698,i23.bmp,i23_12_4.bmp,0.7471733093261719,2.8857
2699,i23.bmp,i23_12_5.bmp,0.6345736384391785,1.8571
2700,i23.bmp,i23_13_1.bmp,0.8857678771018982,4.5429
2701,i23.bmp,i23_13_2.bmp,0.7692491412162781,4.1515
2702,i23.bmp,i23_13_3.bmp,0.7136497497558594,3.3429
2703,i23.bmp,i23_13_4.bmp,0.6426643133163452,2.4706
2704,i23.bmp,i23_13_5.bmp,0.6053916811943054,2.5882
2705,i23.bmp,i23_14_1.bmp,0.9463540315628052,6.0857
2706,i23.bmp,i23_14_2.bmp,0.972939670085907,6.2941
2707,i23.bmp,i23_14_3.bmp,0.953021228313446,5.0588
2708,i23.bmp,i23_14_4.bmp,0.9128912687301636,5.0588
2709,i23.bmp,i23_14_5.bmp,0.8776246309280396,3.6
2710,i23.bmp,i23_15_1.bmp,0.8725087642669678,2.9429
2711,i23.bmp,i23_15_2.bmp,0.88654625415802,2.9714
2712,i23.bmp,i23_15_3.bmp,0.9052376747131348,3.2571
2713,i23.bmp,i23_15_4.bmp,0.9378291964530945,3.4118
2714,i23.bmp,i23_15_5.bmp,0.9524698257446289,3.6286
2715,i23.bmp,i23_16_1.bmp,0.9918757677078247,6.3333
2716,i23.bmp,i23_16_2.bmp,0.9821276068687439,5.8286
2717,i23.bmp,i23_16_3.bmp,0.9689528942108154,5.8235
2718,i23.bmp,i23_16_4.bmp,0.9403496980667114,5.2
2719,i23.bmp,i23_16_5.bmp,0.9320353269577026,5.7143
2720,i23.bmp,i23_17_1.bmp,0.9728509783744812,5.6667
2721,i23.bmp,i23_17_2.bmp,0.9426590800285339,6.8
2722,i23.bmp,i23_17_3.bmp,0.9192842245101929,4.8286
2723,i23.bmp,i23_17_4.bmp,0.8756844997406006,6.6857
2724,i23.bmp,i23_17_5.bmp,0.7903323173522949,3.8824
2725,i23.bmp,i23_18_1.bmp,0.9638793468475342,5.7647
2726,i23.bmp,i23_18_2.bmp,0.950969934463501,5.6471
2727,i23.bmp,i23_18_3.bmp,0.9301770925521851,5.4412
2728,i23.bmp,i23_18_4.bmp,0.892418384552002,5.0571
2729,i23.bmp,i23_18_5.bmp,0.8274843692779541,4.3823
2730,i23.bmp,i23_19_1.bmp,0.876075267791748,5.7143
2731,i23.bmp,i23_19_2.bmp,0.8313970565795898,4.9714
2732,i23.bmp,i23_19_3.bmp,0.7829954624176025,4.6177
2733,i23.bmp,i23_19_4.bmp,0.7292883396148682,3.8857
2734,i23.bmp,i23_19_5.bmp,0.6691184043884277,3.4286
2735,i23.bmp,i23_20_1.bmp,0.9029414653778076,5.6
2736,i23.bmp,i23_20_2.bmp,0.8355134725570679,5.0882
2737,i23.bmp,i23_20_3.bmp,0.7653805017471313,4.0938
2738,i23.bmp,i23_20_4.bmp,0.7035660743713379,3.3429
2739,i23.bmp,i23_20_5.bmp,0.6562380194664001,2.6571
2740,i23.bmp,i23_21_1.bmp,0.8512264490127563,5.6
2741,i23.bmp,i23_21_2.bmp,0.809502363204956,4.7941
2742,i23.bmp,i23_21_3.bmp,0.7515451312065125,4.1212
2743,i23.bmp,i23_21_4.bmp,0.6893482208251953,3.5143
2744,i23.bmp,i23_21_5.bmp,0.6092027425765991,2.4118
2745,i23.bmp,i23_22_1.bmp,0.9201825857162476,6.1765
2746,i23.bmp,i23_22_2.bmp,0.8819272518157959,5.8857
2747,i23.bmp,i23_22_3.bmp,0.8405720591545105,5.0294
2748,i23.bmp,i23_22_4.bmp,0.7814223766326904,4.6471
2749,i23.bmp,i23_22_5.bmp,0.7081395983695984,4.0
2750,i23.bmp,i23_23_1.bmp,0.9379798769950867,6.303
2751,i23.bmp,i23_23_2.bmp,0.8728110790252686,5.9118
2752,i23.bmp,i23_23_3.bmp,0.7827360033988953,5.1714
2753,i23.bmp,i23_23_4.bmp,0.6950905323028564,3.7576
2754,i23.bmp,i23_23_5.bmp,0.6162891983985901,3.0
2755,i23.bmp,i23_24_1.bmp,0.8351759910583496,5.8529
2756,i23.bmp,i23_24_2.bmp,0.7690577507019043,4.7353
2757,i23.bmp,i23_24_3.bmp,0.6865283846855164,3.6765
2758,i23.bmp,i23_24_4.bmp,0.5941240787506104,1.7273
2759,i23.bmp,i23_24_5.bmp,0.5553678274154663,0.78788
2760,i24.bmp,i24_01_1.bmp,0.8956890106201172,5.8857
2761,i24.bmp,i24_01_2.bmp,0.846349835395813,5.0556
2762,i24.bmp,i24_01_3.bmp,0.7860185503959656,4.7222
2763,i24.bmp,i24_01_4.bmp,0.7281697988510132,4.1429
2764,i24.bmp,i24_01_5.bmp,0.6583515405654907,3.5833
2765,i24.bmp,i24_02_1.bmp,0.933552622795105,6.4444
2766,i24.bmp,i24_02_2.bmp,0.9020167589187622,5.9118
2767,i24.bmp,i24_02_3.bmp,0.8554710149765015,5.1389
2768,i24.bmp,i24_02_4.bmp,0.7962745428085327,5.0857
2769,i24.bmp,i24_02_5.bmp,0.7337688207626343,4.5278
2770,i24.bmp,i24_03_1.bmp,0.8042156100273132,4.8
2771,i24.bmp,i24_03_2.bmp,0.7412421107292175,4.2571
2772,i24.bmp,i24_03_3.bmp,0.6765130758285522,3.8286
2773,i24.bmp,i24_03_4.bmp,0.6087974309921265,3.2857
2774,i24.bmp,i24_03_5.bmp,0.552586555480957,2.6944
2775,i24.bmp,i24_04_1.bmp,0.9827694892883301,5.8571
2776,i24.bmp,i24_04_2.bmp,0.9768559336662292,5.8333
2777,i24.bmp,i24_04_3.bmp,0.9660125970840454,5.5294
2778,i24.bmp,i24_04_4.bmp,0.9460858106613159,5.1667
2779,i24.bmp,i24_04_5.bmp,0.909186840057373,4.5714
2780,i24.bmp,i24_05_1.bmp,0.9429383277893066,5.8056
2781,i24.bmp,i24_05_2.bmp,0.9110912680625916,5.3333
2782,i24.bmp,i24_05_3.bmp,0.8302804231643677,5.1389
2783,i24.bmp,i24_05_4.bmp,0.7282206416130066,4.0286
2784,i24.bmp,i24_05_5.bmp,0.6146081686019897,3.25
2785,i24.bmp,i24_06_1.bmp,0.9132398366928101,4.6471
2786,i24.bmp,i24_06_2.bmp,0.8778160810470581,4.3714
2787,i24.bmp,i24_06_3.bmp,0.8185479044914246,3.9714
2788,i24.bmp,i24_06_4.bmp,0.7547149658203125,3.6667
2789,i24.bmp,i24_06_5.bmp,0.6769479513168335,3.2857
2790,i24.bmp,i24_07_1.bmp,0.879001796245575,5.5278
2791,i24.bmp,i24_07_2.bmp,0.825276792049408,4.5714
2792,i24.bmp,i24_07_3.bmp,0.7765355110168457,4.0882
2793,i24.bmp,i24_07_4.bmp,0.7080658674240112,2.8857
2794,i24.bmp,i24_07_5.bmp,0.6533807516098022,2.4444
2795,i24.bmp,i24_08_1.bmp,0.9628019332885742,5.9444
2796,i24.bmp,i24_08_2.bmp,0.9177298545837402,4.9714
2797,i24.bmp,i24_08_3.bmp,0.8111785650253296,4.0571
2798,i24.bmp,i24_08_4.bmp,0.6540641188621521,3.1765
2799,i24.bmp,i24_08_5.bmp,0.533202052116394,2.6176
2800,i24.bmp,i24_09_1.bmp,0.8871111273765564,6.0
2801,i24.bmp,i24_09_2.bmp,0.8426448702812195,5.2941
2802,i24.bmp,i24_09_3.bmp,0.7562463283538818,4.5278
2803,i24.bmp,i24_09_4.bmp,0.6353322863578796,3.3889
2804,i24.bmp,i24_09_5.bmp,0.524061918258667,2.0
2805,i24.bmp,i24_10_1.bmp,0.9196263551712036,5.8857
2806,i24.bmp,i24_10_2.bmp,0.8788792490959167,5.8286
2807,i24.bmp,i24_10_3.bmp,0.7922871112823486,4.6571
2808,i24.bmp,i24_10_4.bmp,0.6704214811325073,3.2778
2809,i24.bmp,i24_10_5.bmp,0.5934040546417236,1.8529
2810,i24.bmp,i24_11_1.bmp,0.8961514234542847,5.4
2811,i24.bmp,i24_11_2.bmp,0.8277503252029419,4.697
2812,i24.bmp,i24_11_3.bmp,0.7237130403518677,4.0294
2813,i24.bmp,i24_11_4.bmp,0.5565041303634644,2.5714
2814,i24.bmp,i24_11_5.bmp,0.4736614227294922,0.91667
2815,i24.bmp,i24_12_1.bmp,0.8799581527709961,5.6857
2816,i24.bmp,i24_12_2.bmp,0.9658905863761902,6.0857
2817,i24.bmp,i24_12_3.bmp,0.9026151895523071,5.4848
2818,i24.bmp,i24_12_4.bmp,0.7360538840293884,3.5
2819,i24.bmp,i24_12_5.bmp,0.6329604983329773,2.5833
2820,i24.bmp,i24_13_1.bmp,0.8761048316955566,4.0588
2821,i24.bmp,i24_13_2.bmp,0.7579900622367859,3.7429
2822,i24.bmp,i24_13_3.bmp,0.6981441378593445,3.3143
2823,i24.bmp,i24_13_4.bmp,0.6066774725914001,2.8889
2824,i24.bmp,i24_13_5.bmp,0.6283836364746094,2.5
2825,i24.bmp,i24_14_1.bmp,0.9515300989151001,6.0
2826,i24.bmp,i24_14_2.bmp,0.9836470484733582,5.9714
2827,i24.bmp,i24_14_3.bmp,0.9571458697319031,5.3429
2828,i24.bmp,i24_14_4.bmp,0.9162988662719727,5.1389
2829,i24.bmp,i24_14_5.bmp,0.886472225189209,4.6389
2830,i24.bmp,i24_15_1.bmp,0.9137415885925293,4.0278
2831,i24.bmp,i24_15_2.bmp,0.9268609881401062,4.4
2832,i24.bmp,i24_15_3.bmp,0.9271364212036133,3.8857
2833,i24.bmp,i24_15_4.bmp,0.9440614581108093,3.6667
2834,i24.bmp,i24_15_5.bmp,0.9409713745117188,3.3889
2835,i24.bmp,i24_16_1.bmp,0.9931378364562988,5.9714
2836,i24.bmp,i24_16_2.bmp,0.9888769388198853,6.1111
2837,i24.bmp,i24_16_3.bmp,0.967718243598938,5.4571
2838,i24.bmp,i24_16_4.bmp,0.9625551104545593,5.6111
2839,i24.bmp,i24_16_5.bmp,0.9111649394035339,4.8857
2840,i24.bmp,i24_17_1.bmp,0.9807195663452148,5.75
2841,i24.bmp,i24_17_2.bmp,0.9657628536224365,6.4722
2842,i24.bmp,i24_17_3.bmp,0.9384316205978394,4.8056
2843,i24.bmp,i24_17_4.bmp,0.9153188467025757,6.7222
2844,i24.bmp,i24_17_5.bmp,0.8155471682548523,3.6
2845,i24.bmp,i24_18_1.bmp,0.9267227649688721,4.8
2846,i24.bmp,i24_18_2.bmp,0.8794774413108826,4.3939
2847,i24.bmp,i24_18_3.bmp,0.8145911693572998,3.9118
2848,i24.bmp,i24_18_4.bmp,0.7839460372924805,4.1143
2849,i24.bmp,i24_18_5.bmp,0.7745155096054077,3.7941
2850,i24.bmp,i24_19_1.bmp,0.8994534015655518,5.5714
2851,i24.bmp,i24_19_2.bmp,0.8540065288543701,5.1765
2852,i24.bmp,i24_19_3.bmp,0.7945120334625244,4.7778
2853,i24.bmp,i24_19_4.bmp,0.7364411354064941,4.0882
2854,i24.bmp,i24_19_5.bmp,0.6645911931991577,3.8571
2855,i24.bmp,i24_20_1.bmp,0.9329965114593506,6.1429
2856,i24.bmp,i24_20_2.bmp,0.8861421346664429,5.6111
2857,i24.bmp,i24_20_3.bmp,0.8148205280303955,5.1714
2858,i24.bmp,i24_20_4.bmp,0.7237314581871033,4.0286
2859,i24.bmp,i24_20_5.bmp,0.658413290977478,3.5143
2860,i24.bmp,i24_21_1.bmp,0.85209059715271,5.7778
2861,i24.bmp,i24_21_2.bmp,0.77951979637146,4.8286
2862,i24.bmp,i24_21_3.bmp,0.7113156318664551,4.1429
2863,i24.bmp,i24_21_4.bmp,0.6432806849479675,3.3611
2864,i24.bmp,i24_21_5.bmp,0.5728471279144287,2.6857
2865,i24.bmp,i24_22_1.bmp,0.9246504306793213,5.7714
2866,i24.bmp,i24_22_2.bmp,0.8823129534721375,5.0294
2867,i24.bmp,i24_22_3.bmp,0.8069695830345154,4.6177
2868,i24.bmp,i24_22_4.bmp,0.6780408620834351,3.3333
2869,i24.bmp,i24_22_5.bmp,0.6156482100486755,2.7429
2870,i24.bmp,i24_23_1.bmp,0.9421007633209229,5.8
2871,i24.bmp,i24_23_2.bmp,0.8893660306930542,6.0278
2872,i24.bmp,i24_23_3.bmp,0.8170215487480164,5.6857
2873,i24.bmp,i24_23_4.bmp,0.7407737970352173,5.0882
2874,i24.bmp,i24_23_5.bmp,0.5327202677726746,2.2941
2875,i24.bmp,i24_24_1.bmp,0.8792571425437927,5.7059
2876,i24.bmp,i24_24_2.bmp,0.7941898107528687,5.3429
2877,i24.bmp,i24_24_3.bmp,0.7016457319259644,4.3429
2878,i24.bmp,i24_24_4.bmp,0.5866087675094604,2.7429
2879,i24.bmp,i24_24_5.bmp,0.4849831461906433,0.41667
2880,i25.bmp,i25_01_1.bmp,0.8949474096298218,5.1429
2881,i25.bmp,i25_01_2.bmp,0.8710240125656128,4.6765
2882,i25.bmp,i25_01_3.bmp,0.8449374437332153,4.4
2883,i25.bmp,i25_01_4.bmp,0.8130852580070496,3.8857
2884,i25.bmp,i25_01_5.bmp,0.7783717513084412,3.4444
2885,i25.bmp,i25_02_1.bmp,0.9253701567649841,5.5429
2886,i25.bmp,i25_02_2.bmp,0.9053256511688232,5.2778
2887,i25.bmp,i25_02_3.bmp,0.8801851272583008,5.25
2888,i25.bmp,i25_02_4.bmp,0.852374255657196,4.4571
2889,i25.bmp,i25_02_5.bmp,0.8201894164085388,3.7714
2890,i25.bmp,i25_03_1.bmp,0.8515450358390808,4.0
2891,i25.bmp,i25_03_2.bmp,0.8260515928268433,3.5833
2892,i25.bmp,i25_03_3.bmp,0.7932206988334656,3.25
2893,i25.bmp,i25_03_4.bmp,0.7572544813156128,2.9143
2894,i25.bmp,i25_03_5.bmp,0.7120494842529297,2.4167
2895,i25.bmp,i25_04_1.bmp,0.9558560252189636,6.3939
2896,i25.bmp,i25_04_2.bmp,0.95378178358078,6.1667
2897,i25.bmp,i25_04_3.bmp,0.9439620971679688,5.8889
2898,i25.bmp,i25_04_4.bmp,0.9261573553085327,5.5
2899,i25.bmp,i25_04_5.bmp,0.8935182094573975,5.2353
2900,i25.bmp,i25_05_1.bmp,0.9246432781219482,5.3333
2901,i25.bmp,i25_05_2.bmp,0.9026919603347778,5.2571
2902,i25.bmp,i25_05_3.bmp,0.861376166343689,4.6111
2903,i25.bmp,i25_05_4.bmp,0.807671308517456,3.8571
2904,i25.bmp,i25_05_5.bmp,0.7305196523666382,2.75
2905,i25.bmp,i25_06_1.bmp,0.8922780752182007,4.4
2906,i25.bmp,i25_06_2.bmp,0.8615083694458008,4.2857
2907,i25.bmp,i25_06_3.bmp,0.8303513526916504,3.7059
2908,i25.bmp,i25_06_4.bmp,0.7937859892845154,3.4722
2909,i25.bmp,i25_06_5.bmp,0.7452980875968933,3.0278
2910,i25.bmp,i25_07_1.bmp,0.9042348861694336,3.5
2911,i25.bmp,i25_07_2.bmp,0.8876690864562988,3.1429
2912,i25.bmp,i25_07_3.bmp,0.9025377035140991,3.0303
2913,i25.bmp,i25_07_4.bmp,0.8506190776824951,2.7143
2914,i25.bmp,i25_07_5.bmp,0.8341016173362732,2.7429
2915,i25.bmp,i25_08_1.bmp,0.9114854335784912,5.5294
2916,i25.bmp,i25_08_2.bmp,0.8650493621826172,5.0556
2917,i25.bmp,i25_08_3.bmp,0.7720688581466675,4.2941
2918,i25.bmp,i25_08_4.bmp,0.6535524129867554,3.1765
2919,i25.bmp,i25_08_5.bmp,0.5798110365867615,1.9444
2920,i25.bmp,i25_09_1.bmp,0.965238094329834,5.8333
2921,i25.bmp,i25_09_2.bmp,0.9473296999931335,5.2
2922,i25.bmp,i25_09_3.bmp,0.9083110094070435,4.2286
2923,i25.bmp,i25_09_4.bmp,0.8424462676048279,3.1176
2924,i25.bmp,i25_09_5.bmp,0.7129330039024353,1.3333
2925,i25.bmp,i25_10_1.bmp,0.9414983987808228,5.8571
2926,i25.bmp,i25_10_2.bmp,0.9105566740036011,5.5714
2927,i25.bmp,i25_10_3.bmp,0.8776771426200867,4.2571
2928,i25.bmp,i25_10_4.bmp,0.7898265719413757,2.1471
2929,i25.bmp,i25_10_5.bmp,0.7216886878013611,1.4722
2930,i25.bmp,i25_11_1.bmp,0.9661592841148376,6.0857
2931,i25.bmp,i25_11_2.bmp,0.9520463943481445,5.8611
2932,i25.bmp,i25_11_3.bmp,0.9247271418571472,5.3611
2933,i25.bmp,i25_11_4.bmp,0.8944200277328491,4.9722
2934,i25.bmp,i25_11_5.bmp,0.8403889536857605,4.6
2935,i25.bmp,i25_12_1.bmp,0.9440813064575195,6.0278
2936,i25.bmp,i25_12_2.bmp,0.9456933736801147,5.8
2937,i25.bmp,i25_12_3.bmp,0.9049317836761475,4.8333
2938,i25.bmp,i25_12_4.bmp,0.9100436568260193,5.0303
2939,i25.bmp,i25_12_5.bmp,0.8880689144134521,4.6667
2940,i25.bmp,i25_13_1.bmp,0.8909911513328552,4.8286
2941,i25.bmp,i25_13_2.bmp,0.9090741872787476,5.7143
2942,i25.bmp,i25_13_3.bmp,0.8146912455558777,3.6857
2943,i25.bmp,i25_13_4.bmp,0.8693943023681641,4.5714
2944,i25.bmp,i25_13_5.bmp,0.845065712928772,3.0286
2945,i25.bmp,i25_14_1.bmp,0.9396476745605469,5.7143
2946,i25.bmp,i25_14_2.bmp,0.9184386134147644,5.1429
2947,i25.bmp,i25_14_3.bmp,0.9051016569137573,5.0882
2948,i25.bmp,i25_14_4.bmp,0.8663341403007507,3.8286
2949,i25.bmp,i25_14_5.bmp,0.8437070846557617,3.1111
2950,i25.bmp,i25_15_1.bmp,0.8580262064933777,3.2778
2951,i25.bmp,i25_15_2.bmp,0.8583486080169678,2.9394
2952,i25.bmp,i25_15_3.bmp,0.8767902255058289,3.5278
2953,i25.bmp,i25_15_4.bmp,0.8855001330375671,3.9706
2954,i25.bmp,i25_15_5.bmp,0.8941978812217712,4.1429
2955,i25.bmp,i25_16_1.bmp,0.9545725584030151,5.9167
2956,i25.bmp,i25_16_2.bmp,0.9672924876213074,6.4167
2957,i25.bmp,i25_16_3.bmp,0.9359920024871826,5.7714
2958,i25.bmp,i25_16_4.bmp,0.9161788821220398,5.5556
2959,i25.bmp,i25_16_5.bmp,0.9061011075973511,4.4706
2960,i25.bmp,i25_17_1.bmp,0.9284740686416626,5.6111
2961,i25.bmp,i25_17_2.bmp,0.9906117916107178,6.8571
2962,i25.bmp,i25_17_3.bmp,0.8978587985038757,4.4857
2963,i25.bmp,i25_17_4.bmp,0.9176968336105347,6.3889
2964,i25.bmp,i25_17_5.bmp,0.7920643091201782,3.2857
2965,i25.bmp,i25_18_1.bmp,0.9404754042625427,5.6111
2966,i25.bmp,i25_18_2.bmp,0.947058379650116,5.0588
2967,i25.bmp,i25_18_3.bmp,0.9350430369377136,4.4444
2968,i25.bmp,i25_18_4.bmp,0.881392240524292,4.0
2969,i25.bmp,i25_18_5.bmp,0.8406978845596313,2.6765
2970,i25.bmp,i25_19_1.bmp,0.9055022597312927,5.1667
2971,i25.bmp,i25_19_2.bmp,0.8806366920471191,4.2857
2972,i25.bmp,i25_19_3.bmp,0.8520158529281616,3.8333
2973,i25.bmp,i25_19_4.bmp,0.8218165636062622,3.7941
2974,i25.bmp,i25_19_5.bmp,0.781368613243103,3.3429
2975,i25.bmp,i25_20_1.bmp,0.9572405815124512,5.6765
2976,i25.bmp,i25_20_2.bmp,0.9471135139465332,5.5429
2977,i25.bmp,i25_20_3.bmp,0.9329435229301453,5.0
2978,i25.bmp,i25_20_4.bmp,0.916757345199585,4.9722
2979,i25.bmp,i25_20_5.bmp,0.8785010576248169,4.0571
2980,i25.bmp,i25_21_1.bmp,0.9126161932945251,5.1714
2981,i25.bmp,i25_21_2.bmp,0.8786615133285522,4.4571
2982,i25.bmp,i25_21_3.bmp,0.8878844976425171,4.8857
2983,i25.bmp,i25_21_4.bmp,0.7961024045944214,3.4286
2984,i25.bmp,i25_21_5.bmp,0.7575547099113464,2.9143
2985,i25.bmp,i25_22_1.bmp,0.9203631281852722,4.8056
2986,i25.bmp,i25_22_2.bmp,0.9032542705535889,4.25
2987,i25.bmp,i25_22_3.bmp,0.8752009868621826,3.7941
2988,i25.bmp,i25_22_4.bmp,0.8531922101974487,3.4
2989,i25.bmp,i25_22_5.bmp,0.8337807655334473,2.7941
2990,i25.bmp,i25_23_1.bmp,0.9366412162780762,6.3056
2991,i25.bmp,i25_23_2.bmp,0.929672122001648,6.2778
2992,i25.bmp,i25_23_3.bmp,0.9195717573165894,6.1714
2993,i25.bmp,i25_23_4.bmp,0.9084523916244507,6.1429
2994,i25.bmp,i25_23_5.bmp,0.8952417373657227,5.9714
2995,i25.bmp,i25_24_1.bmp,0.9330817461013794,5.6571
2996,i25.bmp,i25_24_2.bmp,0.9102446436882019,5.4444
2997,i25.bmp,i25_24_3.bmp,0.876497745513916,4.6286
2998,i25.bmp,i25_24_4.bmp,0.8335131406784058,4.0278
2999,i25.bmp,i25_24_5.bmp,0.7702690362930298,2.7714
