idx,ref_img_path,dis_img_path,score,mos_label
0,i01.bmp,i01_01_1.bmp,0.9268695116043091,5.5143
1,i01.bmp,i01_01_2.bmp,0.9025177955627441,5.5676
2,i01.bmp,i01_01_3.bmp,0.8750190734863281,4.9444
3,i01.bmp,i01_01_4.bmp,0.8459118008613586,4.3784
4,i01.bmp,i01_01_5.bmp,0.8164257407188416,3.8649
5,i01.bmp,i01_02_1.bmp,0.940743088722229,6.0286
6,i01.bmp,i01_02_2.bmp,0.9212619662284851,6.1081
7,i01.bmp,i01_02_3.bmp,0.8952717185020447,5.3889
8,i01.bmp,i01_02_4.bmp,0.869438648223877,4.7143
9,i01.bmp,i01_02_5.bmp,0.8419910669326782,4.3611
10,i01.bmp,i01_03_1.bmp,0.8720476031303406,4.7714
11,i01.bmp,i01_03_2.bmp,0.8435503244400024,4.2703
12,i01.bmp,i01_03_3.bmp,0.8146610260009766,3.7027
13,i01.bmp,i01_03_4.bmp,0.7849268317222595,3.1944
14,i01.bmp,i01_03_5.bmp,0.75643390417099,2.7143
15,i01.bmp,i01_04_1.bmp,0.9782693982124329,5.9714
16,i01.bmp,i01_04_2.bmp,0.9710344672203064,5.7568
17,i01.bmp,i01_04_3.bmp,0.9597423672676086,5.2703
18,i01.bmp,i01_04_4.bmp,0.9453396201133728,5.2432
19,i01.bmp,i01_04_5.bmp,0.9218908548355103,4.7143
20,i01.bmp,i01_05_1.bmp,0.9553157687187195,5.9189
21,i01.bmp,i01_05_2.bmp,0.9384711384773254,5.7027
22,i01.bmp,i01_05_3.bmp,0.9005963206291199,5.0833
23,i01.bmp,i01_05_4.bmp,0.8525442481040955,4.1389
24,i01.bmp,i01_05_5.bmp,0.7986819744110107,3.1389
25,i01.bmp,i01_06_1.bmp,0.938586413860321,4.0
26,i01.bmp,i01_06_2.bmp,0.9120198488235474,3.8919
27,i01.bmp,i01_06_3.bmp,0.8817209601402283,3.7297
28,i01.bmp,i01_06_4.bmp,0.8487097024917603,3.4857
29,i01.bmp,i01_06_5.bmp,0.8162016868591309,2.9444
30,i01.bmp,i01_07_1.bmp,0.9235822558403015,5.0833
31,i01.bmp,i01_07_2.bmp,0.8954851031303406,4.75
32,i01.bmp,i01_07_3.bmp,0.864768922328949,4.0
33,i01.bmp,i01_07_4.bmp,0.8353032469749451,3.2222
34,i01.bmp,i01_07_5.bmp,0.7982043027877808,2.1944
35,i01.bmp,i01_08_1.bmp,0.9614989161491394,5.1892
36,i01.bmp,i01_08_2.bmp,0.9291071891784668,4.4722
37,i01.bmp,i01_08_3.bmp,0.8700753450393677,3.4865
38,i01.bmp,i01_08_4.bmp,0.7938904166221619,3.0
39,i01.bmp,i01_08_5.bmp,0.7305318713188171,2.1111
40,i01.bmp,i01_09_1.bmp,0.9080083966255188,6.0833
41,i01.bmp,i01_09_2.bmp,0.8763360381126404,5.1667
42,i01.bmp,i01_09_3.bmp,0.8249091506004333,4.4286
43,i01.bmp,i01_09_4.bmp,0.7668347954750061,2.8108
44,i01.bmp,i01_09_5.bmp,0.713465690612793,1.5405
45,i01.bmp,i01_10_1.bmp,0.9355522394180298,5.973
46,i01.bmp,i01_10_2.bmp,0.9081518054008484,5.9459
47,i01.bmp,i01_10_3.bmp,0.8558483123779297,4.9167
48,i01.bmp,i01_10_4.bmp,0.7809698581695557,3.2162
49,i01.bmp,i01_10_5.bmp,0.7322253584861755,2.0811
50,i01.bmp,i01_11_1.bmp,0.9335926175117493,5.9143
51,i01.bmp,i01_11_2.bmp,0.9029035568237305,5.6757
52,i01.bmp,i01_11_3.bmp,0.8672773241996765,4.6944
53,i01.bmp,i01_11_4.bmp,0.7780160307884216,3.6757
54,i01.bmp,i01_11_5.bmp,0.7067903876304626,1.4595
55,i01.bmp,i01_12_1.bmp,0.9469780325889587,5.9459
56,i01.bmp,i01_12_2.bmp,0.9508917927742004,5.8649
57,i01.bmp,i01_12_3.bmp,0.8943920135498047,4.2162
58,i01.bmp,i01_12_4.bmp,0.8442654013633728,3.8333
59,i01.bmp,i01_12_5.bmp,0.7885226607322693,3.4324
60,i01.bmp,i01_13_1.bmp,0.9451263546943665,5.4595
61,i01.bmp,i01_13_2.bmp,0.8938297629356384,3.9143
62,i01.bmp,i01_13_3.bmp,0.8278190493583679,3.2778
63,i01.bmp,i01_13_4.bmp,0.8128199577331543,3.1667
64,i01.bmp,i01_13_5.bmp,0.8179154396057129,3.1081
65,i01.bmp,i01_14_1.bmp,0.9718557596206665,5.6944
66,i01.bmp,i01_14_2.bmp,0.9766548275947571,6.0541
67,i01.bmp,i01_14_3.bmp,0.9520300030708313,5.7568
68,i01.bmp,i01_14_4.bmp,0.9277801513671875,5.5556
69,i01.bmp,i01_14_5.bmp,0.9028680920600891,4.4706
70,i01.bmp,i01_15_1.bmp,0.9329110383987427,2.8333
71,i01.bmp,i01_15_2.bmp,0.9448482394218445,2.8286
72,i01.bmp,i01_15_3.bmp,0.9536342620849609,3.1081
73,i01.bmp,i01_15_4.bmp,0.9682139754295349,3.5833
74,i01.bmp,i01_15_5.bmp,0.9840303659439087,3.8919
75,i01.bmp,i01_16_1.bmp,0.9908881187438965,5.8056
76,i01.bmp,i01_16_2.bmp,0.985198974609375,6.0541
77,i01.bmp,i01_16_3.bmp,0.9678434729576111,4.8889
78,i01.bmp,i01_16_4.bmp,0.9606785178184509,5.0278
79,i01.bmp,i01_16_5.bmp,0.9305343627929688,4.1944
80,i01.bmp,i01_17_1.bmp,0.9780237078666687,5.3514
81,i01.bmp,i01_17_2.bmp,0.9657961130142212,6.6216
82,i01.bmp,i01_17_3.bmp,0.9494673609733582,4.0811
83,i01.bmp,i01_17_4.bmp,0.9315597414970398,6.2432
84,i01.bmp,i01_17_5.bmp,0.8907915353775024,2.9714
85,i01.bmp,i01_18_1.bmp,0.9602352380752563,4.6216
86,i01.bmp,i01_18_2.bmp,0.9478158354759216,4.2222
87,i01.bmp,i01_18_3.bmp,0.9273344874382019,3.7714
88,i01.bmp,i01_18_4.bmp,0.8946036696434021,3.4722
89,i01.bmp,i01_18_5.bmp,0.8746325373649597,3.4167
90,i01.bmp,i01_19_1.bmp,0.9337120056152344,5.9444
91,i01.bmp,i01_19_2.bmp,0.9097156524658203,5.4722
92,i01.bmp,i01_19_3.bmp,0.8814191818237305,5.0811
93,i01.bmp,i01_19_4.bmp,0.8517781496047974,4.5278
94,i01.bmp,i01_19_5.bmp,0.8216921091079712,3.9444
95,i01.bmp,i01_20_1.bmp,0.9576841592788696,5.8571
96,i01.bmp,i01_20_2.bmp,0.9396302103996277,5.8333
97,i01.bmp,i01_20_3.bmp,0.9099571108818054,6.0278
98,i01.bmp,i01_20_4.bmp,0.8584291338920593,5.0833
99,i01.bmp,i01_20_5.bmp,0.7924850583076477,4.3333
100,i01.bmp,i01_21_1.bmp,0.9117239117622375,5.7027
101,i01.bmp,i01_21_2.bmp,0.8845300674438477,5.2778
102,i01.bmp,i01_21_3.bmp,0.8467857241630554,4.6757
103,i01.bmp,i01_21_4.bmp,0.8055921792984009,4.0571
104,i01.bmp,i01_21_5.bmp,0.7563274502754211,3.0541
105,i01.bmp,i01_22_1.bmp,0.9319416880607605,5.5556
106,i01.bmp,i01_22_2.bmp,0.9042477011680603,5.1892
107,i01.bmp,i01_22_3.bmp,0.8797513842582703,4.3056
108,i01.bmp,i01_22_4.bmp,0.8516422510147095,3.1622
109,i01.bmp,i01_22_5.bmp,0.7707557082176208,2.1944
110,i01.bmp,i01_23_1.bmp,0.9411250948905945,6.2857
111,i01.bmp,i01_23_2.bmp,0.9068918228149414,5.6111
112,i01.bmp,i01_23_3.bmp,0.8793308138847351,5.7778
113,i01.bmp,i01_23_4.bmp,0.8320623636245728,4.8056
114,i01.bmp,i01_23_5.bmp,0.7377142310142517,2.4054
115,i01.bmp,i01_24_1.bmp,0.91650390625,5.7027
116,i01.bmp,i01_24_2.bmp,0.8833234906196594,5.5833
117,i01.bmp,i01_24_3.bmp,0.8361089825630188,5.1081
118,i01.bmp,i01_24_4.bmp,0.7721607685089111,3.0811
119,i01.bmp,i01_24_5.bmp,0.7176574468612671,0.45946
120,i02.bmp,i02_01_1.bmp,0.9037460684776306,5.7429
121,i02.bmp,i02_01_2.bmp,0.874786376953125,5.3429
122,i02.bmp,i02_01_3.bmp,0.8404931426048279,5.2222
123,i02.bmp,i02_01_4.bmp,0.8054224848747253,4.1944
124,i02.bmp,i02_01_5.bmp,0.7729983329772949,3.973
125,i02.bmp,i02_02_1.bmp,0.9323005676269531,6.0556
126,i02.bmp,i02_02_2.bmp,0.908302903175354,6.0541
127,i02.bmp,i02_02_3.bmp,0.8774933218955994,5.8889
128,i02.bmp,i02_02_4.bmp,0.8445092439651489,5.2973
129,i02.bmp,i02_02_5.bmp,0.8088604211807251,4.3889
130,i02.bmp,i02_03_1.bmp,0.8417660593986511,4.8
131,i02.bmp,i02_03_2.bmp,0.8068897128105164,4.4324
132,i02.bmp,i02_03_3.bmp,0.7723591327667236,3.8378
133,i02.bmp,i02_03_4.bmp,0.7434861063957214,3.5278
134,i02.bmp,i02_03_5.bmp,0.7191373109817505,2.9189
135,i02.bmp,i02_04_1.bmp,0.9707355499267578,6.2857
136,i02.bmp,i02_04_2.bmp,0.9604989886283875,6.1622
137,i02.bmp,i02_04_3.bmp,0.9446943402290344,5.1944
138,i02.bmp,i02_04_4.bmp,0.9204503297805786,4.7429
139,i02.bmp,i02_04_5.bmp,0.885835587978363,4.2857
140,i02.bmp,i02_05_1.bmp,0.9391674995422363,6.1177
141,i02.bmp,i02_05_2.bmp,0.9166261553764343,6.1111
142,i02.bmp,i02_05_3.bmp,0.8675495386123657,5.4324
143,i02.bmp,i02_05_4.bmp,0.8104937672615051,4.3784
144,i02.bmp,i02_05_5.bmp,0.7544438242912292,3.4167
145,i02.bmp,i02_06_1.bmp,0.9133419394493103,4.5556
146,i02.bmp,i02_06_2.bmp,0.8857774138450623,4.2778
147,i02.bmp,i02_06_3.bmp,0.8465328216552734,3.7297
148,i02.bmp,i02_06_4.bmp,0.8033464550971985,3.4857
149,i02.bmp,i02_06_5.bmp,0.7648802995681763,3.1081
150,i02.bmp,i02_07_1.bmp,0.8937034606933594,5.9143
151,i02.bmp,i02_07_2.bmp,0.8529241681098938,5.5833
152,i02.bmp,i02_07_3.bmp,0.8233909010887146,3.7647
153,i02.bmp,i02_07_4.bmp,0.7980996966362,3.7568
154,i02.bmp,i02_07_5.bmp,0.7712002992630005,2.8571
155,i02.bmp,i02_08_1.bmp,0.9616943597793579,6.1081
156,i02.bmp,i02_08_2.bmp,0.9317770004272461,5.1667
157,i02.bmp,i02_08_3.bmp,0.8780202865600586,4.5429
158,i02.bmp,i02_08_4.bmp,0.8064936995506287,3.8378
159,i02.bmp,i02_08_5.bmp,0.7437515258789062,3.027
160,i02.bmp,i02_09_1.bmp,0.8671905398368835,6.0
161,i02.bmp,i02_09_2.bmp,0.8381792306900024,5.5143
162,i02.bmp,i02_09_3.bmp,0.7969773411750793,4.5278
163,i02.bmp,i02_09_4.bmp,0.7496926188468933,3.6486
164,i02.bmp,i02_09_5.bmp,0.7093823552131653,2.4167
165,i02.bmp,i02_10_1.bmp,0.9113489985466003,6.0
166,i02.bmp,i02_10_2.bmp,0.8754944801330566,5.9722
167,i02.bmp,i02_10_3.bmp,0.8074950575828552,5.4324
168,i02.bmp,i02_10_4.bmp,0.7419211268424988,3.5
169,i02.bmp,i02_10_5.bmp,0.719677746295929,2.7143
170,i02.bmp,i02_11_1.bmp,0.8669485449790955,5.9167
171,i02.bmp,i02_11_2.bmp,0.7903177738189697,4.8056
172,i02.bmp,i02_11_3.bmp,0.725385844707489,2.973
173,i02.bmp,i02_11_4.bmp,0.7065074443817139,1.9189
174,i02.bmp,i02_11_5.bmp,0.7031180262565613,1.2778
175,i02.bmp,i02_12_1.bmp,0.9080317616462708,5.3056
176,i02.bmp,i02_12_2.bmp,0.8703764081001282,4.4324
177,i02.bmp,i02_12_3.bmp,0.798405647277832,3.0811
178,i02.bmp,i02_12_4.bmp,0.7389208078384399,2.6757
179,i02.bmp,i02_12_5.bmp,0.7065646648406982,2.3714
180,i02.bmp,i02_13_1.bmp,0.8307515382766724,4.4722
181,i02.bmp,i02_13_2.bmp,0.8365982174873352,4.0
182,i02.bmp,i02_13_3.bmp,0.774506688117981,3.3889
183,i02.bmp,i02_13_4.bmp,0.7229257225990295,2.8919
184,i02.bmp,i02_13_5.bmp,0.8232143521308899,3.6111
185,i02.bmp,i02_14_1.bmp,0.9233245849609375,5.75
186,i02.bmp,i02_14_2.bmp,0.9699466824531555,6.0811
187,i02.bmp,i02_14_3.bmp,0.9399181604385376,5.1143
188,i02.bmp,i02_14_4.bmp,0.9216640591621399,5.3143
189,i02.bmp,i02_14_5.bmp,0.8924388289451599,4.2162
190,i02.bmp,i02_15_1.bmp,0.9264956712722778,3.4
191,i02.bmp,i02_15_2.bmp,0.9369568228721619,3.6216
192,i02.bmp,i02_15_3.bmp,0.9449096918106079,3.8333
193,i02.bmp,i02_15_4.bmp,0.9557880759239197,3.8378
194,i02.bmp,i02_15_5.bmp,0.9717955589294434,4.2
195,i02.bmp,i02_16_1.bmp,0.9845054745674133,5.9459
196,i02.bmp,i02_16_2.bmp,0.9746142625808716,6.0833
197,i02.bmp,i02_16_3.bmp,0.9491506814956665,5.3243
198,i02.bmp,i02_16_4.bmp,0.9418391585350037,5.1389
199,i02.bmp,i02_16_5.bmp,0.8970940709114075,4.5676
200,i02.bmp,i02_17_1.bmp,0.9726641774177551,5.9167
201,i02.bmp,i02_17_2.bmp,0.9555497169494629,5.6857
202,i02.bmp,i02_17_3.bmp,0.9377252459526062,4.8378
203,i02.bmp,i02_17_4.bmp,0.9157630801200867,4.7714
204,i02.bmp,i02_17_5.bmp,0.8689478039741516,3.9167
205,i02.bmp,i02_18_1.bmp,0.9704543352127075,5.9722
206,i02.bmp,i02_18_2.bmp,0.964282214641571,5.5946
207,i02.bmp,i02_18_3.bmp,0.9537100195884705,4.8286
208,i02.bmp,i02_18_4.bmp,0.9385610818862915,4.9189
209,i02.bmp,i02_18_5.bmp,0.9177800416946411,4.5429
210,i02.bmp,i02_19_1.bmp,0.9061911702156067,5.7778
211,i02.bmp,i02_19_2.bmp,0.8759636878967285,5.4324
212,i02.bmp,i02_19_3.bmp,0.8431110382080078,4.8333
213,i02.bmp,i02_19_4.bmp,0.8077179193496704,4.2222
214,i02.bmp,i02_19_5.bmp,0.774734616279602,3.7568
215,i02.bmp,i02_20_1.bmp,0.9224851727485657,6.0541
216,i02.bmp,i02_20_2.bmp,0.8717668652534485,6.1714
217,i02.bmp,i02_20_3.bmp,0.796836793422699,5.3056
218,i02.bmp,i02_20_4.bmp,0.7326685786247253,4.0
219,i02.bmp,i02_20_5.bmp,0.6943386197090149,2.8056
220,i02.bmp,i02_21_1.bmp,0.8625902533531189,5.973
221,i02.bmp,i02_21_2.bmp,0.8178731203079224,5.2973
222,i02.bmp,i02_21_3.bmp,0.7709388732910156,4.6
223,i02.bmp,i02_21_4.bmp,0.7279396057128906,3.2778
224,i02.bmp,i02_21_5.bmp,0.6963090300559998,2.3611
225,i02.bmp,i02_22_1.bmp,0.9153501391410828,5.5135
226,i02.bmp,i02_22_2.bmp,0.8753829002380371,5.2432
227,i02.bmp,i02_22_3.bmp,0.8344593048095703,4.4857
228,i02.bmp,i02_22_4.bmp,0.8036536574363708,3.8056
229,i02.bmp,i02_22_5.bmp,0.7308278679847717,2.2222
230,i02.bmp,i02_23_1.bmp,0.9362028241157532,6.7778
231,i02.bmp,i02_23_2.bmp,0.8628403544425964,5.5405
232,i02.bmp,i02_23_3.bmp,0.7566196322441101,3.4444
233,i02.bmp,i02_23_4.bmp,0.7102905511856079,2.1622
234,i02.bmp,i02_23_5.bmp,0.7084896564483643,0.81081
235,i02.bmp,i02_24_1.bmp,0.8508220911026001,6.0811
236,i02.bmp,i02_24_2.bmp,0.7886343002319336,4.9167
237,i02.bmp,i02_24_3.bmp,0.7307963371276855,3.0
238,i02.bmp,i02_24_4.bmp,0.7029989361763,2.1111
239,i02.bmp,i02_24_5.bmp,0.7100116014480591,0.89189
240,i03.bmp,i03_01_1.bmp,0.8600821495056152,5.7692
241,i03.bmp,i03_01_2.bmp,0.833305299282074,5.1053
242,i03.bmp,i03_01_3.bmp,0.8056181073188782,4.6842
243,i03.bmp,i03_01_4.bmp,0.7786184549331665,4.25
244,i03.bmp,i03_01_5.bmp,0.7551972270011902,3.925
245,i03.bmp,i03_02_1.bmp,0.8923522233963013,6.1842
246,i03.bmp,i03_02_2.bmp,0.8663801550865173,6.282
247,i03.bmp,i03_02_3.bmp,0.8396937251091003,5.25
248,i03.bmp,i03_02_4.bmp,0.8114199638366699,5.0
249,i03.bmp,i03_02_5.bmp,0.7849554419517517,4.6
250,i03.bmp,i03_03_1.bmp,0.8054158091545105,4.65
251,i03.bmp,i03_03_2.bmp,0.7796679735183716,4.0769
252,i03.bmp,i03_03_3.bmp,0.75653475522995,3.85
253,i03.bmp,i03_03_4.bmp,0.7338794469833374,3.282
254,i03.bmp,i03_03_5.bmp,0.7147871851921082,2.8947
255,i03.bmp,i03_04_1.bmp,0.9580789804458618,6.3846
256,i03.bmp,i03_04_2.bmp,0.9450052380561829,5.6579
257,i03.bmp,i03_04_3.bmp,0.927830159664154,5.225
258,i03.bmp,i03_04_4.bmp,0.9019895792007446,4.6
259,i03.bmp,i03_04_5.bmp,0.867182195186615,3.575
260,i03.bmp,i03_05_1.bmp,0.8994973301887512,6.5
261,i03.bmp,i03_05_2.bmp,0.8740903735160828,5.6316
262,i03.bmp,i03_05_3.bmp,0.8291890025138855,5.3
263,i03.bmp,i03_05_4.bmp,0.7852594256401062,4.3077
264,i03.bmp,i03_05_5.bmp,0.7451812028884888,3.4737
265,i03.bmp,i03_06_1.bmp,0.8673467636108398,4.8158
266,i03.bmp,i03_06_2.bmp,0.8283523917198181,4.5385
267,i03.bmp,i03_06_3.bmp,0.7968055605888367,4.1
268,i03.bmp,i03_06_4.bmp,0.7673459053039551,3.75
269,i03.bmp,i03_06_5.bmp,0.7448292970657349,3.5
270,i03.bmp,i03_07_1.bmp,0.8457977175712585,4.9744
271,i03.bmp,i03_07_2.bmp,0.81904536485672,4.1
272,i03.bmp,i03_07_3.bmp,0.7958283424377441,3.8462
273,i03.bmp,i03_07_4.bmp,0.7880401015281677,3.825
274,i03.bmp,i03_07_5.bmp,0.7807672619819641,3.6154
275,i03.bmp,i03_08_1.bmp,0.9589744806289673,6.3421
276,i03.bmp,i03_08_2.bmp,0.9336448907852173,5.6
277,i03.bmp,i03_08_3.bmp,0.887241005897522,4.4737
278,i03.bmp,i03_08_4.bmp,0.8277443051338196,3.75
279,i03.bmp,i03_08_5.bmp,0.7801440954208374,2.95
280,i03.bmp,i03_09_1.bmp,0.8750759959220886,6.65
281,i03.bmp,i03_09_2.bmp,0.8540453314781189,6.2564
282,i03.bmp,i03_09_3.bmp,0.817422091960907,5.475
283,i03.bmp,i03_09_4.bmp,0.7762210369110107,3.7436
284,i03.bmp,i03_09_5.bmp,0.7347976565361023,2.4737
285,i03.bmp,i03_10_1.bmp,0.8976631164550781,6.2368
286,i03.bmp,i03_10_2.bmp,0.8679543733596802,5.6667
287,i03.bmp,i03_10_3.bmp,0.8103912472724915,5.0513
288,i03.bmp,i03_10_4.bmp,0.7570681571960449,3.3
289,i03.bmp,i03_10_5.bmp,0.7330612540245056,2.4872
290,i03.bmp,i03_11_1.bmp,0.8442312479019165,5.3684
291,i03.bmp,i03_11_2.bmp,0.7829368710517883,4.0769
292,i03.bmp,i03_11_3.bmp,0.7484240531921387,2.8462
293,i03.bmp,i03_11_4.bmp,0.7274579405784607,1.8205
294,i03.bmp,i03_11_5.bmp,0.7244462370872498,0.7
295,i03.bmp,i03_12_1.bmp,0.8625165820121765,5.4103
296,i03.bmp,i03_12_2.bmp,0.8493513464927673,4.0789
297,i03.bmp,i03_12_3.bmp,0.8040111660957336,2.8421
298,i03.bmp,i03_12_4.bmp,0.7728942036628723,3.1
299,i03.bmp,i03_12_5.bmp,0.7261167764663696,2.4
300,i03.bmp,i03_13_1.bmp,0.8515877723693848,5.1282
301,i03.bmp,i03_13_2.bmp,0.7725117802619934,3.641
302,i03.bmp,i03_13_3.bmp,0.775986909866333,3.925
303,i03.bmp,i03_13_4.bmp,0.7510037422180176,2.925
304,i03.bmp,i03_13_5.bmp,0.709962010383606,2.4211
305,i03.bmp,i03_14_1.bmp,0.9172878265380859,5.0769
306,i03.bmp,i03_14_2.bmp,0.9701313972473145,6.0
307,i03.bmp,i03_14_3.bmp,0.9586189389228821,4.85
308,i03.bmp,i03_14_4.bmp,0.9256765246391296,4.4615
309,i03.bmp,i03_14_5.bmp,0.9032625555992126,3.5
310,i03.bmp,i03_15_1.bmp,0.9161100387573242,3.725
311,i03.bmp,i03_15_2.bmp,0.9277246594429016,4.05
312,i03.bmp,i03_15_3.bmp,0.9410961270332336,4.025
313,i03.bmp,i03_15_4.bmp,0.957655131816864,4.282
314,i03.bmp,i03_15_5.bmp,0.975529670715332,4.7949
315,i03.bmp,i03_16_1.bmp,0.9855672717094421,6.8205
316,i03.bmp,i03_16_2.bmp,0.9763088226318359,6.525
317,i03.bmp,i03_16_3.bmp,0.9529384970664978,5.975
318,i03.bmp,i03_16_4.bmp,0.9408380389213562,6.075
319,i03.bmp,i03_16_5.bmp,0.9139089584350586,5.0256
320,i03.bmp,i03_17_1.bmp,0.9676869511604309,6.282
321,i03.bmp,i03_17_2.bmp,0.9444214105606079,6.75
322,i03.bmp,i03_17_3.bmp,0.9300647974014282,5.2
323,i03.bmp,i03_17_4.bmp,0.9064173698425293,6.575
324,i03.bmp,i03_17_5.bmp,0.8704785704612732,3.7949
325,i03.bmp,i03_18_1.bmp,0.9530483484268188,5.7692
326,i03.bmp,i03_18_2.bmp,0.9475246667861938,5.718
327,i03.bmp,i03_18_3.bmp,0.9377967715263367,5.5641
328,i03.bmp,i03_18_4.bmp,0.9233272671699524,5.0
329,i03.bmp,i03_18_5.bmp,0.9010317921638489,4.6579
330,i03.bmp,i03_19_1.bmp,0.8608224987983704,5.5128
331,i03.bmp,i03_19_2.bmp,0.8303616642951965,5.0256
332,i03.bmp,i03_19_3.bmp,0.8027629852294922,4.7
333,i03.bmp,i03_19_4.bmp,0.775789737701416,4.3077
334,i03.bmp,i03_19_5.bmp,0.7519699335098267,3.6923
335,i03.bmp,i03_20_1.bmp,0.8649126887321472,5.8421
336,i03.bmp,i03_20_2.bmp,0.8169941306114197,5.4615
337,i03.bmp,i03_20_3.bmp,0.7686938643455505,4.1579
338,i03.bmp,i03_20_4.bmp,0.7278990745544434,3.1795
339,i03.bmp,i03_20_5.bmp,0.7043420672416687,2.825
340,i03.bmp,i03_21_1.bmp,0.8278705477714539,5.2368
341,i03.bmp,i03_21_2.bmp,0.7926691770553589,4.4359
342,i03.bmp,i03_21_3.bmp,0.7613186836242676,3.8974
343,i03.bmp,i03_21_4.bmp,0.7313666343688965,3.1795
344,i03.bmp,i03_21_5.bmp,0.7029844522476196,2.1
345,i03.bmp,i03_22_1.bmp,0.9010845422744751,5.9744
346,i03.bmp,i03_22_2.bmp,0.8738711476325989,5.359
347,i03.bmp,i03_22_3.bmp,0.844231903553009,5.2308
348,i03.bmp,i03_22_4.bmp,0.8033170700073242,4.359
349,i03.bmp,i03_22_5.bmp,0.7748139500617981,3.9211
350,i03.bmp,i03_23_1.bmp,0.9340822100639343,6.718
351,i03.bmp,i03_23_2.bmp,0.8814072608947754,5.8461
352,i03.bmp,i03_23_3.bmp,0.7868375778198242,3.9
353,i03.bmp,i03_23_4.bmp,0.7478253245353699,2.6579
354,i03.bmp,i03_23_5.bmp,0.7340949773788452,1.975
355,i03.bmp,i03_24_1.bmp,0.8269661068916321,5.7436
356,i03.bmp,i03_24_2.bmp,0.7798937559127808,4.2051
357,i03.bmp,i03_24_3.bmp,0.7432588934898376,2.825
358,i03.bmp,i03_24_4.bmp,0.7185179591178894,1.8158
359,i03.bmp,i03_24_5.bmp,0.7157257199287415,0.42105
360,i04.bmp,i04_01_1.bmp,0.8778696060180664,5.7619
361,i04.bmp,i04_01_2.bmp,0.846989095211029,5.4762
362,i04.bmp,i04_01_3.bmp,0.8132820129394531,4.9286
363,i04.bmp,i04_01_4.bmp,0.7836987972259521,4.2683
364,i04.bmp,i04_01_5.bmp,0.7549310922622681,4.0
365,i04.bmp,i04_02_1.bmp,0.9050304293632507,6.275
366,i04.bmp,i04_02_2.bmp,0.878596305847168,6.1539
367,i04.bmp,i04_02_3.bmp,0.847705066204071,5.6829
368,i04.bmp,i04_02_4.bmp,0.8191251754760742,5.3095
369,i04.bmp,i04_02_5.bmp,0.7881028056144714,4.5366
370,i04.bmp,i04_03_1.bmp,0.814771831035614,4.7805
371,i04.bmp,i04_03_2.bmp,0.7859573364257812,4.2143
372,i04.bmp,i04_03_3.bmp,0.7551092505455017,3.9
373,i04.bmp,i04_03_4.bmp,0.7276352643966675,3.425
374,i04.bmp,i04_03_5.bmp,0.7062101364135742,3.0238
375,i04.bmp,i04_04_1.bmp,0.9630419015884399,6.125
376,i04.bmp,i04_04_2.bmp,0.9536027908325195,6.2683
377,i04.bmp,i04_04_3.bmp,0.938900887966156,6.15
378,i04.bmp,i04_04_4.bmp,0.9143139123916626,5.4762
379,i04.bmp,i04_04_5.bmp,0.8781507611274719,4.8095
380,i04.bmp,i04_05_1.bmp,0.9172460436820984,6.3095
381,i04.bmp,i04_05_2.bmp,0.891225278377533,5.9024
382,i04.bmp,i04_05_3.bmp,0.8416206240653992,5.325
383,i04.bmp,i04_05_4.bmp,0.7901667952537537,4.4762
384,i04.bmp,i04_05_5.bmp,0.7432000637054443,3.7073
385,i04.bmp,i04_06_1.bmp,0.887668251991272,5.0238
386,i04.bmp,i04_06_2.bmp,0.8598041534423828,4.561
387,i04.bmp,i04_06_3.bmp,0.8125306367874146,4.2619
388,i04.bmp,i04_06_4.bmp,0.779215931892395,4.1951
389,i04.bmp,i04_06_5.bmp,0.7456685900688171,3.45
390,i04.bmp,i04_07_1.bmp,0.8374946713447571,4.6905
391,i04.bmp,i04_07_2.bmp,0.8089618682861328,4.075
392,i04.bmp,i04_07_3.bmp,0.7802780270576477,3.5238
393,i04.bmp,i04_07_4.bmp,0.7522643804550171,3.1429
394,i04.bmp,i04_07_5.bmp,0.7329075932502747,2.9524
395,i04.bmp,i04_08_1.bmp,0.9573230743408203,6.3095
396,i04.bmp,i04_08_2.bmp,0.9335945248603821,5.9268
397,i04.bmp,i04_08_3.bmp,0.890556812286377,5.381
398,i04.bmp,i04_08_4.bmp,0.8313485980033875,4.375
399,i04.bmp,i04_08_5.bmp,0.775387704372406,3.6667
400,i04.bmp,i04_09_1.bmp,0.8544138073921204,6.381
401,i04.bmp,i04_09_2.bmp,0.8301283717155457,5.8049
402,i04.bmp,i04_09_3.bmp,0.7949835658073425,5.0488
403,i04.bmp,i04_09_4.bmp,0.759267270565033,3.7805
404,i04.bmp,i04_09_5.bmp,0.7190152406692505,2.5
405,i04.bmp,i04_10_1.bmp,0.901755154132843,6.0714
406,i04.bmp,i04_10_2.bmp,0.8683308959007263,5.9756
407,i04.bmp,i04_10_3.bmp,0.8032538294792175,5.0714
408,i04.bmp,i04_10_4.bmp,0.7329789996147156,3.2619
409,i04.bmp,i04_10_5.bmp,0.7073653936386108,2.1905
410,i04.bmp,i04_11_1.bmp,0.8108147978782654,5.3
411,i04.bmp,i04_11_2.bmp,0.7638473510742188,4.0
412,i04.bmp,i04_11_3.bmp,0.7370432615280151,2.9024
413,i04.bmp,i04_11_4.bmp,0.7170537114143372,2.0
414,i04.bmp,i04_11_5.bmp,0.7077104449272156,0.88095
415,i04.bmp,i04_12_1.bmp,0.9113373160362244,6.05
416,i04.bmp,i04_12_2.bmp,0.8551978468894958,4.6429
417,i04.bmp,i04_12_3.bmp,0.7841841578483582,3.9286
418,i04.bmp,i04_12_4.bmp,0.7599267363548279,2.9048
419,i04.bmp,i04_12_5.bmp,0.7156960368156433,2.6585
420,i04.bmp,i04_13_1.bmp,0.8181819319725037,4.6667
421,i04.bmp,i04_13_2.bmp,0.7602725028991699,3.8462
422,i04.bmp,i04_13_3.bmp,0.7424100041389465,3.3571
423,i04.bmp,i04_13_4.bmp,0.7478952407836914,3.4634
424,i04.bmp,i04_13_5.bmp,0.7036826014518738,2.3809
425,i04.bmp,i04_14_1.bmp,0.889801025390625,5.0714
426,i04.bmp,i04_14_2.bmp,0.9795698523521423,6.4048
427,i04.bmp,i04_14_3.bmp,0.9550566077232361,6.0
428,i04.bmp,i04_14_4.bmp,0.9462359547615051,4.4048
429,i04.bmp,i04_14_5.bmp,0.9077421426773071,3.6098
430,i04.bmp,i04_15_1.bmp,0.9330711364746094,3.3809
431,i04.bmp,i04_15_2.bmp,0.941571056842804,3.4048
432,i04.bmp,i04_15_3.bmp,0.9477277994155884,3.5
433,i04.bmp,i04_15_4.bmp,0.9593107104301453,3.7561
434,i04.bmp,i04_15_5.bmp,0.9759316444396973,4.0513
435,i04.bmp,i04_16_1.bmp,0.9897211194038391,6.2857
436,i04.bmp,i04_16_2.bmp,0.9843576550483704,6.6429
437,i04.bmp,i04_16_3.bmp,0.963136613368988,6.0952
438,i04.bmp,i04_16_4.bmp,0.9593801498413086,5.6667
439,i04.bmp,i04_16_5.bmp,0.9217624068260193,5.1539
440,i04.bmp,i04_17_1.bmp,0.9709847569465637,6.0
441,i04.bmp,i04_17_2.bmp,0.9576209187507629,6.6667
442,i04.bmp,i04_17_3.bmp,0.9384088516235352,4.7805
443,i04.bmp,i04_17_4.bmp,0.9238470196723938,7.2143
444,i04.bmp,i04_17_5.bmp,0.8740461468696594,3.925
445,i04.bmp,i04_18_1.bmp,0.9550638198852539,5.4146
446,i04.bmp,i04_18_2.bmp,0.9432395100593567,5.0244
447,i04.bmp,i04_18_3.bmp,0.9293503165245056,4.6667
448,i04.bmp,i04_18_4.bmp,0.9068077206611633,4.2381
449,i04.bmp,i04_18_5.bmp,0.8702937364578247,3.9268
450,i04.bmp,i04_19_1.bmp,0.8754081726074219,5.4524
451,i04.bmp,i04_19_2.bmp,0.8450154662132263,5.3571
452,i04.bmp,i04_19_3.bmp,0.8121487498283386,4.9024
453,i04.bmp,i04_19_4.bmp,0.7838670015335083,4.425
454,i04.bmp,i04_19_5.bmp,0.7560550570487976,4.1667
455,i04.bmp,i04_20_1.bmp,0.8816822171211243,6.4524
456,i04.bmp,i04_20_2.bmp,0.8117988705635071,5.225
457,i04.bmp,i04_20_3.bmp,0.7488076090812683,4.1905
458,i04.bmp,i04_20_4.bmp,0.7052704691886902,3.1191
459,i04.bmp,i04_20_5.bmp,0.6863694190979004,2.4146
460,i04.bmp,i04_21_1.bmp,0.8295415043830872,5.1463
461,i04.bmp,i04_21_2.bmp,0.7890877723693848,4.7317
462,i04.bmp,i04_21_3.bmp,0.7529782652854919,3.8095
463,i04.bmp,i04_21_4.bmp,0.7204586267471313,3.2195
464,i04.bmp,i04_21_5.bmp,0.6955119967460632,2.0
465,i04.bmp,i04_22_1.bmp,0.9057819247245789,6.0244
466,i04.bmp,i04_22_2.bmp,0.872591495513916,5.7857
467,i04.bmp,i04_22_3.bmp,0.8403515815734863,4.4286
468,i04.bmp,i04_22_4.bmp,0.8040242195129395,4.122
469,i04.bmp,i04_22_5.bmp,0.7360674738883972,2.9048
470,i04.bmp,i04_23_1.bmp,0.899751603603363,6.425
471,i04.bmp,i04_23_2.bmp,0.818825900554657,5.4048
472,i04.bmp,i04_23_3.bmp,0.7570571303367615,3.878
473,i04.bmp,i04_23_4.bmp,0.7354915142059326,2.9512
474,i04.bmp,i04_23_5.bmp,0.7166280746459961,1.4762
475,i04.bmp,i04_24_1.bmp,0.809527575969696,5.5476
476,i04.bmp,i04_24_2.bmp,0.748846709728241,3.7619
477,i04.bmp,i04_24_3.bmp,0.720064640045166,2.5854
478,i04.bmp,i04_24_4.bmp,0.7095389366149902,1.9048
479,i04.bmp,i04_24_5.bmp,0.7287887930870056,0.58537
480,i05.bmp,i05_01_1.bmp,0.9479486346244812,5.525
481,i05.bmp,i05_01_2.bmp,0.924687385559082,5.5
482,i05.bmp,i05_01_3.bmp,0.8966232538223267,4.8461
483,i05.bmp,i05_01_4.bmp,0.8625816702842712,4.0513
484,i05.bmp,i05_01_5.bmp,0.825337827205658,3.561
485,i05.bmp,i05_02_1.bmp,0.9612125754356384,5.8293
486,i05.bmp,i05_02_2.bmp,0.9456300735473633,5.6829
487,i05.bmp,i05_02_3.bmp,0.9234164357185364,5.325
488,i05.bmp,i05_02_4.bmp,0.8957782983779907,5.0976
489,i05.bmp,i05_02_5.bmp,0.8602884411811829,4.2564
490,i05.bmp,i05_03_1.bmp,0.9015640616416931,5.0976
491,i05.bmp,i05_03_2.bmp,0.8680368661880493,4.4878
492,i05.bmp,i05_03_3.bmp,0.8320187926292419,3.675
493,i05.bmp,i05_03_4.bmp,0.794618546962738,3.0732
494,i05.bmp,i05_03_5.bmp,0.755734384059906,2.375
495,i05.bmp,i05_04_1.bmp,0.9846172332763672,5.6341
496,i05.bmp,i05_04_2.bmp,0.9791303873062134,5.75
497,i05.bmp,i05_04_3.bmp,0.9696516394615173,5.575
498,i05.bmp,i05_04_4.bmp,0.9539063572883606,4.9268
499,i05.bmp,i05_04_5.bmp,0.928200900554657,4.4
500,i05.bmp,i05_05_1.bmp,0.9691805243492126,5.625
501,i05.bmp,i05_05_2.bmp,0.9551727175712585,5.3902
502,i05.bmp,i05_05_3.bmp,0.9172560572624207,4.7
503,i05.bmp,i05_05_4.bmp,0.860686719417572,3.8158
504,i05.bmp,i05_05_5.bmp,0.7937250137329102,2.9231
505,i05.bmp,i05_06_1.bmp,0.9523856043815613,4.375
506,i05.bmp,i05_06_2.bmp,0.9261841177940369,3.9231
507,i05.bmp,i05_06_3.bmp,0.8883171081542969,3.5
508,i05.bmp,i05_06_4.bmp,0.8504467010498047,3.3171
509,i05.bmp,i05_06_5.bmp,0.8071687817573547,2.5128
510,i05.bmp,i05_07_1.bmp,0.9399906396865845,5.275
511,i05.bmp,i05_07_2.bmp,0.9108902215957642,5.2683
512,i05.bmp,i05_07_3.bmp,0.8754543662071228,4.5385
513,i05.bmp,i05_07_4.bmp,0.8403220176696777,4.0513
514,i05.bmp,i05_07_5.bmp,0.8135016560554504,3.1463
515,i05.bmp,i05_08_1.bmp,0.9637464880943298,5.4
516,i05.bmp,i05_08_2.bmp,0.9302948117256165,4.6667
517,i05.bmp,i05_08_3.bmp,0.8666877746582031,3.6585
518,i05.bmp,i05_08_4.bmp,0.7818690538406372,2.7805
519,i05.bmp,i05_08_5.bmp,0.7111102342605591,1.25
520,i05.bmp,i05_09_1.bmp,0.9375881552696228,5.825
521,i05.bmp,i05_09_2.bmp,0.9108690619468689,5.825
522,i05.bmp,i05_09_3.bmp,0.8605710864067078,5.325
523,i05.bmp,i05_09_4.bmp,0.7819555401802063,3.5
524,i05.bmp,i05_09_5.bmp,0.7073044776916504,1.3659
525,i05.bmp,i05_10_1.bmp,0.9405972361564636,5.7317
526,i05.bmp,i05_10_2.bmp,0.9128163456916809,5.1539
527,i05.bmp,i05_10_3.bmp,0.8542792201042175,4.7073
528,i05.bmp,i05_10_4.bmp,0.7682714462280273,3.439
529,i05.bmp,i05_10_5.bmp,0.7141151428222656,1.878
530,i05.bmp,i05_11_1.bmp,0.9535635113716125,5.7561
531,i05.bmp,i05_11_2.bmp,0.9200342297554016,5.4
532,i05.bmp,i05_11_3.bmp,0.8766342401504517,4.5
533,i05.bmp,i05_11_4.bmp,0.8088138699531555,3.6667
534,i05.bmp,i05_11_5.bmp,0.7241835594177246,2.25
535,i05.bmp,i05_12_1.bmp,0.974125862121582,5.6829
536,i05.bmp,i05_12_2.bmp,0.9805356860160828,5.775
537,i05.bmp,i05_12_3.bmp,0.9496391415596008,5.35
538,i05.bmp,i05_12_4.bmp,0.8812525868415833,3.8
539,i05.bmp,i05_12_5.bmp,0.7877964973449707,2.725
540,i05.bmp,i05_13_1.bmp,0.9143511652946472,5.4634
541,i05.bmp,i05_13_2.bmp,0.9036074876785278,4.9024
542,i05.bmp,i05_13_3.bmp,0.8529402613639832,3.475
543,i05.bmp,i05_13_4.bmp,0.804918110370636,2.9756
544,i05.bmp,i05_13_5.bmp,0.7391381859779358,1.9737
545,i05.bmp,i05_14_1.bmp,0.9723992347717285,5.9268
546,i05.bmp,i05_14_2.bmp,0.9681733250617981,5.5366
547,i05.bmp,i05_14_3.bmp,0.9410902857780457,5.6098
548,i05.bmp,i05_14_4.bmp,0.9194257855415344,5.225
549,i05.bmp,i05_14_5.bmp,0.8739924430847168,4.3171
550,i05.bmp,i05_15_1.bmp,0.9289749264717102,3.05
551,i05.bmp,i05_15_2.bmp,0.9402822852134705,3.1
552,i05.bmp,i05_15_3.bmp,0.9544631838798523,3.3171
553,i05.bmp,i05_15_4.bmp,0.9687572717666626,3.9
554,i05.bmp,i05_15_5.bmp,0.9864175915718079,3.8462
555,i05.bmp,i05_16_1.bmp,0.9869276285171509,6.15
556,i05.bmp,i05_16_2.bmp,0.9788007140159607,5.95
557,i05.bmp,i05_16_3.bmp,0.9511052966117859,5.5854
558,i05.bmp,i05_16_4.bmp,0.9427254796028137,5.0976
559,i05.bmp,i05_16_5.bmp,0.895474910736084,4.25
560,i05.bmp,i05_17_1.bmp,0.9787430167198181,5.3
561,i05.bmp,i05_17_2.bmp,0.9594049453735352,6.8293
562,i05.bmp,i05_17_3.bmp,0.9440786242485046,4.025
563,i05.bmp,i05_17_4.bmp,0.9170818328857422,6.561
564,i05.bmp,i05_17_5.bmp,0.8739199042320251,2.8
565,i05.bmp,i05_18_1.bmp,0.9621602296829224,4.775
566,i05.bmp,i05_18_2.bmp,0.9463421106338501,4.2051
567,i05.bmp,i05_18_3.bmp,0.9234873056411743,3.7436
568,i05.bmp,i05_18_4.bmp,0.8871475458145142,3.5385
569,i05.bmp,i05_18_5.bmp,0.8430740237236023,3.15
570,i05.bmp,i05_19_1.bmp,0.9526622891426086,5.175
571,i05.bmp,i05_19_2.bmp,0.9324237704277039,4.8049
572,i05.bmp,i05_19_3.bmp,0.9036809802055359,4.225
573,i05.bmp,i05_19_4.bmp,0.8722910284996033,3.65
574,i05.bmp,i05_19_5.bmp,0.8357800841331482,3.3659
575,i05.bmp,i05_20_1.bmp,0.9651471376419067,5.6829
576,i05.bmp,i05_20_2.bmp,0.9453630447387695,5.561
577,i05.bmp,i05_20_3.bmp,0.9111433029174805,5.0244
578,i05.bmp,i05_20_4.bmp,0.8578518033027649,4.475
579,i05.bmp,i05_20_5.bmp,0.7919036746025085,3.282
580,i05.bmp,i05_21_1.bmp,0.9264551401138306,5.6
581,i05.bmp,i05_21_2.bmp,0.891330361366272,4.925
582,i05.bmp,i05_21_3.bmp,0.851243793964386,4.3659
583,i05.bmp,i05_21_4.bmp,0.798620343208313,3.35
584,i05.bmp,i05_21_5.bmp,0.7391549944877625,2.475
585,i05.bmp,i05_22_1.bmp,0.9657055139541626,5.275
586,i05.bmp,i05_22_2.bmp,0.9482459425926208,5.25
587,i05.bmp,i05_22_3.bmp,0.9244899749755859,4.7561
588,i05.bmp,i05_22_4.bmp,0.8740940093994141,4.1
589,i05.bmp,i05_22_5.bmp,0.8272776007652283,3.1707
590,i05.bmp,i05_23_1.bmp,0.9543659090995789,5.7317
591,i05.bmp,i05_23_2.bmp,0.9239826202392578,5.575
592,i05.bmp,i05_23_3.bmp,0.90057373046875,5.6341
593,i05.bmp,i05_23_4.bmp,0.8800725936889648,5.7561
594,i05.bmp,i05_23_5.bmp,0.8391246795654297,5.439
595,i05.bmp,i05_24_1.bmp,0.9355674982070923,5.525
596,i05.bmp,i05_24_2.bmp,0.9021577835083008,5.6098
597,i05.bmp,i05_24_3.bmp,0.8541817665100098,5.2
598,i05.bmp,i05_24_4.bmp,0.7907771468162537,3.9512
599,i05.bmp,i05_24_5.bmp,0.7236875295639038,2.6098
600,i06.bmp,i06_01_1.bmp,0.924809455871582,5.7568
601,i06.bmp,i06_01_2.bmp,0.8994943499565125,5.1667
602,i06.bmp,i06_01_3.bmp,0.8700613975524902,5.027
603,i06.bmp,i06_01_4.bmp,0.838129997253418,4.3143
604,i06.bmp,i06_01_5.bmp,0.8030206561088562,3.6111
605,i06.bmp,i06_02_1.bmp,0.9395686984062195,6.1622
606,i06.bmp,i06_02_2.bmp,0.9186506271362305,5.7838
607,i06.bmp,i06_02_3.bmp,0.8953413367271423,5.4595
608,i06.bmp,i06_02_4.bmp,0.8644523620605469,4.8333
609,i06.bmp,i06_02_5.bmp,0.8327439427375793,4.3889
610,i06.bmp,i06_03_1.bmp,0.8700211644172668,4.5833
611,i06.bmp,i06_03_2.bmp,0.8379178047180176,4.0571
612,i06.bmp,i06_03_3.bmp,0.8048534393310547,3.4722
613,i06.bmp,i06_03_4.bmp,0.7717581987380981,2.9459
614,i06.bmp,i06_03_5.bmp,0.7396780848503113,2.5
615,i06.bmp,i06_04_1.bmp,0.9773603677749634,5.8333
616,i06.bmp,i06_04_2.bmp,0.9701666235923767,5.8611
617,i06.bmp,i06_04_3.bmp,0.9585995674133301,5.6944
618,i06.bmp,i06_04_4.bmp,0.9402557611465454,5.0811
619,i06.bmp,i06_04_5.bmp,0.9178568720817566,4.5833
620,i06.bmp,i06_05_1.bmp,0.9518618583679199,5.9189
621,i06.bmp,i06_05_2.bmp,0.93463534116745,5.7143
622,i06.bmp,i06_05_3.bmp,0.8947902917861938,4.973
623,i06.bmp,i06_05_4.bmp,0.8422050476074219,4.0286
624,i06.bmp,i06_05_5.bmp,0.7823216915130615,2.9459
625,i06.bmp,i06_06_1.bmp,0.9322516322135925,4.6111
626,i06.bmp,i06_06_2.bmp,0.9106891751289368,4.3889
627,i06.bmp,i06_06_3.bmp,0.8746344447135925,3.7778
628,i06.bmp,i06_06_4.bmp,0.8372365236282349,3.5278
629,i06.bmp,i06_06_5.bmp,0.7965710759162903,3.0541
630,i06.bmp,i06_07_1.bmp,0.9192723631858826,5.3243
631,i06.bmp,i06_07_2.bmp,0.8901455998420715,5.1143
632,i06.bmp,i06_07_3.bmp,0.8638978004455566,4.4054
633,i06.bmp,i06_07_4.bmp,0.8224994540214539,3.1429
634,i06.bmp,i06_07_5.bmp,0.7923926711082458,2.6857
635,i06.bmp,i06_08_1.bmp,0.9598579406738281,5.1892
636,i06.bmp,i06_08_2.bmp,0.9268765449523926,4.5833
637,i06.bmp,i06_08_3.bmp,0.8676220178604126,3.4857
638,i06.bmp,i06_08_4.bmp,0.7913300395011902,2.7027
639,i06.bmp,i06_08_5.bmp,0.7303542494773865,2.0541
640,i06.bmp,i06_09_1.bmp,0.9048240780830383,6.0541
641,i06.bmp,i06_09_2.bmp,0.8754224181175232,5.8649
642,i06.bmp,i06_09_3.bmp,0.8229670524597168,4.8649
643,i06.bmp,i06_09_4.bmp,0.7585684061050415,3.0
644,i06.bmp,i06_09_5.bmp,0.7004613280296326,1.6571
645,i06.bmp,i06_10_1.bmp,0.9268795847892761,5.8378
646,i06.bmp,i06_10_2.bmp,0.8988456726074219,5.6286
647,i06.bmp,i06_10_3.bmp,0.8424790501594543,5.4286
648,i06.bmp,i06_10_4.bmp,0.7657060027122498,3.1622
649,i06.bmp,i06_10_5.bmp,0.7189509868621826,1.7778
650,i06.bmp,i06_11_1.bmp,0.9223739504814148,5.5405
651,i06.bmp,i06_11_2.bmp,0.888170063495636,5.1944
652,i06.bmp,i06_11_3.bmp,0.845746636390686,4.5
653,i06.bmp,i06_11_4.bmp,0.759208619594574,3.0811
654,i06.bmp,i06_11_5.bmp,0.6934265494346619,0.75676
655,i06.bmp,i06_12_1.bmp,0.9458557367324829,5.8611
656,i06.bmp,i06_12_2.bmp,0.9297176599502563,4.75
657,i06.bmp,i06_12_3.bmp,0.909231960773468,4.3514
658,i06.bmp,i06_12_4.bmp,0.8694667816162109,3.6286
659,i06.bmp,i06_12_5.bmp,0.8199753165245056,3.8378
660,i06.bmp,i06_13_1.bmp,0.9166213870048523,4.6757
661,i06.bmp,i06_13_2.bmp,0.9131757020950317,4.8286
662,i06.bmp,i06_13_3.bmp,0.842442512512207,4.1714
663,i06.bmp,i06_13_4.bmp,0.7807325124740601,3.1944
664,i06.bmp,i06_13_5.bmp,0.7552788853645325,2.7027
665,i06.bmp,i06_14_1.bmp,0.9730622172355652,6.0
666,i06.bmp,i06_14_2.bmp,0.9698565602302551,6.0
667,i06.bmp,i06_14_3.bmp,0.9364058375358582,4.7714
668,i06.bmp,i06_14_4.bmp,0.91575688123703,4.3333
669,i06.bmp,i06_14_5.bmp,0.8889853358268738,4.3056
670,i06.bmp,i06_15_1.bmp,0.9413325190544128,3.6216
671,i06.bmp,i06_15_2.bmp,0.9476307034492493,3.3243
672,i06.bmp,i06_15_3.bmp,0.9615334868431091,3.75
673,i06.bmp,i06_15_4.bmp,0.9748638272285461,4.4054
674,i06.bmp,i06_15_5.bmp,0.9804170727729797,4.8333
675,i06.bmp,i06_16_1.bmp,0.9894777536392212,5.5676
676,i06.bmp,i06_16_2.bmp,0.9801158308982849,6.25
677,i06.bmp,i06_16_3.bmp,0.9632030725479126,5.0833
678,i06.bmp,i06_16_4.bmp,0.9437922835350037,5.8378
679,i06.bmp,i06_16_5.bmp,0.92505943775177,4.1389
680,i06.bmp,i06_17_1.bmp,0.9744200110435486,5.5556
681,i06.bmp,i06_17_2.bmp,0.9509785771369934,6.0811
682,i06.bmp,i06_17_3.bmp,0.9401142001152039,4.0556
683,i06.bmp,i06_17_4.bmp,0.9107071161270142,5.8378
684,i06.bmp,i06_17_5.bmp,0.8782712817192078,3.3784
685,i06.bmp,i06_18_1.bmp,0.9580702185630798,5.2
686,i06.bmp,i06_18_2.bmp,0.9436373114585876,4.3611
687,i06.bmp,i06_18_3.bmp,0.92315274477005,3.8889
688,i06.bmp,i06_18_4.bmp,0.8899521827697754,3.7297
689,i06.bmp,i06_18_5.bmp,0.8543645739555359,3.7838
690,i06.bmp,i06_19_1.bmp,0.9282537698745728,5.3333
691,i06.bmp,i06_19_2.bmp,0.9074743390083313,5.2703
692,i06.bmp,i06_19_3.bmp,0.8827179074287415,4.9459
693,i06.bmp,i06_19_4.bmp,0.8496626019477844,4.1944
694,i06.bmp,i06_19_5.bmp,0.8167705535888672,3.5946
695,i06.bmp,i06_20_1.bmp,0.9495508074760437,5.6111
696,i06.bmp,i06_20_2.bmp,0.9280074238777161,5.2778
697,i06.bmp,i06_20_3.bmp,0.8899428248405457,5.5946
698,i06.bmp,i06_20_4.bmp,0.8345314264297485,4.9459
699,i06.bmp,i06_20_5.bmp,0.7651534080505371,3.973
700,i06.bmp,i06_21_1.bmp,0.9035338759422302,5.7027
701,i06.bmp,i06_21_2.bmp,0.8693422675132751,5.1111
702,i06.bmp,i06_21_3.bmp,0.8296665549278259,4.7143
703,i06.bmp,i06_21_4.bmp,0.7863328456878662,3.6389
704,i06.bmp,i06_21_5.bmp,0.7360591888427734,2.8056
705,i06.bmp,i06_22_1.bmp,0.9363020062446594,5.6389
706,i06.bmp,i06_22_2.bmp,0.9047678112983704,5.2778
707,i06.bmp,i06_22_3.bmp,0.8608159422874451,4.1622
708,i06.bmp,i06_22_4.bmp,0.8344600796699524,3.5676
709,i06.bmp,i06_22_5.bmp,0.795708417892456,2.973
710,i06.bmp,i06_23_1.bmp,0.9441051483154297,5.9143
711,i06.bmp,i06_23_2.bmp,0.9058961868286133,5.8056
712,i06.bmp,i06_23_3.bmp,0.8630577325820923,5.6757
713,i06.bmp,i06_23_4.bmp,0.8277808427810669,5.3243
714,i06.bmp,i06_23_5.bmp,0.7215757369995117,2.3429
715,i06.bmp,i06_24_1.bmp,0.9018799662590027,5.8378
716,i06.bmp,i06_24_2.bmp,0.8664261102676392,5.8
717,i06.bmp,i06_24_3.bmp,0.8141241073608398,4.8108
718,i06.bmp,i06_24_4.bmp,0.7500391006469727,3.2162
719,i06.bmp,i06_24_5.bmp,0.6880812048912048,0.88889
720,i07.bmp,i07_01_1.bmp,0.908740222454071,5.6818
721,i07.bmp,i07_01_2.bmp,0.8826562762260437,5.0909
722,i07.bmp,i07_01_3.bmp,0.8516985177993774,4.8
723,i07.bmp,i07_01_4.bmp,0.8198229074478149,4.4546
724,i07.bmp,i07_01_5.bmp,0.7873706817626953,3.9762
725,i07.bmp,i07_02_1.bmp,0.9337207674980164,6.0444
726,i07.bmp,i07_02_2.bmp,0.9114912152290344,5.8636
727,i07.bmp,i07_02_3.bmp,0.884282112121582,5.5581
728,i07.bmp,i07_02_4.bmp,0.855450451374054,5.2326
729,i07.bmp,i07_02_5.bmp,0.8227510452270508,4.7556
730,i07.bmp,i07_03_1.bmp,0.8590139746665955,4.9333
731,i07.bmp,i07_03_2.bmp,0.826854407787323,4.2273
732,i07.bmp,i07_03_3.bmp,0.7943406701087952,3.7333
733,i07.bmp,i07_03_4.bmp,0.7615327835083008,3.3111
734,i07.bmp,i07_03_5.bmp,0.732679545879364,2.7333
735,i07.bmp,i07_04_1.bmp,0.9730393290519714,5.8667
736,i07.bmp,i07_04_2.bmp,0.9635024070739746,6.0
737,i07.bmp,i07_04_3.bmp,0.9488558173179626,5.4222
738,i07.bmp,i07_04_4.bmp,0.9255946278572083,4.9512
739,i07.bmp,i07_04_5.bmp,0.8951188325881958,4.2093
740,i07.bmp,i07_05_1.bmp,0.9392227530479431,6.0444
741,i07.bmp,i07_05_2.bmp,0.9179540872573853,5.8
742,i07.bmp,i07_05_3.bmp,0.8735815286636353,5.1591
743,i07.bmp,i07_05_4.bmp,0.8208253979682922,4.2791
744,i07.bmp,i07_05_5.bmp,0.766340434551239,3.3182
745,i07.bmp,i07_06_1.bmp,0.9240765571594238,4.8333
746,i07.bmp,i07_06_2.bmp,0.8892514109611511,4.6136
747,i07.bmp,i07_06_3.bmp,0.8572157025337219,4.1591
748,i07.bmp,i07_06_4.bmp,0.8214796185493469,3.75
749,i07.bmp,i07_06_5.bmp,0.7880601286888123,3.3182
750,i07.bmp,i07_07_1.bmp,0.8973669409751892,5.5814
751,i07.bmp,i07_07_2.bmp,0.8736867904663086,5.1905
752,i07.bmp,i07_07_3.bmp,0.8365575671195984,4.3182
753,i07.bmp,i07_07_4.bmp,0.8040408492088318,3.6222
754,i07.bmp,i07_07_5.bmp,0.782070517539978,2.8372
755,i07.bmp,i07_08_1.bmp,0.9686576724052429,5.8636
756,i07.bmp,i07_08_2.bmp,0.9473220109939575,5.5333
757,i07.bmp,i07_08_3.bmp,0.9035099148750305,4.5814
758,i07.bmp,i07_08_4.bmp,0.8349208235740662,3.4222
759,i07.bmp,i07_08_5.bmp,0.7532199025154114,2.6364
760,i07.bmp,i07_09_1.bmp,0.9144403338432312,6.4222
761,i07.bmp,i07_09_2.bmp,0.8911161422729492,6.0222
762,i07.bmp,i07_09_3.bmp,0.8507087826728821,5.2273
763,i07.bmp,i07_09_4.bmp,0.7950925827026367,3.9767
764,i07.bmp,i07_09_5.bmp,0.7364954352378845,2.4667
765,i07.bmp,i07_10_1.bmp,0.9278787970542908,6.1333
766,i07.bmp,i07_10_2.bmp,0.9036769866943359,5.8864
767,i07.bmp,i07_10_3.bmp,0.8476139903068542,5.0454
768,i07.bmp,i07_10_4.bmp,0.7765316963195801,3.7045
769,i07.bmp,i07_10_5.bmp,0.7376238107681274,2.2273
770,i07.bmp,i07_11_1.bmp,0.8932895660400391,5.4884
771,i07.bmp,i07_11_2.bmp,0.8350362181663513,4.5111
772,i07.bmp,i07_11_3.bmp,0.7783676981925964,3.4318
773,i07.bmp,i07_11_4.bmp,0.735643208026886,2.4222
774,i07.bmp,i07_11_5.bmp,0.7040057182312012,0.97727
775,i07.bmp,i07_12_1.bmp,0.932667076587677,5.3409
776,i07.bmp,i07_12_2.bmp,0.9051777124404907,4.7273
777,i07.bmp,i07_12_3.bmp,0.8510317802429199,3.5333
778,i07.bmp,i07_12_4.bmp,0.7750136852264404,2.8636
779,i07.bmp,i07_12_5.bmp,0.7644986510276794,2.5111
780,i07.bmp,i07_13_1.bmp,0.8604195713996887,4.5814
781,i07.bmp,i07_13_2.bmp,0.8349447250366211,4.0682
782,i07.bmp,i07_13_3.bmp,0.783197283744812,3.3721
783,i07.bmp,i07_13_4.bmp,0.7578198313713074,2.7273
784,i07.bmp,i07_13_5.bmp,0.7305006384849548,2.5111
785,i07.bmp,i07_14_1.bmp,0.9521655440330505,5.7954
786,i07.bmp,i07_14_2.bmp,0.9708305597305298,6.1591
787,i07.bmp,i07_14_3.bmp,0.9439725875854492,5.7046
788,i07.bmp,i07_14_4.bmp,0.9233474731445312,5.2222
789,i07.bmp,i07_14_5.bmp,0.9024640321731567,4.2046
790,i07.bmp,i07_15_1.bmp,0.9400006532669067,3.6364
791,i07.bmp,i07_15_2.bmp,0.9487714767456055,3.2889
792,i07.bmp,i07_15_3.bmp,0.953571617603302,3.0455
793,i07.bmp,i07_15_4.bmp,0.9625312685966492,3.3409
794,i07.bmp,i07_15_5.bmp,0.9772111177444458,3.6512
795,i07.bmp,i07_16_1.bmp,0.9900371432304382,6.2046
796,i07.bmp,i07_16_2.bmp,0.9842411279678345,6.3488
797,i07.bmp,i07_16_3.bmp,0.965596616268158,5.9333
798,i07.bmp,i07_16_4.bmp,0.9559962153434753,5.3556
799,i07.bmp,i07_16_5.bmp,0.9308153390884399,4.8182
800,i07.bmp,i07_17_1.bmp,0.97661954164505,5.5454
801,i07.bmp,i07_17_2.bmp,0.9615154266357422,6.4
802,i07.bmp,i07_17_3.bmp,0.9465476870536804,4.4048
803,i07.bmp,i07_17_4.bmp,0.9257265329360962,6.7273
804,i07.bmp,i07_17_5.bmp,0.8864513635635376,3.3409
805,i07.bmp,i07_18_1.bmp,0.9602048993110657,5.3864
806,i07.bmp,i07_18_2.bmp,0.948381245136261,4.9546
807,i07.bmp,i07_18_3.bmp,0.9275628924369812,4.3778
808,i07.bmp,i07_18_4.bmp,0.8967594504356384,3.8636
809,i07.bmp,i07_18_5.bmp,0.8547986149787903,3.6364
810,i07.bmp,i07_19_1.bmp,0.9054978489875793,5.8667
811,i07.bmp,i07_19_2.bmp,0.8792943954467773,5.4444
812,i07.bmp,i07_19_3.bmp,0.850308895111084,4.8
813,i07.bmp,i07_19_4.bmp,0.8206130862236023,4.1136
814,i07.bmp,i07_19_5.bmp,0.7882755994796753,3.7045
815,i07.bmp,i07_20_1.bmp,0.9204607009887695,5.75
816,i07.bmp,i07_20_2.bmp,0.8784950375556946,5.4222
817,i07.bmp,i07_20_3.bmp,0.8250822424888611,4.4186
818,i07.bmp,i07_20_4.bmp,0.7719789147377014,3.6222
819,i07.bmp,i07_20_5.bmp,0.7248954772949219,2.9302
820,i07.bmp,i07_21_1.bmp,0.8791214823722839,5.6667
821,i07.bmp,i07_21_2.bmp,0.8464102149009705,4.9546
822,i07.bmp,i07_21_3.bmp,0.8037201166152954,4.1111
823,i07.bmp,i07_21_4.bmp,0.763116180896759,3.3864
824,i07.bmp,i07_21_5.bmp,0.7174168825149536,2.3256
825,i07.bmp,i07_22_1.bmp,0.9298383593559265,5.9333
826,i07.bmp,i07_22_2.bmp,0.9040846824645996,5.2326
827,i07.bmp,i07_22_3.bmp,0.8614259958267212,4.6512
828,i07.bmp,i07_22_4.bmp,0.8230283856391907,4.1429
829,i07.bmp,i07_22_5.bmp,0.7637038230895996,2.6591
830,i07.bmp,i07_23_1.bmp,0.9399275183677673,6.0222
831,i07.bmp,i07_23_2.bmp,0.8960489630699158,5.7333
832,i07.bmp,i07_23_3.bmp,0.8402883410453796,5.0444
833,i07.bmp,i07_23_4.bmp,0.8109363913536072,4.2093
834,i07.bmp,i07_23_5.bmp,0.7449647784233093,2.6444
835,i07.bmp,i07_24_1.bmp,0.881417453289032,5.7209
836,i07.bmp,i07_24_2.bmp,0.8331374526023865,4.9333
837,i07.bmp,i07_24_3.bmp,0.7810792326927185,3.8636
838,i07.bmp,i07_24_4.bmp,0.7365443110466003,2.25
839,i07.bmp,i07_24_5.bmp,0.7049276232719421,0.47619
840,i08.bmp,i08_01_1.bmp,0.9371414184570312,5.5484
841,i08.bmp,i08_01_2.bmp,0.9152076840400696,4.7097
842,i08.bmp,i08_01_3.bmp,0.887302041053772,4.8387
843,i08.bmp,i08_01_4.bmp,0.8545482754707336,4.1
844,i08.bmp,i08_01_5.bmp,0.822803795337677,3.5484
845,i08.bmp,i08_02_1.bmp,0.9506378173828125,5.5938
846,i08.bmp,i08_02_2.bmp,0.9326491355895996,5.5484
847,i08.bmp,i08_02_3.bmp,0.9104833602905273,5.4063
848,i08.bmp,i08_02_4.bmp,0.8834115862846375,5.2258
849,i08.bmp,i08_02_5.bmp,0.8530389666557312,4.6452
850,i08.bmp,i08_03_1.bmp,0.8885732889175415,4.6452
851,i08.bmp,i08_03_2.bmp,0.8601773381233215,4.2903
852,i08.bmp,i08_03_3.bmp,0.8242746591567993,3.4667
853,i08.bmp,i08_03_4.bmp,0.790505051612854,2.9688
854,i08.bmp,i08_03_5.bmp,0.7578725218772888,2.3438
855,i08.bmp,i08_04_1.bmp,0.982480525970459,6.0645
856,i08.bmp,i08_04_2.bmp,0.9769418835639954,5.8387
857,i08.bmp,i08_04_3.bmp,0.9679831862449646,5.625
858,i08.bmp,i08_04_4.bmp,0.9538435339927673,5.4375
859,i08.bmp,i08_04_5.bmp,0.9330169558525085,4.9677
860,i08.bmp,i08_05_1.bmp,0.9622710347175598,5.3333
861,i08.bmp,i08_05_2.bmp,0.947589099407196,5.4516
862,i08.bmp,i08_05_3.bmp,0.9108483195304871,4.7188
863,i08.bmp,i08_05_4.bmp,0.8595033884048462,3.9677
864,i08.bmp,i08_05_5.bmp,0.7995733618736267,3.125
865,i08.bmp,i08_06_1.bmp,0.9412140846252441,4.3871
866,i08.bmp,i08_06_2.bmp,0.9180607199668884,4.0938
867,i08.bmp,i08_06_3.bmp,0.8836483359336853,3.9333
868,i08.bmp,i08_06_4.bmp,0.8489041328430176,3.6129
869,i08.bmp,i08_06_5.bmp,0.8079391717910767,3.0645
870,i08.bmp,i08_07_1.bmp,0.931452214717865,5.5
871,i08.bmp,i08_07_2.bmp,0.9050506949424744,4.6452
872,i08.bmp,i08_07_3.bmp,0.875842273235321,4.1667
873,i08.bmp,i08_07_4.bmp,0.8430507779121399,3.4516
874,i08.bmp,i08_07_5.bmp,0.7992804050445557,2.3871
875,i08.bmp,i08_08_1.bmp,0.9610754251480103,5.2188
876,i08.bmp,i08_08_2.bmp,0.926426112651825,4.5938
877,i08.bmp,i08_08_3.bmp,0.8628463745117188,3.9032
878,i08.bmp,i08_08_4.bmp,0.786639392375946,2.871
879,i08.bmp,i08_08_5.bmp,0.7319535613059998,1.9677
880,i08.bmp,i08_09_1.bmp,0.9150318503379822,5.7097
881,i08.bmp,i08_09_2.bmp,0.8903942108154297,5.875
882,i08.bmp,i08_09_3.bmp,0.8501416444778442,5.0313
883,i08.bmp,i08_09_4.bmp,0.7953593730926514,3.5
884,i08.bmp,i08_09_5.bmp,0.7280399203300476,1.75
885,i08.bmp,i08_10_1.bmp,0.9365013241767883,5.9677
886,i08.bmp,i08_10_2.bmp,0.910932719707489,5.5938
887,i08.bmp,i08_10_3.bmp,0.855685830116272,4.6875
888,i08.bmp,i08_10_4.bmp,0.7840434312820435,3.2188
889,i08.bmp,i08_10_5.bmp,0.7394716143608093,1.3438
890,i08.bmp,i08_11_1.bmp,0.9360745549201965,6.0
891,i08.bmp,i08_11_2.bmp,0.9022397398948669,5.25
892,i08.bmp,i08_11_3.bmp,0.8601922988891602,4.5667
893,i08.bmp,i08_11_4.bmp,0.8185771107673645,4.1936
894,i08.bmp,i08_11_5.bmp,0.7335130572319031,2.2667
895,i08.bmp,i08_12_1.bmp,0.9718593955039978,6.1936
896,i08.bmp,i08_12_2.bmp,0.9786714911460876,5.7419
897,i08.bmp,i08_12_3.bmp,0.9540559649467468,5.5
898,i08.bmp,i08_12_4.bmp,0.8784913420677185,4.8125
899,i08.bmp,i08_12_5.bmp,0.9209126830101013,4.25
900,i08.bmp,i08_13_1.bmp,0.9458671808242798,5.7813
901,i08.bmp,i08_13_2.bmp,0.8615654110908508,3.2667
902,i08.bmp,i08_13_3.bmp,0.9291229248046875,4.3871
903,i08.bmp,i08_13_4.bmp,0.8326651453971863,2.7333
904,i08.bmp,i08_13_5.bmp,0.7713056802749634,2.125
905,i08.bmp,i08_14_1.bmp,0.9762553572654724,5.6563
906,i08.bmp,i08_14_2.bmp,0.9761952757835388,5.4375
907,i08.bmp,i08_14_3.bmp,0.9496206641197205,4.871
908,i08.bmp,i08_14_4.bmp,0.930253803730011,4.75
909,i08.bmp,i08_14_5.bmp,0.8993469476699829,4.0
910,i08.bmp,i08_15_1.bmp,0.9447708129882812,3.7742
911,i08.bmp,i08_15_2.bmp,0.9523146748542786,2.9355
912,i08.bmp,i08_15_3.bmp,0.9588174819946289,3.2813
913,i08.bmp,i08_15_4.bmp,0.9704519510269165,3.6875
914,i08.bmp,i08_15_5.bmp,0.9832499623298645,3.5161
915,i08.bmp,i08_16_1.bmp,0.9895569682121277,6.0625
916,i08.bmp,i08_16_2.bmp,0.980700671672821,5.75
917,i08.bmp,i08_16_3.bmp,0.9631065726280212,5.871
918,i08.bmp,i08_16_4.bmp,0.9477648735046387,4.9032
919,i08.bmp,i08_16_5.bmp,0.9237293601036072,4.5667
920,i08.bmp,i08_17_1.bmp,0.9782085418701172,5.4063
921,i08.bmp,i08_17_2.bmp,0.9554885029792786,5.5807
922,i08.bmp,i08_17_3.bmp,0.9456941485404968,4.1875
923,i08.bmp,i08_17_4.bmp,0.9119049310684204,5.0645
924,i08.bmp,i08_17_5.bmp,0.8843087553977966,3.2581
925,i08.bmp,i08_18_1.bmp,0.9545793533325195,4.25
926,i08.bmp,i08_18_2.bmp,0.9327557682991028,3.7419
927,i08.bmp,i08_18_3.bmp,0.902478039264679,2.9375
928,i08.bmp,i08_18_4.bmp,0.8771959543228149,2.8438
929,i08.bmp,i08_18_5.bmp,0.8585522770881653,2.871
930,i08.bmp,i08_19_1.bmp,0.946044385433197,5.3871
931,i08.bmp,i08_19_2.bmp,0.9273560643196106,4.9355
932,i08.bmp,i08_19_3.bmp,0.9025430083274841,4.6875
933,i08.bmp,i08_19_4.bmp,0.8728328943252563,4.0323
934,i08.bmp,i08_19_5.bmp,0.841315746307373,3.5938
935,i08.bmp,i08_20_1.bmp,0.9612805247306824,5.871
936,i08.bmp,i08_20_2.bmp,0.9413493275642395,5.9677
937,i08.bmp,i08_20_3.bmp,0.9074512720108032,5.2667
938,i08.bmp,i08_20_4.bmp,0.8560448884963989,4.625
939,i08.bmp,i08_20_5.bmp,0.7975821495056152,3.8125
940,i08.bmp,i08_21_1.bmp,0.9177049994468689,5.6875
941,i08.bmp,i08_21_2.bmp,0.8852087259292603,4.9355
942,i08.bmp,i08_21_3.bmp,0.8453828692436218,4.2903
943,i08.bmp,i08_21_4.bmp,0.8018150329589844,3.8064
944,i08.bmp,i08_21_5.bmp,0.7529370188713074,2.6774
945,i08.bmp,i08_22_1.bmp,0.9451997876167297,5.6129
946,i08.bmp,i08_22_2.bmp,0.9192972183227539,5.4516
947,i08.bmp,i08_22_3.bmp,0.8919574022293091,4.1613
948,i08.bmp,i08_22_4.bmp,0.8474966287612915,3.0625
949,i08.bmp,i08_22_5.bmp,0.8307651877403259,2.375
950,i08.bmp,i08_23_1.bmp,0.9589759707450867,6.0323
951,i08.bmp,i08_23_2.bmp,0.9345955848693848,6.1613
952,i08.bmp,i08_23_3.bmp,0.9143760800361633,5.6774
953,i08.bmp,i08_23_4.bmp,0.8999919891357422,5.5
954,i08.bmp,i08_23_5.bmp,0.8817778825759888,5.4375
955,i08.bmp,i08_24_1.bmp,0.9250551462173462,5.9355
956,i08.bmp,i08_24_2.bmp,0.8904985785484314,5.7813
957,i08.bmp,i08_24_3.bmp,0.8491464853286743,5.2903
958,i08.bmp,i08_24_4.bmp,0.7984414100646973,3.9677
959,i08.bmp,i08_24_5.bmp,0.7453539967536926,2.625
960,i09.bmp,i09_01_1.bmp,0.8852640390396118,5.3636
961,i09.bmp,i09_01_2.bmp,0.8552764058113098,5.0
962,i09.bmp,i09_01_3.bmp,0.824440598487854,4.5454
963,i09.bmp,i09_01_4.bmp,0.7934939861297607,4.0323
964,i09.bmp,i09_01_5.bmp,0.7669346928596497,3.6364
965,i09.bmp,i09_02_1.bmp,0.9134697914123535,5.8788
966,i09.bmp,i09_02_2.bmp,0.889140784740448,6.0303
967,i09.bmp,i09_02_3.bmp,0.8601254820823669,5.5625
968,i09.bmp,i09_02_4.bmp,0.8280779123306274,4.875
969,i09.bmp,i09_02_5.bmp,0.7993346452713013,4.5454
970,i09.bmp,i09_03_1.bmp,0.8257390260696411,4.6061
971,i09.bmp,i09_03_2.bmp,0.7958925366401672,4.0938
972,i09.bmp,i09_03_3.bmp,0.7672165036201477,3.697
973,i09.bmp,i09_03_4.bmp,0.740515410900116,3.25
974,i09.bmp,i09_03_5.bmp,0.7161101698875427,2.8788
975,i09.bmp,i09_04_1.bmp,0.9666000604629517,5.7419
976,i09.bmp,i09_04_2.bmp,0.9565214514732361,5.5938
977,i09.bmp,i09_04_3.bmp,0.9404830932617188,5.3871
978,i09.bmp,i09_04_4.bmp,0.9172951579093933,4.6774
979,i09.bmp,i09_04_5.bmp,0.8870530128479004,4.2727
980,i09.bmp,i09_05_1.bmp,0.9227697253227234,5.9355
981,i09.bmp,i09_05_2.bmp,0.898709774017334,5.5
982,i09.bmp,i09_05_3.bmp,0.8499101996421814,4.9688
983,i09.bmp,i09_05_4.bmp,0.8001551628112793,4.0909
984,i09.bmp,i09_05_5.bmp,0.7525539398193359,3.5938
985,i09.bmp,i09_06_1.bmp,0.8951357007026672,5.2188
986,i09.bmp,i09_06_2.bmp,0.857452392578125,4.3125
987,i09.bmp,i09_06_3.bmp,0.8234102129936218,4.1613
988,i09.bmp,i09_06_4.bmp,0.7909776568412781,3.8125
989,i09.bmp,i09_06_5.bmp,0.7608378529548645,3.3438
990,i09.bmp,i09_07_1.bmp,0.8734216690063477,4.8788
991,i09.bmp,i09_07_2.bmp,0.8449363112449646,4.75
992,i09.bmp,i09_07_3.bmp,0.8148862719535828,4.129
993,i09.bmp,i09_07_4.bmp,0.7853904962539673,3.6667
994,i09.bmp,i09_07_5.bmp,0.7627534866333008,2.7097
995,i09.bmp,i09_08_1.bmp,0.9558376669883728,5.875
996,i09.bmp,i09_08_2.bmp,0.9283384680747986,5.2424
997,i09.bmp,i09_08_3.bmp,0.8770360946655273,4.3438
998,i09.bmp,i09_08_4.bmp,0.8047599792480469,3.4848
999,i09.bmp,i09_08_5.bmp,0.7445974946022034,2.375
1000,i09.bmp,i09_09_1.bmp,0.8757480978965759,6.5454
1001,i09.bmp,i09_09_2.bmp,0.8512555360794067,6.0909
1002,i09.bmp,i09_09_3.bmp,0.8153185844421387,5.1515
1003,i09.bmp,i09_09_4.bmp,0.77359938621521,3.9063
1004,i09.bmp,i09_09_5.bmp,0.7248813509941101,2.5152
1005,i09.bmp,i09_10_1.bmp,0.9061404466629028,6.0
1006,i09.bmp,i09_10_2.bmp,0.8724612593650818,5.6563
1007,i09.bmp,i09_10_3.bmp,0.8162185549736023,4.9063
1008,i09.bmp,i09_10_4.bmp,0.7534031271934509,3.1936
1009,i09.bmp,i09_10_5.bmp,0.7258949279785156,2.3438
1010,i09.bmp,i09_11_1.bmp,0.8597970008850098,5.9063
1011,i09.bmp,i09_11_2.bmp,0.822209358215332,5.1563
1012,i09.bmp,i09_11_3.bmp,0.7613215446472168,3.9688
1013,i09.bmp,i09_11_4.bmp,0.716360330581665,2.4063
1014,i09.bmp,i09_11_5.bmp,0.6952749490737915,0.87879
1015,i09.bmp,i09_12_1.bmp,0.9610571265220642,6.0606
1016,i09.bmp,i09_12_2.bmp,0.9497807621955872,5.9063
1017,i09.bmp,i09_12_3.bmp,0.8567323684692383,4.9063
1018,i09.bmp,i09_12_4.bmp,0.772732675075531,2.9688
1019,i09.bmp,i09_12_5.bmp,0.749909520149231,2.8438
1020,i09.bmp,i09_13_1.bmp,0.8481121063232422,4.5152
1021,i09.bmp,i09_13_2.bmp,0.8109987378120422,3.7742
1022,i09.bmp,i09_13_3.bmp,0.7568413615226746,3.3333
1023,i09.bmp,i09_13_4.bmp,0.7402030229568481,2.8182
1024,i09.bmp,i09_13_5.bmp,0.7564230561256409,2.8788
1025,i09.bmp,i09_14_1.bmp,0.9332975745201111,5.8438
1026,i09.bmp,i09_14_2.bmp,0.9736778140068054,5.4848
1027,i09.bmp,i09_14_3.bmp,0.9422181248664856,6.2813
1028,i09.bmp,i09_14_4.bmp,0.9100306630134583,4.4375
1029,i09.bmp,i09_14_5.bmp,0.8789091110229492,3.3125
1030,i09.bmp,i09_15_1.bmp,0.927424430847168,2.9091
1031,i09.bmp,i09_15_2.bmp,0.9365442395210266,3.0606
1032,i09.bmp,i09_15_3.bmp,0.9432756304740906,3.25
1033,i09.bmp,i09_15_4.bmp,0.959582507610321,3.5938
1034,i09.bmp,i09_15_5.bmp,0.9785539507865906,5.8485
1035,i09.bmp,i09_16_1.bmp,0.9894504547119141,6.0606
1036,i09.bmp,i09_16_2.bmp,0.9821957945823669,6.303
1037,i09.bmp,i09_16_3.bmp,0.9676429033279419,5.75
1038,i09.bmp,i09_16_4.bmp,0.9483842849731445,5.9032
1039,i09.bmp,i09_16_5.bmp,0.9363584518432617,4.6667
1040,i09.bmp,i09_17_1.bmp,0.9719623923301697,5.8125
1041,i09.bmp,i09_17_2.bmp,0.9557761549949646,6.7879
1042,i09.bmp,i09_17_3.bmp,0.937160313129425,4.7813
1043,i09.bmp,i09_17_4.bmp,0.9164537787437439,6.3636
1044,i09.bmp,i09_17_5.bmp,0.8743915557861328,3.6061
1045,i09.bmp,i09_18_1.bmp,0.9471831321716309,4.8182
1046,i09.bmp,i09_18_2.bmp,0.9331845641136169,4.303
1047,i09.bmp,i09_18_3.bmp,0.9082428812980652,4.0645
1048,i09.bmp,i09_18_4.bmp,0.8728416562080383,3.3125
1049,i09.bmp,i09_18_5.bmp,0.843099057674408,3.1563
1050,i09.bmp,i09_19_1.bmp,0.8868027925491333,5.5
1051,i09.bmp,i09_19_2.bmp,0.8584150671958923,4.6774
1052,i09.bmp,i09_19_3.bmp,0.8270315527915955,4.5161
1053,i09.bmp,i09_19_4.bmp,0.7975276112556458,4.0625
1054,i09.bmp,i09_19_5.bmp,0.768549919128418,3.4848
1055,i09.bmp,i09_20_1.bmp,0.9006277918815613,5.8125
1056,i09.bmp,i09_20_2.bmp,0.8497074246406555,5.6667
1057,i09.bmp,i09_20_3.bmp,0.7972750663757324,4.5
1058,i09.bmp,i09_20_4.bmp,0.7491563558578491,3.9091
1059,i09.bmp,i09_20_5.bmp,0.709716796875,2.9091
1060,i09.bmp,i09_21_1.bmp,0.8471131324768066,5.2727
1061,i09.bmp,i09_21_2.bmp,0.8128911852836609,4.8125
1062,i09.bmp,i09_21_3.bmp,0.7757739424705505,4.25
1063,i09.bmp,i09_21_4.bmp,0.744229257106781,3.5
1064,i09.bmp,i09_21_5.bmp,0.6971195340156555,2.1613
1065,i09.bmp,i09_22_1.bmp,0.903347909450531,5.7188
1066,i09.bmp,i09_22_2.bmp,0.8745768666267395,5.7879
1067,i09.bmp,i09_22_3.bmp,0.8436965346336365,5.5
1068,i09.bmp,i09_22_4.bmp,0.7905784845352173,4.0938
1069,i09.bmp,i09_22_5.bmp,0.7702643871307373,2.7188
1070,i09.bmp,i09_23_1.bmp,0.9333730936050415,6.25
1071,i09.bmp,i09_23_2.bmp,0.897603452205658,6.2813
1072,i09.bmp,i09_23_3.bmp,0.8509947061538696,6.0303
1073,i09.bmp,i09_23_4.bmp,0.8077573776245117,4.8125
1074,i09.bmp,i09_23_5.bmp,0.7424317598342896,2.875
1075,i09.bmp,i09_24_1.bmp,0.859677255153656,5.75
1076,i09.bmp,i09_24_2.bmp,0.8117082715034485,5.0938
1077,i09.bmp,i09_24_3.bmp,0.761795699596405,3.75
1078,i09.bmp,i09_24_4.bmp,0.7205142378807068,2.0303
1079,i09.bmp,i09_24_5.bmp,0.6921831965446472,0.24242
1080,i10.bmp,i10_01_1.bmp,0.8849489092826843,5.718
1081,i10.bmp,i10_01_2.bmp,0.8527228236198425,5.4324
1082,i10.bmp,i10_01_3.bmp,0.8211923837661743,4.7436
1083,i10.bmp,i10_01_4.bmp,0.7891896963119507,4.5385
1084,i10.bmp,i10_01_5.bmp,0.7563173174858093,3.8158
1085,i10.bmp,i10_02_1.bmp,0.9143573641777039,6.0541
1086,i10.bmp,i10_02_2.bmp,0.8875181078910828,5.8378
1087,i10.bmp,i10_02_3.bmp,0.8568565249443054,5.7692
1088,i10.bmp,i10_02_4.bmp,0.8257049918174744,5.5263
1089,i10.bmp,i10_02_5.bmp,0.7930770516395569,4.7297
1090,i10.bmp,i10_03_1.bmp,0.8222328424453735,5.0541
1091,i10.bmp,i10_03_2.bmp,0.7870932221412659,4.3611
1092,i10.bmp,i10_03_3.bmp,0.75650954246521,4.0256
1093,i10.bmp,i10_03_4.bmp,0.7297543883323669,3.3077
1094,i10.bmp,i10_03_5.bmp,0.7066020369529724,2.9231
1095,i10.bmp,i10_04_1.bmp,0.9689756631851196,6.0769
1096,i10.bmp,i10_04_2.bmp,0.9621790051460266,5.1111
1097,i10.bmp,i10_04_3.bmp,0.950035572052002,5.1579
1098,i10.bmp,i10_04_4.bmp,0.9298758506774902,4.7692
1099,i10.bmp,i10_04_5.bmp,0.899505615234375,4.2308
1100,i10.bmp,i10_05_1.bmp,0.9245895743370056,6.0513
1101,i10.bmp,i10_05_2.bmp,0.8997332453727722,5.7949
1102,i10.bmp,i10_05_3.bmp,0.8482446074485779,5.1795
1103,i10.bmp,i10_05_4.bmp,0.7950717806816101,4.3947
1104,i10.bmp,i10_05_5.bmp,0.7449836134910583,3.3421
1105,i10.bmp,i10_06_1.bmp,0.9007202386856079,5.1579
1106,i10.bmp,i10_06_2.bmp,0.8719736933708191,4.6486
1107,i10.bmp,i10_06_3.bmp,0.8284239172935486,4.5789
1108,i10.bmp,i10_06_4.bmp,0.7909329533576965,3.8421
1109,i10.bmp,i10_06_5.bmp,0.755499005317688,3.4054
1110,i10.bmp,i10_07_1.bmp,0.8679172396659851,5.5405
1111,i10.bmp,i10_07_2.bmp,0.8361441493034363,5.0256
1112,i10.bmp,i10_07_3.bmp,0.7961785197257996,4.4615
1113,i10.bmp,i10_07_4.bmp,0.7659294009208679,4.0
1114,i10.bmp,i10_07_5.bmp,0.7510943412780762,3.0526
1115,i10.bmp,i10_08_1.bmp,0.9575760960578918,5.9737
1116,i10.bmp,i10_08_2.bmp,0.9309955835342407,5.3077
1117,i10.bmp,i10_08_3.bmp,0.8793261647224426,4.3514
1118,i10.bmp,i10_08_4.bmp,0.8038579821586609,3.5
1119,i10.bmp,i10_08_5.bmp,0.7389644384384155,2.7895
1120,i10.bmp,i10_09_1.bmp,0.8725625872612,5.9744
1121,i10.bmp,i10_09_2.bmp,0.8443126678466797,5.6923
1122,i10.bmp,i10_09_3.bmp,0.7966738939285278,5.1795
1123,i10.bmp,i10_09_4.bmp,0.7443414926528931,3.8158
1124,i10.bmp,i10_09_5.bmp,0.7031707763671875,2.282
1125,i10.bmp,i10_10_1.bmp,0.9075930714607239,5.8684
1126,i10.bmp,i10_10_2.bmp,0.8734256625175476,5.8158
1127,i10.bmp,i10_10_3.bmp,0.8116547465324402,5.2051
1128,i10.bmp,i10_10_4.bmp,0.7384524345397949,3.641
1129,i10.bmp,i10_10_5.bmp,0.7133482694625854,2.4359
1130,i10.bmp,i10_11_1.bmp,0.8595797419548035,5.1539
1131,i10.bmp,i10_11_2.bmp,0.7976956963539124,4.4615
1132,i10.bmp,i10_11_3.bmp,0.7368497252464294,3.6154
1133,i10.bmp,i10_11_4.bmp,0.7080235481262207,2.1842
1134,i10.bmp,i10_11_5.bmp,0.6976154446601868,1.2368
1135,i10.bmp,i10_12_1.bmp,0.8972851037979126,4.7692
1136,i10.bmp,i10_12_2.bmp,0.9001964926719666,5.8421
1137,i10.bmp,i10_12_3.bmp,0.8714237213134766,4.9231
1138,i10.bmp,i10_12_4.bmp,0.8250643014907837,4.0526
1139,i10.bmp,i10_12_5.bmp,0.7308337092399597,2.6842
1140,i10.bmp,i10_13_1.bmp,0.9320109486579895,5.7895
1141,i10.bmp,i10_13_2.bmp,0.7909910678863525,3.9211
1142,i10.bmp,i10_13_3.bmp,0.7538172602653503,3.4211
1143,i10.bmp,i10_13_4.bmp,0.741988480091095,2.6842
1144,i10.bmp,i10_13_5.bmp,0.7240096926689148,2.8974
1145,i10.bmp,i10_14_1.bmp,0.9383230209350586,5.8205
1146,i10.bmp,i10_14_2.bmp,0.97527676820755,6.1539
1147,i10.bmp,i10_14_3.bmp,0.9497092366218567,5.5526
1148,i10.bmp,i10_14_4.bmp,0.9175572395324707,4.2703
1149,i10.bmp,i10_14_5.bmp,0.8984741568565369,3.8421
1150,i10.bmp,i10_15_1.bmp,0.935670793056488,3.0789
1151,i10.bmp,i10_15_2.bmp,0.94525146484375,3.2308
1152,i10.bmp,i10_15_3.bmp,0.957963764667511,3.6154
1153,i10.bmp,i10_15_4.bmp,0.964587390422821,3.3684
1154,i10.bmp,i10_15_5.bmp,0.9765838980674744,4.1795
1155,i10.bmp,i10_16_1.bmp,0.9899250268936157,6.1282
1156,i10.bmp,i10_16_2.bmp,0.9846351742744446,6.1026
1157,i10.bmp,i10_16_3.bmp,0.9670858383178711,6.0256
1158,i10.bmp,i10_16_4.bmp,0.956375241279602,5.5789
1159,i10.bmp,i10_16_5.bmp,0.9350393414497375,5.1282
1160,i10.bmp,i10_17_1.bmp,0.9728767275810242,5.7105
1161,i10.bmp,i10_17_2.bmp,0.9558058977127075,6.5897
1162,i10.bmp,i10_17_3.bmp,0.9413155913352966,4.5676
1163,i10.bmp,i10_17_4.bmp,0.9172062873840332,6.5641
1164,i10.bmp,i10_17_5.bmp,0.8795151114463806,3.6923
1165,i10.bmp,i10_18_1.bmp,0.9267709851264954,4.5128
1166,i10.bmp,i10_18_2.bmp,0.8990263342857361,4.0769
1167,i10.bmp,i10_18_3.bmp,0.8683025240898132,3.8205
1168,i10.bmp,i10_18_4.bmp,0.8504748344421387,3.6316
1169,i10.bmp,i10_18_5.bmp,0.837990403175354,3.3158
1170,i10.bmp,i10_19_1.bmp,0.8880699276924133,5.5789
1171,i10.bmp,i10_19_2.bmp,0.8595873117446899,5.4211
1172,i10.bmp,i10_19_3.bmp,0.827525794506073,4.6757
1173,i10.bmp,i10_19_4.bmp,0.7975683212280273,4.2162
1174,i10.bmp,i10_19_5.bmp,0.7685893774032593,3.8718
1175,i10.bmp,i10_20_1.bmp,0.8961555361747742,5.8461
1176,i10.bmp,i10_20_2.bmp,0.8389183282852173,5.3846
1177,i10.bmp,i10_20_3.bmp,0.7782605886459351,4.4359
1178,i10.bmp,i10_20_4.bmp,0.7296800017356873,3.5789
1179,i10.bmp,i10_20_5.bmp,0.7004020810127258,2.8649
1180,i10.bmp,i10_21_1.bmp,0.8446413278579712,5.5
1181,i10.bmp,i10_21_2.bmp,0.8003913760185242,5.1795
1182,i10.bmp,i10_21_3.bmp,0.7642262578010559,4.2564
1183,i10.bmp,i10_21_4.bmp,0.7297502756118774,3.7692
1184,i10.bmp,i10_21_5.bmp,0.6878634691238403,2.5128
1185,i10.bmp,i10_22_1.bmp,0.9122934341430664,5.9737
1186,i10.bmp,i10_22_2.bmp,0.8765758872032166,4.8718
1187,i10.bmp,i10_22_3.bmp,0.8391758799552917,4.4865
1188,i10.bmp,i10_22_4.bmp,0.8095636367797852,4.0278
1189,i10.bmp,i10_22_5.bmp,0.7793723940849304,3.2564
1190,i10.bmp,i10_23_1.bmp,0.930806577205658,6.1539
1191,i10.bmp,i10_23_2.bmp,0.8782824873924255,5.9487
1192,i10.bmp,i10_23_3.bmp,0.7964512705802917,4.5526
1193,i10.bmp,i10_23_4.bmp,0.7273658514022827,2.6053
1194,i10.bmp,i10_23_5.bmp,0.7042451500892639,1.4474
1195,i10.bmp,i10_24_1.bmp,0.8497430682182312,5.4615
1196,i10.bmp,i10_24_2.bmp,0.797670304775238,4.7895
1197,i10.bmp,i10_24_3.bmp,0.7374506592750549,3.5128
1198,i10.bmp,i10_24_4.bmp,0.6992443799972534,1.8649
1199,i10.bmp,i10_24_5.bmp,0.6895813345909119,0.36842
1200,i11.bmp,i11_01_1.bmp,0.9147945642471313,5.5405
1201,i11.bmp,i11_01_2.bmp,0.8889219164848328,5.1622
1202,i11.bmp,i11_01_3.bmp,0.8554836511611938,5.3514
1203,i11.bmp,i11_01_4.bmp,0.8247195482254028,4.2857
1204,i11.bmp,i11_01_5.bmp,0.7884708046913147,3.8611
1205,i11.bmp,i11_02_1.bmp,0.933910071849823,5.5556
1206,i11.bmp,i11_02_2.bmp,0.912937581539154,5.8857
1207,i11.bmp,i11_02_3.bmp,0.8863056302070618,5.4444
1208,i11.bmp,i11_02_4.bmp,0.8536543846130371,5.1944
1209,i11.bmp,i11_02_5.bmp,0.8214508295059204,4.75
1210,i11.bmp,i11_03_1.bmp,0.8566242456436157,5.0
1211,i11.bmp,i11_03_2.bmp,0.8215312361717224,4.4324
1212,i11.bmp,i11_03_3.bmp,0.7885109186172485,3.8286
1213,i11.bmp,i11_03_4.bmp,0.7551560997962952,3.2703
1214,i11.bmp,i11_03_5.bmp,0.7264420390129089,2.9167
1215,i11.bmp,i11_04_1.bmp,0.9729945063591003,5.4706
1216,i11.bmp,i11_04_2.bmp,0.9650914072990417,5.6216
1217,i11.bmp,i11_04_3.bmp,0.9510427713394165,5.2857
1218,i11.bmp,i11_04_4.bmp,0.9299060106277466,5.1944
1219,i11.bmp,i11_04_5.bmp,0.8998590707778931,4.6757
1220,i11.bmp,i11_05_1.bmp,0.9450027346611023,6.027
1221,i11.bmp,i11_05_2.bmp,0.92536461353302,5.8056
1222,i11.bmp,i11_05_3.bmp,0.8815715909004211,5.2973
1223,i11.bmp,i11_05_4.bmp,0.8253017663955688,4.1944
1224,i11.bmp,i11_05_5.bmp,0.7647218108177185,3.0556
1225,i11.bmp,i11_06_1.bmp,0.920245349407196,4.6944
1226,i11.bmp,i11_06_2.bmp,0.8849436640739441,4.3889
1227,i11.bmp,i11_06_3.bmp,0.8530781865119934,3.973
1228,i11.bmp,i11_06_4.bmp,0.8159703612327576,3.5405
1229,i11.bmp,i11_06_5.bmp,0.7775130271911621,3.0286
1230,i11.bmp,i11_07_1.bmp,0.902481198310852,5.5676
1231,i11.bmp,i11_07_2.bmp,0.8676681518554688,4.8
1232,i11.bmp,i11_07_3.bmp,0.8364782333374023,4.5278
1233,i11.bmp,i11_07_4.bmp,0.8031808733940125,3.9412
1234,i11.bmp,i11_07_5.bmp,0.7696607112884521,2.7568
1235,i11.bmp,i11_08_1.bmp,0.9573902487754822,4.9429
1236,i11.bmp,i11_08_2.bmp,0.9239652752876282,4.5714
1237,i11.bmp,i11_08_3.bmp,0.8621732592582703,3.7568
1238,i11.bmp,i11_08_4.bmp,0.7810502648353577,2.8571
1239,i11.bmp,i11_08_5.bmp,0.7173230051994324,2.3333
1240,i11.bmp,i11_09_1.bmp,0.8910490274429321,5.8108
1241,i11.bmp,i11_09_2.bmp,0.8599939346313477,5.8649
1242,i11.bmp,i11_09_3.bmp,0.807711124420166,4.6667
1243,i11.bmp,i11_09_4.bmp,0.7511816620826721,3.3333
1244,i11.bmp,i11_09_5.bmp,0.6969873309135437,1.9722
1245,i11.bmp,i11_10_1.bmp,0.9187156558036804,5.8108
1246,i11.bmp,i11_10_2.bmp,0.8881518244743347,5.6486
1247,i11.bmp,i11_10_3.bmp,0.826855480670929,5.0278
1248,i11.bmp,i11_10_4.bmp,0.7510995268821716,3.4865
1249,i11.bmp,i11_10_5.bmp,0.7018098831176758,2.2703
1250,i11.bmp,i11_11_1.bmp,0.9078180193901062,5.8611
1251,i11.bmp,i11_11_2.bmp,0.8701114058494568,5.4286
1252,i11.bmp,i11_11_3.bmp,0.816956639289856,4.4722
1253,i11.bmp,i11_11_4.bmp,0.7242914438247681,2.9143
1254,i11.bmp,i11_11_5.bmp,0.675610363483429,0.97222
1255,i11.bmp,i11_12_1.bmp,0.9418403506278992,5.6111
1256,i11.bmp,i11_12_2.bmp,0.9591928720474243,5.9722
1257,i11.bmp,i11_12_3.bmp,0.8895044326782227,4.6216
1258,i11.bmp,i11_12_4.bmp,0.8021736145019531,3.7778
1259,i11.bmp,i11_12_5.bmp,0.731949508190155,2.0278
1260,i11.bmp,i11_13_1.bmp,0.8728704452514648,4.0833
1261,i11.bmp,i11_13_2.bmp,0.8394158482551575,4.5405
1262,i11.bmp,i11_13_3.bmp,0.7942854166030884,3.25
1263,i11.bmp,i11_13_4.bmp,0.7581427693367004,2.75
1264,i11.bmp,i11_13_5.bmp,0.7223891615867615,2.2778
1265,i11.bmp,i11_14_1.bmp,0.9598885774612427,5.8333
1266,i11.bmp,i11_14_2.bmp,0.9626579284667969,5.4571
1267,i11.bmp,i11_14_3.bmp,0.924832820892334,5.2973
1268,i11.bmp,i11_14_4.bmp,0.8946086764335632,5.1667
1269,i11.bmp,i11_14_5.bmp,0.8730947375297546,4.3889
1270,i11.bmp,i11_15_1.bmp,0.9238424301147461,3.1892
1271,i11.bmp,i11_15_2.bmp,0.9308895468711853,3.3889
1272,i11.bmp,i11_15_3.bmp,0.9435990452766418,3.5
1273,i11.bmp,i11_15_4.bmp,0.9558108448982239,3.6757
1274,i11.bmp,i11_15_5.bmp,0.9701487421989441,3.5
1275,i11.bmp,i11_16_1.bmp,0.9835318922996521,6.1081
1276,i11.bmp,i11_16_2.bmp,0.9741425514221191,5.9189
1277,i11.bmp,i11_16_3.bmp,0.9361352920532227,5.6944
1278,i11.bmp,i11_16_4.bmp,0.9363991022109985,4.9459
1279,i11.bmp,i11_16_5.bmp,0.8788197636604309,4.5676
1280,i11.bmp,i11_17_1.bmp,0.9721364974975586,5.5946
1281,i11.bmp,i11_17_2.bmp,0.9514145255088806,6.75
1282,i11.bmp,i11_17_3.bmp,0.9371248483657837,4.3429
1283,i11.bmp,i11_17_4.bmp,0.9033152461051941,6.8378
1284,i11.bmp,i11_17_5.bmp,0.8690647482872009,3.2162
1285,i11.bmp,i11_18_1.bmp,0.9491985440254211,4.5556
1286,i11.bmp,i11_18_2.bmp,0.9298432469367981,4.2703
1287,i11.bmp,i11_18_3.bmp,0.8989518284797668,3.5833
1288,i11.bmp,i11_18_4.bmp,0.8564243316650391,3.4412
1289,i11.bmp,i11_18_5.bmp,0.835788905620575,3.5135
1290,i11.bmp,i11_19_1.bmp,0.9306875467300415,5.6486
1291,i11.bmp,i11_19_2.bmp,0.9037163853645325,5.1111
1292,i11.bmp,i11_19_3.bmp,0.8740602731704712,4.6486
1293,i11.bmp,i11_19_4.bmp,0.8392788171768188,3.9714
1294,i11.bmp,i11_19_5.bmp,0.8036615252494812,3.6216
1295,i11.bmp,i11_20_1.bmp,0.9390665888786316,6.0286
1296,i11.bmp,i11_20_2.bmp,0.9094676971435547,5.5946
1297,i11.bmp,i11_20_3.bmp,0.8638430833816528,5.3514
1298,i11.bmp,i11_20_4.bmp,0.7998246550559998,4.8889
1299,i11.bmp,i11_20_5.bmp,0.7313499450683594,3.6389
1300,i11.bmp,i11_21_1.bmp,0.8855673670768738,5.7027
1301,i11.bmp,i11_21_2.bmp,0.8469395637512207,5.4167
1302,i11.bmp,i11_21_3.bmp,0.8021355867385864,4.4054
1303,i11.bmp,i11_21_4.bmp,0.7580909132957458,3.8611
1304,i11.bmp,i11_21_5.bmp,0.709909200668335,2.6486
1305,i11.bmp,i11_22_1.bmp,0.9311553835868835,5.5676
1306,i11.bmp,i11_22_2.bmp,0.9082973599433899,5.4054
1307,i11.bmp,i11_22_3.bmp,0.8636153340339661,4.8919
1308,i11.bmp,i11_22_4.bmp,0.8227739334106445,3.6486
1309,i11.bmp,i11_22_5.bmp,0.7628964781761169,2.5278
1310,i11.bmp,i11_23_1.bmp,0.9375234842300415,5.8649
1311,i11.bmp,i11_23_2.bmp,0.8995596170425415,5.8378
1312,i11.bmp,i11_23_3.bmp,0.8701080679893494,5.9459
1313,i11.bmp,i11_23_4.bmp,0.8135323524475098,5.2703
1314,i11.bmp,i11_23_5.bmp,0.72528475522995,2.7568
1315,i11.bmp,i11_24_1.bmp,0.8924951553344727,5.9189
1316,i11.bmp,i11_24_2.bmp,0.8487095832824707,5.4722
1317,i11.bmp,i11_24_3.bmp,0.7930243015289307,4.6286
1318,i11.bmp,i11_24_4.bmp,0.7274695634841919,2.8857
1319,i11.bmp,i11_24_5.bmp,0.6794483065605164,0.58333
1320,i12.bmp,i12_01_1.bmp,0.9011517763137817,5.9459
1321,i12.bmp,i12_01_2.bmp,0.8717839121818542,4.9722
1322,i12.bmp,i12_01_3.bmp,0.8378996849060059,4.7895
1323,i12.bmp,i12_01_4.bmp,0.80425626039505,4.1389
1324,i12.bmp,i12_01_5.bmp,0.777411937713623,3.7632
1325,i12.bmp,i12_02_1.bmp,0.9248201251029968,6.0811
1326,i12.bmp,i12_02_2.bmp,0.9014202356338501,5.973
1327,i12.bmp,i12_02_3.bmp,0.8715635538101196,5.5263
1328,i12.bmp,i12_02_4.bmp,0.8418607115745544,5.0526
1329,i12.bmp,i12_02_5.bmp,0.8098986744880676,4.5405
1330,i12.bmp,i12_03_1.bmp,0.8414663672447205,4.5676
1331,i12.bmp,i12_03_2.bmp,0.8090484738349915,4.1622
1332,i12.bmp,i12_03_3.bmp,0.7755565047264099,3.7568
1333,i12.bmp,i12_03_4.bmp,0.7461923956871033,3.1053
1334,i12.bmp,i12_03_5.bmp,0.7253811955451965,2.7105
1335,i12.bmp,i12_04_1.bmp,0.9668435454368591,5.9189
1336,i12.bmp,i12_04_2.bmp,0.9561378359794617,5.5263
1337,i12.bmp,i12_04_3.bmp,0.9383446574211121,5.2105
1338,i12.bmp,i12_04_4.bmp,0.9125134348869324,4.7027
1339,i12.bmp,i12_04_5.bmp,0.8791913390159607,3.7838
1340,i12.bmp,i12_05_1.bmp,0.9376465082168579,5.6486
1341,i12.bmp,i12_05_2.bmp,0.9141090512275696,5.8108
1342,i12.bmp,i12_05_3.bmp,0.8646935820579529,5.2105
1343,i12.bmp,i12_05_4.bmp,0.811012864112854,4.3514
1344,i12.bmp,i12_05_5.bmp,0.7599380612373352,3.6579
1345,i12.bmp,i12_06_1.bmp,0.9153936505317688,5.0811
1346,i12.bmp,i12_06_2.bmp,0.8749939203262329,4.8158
1347,i12.bmp,i12_06_3.bmp,0.8340511322021484,4.4595
1348,i12.bmp,i12_06_4.bmp,0.7980871796607971,4.0811
1349,i12.bmp,i12_06_5.bmp,0.7619727253913879,3.75
1350,i12.bmp,i12_07_1.bmp,0.8809658288955688,4.6944
1351,i12.bmp,i12_07_2.bmp,0.8512911796569824,4.3947
1352,i12.bmp,i12_07_3.bmp,0.804085373878479,4.1842
1353,i12.bmp,i12_07_4.bmp,0.7894711494445801,3.1892
1354,i12.bmp,i12_07_5.bmp,0.7656250596046448,3.0278
1355,i12.bmp,i12_08_1.bmp,0.9620014429092407,6.1842
1356,i12.bmp,i12_08_2.bmp,0.9326146245002747,5.4737
1357,i12.bmp,i12_08_3.bmp,0.880154550075531,4.5263
1358,i12.bmp,i12_08_4.bmp,0.809788167476654,3.6053
1359,i12.bmp,i12_08_5.bmp,0.7481676340103149,2.7778
1360,i12.bmp,i12_09_1.bmp,0.874860405921936,6.3158
1361,i12.bmp,i12_09_2.bmp,0.8460100293159485,5.5278
1362,i12.bmp,i12_09_3.bmp,0.8054270148277283,4.7368
1363,i12.bmp,i12_09_4.bmp,0.7581977844238281,3.4324
1364,i12.bmp,i12_09_5.bmp,0.7193341255187988,2.2571
1365,i12.bmp,i12_10_1.bmp,0.9203101992607117,6.0811
1366,i12.bmp,i12_10_2.bmp,0.8894960284233093,5.8947
1367,i12.bmp,i12_10_3.bmp,0.8269605040550232,5.1053
1368,i12.bmp,i12_10_4.bmp,0.7443652153015137,3.1053
1369,i12.bmp,i12_10_5.bmp,0.7188478708267212,2.2368
1370,i12.bmp,i12_11_1.bmp,0.8710684180259705,5.4054
1371,i12.bmp,i12_11_2.bmp,0.7983571887016296,4.6757
1372,i12.bmp,i12_11_3.bmp,0.7323848009109497,2.7778
1373,i12.bmp,i12_11_4.bmp,0.7100628614425659,1.9474
1374,i12.bmp,i12_11_5.bmp,0.701504647731781,0.81579
1375,i12.bmp,i12_12_1.bmp,0.9174823760986328,5.5
1376,i12.bmp,i12_12_2.bmp,0.8917255401611328,5.0526
1377,i12.bmp,i12_12_3.bmp,0.8034877181053162,3.6486
1378,i12.bmp,i12_12_4.bmp,0.7739644646644592,3.0789
1379,i12.bmp,i12_12_5.bmp,0.7522032856941223,3.0811
1380,i12.bmp,i12_13_1.bmp,0.8795062899589539,5.3784
1381,i12.bmp,i12_13_2.bmp,0.8329429626464844,4.5676
1382,i12.bmp,i12_13_3.bmp,0.7663241624832153,3.2368
1383,i12.bmp,i12_13_4.bmp,0.7485081553459167,2.8333
1384,i12.bmp,i12_13_5.bmp,0.8416492342948914,4.0
1385,i12.bmp,i12_14_1.bmp,0.9220538139343262,5.5526
1386,i12.bmp,i12_14_2.bmp,0.9708238840103149,6.1579
1387,i12.bmp,i12_14_3.bmp,0.9429745078086853,4.5405
1388,i12.bmp,i12_14_4.bmp,0.9176796078681946,4.4737
1389,i12.bmp,i12_14_5.bmp,0.888288676738739,3.5676
1390,i12.bmp,i12_15_1.bmp,0.921805202960968,3.5
1391,i12.bmp,i12_15_2.bmp,0.9323844909667969,3.5143
1392,i12.bmp,i12_15_3.bmp,0.9431647658348083,3.6579
1393,i12.bmp,i12_15_4.bmp,0.9577116966247559,4.0789
1394,i12.bmp,i12_15_5.bmp,0.9723844528198242,4.5429
1395,i12.bmp,i12_16_1.bmp,0.988904595375061,6.5263
1396,i12.bmp,i12_16_2.bmp,0.9800276160240173,6.2973
1397,i12.bmp,i12_16_3.bmp,0.9647349715232849,6.0526
1398,i12.bmp,i12_16_4.bmp,0.9415225982666016,6.1111
1399,i12.bmp,i12_16_5.bmp,0.9331192374229431,5.6757
1400,i12.bmp,i12_17_1.bmp,0.973200261592865,6.2632
1401,i12.bmp,i12_17_2.bmp,0.9544323086738586,6.8158
1402,i12.bmp,i12_17_3.bmp,0.9421417117118835,4.8108
1403,i12.bmp,i12_17_4.bmp,0.9110317230224609,6.2632
1404,i12.bmp,i12_17_5.bmp,0.8799402117729187,4.0263
1405,i12.bmp,i12_18_1.bmp,0.9558128714561462,5.6486
1406,i12.bmp,i12_18_2.bmp,0.9414423108100891,5.3514
1407,i12.bmp,i12_18_3.bmp,0.9193256497383118,5.0
1408,i12.bmp,i12_18_4.bmp,0.8872442245483398,4.4865
1409,i12.bmp,i12_18_5.bmp,0.8522327542304993,4.2973
1410,i12.bmp,i12_19_1.bmp,0.9103178381919861,5.7297
1411,i12.bmp,i12_19_2.bmp,0.8828293681144714,5.5135
1412,i12.bmp,i12_19_3.bmp,0.8537837266921997,5.2973
1413,i12.bmp,i12_19_4.bmp,0.8218229413032532,4.7105
1414,i12.bmp,i12_19_5.bmp,0.790831446647644,4.0263
1415,i12.bmp,i12_20_1.bmp,0.9165071845054626,5.5833
1416,i12.bmp,i12_20_2.bmp,0.8615496754646301,5.2778
1417,i12.bmp,i12_20_3.bmp,0.798858642578125,4.4324
1418,i12.bmp,i12_20_4.bmp,0.7367586493492126,3.6053
1419,i12.bmp,i12_20_5.bmp,0.696377694606781,2.8056
1420,i12.bmp,i12_21_1.bmp,0.8610111474990845,5.1579
1421,i12.bmp,i12_21_2.bmp,0.8162420392036438,4.9459
1422,i12.bmp,i12_21_3.bmp,0.7781565189361572,4.0263
1423,i12.bmp,i12_21_4.bmp,0.7412917017936707,3.0278
1424,i12.bmp,i12_21_5.bmp,0.6968647241592407,2.0
1425,i12.bmp,i12_22_1.bmp,0.9209168553352356,5.25
1426,i12.bmp,i12_22_2.bmp,0.8934909701347351,5.1316
1427,i12.bmp,i12_22_3.bmp,0.8508240580558777,4.5676
1428,i12.bmp,i12_22_4.bmp,0.8042137026786804,3.5
1429,i12.bmp,i12_22_5.bmp,0.7687356472015381,2.6216
1430,i12.bmp,i12_23_1.bmp,0.9307764172554016,6.0541
1431,i12.bmp,i12_23_2.bmp,0.878136157989502,6.1842
1432,i12.bmp,i12_23_3.bmp,0.8184221386909485,4.8947
1433,i12.bmp,i12_23_4.bmp,0.7556652426719666,3.1892
1434,i12.bmp,i12_23_5.bmp,0.7117873430252075,2.2105
1435,i12.bmp,i12_24_1.bmp,0.8555609583854675,5.8649
1436,i12.bmp,i12_24_2.bmp,0.7994973063468933,4.3784
1437,i12.bmp,i12_24_3.bmp,0.7347200512886047,3.0789
1438,i12.bmp,i12_24_4.bmp,0.703206479549408,1.9737
1439,i12.bmp,i12_24_5.bmp,0.6961062550544739,0.40541
1440,i13.bmp,i13_01_1.bmp,0.9411087036132812,5.5349
1441,i13.bmp,i13_01_2.bmp,0.9208901524543762,5.425
1442,i13.bmp,i13_01_3.bmp,0.8928762674331665,5.0698
1443,i13.bmp,i13_01_4.bmp,0.8627988696098328,4.7907
1444,i13.bmp,i13_01_5.bmp,0.8312931060791016,4.0238
1445,i13.bmp,i13_02_1.bmp,0.949770450592041,5.3095
1446,i13.bmp,i13_02_2.bmp,0.9318947792053223,5.5366
1447,i13.bmp,i13_02_3.bmp,0.9079906344413757,5.6279
1448,i13.bmp,i13_02_4.bmp,0.8827970623970032,5.4048
1449,i13.bmp,i13_02_5.bmp,0.8558708429336548,4.6667
1450,i13.bmp,i13_03_1.bmp,0.8890969157218933,5.1429
1451,i13.bmp,i13_03_2.bmp,0.8582133650779724,5.0714
1452,i13.bmp,i13_03_3.bmp,0.8246715664863586,4.1667
1453,i13.bmp,i13_03_4.bmp,0.7953512668609619,3.6667
1454,i13.bmp,i13_03_5.bmp,0.7660455703735352,2.7619
1455,i13.bmp,i13_04_1.bmp,0.9818849563598633,5.7317
1456,i13.bmp,i13_04_2.bmp,0.9774501919746399,5.475
1457,i13.bmp,i13_04_3.bmp,0.9695118069648743,5.5581
1458,i13.bmp,i13_04_4.bmp,0.9579564929008484,5.439
1459,i13.bmp,i13_04_5.bmp,0.938938319683075,4.9286
1460,i13.bmp,i13_05_1.bmp,0.9654504656791687,5.3571
1461,i13.bmp,i13_05_2.bmp,0.9520721435546875,5.0476
1462,i13.bmp,i13_05_3.bmp,0.9188467860221863,5.5116
1463,i13.bmp,i13_05_4.bmp,0.8707098960876465,4.1667
1464,i13.bmp,i13_05_5.bmp,0.8109820485115051,3.0952
1465,i13.bmp,i13_06_1.bmp,0.9482973217964172,4.55
1466,i13.bmp,i13_06_2.bmp,0.923818051815033,4.2558
1467,i13.bmp,i13_06_3.bmp,0.8936273455619812,3.6667
1468,i13.bmp,i13_06_4.bmp,0.8616605997085571,3.4419
1469,i13.bmp,i13_06_5.bmp,0.8245359659194946,3.0952
1470,i13.bmp,i13_07_1.bmp,0.9404022097587585,5.725
1471,i13.bmp,i13_07_2.bmp,0.9136795401573181,5.3171
1472,i13.bmp,i13_07_3.bmp,0.8801034092903137,4.6429
1473,i13.bmp,i13_07_4.bmp,0.8386125564575195,3.4146
1474,i13.bmp,i13_07_5.bmp,0.7903706431388855,2.8293
1475,i13.bmp,i13_08_1.bmp,0.9592536091804504,4.8095
1476,i13.bmp,i13_08_2.bmp,0.9243099093437195,3.9524
1477,i13.bmp,i13_08_3.bmp,0.8621598482131958,3.122
1478,i13.bmp,i13_08_4.bmp,0.7878308892250061,2.5814
1479,i13.bmp,i13_08_5.bmp,0.7307813763618469,1.7381
1480,i13.bmp,i13_09_1.bmp,0.9127041101455688,5.0732
1481,i13.bmp,i13_09_2.bmp,0.8751943707466125,4.7674
1482,i13.bmp,i13_09_3.bmp,0.8137307167053223,3.186
1483,i13.bmp,i13_09_4.bmp,0.7444474697113037,2.1667
1484,i13.bmp,i13_09_5.bmp,0.6988343596458435,0.4878
1485,i13.bmp,i13_10_1.bmp,0.9340370297431946,5.4884
1486,i13.bmp,i13_10_2.bmp,0.9053152203559875,5.4651
1487,i13.bmp,i13_10_3.bmp,0.8508572578430176,4.475
1488,i13.bmp,i13_10_4.bmp,0.7700363993644714,3.2558
1489,i13.bmp,i13_10_5.bmp,0.7217304110527039,1.1628
1490,i13.bmp,i13_11_1.bmp,0.9559018015861511,5.3256
1491,i13.bmp,i13_11_2.bmp,0.9323474764823914,5.3256
1492,i13.bmp,i13_11_3.bmp,0.8938176035881042,4.6905
1493,i13.bmp,i13_11_4.bmp,0.8389577865600586,4.3488
1494,i13.bmp,i13_11_5.bmp,0.735966145992279,2.3809
1495,i13.bmp,i13_12_1.bmp,0.9711158871650696,5.2326
1496,i13.bmp,i13_12_2.bmp,0.9681497812271118,5.4419
1497,i13.bmp,i13_12_3.bmp,0.9321666955947876,5.1163
1498,i13.bmp,i13_12_4.bmp,0.9376451373100281,5.2619
1499,i13.bmp,i13_12_5.bmp,0.8992361426353455,5.0476
1500,i13.bmp,i13_13_1.bmp,0.9647464156150818,5.4186
1501,i13.bmp,i13_13_2.bmp,0.9404187202453613,4.9286
1502,i13.bmp,i13_13_3.bmp,0.8635644316673279,4.7907
1503,i13.bmp,i13_13_4.bmp,0.8409646153450012,3.6341
1504,i13.bmp,i13_13_5.bmp,0.7869790196418762,2.4048
1505,i13.bmp,i13_14_1.bmp,0.9804835319519043,5.6429
1506,i13.bmp,i13_14_2.bmp,0.9681907892227173,5.4048
1507,i13.bmp,i13_14_3.bmp,0.947072446346283,5.7381
1508,i13.bmp,i13_14_4.bmp,0.9220134019851685,5.0233
1509,i13.bmp,i13_14_5.bmp,0.8897844552993774,3.9762
1510,i13.bmp,i13_15_1.bmp,0.9314058423042297,2.7317
1511,i13.bmp,i13_15_2.bmp,0.9434456825256348,2.878
1512,i13.bmp,i13_15_3.bmp,0.9534074664115906,3.0476
1513,i13.bmp,i13_15_4.bmp,0.9725799560546875,3.5714
1514,i13.bmp,i13_15_5.bmp,0.9748895764350891,3.7073
1515,i13.bmp,i13_16_1.bmp,0.9875812530517578,5.6047
1516,i13.bmp,i13_16_2.bmp,0.9801773428916931,5.2791
1517,i13.bmp,i13_16_3.bmp,0.9575740694999695,5.439
1518,i13.bmp,i13_16_4.bmp,0.9495512247085571,4.2927
1519,i13.bmp,i13_16_5.bmp,0.9168104529380798,4.4419
1520,i13.bmp,i13_17_1.bmp,0.9778563380241394,4.4884
1521,i13.bmp,i13_17_2.bmp,0.960920512676239,6.6279
1522,i13.bmp,i13_17_3.bmp,0.9472622275352478,3.7209
1523,i13.bmp,i13_17_4.bmp,0.9228691458702087,6.4884
1524,i13.bmp,i13_17_5.bmp,0.8877162933349609,2.5854
1525,i13.bmp,i13_18_1.bmp,0.9585162401199341,3.9512
1526,i13.bmp,i13_18_2.bmp,0.9428391456604004,3.7442
1527,i13.bmp,i13_18_3.bmp,0.9191423654556274,3.1429
1528,i13.bmp,i13_18_4.bmp,0.8867396712303162,2.8462
1529,i13.bmp,i13_18_5.bmp,0.8581817746162415,2.7317
1530,i13.bmp,i13_19_1.bmp,0.9484826922416687,5.2439
1531,i13.bmp,i13_19_2.bmp,0.9284567832946777,5.2619
1532,i13.bmp,i13_19_3.bmp,0.9021281599998474,5.3256
1533,i13.bmp,i13_19_4.bmp,0.8716694116592407,4.5122
1534,i13.bmp,i13_19_5.bmp,0.8394352793693542,4.1628
1535,i13.bmp,i13_20_1.bmp,0.968336284160614,5.6744
1536,i13.bmp,i13_20_2.bmp,0.956117570400238,5.0952
1537,i13.bmp,i13_20_3.bmp,0.9353545308113098,5.5238
1538,i13.bmp,i13_20_4.bmp,0.9013963937759399,5.2857
1539,i13.bmp,i13_20_5.bmp,0.8468508720397949,5.2326
1540,i13.bmp,i13_21_1.bmp,0.9267323613166809,5.6512
1541,i13.bmp,i13_21_2.bmp,0.898720383644104,5.5476
1542,i13.bmp,i13_21_3.bmp,0.8671926856040955,5.0952
1543,i13.bmp,i13_21_4.bmp,0.8207629323005676,4.7209
1544,i13.bmp,i13_21_5.bmp,0.7685379385948181,3.4762
1545,i13.bmp,i13_22_1.bmp,0.9494861960411072,5.4286
1546,i13.bmp,i13_22_2.bmp,0.9242382049560547,4.7805
1547,i13.bmp,i13_22_3.bmp,0.8859230279922485,3.9767
1548,i13.bmp,i13_22_4.bmp,0.8460850119590759,2.9302
1549,i13.bmp,i13_22_5.bmp,0.8019416928291321,2.4186
1550,i13.bmp,i13_23_1.bmp,0.9534188508987427,5.6512
1551,i13.bmp,i13_23_2.bmp,0.9206677675247192,5.3953
1552,i13.bmp,i13_23_3.bmp,0.894169270992279,5.45
1553,i13.bmp,i13_23_4.bmp,0.8749620318412781,5.0465
1554,i13.bmp,i13_23_5.bmp,0.8287357687950134,5.2093
1555,i13.bmp,i13_24_1.bmp,0.9238796234130859,5.4419
1556,i13.bmp,i13_24_2.bmp,0.8991360068321228,5.1905
1557,i13.bmp,i13_24_3.bmp,0.8614293336868286,4.3953
1558,i13.bmp,i13_24_4.bmp,0.8174587488174438,3.8605
1559,i13.bmp,i13_24_5.bmp,0.7522233128547668,2.8809
1560,i14.bmp,i14_01_1.bmp,0.934990406036377,5.8919
1561,i14.bmp,i14_01_2.bmp,0.9095997214317322,5.6944
1562,i14.bmp,i14_01_3.bmp,0.8799962997436523,4.7778
1563,i14.bmp,i14_01_4.bmp,0.8448840975761414,4.3143
1564,i14.bmp,i14_01_5.bmp,0.8093268275260925,3.75
1565,i14.bmp,i14_02_1.bmp,0.9521841406822205,5.973
1566,i14.bmp,i14_02_2.bmp,0.9340490698814392,5.9167
1567,i14.bmp,i14_02_3.bmp,0.9104503989219666,5.7714
1568,i14.bmp,i14_02_4.bmp,0.8813742995262146,5.1389
1569,i14.bmp,i14_02_5.bmp,0.8497697710990906,4.5278
1570,i14.bmp,i14_03_1.bmp,0.8852891325950623,5.1944
1571,i14.bmp,i14_03_2.bmp,0.8519879579544067,4.4324
1572,i14.bmp,i14_03_3.bmp,0.8152100443840027,3.7778
1573,i14.bmp,i14_03_4.bmp,0.7800507545471191,3.0833
1574,i14.bmp,i14_03_5.bmp,0.7430142760276794,2.5946
1575,i14.bmp,i14_04_1.bmp,0.9806806445121765,6.0286
1576,i14.bmp,i14_04_2.bmp,0.9749462008476257,5.6389
1577,i14.bmp,i14_04_3.bmp,0.9647946357727051,5.5
1578,i14.bmp,i14_04_4.bmp,0.9487070441246033,4.6571
1579,i14.bmp,i14_04_5.bmp,0.9241151809692383,4.0278
1580,i14.bmp,i14_05_1.bmp,0.9598142504692078,6.0541
1581,i14.bmp,i14_05_2.bmp,0.942979633808136,5.5946
1582,i14.bmp,i14_05_3.bmp,0.9019574522972107,4.9722
1583,i14.bmp,i14_05_4.bmp,0.8477544784545898,4.1622
1584,i14.bmp,i14_05_5.bmp,0.7849414348602295,3.027
1585,i14.bmp,i14_06_1.bmp,0.9407870173454285,5.0833
1586,i14.bmp,i14_06_2.bmp,0.9156618118286133,4.3333
1587,i14.bmp,i14_06_3.bmp,0.8836156725883484,4.0278
1588,i14.bmp,i14_06_4.bmp,0.8454076647758484,3.7778
1589,i14.bmp,i14_06_5.bmp,0.8022692799568176,3.1667
1590,i14.bmp,i14_07_1.bmp,0.9242368936538696,5.7222
1591,i14.bmp,i14_07_2.bmp,0.895770251750946,5.4444
1592,i14.bmp,i14_07_3.bmp,0.8518867492675781,4.2778
1593,i14.bmp,i14_07_4.bmp,0.8177359700202942,3.6111
1594,i14.bmp,i14_07_5.bmp,0.7829324007034302,2.9189
1595,i14.bmp,i14_08_1.bmp,0.9636781811714172,5.4324
1596,i14.bmp,i14_08_2.bmp,0.9334650039672852,4.5556
1597,i14.bmp,i14_08_3.bmp,0.8756176233291626,3.4865
1598,i14.bmp,i14_08_4.bmp,0.797823429107666,2.8378
1599,i14.bmp,i14_08_5.bmp,0.7278296947479248,1.5946
1600,i14.bmp,i14_09_1.bmp,0.9073392152786255,6.0541
1601,i14.bmp,i14_09_2.bmp,0.8785168528556824,5.8919
1602,i14.bmp,i14_09_3.bmp,0.8300976157188416,4.5
1603,i14.bmp,i14_09_4.bmp,0.7682849764823914,2.8919
1604,i14.bmp,i14_09_5.bmp,0.7133825421333313,1.75
1605,i14.bmp,i14_10_1.bmp,0.9279163479804993,5.7778
1606,i14.bmp,i14_10_2.bmp,0.8964408040046692,5.1667
1607,i14.bmp,i14_10_3.bmp,0.8380151987075806,4.25
1608,i14.bmp,i14_10_4.bmp,0.7579275369644165,3.0556
1609,i14.bmp,i14_10_5.bmp,0.7030499577522278,1.8611
1610,i14.bmp,i14_11_1.bmp,0.9377733469009399,5.973
1611,i14.bmp,i14_11_2.bmp,0.8987745642662048,5.4722
1612,i14.bmp,i14_11_3.bmp,0.8412172198295593,4.2432
1613,i14.bmp,i14_11_4.bmp,0.7568660974502563,3.0833
1614,i14.bmp,i14_11_5.bmp,0.6941518783569336,1.2857
1615,i14.bmp,i14_12_1.bmp,0.9592529535293579,5.8108
1616,i14.bmp,i14_12_2.bmp,0.9267118573188782,5.6471
1617,i14.bmp,i14_12_3.bmp,0.8639287948608398,4.0571
1618,i14.bmp,i14_12_4.bmp,0.8719620108604431,4.1351
1619,i14.bmp,i14_12_5.bmp,0.8270716071128845,3.1892
1620,i14.bmp,i14_13_1.bmp,0.8987421989440918,5.027
1621,i14.bmp,i14_13_2.bmp,0.8900039792060852,4.5278
1622,i14.bmp,i14_13_3.bmp,0.8202998042106628,3.6216
1623,i14.bmp,i14_13_4.bmp,0.7770605087280273,3.0833
1624,i14.bmp,i14_13_5.bmp,0.7346282005310059,1.9167
1625,i14.bmp,i14_14_1.bmp,0.9653282165527344,6.0541
1626,i14.bmp,i14_14_2.bmp,0.9722481966018677,5.7027
1627,i14.bmp,i14_14_3.bmp,0.940217137336731,4.6944
1628,i14.bmp,i14_14_4.bmp,0.9035031199455261,4.1667
1629,i14.bmp,i14_14_5.bmp,0.8707189559936523,3.3714
1630,i14.bmp,i14_15_1.bmp,0.9346670508384705,2.9459
1631,i14.bmp,i14_15_2.bmp,0.9444004893302917,3.3514
1632,i14.bmp,i14_15_3.bmp,0.9540244936943054,3.5294
1633,i14.bmp,i14_15_4.bmp,0.9658199548721313,3.6216
1634,i14.bmp,i14_15_5.bmp,0.9828987121582031,3.973
1635,i14.bmp,i14_16_1.bmp,0.9890052676200867,5.7714
1636,i14.bmp,i14_16_2.bmp,0.9820656180381775,5.973
1637,i14.bmp,i14_16_3.bmp,0.9615302085876465,5.3056
1638,i14.bmp,i14_16_4.bmp,0.9488859176635742,5.1714
1639,i14.bmp,i14_16_5.bmp,0.9194921851158142,4.0286
1640,i14.bmp,i14_17_1.bmp,0.9768320322036743,5.4054
1641,i14.bmp,i14_17_2.bmp,0.9591704607009888,6.4324
1642,i14.bmp,i14_17_3.bmp,0.9428602457046509,4.1389
1643,i14.bmp,i14_17_4.bmp,0.916761577129364,5.9189
1644,i14.bmp,i14_17_5.bmp,0.8740785717964172,3.2432
1645,i14.bmp,i14_18_1.bmp,0.9718536734580994,5.3714
1646,i14.bmp,i14_18_2.bmp,0.9623438715934753,5.1389
1647,i14.bmp,i14_18_3.bmp,0.9484054446220398,4.6667
1648,i14.bmp,i14_18_4.bmp,0.9272624850273132,4.1471
1649,i14.bmp,i14_18_5.bmp,0.8956608772277832,3.75
1650,i14.bmp,i14_19_1.bmp,0.9316450953483582,5.3714
1651,i14.bmp,i14_19_2.bmp,0.9086775779724121,5.1111
1652,i14.bmp,i14_19_3.bmp,0.8787094354629517,4.9722
1653,i14.bmp,i14_19_4.bmp,0.8484849333763123,3.9143
1654,i14.bmp,i14_19_5.bmp,0.8122873306274414,3.2286
1655,i14.bmp,i14_20_1.bmp,0.9585563540458679,5.7222
1656,i14.bmp,i14_20_2.bmp,0.9346400499343872,5.5946
1657,i14.bmp,i14_20_3.bmp,0.8952547311782837,5.4167
1658,i14.bmp,i14_20_4.bmp,0.8322727084159851,4.1944
1659,i14.bmp,i14_20_5.bmp,0.756966233253479,3.2703
1660,i14.bmp,i14_21_1.bmp,0.9134119153022766,5.2973
1661,i14.bmp,i14_21_2.bmp,0.8782203793525696,5.1667
1662,i14.bmp,i14_21_3.bmp,0.8317021727561951,4.5405
1663,i14.bmp,i14_21_4.bmp,0.7845962643623352,3.75
1664,i14.bmp,i14_21_5.bmp,0.729983925819397,2.6486
1665,i14.bmp,i14_22_1.bmp,0.9535936713218689,5.4054
1666,i14.bmp,i14_22_2.bmp,0.929578959941864,5.3714
1667,i14.bmp,i14_22_3.bmp,0.9008966684341431,5.0556
1668,i14.bmp,i14_22_4.bmp,0.8368401527404785,3.9714
1669,i14.bmp,i14_22_5.bmp,0.795700192451477,3.2778
1670,i14.bmp,i14_23_1.bmp,0.9531986117362976,6.0278
1671,i14.bmp,i14_23_2.bmp,0.9158418774604797,6.027
1672,i14.bmp,i14_23_3.bmp,0.8723427057266235,5.6111
1673,i14.bmp,i14_23_4.bmp,0.8396448493003845,5.0
1674,i14.bmp,i14_23_5.bmp,0.7507008910179138,2.7778
1675,i14.bmp,i14_24_1.bmp,0.924273669719696,6.1351
1676,i14.bmp,i14_24_2.bmp,0.8860864639282227,5.5833
1677,i14.bmp,i14_24_3.bmp,0.8302809000015259,4.4444
1678,i14.bmp,i14_24_4.bmp,0.7625479698181152,3.1892
1679,i14.bmp,i14_24_5.bmp,0.6947388052940369,0.91892
1680,i15.bmp,i15_01_1.bmp,0.8764138221740723,5.8222
1681,i15.bmp,i15_01_2.bmp,0.8447592854499817,5.0682
1682,i15.bmp,i15_01_3.bmp,0.8116945624351501,4.9556
1683,i15.bmp,i15_01_4.bmp,0.7816319465637207,4.2791
1684,i15.bmp,i15_01_5.bmp,0.7508949637413025,3.9111
1685,i15.bmp,i15_02_1.bmp,0.9030601382255554,6.0909
1686,i15.bmp,i15_02_2.bmp,0.8764893412590027,5.8182
1687,i15.bmp,i15_02_3.bmp,0.8462101817131042,5.6364
1688,i15.bmp,i15_02_4.bmp,0.8142828941345215,4.8864
1689,i15.bmp,i15_02_5.bmp,0.783125102519989,4.6364
1690,i15.bmp,i15_03_1.bmp,0.8126236200332642,4.3256
1691,i15.bmp,i15_03_2.bmp,0.7775992751121521,3.814
1692,i15.bmp,i15_03_3.bmp,0.7467188835144043,3.6136
1693,i15.bmp,i15_03_4.bmp,0.7233564257621765,3.1778
1694,i15.bmp,i15_03_5.bmp,0.7054341435432434,2.6279
1695,i15.bmp,i15_04_1.bmp,0.9615026712417603,6.0227
1696,i15.bmp,i15_04_2.bmp,0.9531122446060181,6.0444
1697,i15.bmp,i15_04_3.bmp,0.9404231905937195,5.8372
1698,i15.bmp,i15_04_4.bmp,0.9214630126953125,5.7778
1699,i15.bmp,i15_04_5.bmp,0.8953396677970886,4.9773
1700,i15.bmp,i15_05_1.bmp,0.9137575030326843,5.7857
1701,i15.bmp,i15_05_2.bmp,0.8882514238357544,5.6512
1702,i15.bmp,i15_05_3.bmp,0.8387641310691833,5.1136
1703,i15.bmp,i15_05_4.bmp,0.7853321433067322,4.0682
1704,i15.bmp,i15_05_5.bmp,0.7357454299926758,3.3182
1705,i15.bmp,i15_06_1.bmp,0.8768973350524902,4.4318
1706,i15.bmp,i15_06_2.bmp,0.8321099281311035,4.1778
1707,i15.bmp,i15_06_3.bmp,0.7973701357841492,3.9767
1708,i15.bmp,i15_06_4.bmp,0.7669734358787537,3.3636
1709,i15.bmp,i15_06_5.bmp,0.7400040030479431,3.1778
1710,i15.bmp,i15_07_1.bmp,0.8418390154838562,4.814
1711,i15.bmp,i15_07_2.bmp,0.8046927452087402,3.9302
1712,i15.bmp,i15_07_3.bmp,0.7781693339347839,3.6136
1713,i15.bmp,i15_07_4.bmp,0.757649302482605,2.9111
1714,i15.bmp,i15_07_5.bmp,0.7365869879722595,2.4444
1715,i15.bmp,i15_08_1.bmp,0.9537572264671326,5.9556
1716,i15.bmp,i15_08_2.bmp,0.9282011985778809,6.0667
1717,i15.bmp,i15_08_3.bmp,0.8850178122520447,5.1364
1718,i15.bmp,i15_08_4.bmp,0.8294782638549805,3.9318
1719,i15.bmp,i15_08_5.bmp,0.7800044417381287,3.3636
1720,i15.bmp,i15_09_1.bmp,0.8549438714981079,5.9302
1721,i15.bmp,i15_09_2.bmp,0.830941379070282,5.5454
1722,i15.bmp,i15_09_3.bmp,0.7952979207038879,4.6977
1723,i15.bmp,i15_09_4.bmp,0.7616035342216492,3.7442
1724,i15.bmp,i15_09_5.bmp,0.7213754057884216,2.5
1725,i15.bmp,i15_10_1.bmp,0.9030275344848633,5.7778
1726,i15.bmp,i15_10_2.bmp,0.866280734539032,5.7046
1727,i15.bmp,i15_10_3.bmp,0.8001697659492493,4.6
1728,i15.bmp,i15_10_4.bmp,0.7312530875205994,3.1778
1729,i15.bmp,i15_10_5.bmp,0.7093239426612854,1.8667
1730,i15.bmp,i15_11_1.bmp,0.8482149243354797,5.8444
1731,i15.bmp,i15_11_2.bmp,0.7864283919334412,4.4
1732,i15.bmp,i15_11_3.bmp,0.743375837802887,3.0488
1733,i15.bmp,i15_11_4.bmp,0.7191165089607239,2.0
1734,i15.bmp,i15_11_5.bmp,0.7046219110488892,0.65116
1735,i15.bmp,i15_12_1.bmp,0.9151484370231628,5.6667
1736,i15.bmp,i15_12_2.bmp,0.8898792266845703,5.4091
1737,i15.bmp,i15_12_3.bmp,0.7965607047080994,4.2222
1738,i15.bmp,i15_12_4.bmp,0.7545302510261536,3.2
1739,i15.bmp,i15_12_5.bmp,0.7067504525184631,2.5682
1740,i15.bmp,i15_13_1.bmp,0.8596329092979431,4.8409
1741,i15.bmp,i15_13_2.bmp,0.7711443305015564,3.7674
1742,i15.bmp,i15_13_3.bmp,0.7624351382255554,3.3488
1743,i15.bmp,i15_13_4.bmp,0.7424995303153992,2.8636
1744,i15.bmp,i15_13_5.bmp,0.6965867877006531,2.1136
1745,i15.bmp,i15_14_1.bmp,0.9237060546875,5.5909
1746,i15.bmp,i15_14_2.bmp,0.9758036732673645,6.1556
1747,i15.bmp,i15_14_3.bmp,0.9577375650405884,5.9556
1748,i15.bmp,i15_14_4.bmp,0.9309837222099304,5.0238
1749,i15.bmp,i15_14_5.bmp,0.8983314633369446,3.7955
1750,i15.bmp,i15_15_1.bmp,0.936121940612793,3.8864
1751,i15.bmp,i15_15_2.bmp,0.9369667172431946,4.0227
1752,i15.bmp,i15_15_3.bmp,0.9473088383674622,3.9545
1753,i15.bmp,i15_15_4.bmp,0.9576100707054138,4.1364
1754,i15.bmp,i15_15_5.bmp,0.9714668393135071,4.9546
1755,i15.bmp,i15_16_1.bmp,0.9824513792991638,6.2273
1756,i15.bmp,i15_16_2.bmp,0.9703941345214844,5.907
1757,i15.bmp,i15_16_3.bmp,0.9335452914237976,5.4222
1758,i15.bmp,i15_16_4.bmp,0.9353966116905212,5.3864
1759,i15.bmp,i15_16_5.bmp,0.864680290222168,4.0233
1760,i15.bmp,i15_17_1.bmp,0.9660990834236145,5.9318
1761,i15.bmp,i15_17_2.bmp,0.9439442753791809,6.6667
1762,i15.bmp,i15_17_3.bmp,0.9281676411628723,5.0
1763,i15.bmp,i15_17_4.bmp,0.901648223400116,6.3111
1764,i15.bmp,i15_17_5.bmp,0.8649317026138306,3.8222
1765,i15.bmp,i15_18_1.bmp,0.94940584897995,5.1556
1766,i15.bmp,i15_18_2.bmp,0.9368405342102051,4.814
1767,i15.bmp,i15_18_3.bmp,0.9180106520652771,4.3721
1768,i15.bmp,i15_18_4.bmp,0.8879043459892273,4.0909
1769,i15.bmp,i15_18_5.bmp,0.8499041795730591,3.7674
1770,i15.bmp,i15_19_1.bmp,0.9040414094924927,5.9091
1771,i15.bmp,i15_19_2.bmp,0.8763947486877441,5.3333
1772,i15.bmp,i15_19_3.bmp,0.8472976088523865,4.7209
1773,i15.bmp,i15_19_4.bmp,0.8118619918823242,4.3721
1774,i15.bmp,i15_19_5.bmp,0.7812656760215759,3.9111
1775,i15.bmp,i15_20_1.bmp,0.8916044235229492,6.3256
1776,i15.bmp,i15_20_2.bmp,0.83967125415802,5.6444
1777,i15.bmp,i15_20_3.bmp,0.784277081489563,4.7442
1778,i15.bmp,i15_20_4.bmp,0.7261265516281128,3.1333
1779,i15.bmp,i15_20_5.bmp,0.6857309341430664,2.4444
1780,i15.bmp,i15_21_1.bmp,0.8313217163085938,5.2273
1781,i15.bmp,i15_21_2.bmp,0.7949892282485962,4.5556
1782,i15.bmp,i15_21_3.bmp,0.7551472187042236,3.9111
1783,i15.bmp,i15_21_4.bmp,0.7205618619918823,3.1136
1784,i15.bmp,i15_21_5.bmp,0.7033500075340271,2.3023
1785,i15.bmp,i15_22_1.bmp,0.9132339358329773,6.3333
1786,i15.bmp,i15_22_2.bmp,0.8835813403129578,5.8
1787,i15.bmp,i15_22_3.bmp,0.8513422012329102,5.3864
1788,i15.bmp,i15_22_4.bmp,0.8082374930381775,4.4889
1789,i15.bmp,i15_22_5.bmp,0.7671524882316589,3.7111
1790,i15.bmp,i15_23_1.bmp,0.9360430836677551,5.9091
1791,i15.bmp,i15_23_2.bmp,0.8943296670913696,5.9091
1792,i15.bmp,i15_23_3.bmp,0.8283987045288086,5.3636
1793,i15.bmp,i15_23_4.bmp,0.7933114171028137,4.4773
1794,i15.bmp,i15_23_5.bmp,0.7577998042106628,3.3721
1795,i15.bmp,i15_24_1.bmp,0.8455337882041931,5.7727
1796,i15.bmp,i15_24_2.bmp,0.7906690239906311,4.814
1797,i15.bmp,i15_24_3.bmp,0.7346732020378113,3.2273
1798,i15.bmp,i15_24_4.bmp,0.7035804390907288,1.8864
1799,i15.bmp,i15_24_5.bmp,0.6991645693778992,0.72727
1800,i16.bmp,i16_01_1.bmp,0.8761017918586731,5.6154
1801,i16.bmp,i16_01_2.bmp,0.848223865032196,5.65
1802,i16.bmp,i16_01_3.bmp,0.8194494247436523,5.0263
1803,i16.bmp,i16_01_4.bmp,0.7918257713317871,4.1539
1804,i16.bmp,i16_01_5.bmp,0.7664216160774231,3.9487
1805,i16.bmp,i16_02_1.bmp,0.9010856747627258,5.9
1806,i16.bmp,i16_02_2.bmp,0.8748325705528259,6.15
1807,i16.bmp,i16_02_3.bmp,0.8473894000053406,5.575
1808,i16.bmp,i16_02_4.bmp,0.8195708394050598,5.2
1809,i16.bmp,i16_02_5.bmp,0.7910696864128113,4.6154
1810,i16.bmp,i16_03_1.bmp,0.8190032243728638,4.7436
1811,i16.bmp,i16_03_2.bmp,0.7901207804679871,4.0789
1812,i16.bmp,i16_03_3.bmp,0.7638463973999023,3.6923
1813,i16.bmp,i16_03_4.bmp,0.7405339479446411,3.2368
1814,i16.bmp,i16_03_5.bmp,0.720573902130127,2.7949
1815,i16.bmp,i16_04_1.bmp,0.9622575044631958,5.825
1816,i16.bmp,i16_04_2.bmp,0.9544987082481384,5.8205
1817,i16.bmp,i16_04_3.bmp,0.9415163397789001,5.75
1818,i16.bmp,i16_04_4.bmp,0.9219211935997009,5.1282
1819,i16.bmp,i16_04_5.bmp,0.8958051800727844,4.6154
1820,i16.bmp,i16_05_1.bmp,0.91401606798172,5.8
1821,i16.bmp,i16_05_2.bmp,0.8903228044509888,5.6154
1822,i16.bmp,i16_05_3.bmp,0.8466386795043945,5.2308
1823,i16.bmp,i16_05_4.bmp,0.8015844225883484,4.35
1824,i16.bmp,i16_05_5.bmp,0.7567329406738281,3.3947
1825,i16.bmp,i16_06_1.bmp,0.8958219885826111,5.282
1826,i16.bmp,i16_06_2.bmp,0.8688525557518005,4.8205
1827,i16.bmp,i16_06_3.bmp,0.8344534039497375,4.5385
1828,i16.bmp,i16_06_4.bmp,0.7958171963691711,3.9737
1829,i16.bmp,i16_06_5.bmp,0.7651916742324829,3.5897
1830,i16.bmp,i16_07_1.bmp,0.851470947265625,5.475
1831,i16.bmp,i16_07_2.bmp,0.8208277821540833,4.75
1832,i16.bmp,i16_07_3.bmp,0.7875174283981323,4.35
1833,i16.bmp,i16_07_4.bmp,0.7783483862876892,3.6667
1834,i16.bmp,i16_07_5.bmp,0.7582122087478638,3.1026
1835,i16.bmp,i16_08_1.bmp,0.9581863284111023,5.8205
1836,i16.bmp,i16_08_2.bmp,0.9327443242073059,5.225
1837,i16.bmp,i16_08_3.bmp,0.8867493867874146,4.275
1838,i16.bmp,i16_08_4.bmp,0.8262410163879395,3.6154
1839,i16.bmp,i16_08_5.bmp,0.7753241062164307,2.925
1840,i16.bmp,i16_09_1.bmp,0.8635746836662292,6.0256
1841,i16.bmp,i16_09_2.bmp,0.8369709253311157,5.7692
1842,i16.bmp,i16_09_3.bmp,0.7980493903160095,4.5897
1843,i16.bmp,i16_09_4.bmp,0.7500501871109009,3.1282
1844,i16.bmp,i16_09_5.bmp,0.7176019549369812,2.3421
1845,i16.bmp,i16_10_1.bmp,0.9022486805915833,5.9
1846,i16.bmp,i16_10_2.bmp,0.8724290728569031,5.7692
1847,i16.bmp,i16_10_3.bmp,0.8136801719665527,5.2564
1848,i16.bmp,i16_10_4.bmp,0.7522514462471008,3.6154
1849,i16.bmp,i16_10_5.bmp,0.7347638010978699,2.4615
1850,i16.bmp,i16_11_1.bmp,0.8558667302131653,5.875
1851,i16.bmp,i16_11_2.bmp,0.8070346713066101,5.075
1852,i16.bmp,i16_11_3.bmp,0.7398446798324585,2.8974
1853,i16.bmp,i16_11_4.bmp,0.730717122554779,2.075
1854,i16.bmp,i16_11_5.bmp,0.727456271648407,0.95
1855,i16.bmp,i16_12_1.bmp,0.9103488326072693,5.875
1856,i16.bmp,i16_12_2.bmp,0.8880081176757812,5.575
1857,i16.bmp,i16_12_3.bmp,0.8394719362258911,4.925
1858,i16.bmp,i16_12_4.bmp,0.7854451537132263,3.282
1859,i16.bmp,i16_12_5.bmp,0.7133898138999939,2.6
1860,i16.bmp,i16_13_1.bmp,0.8427217602729797,4.6
1861,i16.bmp,i16_13_2.bmp,0.790949285030365,3.8158
1862,i16.bmp,i16_13_3.bmp,0.7869041562080383,4.4615
1863,i16.bmp,i16_13_4.bmp,0.7436810731887817,3.0513
1864,i16.bmp,i16_13_5.bmp,0.7620484232902527,3.625
1865,i16.bmp,i16_14_1.bmp,0.9320734143257141,5.7692
1866,i16.bmp,i16_14_2.bmp,0.979896068572998,6.1316
1867,i16.bmp,i16_14_3.bmp,0.9651281237602234,5.6154
1868,i16.bmp,i16_14_4.bmp,0.9411240816116333,5.5263
1869,i16.bmp,i16_14_5.bmp,0.9222011566162109,4.575
1870,i16.bmp,i16_15_1.bmp,0.9395323991775513,3.4103
1871,i16.bmp,i16_15_2.bmp,0.948188304901123,3.5385
1872,i16.bmp,i16_15_3.bmp,0.9516129493713379,3.475
1873,i16.bmp,i16_15_4.bmp,0.9630528688430786,3.65
1874,i16.bmp,i16_15_5.bmp,0.9756463170051575,4.0263
1875,i16.bmp,i16_16_1.bmp,0.9908947348594666,5.9231
1876,i16.bmp,i16_16_2.bmp,0.9846884608268738,6.275
1877,i16.bmp,i16_16_3.bmp,0.9696353077888489,5.6842
1878,i16.bmp,i16_16_4.bmp,0.9609773755073547,5.75
1879,i16.bmp,i16_16_5.bmp,0.9389702677726746,4.6154
1880,i16.bmp,i16_17_1.bmp,0.9718464016914368,5.825
1881,i16.bmp,i16_17_2.bmp,0.9590428471565247,7.1
1882,i16.bmp,i16_17_3.bmp,0.9444826245307922,4.75
1883,i16.bmp,i16_17_4.bmp,0.9263935089111328,6.65
1884,i16.bmp,i16_17_5.bmp,0.88906329870224,3.359
1885,i16.bmp,i16_18_1.bmp,0.9358245730400085,4.6
1886,i16.bmp,i16_18_2.bmp,0.9132423400878906,4.3947
1887,i16.bmp,i16_18_3.bmp,0.8831802606582642,4.05
1888,i16.bmp,i16_18_4.bmp,0.8559562563896179,3.9231
1889,i16.bmp,i16_18_5.bmp,0.8370327949523926,3.9474
1890,i16.bmp,i16_19_1.bmp,0.8768464922904968,5.575
1891,i16.bmp,i16_19_2.bmp,0.8520504236221313,5.375
1892,i16.bmp,i16_19_3.bmp,0.8269931674003601,4.6154
1893,i16.bmp,i16_19_4.bmp,0.800044059753418,4.1539
1894,i16.bmp,i16_19_5.bmp,0.7730854153633118,3.6667
1895,i16.bmp,i16_20_1.bmp,0.8980375528335571,6.0769
1896,i16.bmp,i16_20_2.bmp,0.8508888483047485,5.7436
1897,i16.bmp,i16_20_3.bmp,0.7930536866188049,5.1842
1898,i16.bmp,i16_20_4.bmp,0.7425234913825989,4.125
1899,i16.bmp,i16_20_5.bmp,0.7133809328079224,3.5897
1900,i16.bmp,i16_21_1.bmp,0.8436875343322754,5.825
1901,i16.bmp,i16_21_2.bmp,0.8092131018638611,5.4615
1902,i16.bmp,i16_21_3.bmp,0.7759364247322083,4.2564
1903,i16.bmp,i16_21_4.bmp,0.7447630763053894,3.7692
1904,i16.bmp,i16_21_5.bmp,0.7092132568359375,1.8461
1905,i16.bmp,i16_22_1.bmp,0.8852085471153259,5.6154
1906,i16.bmp,i16_22_2.bmp,0.8631054162979126,5.35
1907,i16.bmp,i16_22_3.bmp,0.8322305083274841,4.9459
1908,i16.bmp,i16_22_4.bmp,0.7985854744911194,3.9737
1909,i16.bmp,i16_22_5.bmp,0.7542144656181335,2.775
1910,i16.bmp,i16_23_1.bmp,0.92560213804245,6.125
1911,i16.bmp,i16_23_2.bmp,0.8397836685180664,4.825
1912,i16.bmp,i16_23_3.bmp,0.7451621294021606,2.7
1913,i16.bmp,i16_23_4.bmp,0.7363532781600952,2.1579
1914,i16.bmp,i16_23_5.bmp,0.744733989238739,1.5263
1915,i16.bmp,i16_24_1.bmp,0.8384920358657837,5.3684
1916,i16.bmp,i16_24_2.bmp,0.7831670641899109,4.0526
1917,i16.bmp,i16_24_3.bmp,0.7324447631835938,2.641
1918,i16.bmp,i16_24_4.bmp,0.7254340052604675,1.8421
1919,i16.bmp,i16_24_5.bmp,0.7495027780532837,0.97436
1920,i17.bmp,i17_01_1.bmp,0.8885273337364197,5.8919
1921,i17.bmp,i17_01_2.bmp,0.8566349148750305,5.2105
1922,i17.bmp,i17_01_3.bmp,0.82257080078125,5.0513
1923,i17.bmp,i17_01_4.bmp,0.7905635237693787,4.3846
1924,i17.bmp,i17_01_5.bmp,0.7580801844596863,3.8718
1925,i17.bmp,i17_02_1.bmp,0.9132359623908997,5.75
1926,i17.bmp,i17_02_2.bmp,0.8872405886650085,6.0
1927,i17.bmp,i17_02_3.bmp,0.8562468886375427,5.825
1928,i17.bmp,i17_02_4.bmp,0.8247026801109314,5.275
1929,i17.bmp,i17_02_5.bmp,0.7898029685020447,4.4872
1930,i17.bmp,i17_03_1.bmp,0.8261030316352844,4.9737
1931,i17.bmp,i17_03_2.bmp,0.7913638949394226,4.4359
1932,i17.bmp,i17_03_3.bmp,0.7572493553161621,3.8205
1933,i17.bmp,i17_03_4.bmp,0.7283740639686584,3.35
1934,i17.bmp,i17_03_5.bmp,0.7027649879455566,2.8974
1935,i17.bmp,i17_04_1.bmp,0.9669080972671509,5.7692
1936,i17.bmp,i17_04_2.bmp,0.9589664340019226,5.9737
1937,i17.bmp,i17_04_3.bmp,0.9431222081184387,5.3333
1938,i17.bmp,i17_04_4.bmp,0.9187819361686707,5.2368
1939,i17.bmp,i17_04_5.bmp,0.8855992555618286,4.7368
1940,i17.bmp,i17_05_1.bmp,0.9276382327079773,5.825
1941,i17.bmp,i17_05_2.bmp,0.902816116809845,5.925
1942,i17.bmp,i17_05_3.bmp,0.8489651083946228,5.2368
1943,i17.bmp,i17_05_4.bmp,0.791840672492981,4.1795
1944,i17.bmp,i17_05_5.bmp,0.7379153966903687,3.3421
1945,i17.bmp,i17_06_1.bmp,0.8949691653251648,4.2368
1946,i17.bmp,i17_06_2.bmp,0.8580541014671326,4.4324
1947,i17.bmp,i17_06_3.bmp,0.8195587396621704,4.0
1948,i17.bmp,i17_06_4.bmp,0.7853010296821594,3.55
1949,i17.bmp,i17_06_5.bmp,0.752255380153656,3.3077
1950,i17.bmp,i17_07_1.bmp,0.8657438158988953,5.718
1951,i17.bmp,i17_07_2.bmp,0.8210598230361938,4.6579
1952,i17.bmp,i17_07_3.bmp,0.7761573195457458,3.8974
1953,i17.bmp,i17_07_4.bmp,0.7440671324729919,3.2051
1954,i17.bmp,i17_07_5.bmp,0.7237052917480469,2.4737
1955,i17.bmp,i17_08_1.bmp,0.9575321078300476,5.7436
1956,i17.bmp,i17_08_2.bmp,0.9298431277275085,5.225
1957,i17.bmp,i17_08_3.bmp,0.8771429061889648,4.575
1958,i17.bmp,i17_08_4.bmp,0.8022516369819641,3.718
1959,i17.bmp,i17_08_5.bmp,0.7356047034263611,2.95
1960,i17.bmp,i17_09_1.bmp,0.8666790127754211,6.025
1961,i17.bmp,i17_09_2.bmp,0.8376065492630005,6.1053
1962,i17.bmp,i17_09_3.bmp,0.7918946146965027,5.025
1963,i17.bmp,i17_09_4.bmp,0.7393892407417297,3.8205
1964,i17.bmp,i17_09_5.bmp,0.6968383193016052,2.4595
1965,i17.bmp,i17_10_1.bmp,0.9102713465690613,6.0513
1966,i17.bmp,i17_10_2.bmp,0.8761345148086548,5.925
1967,i17.bmp,i17_10_3.bmp,0.8152267336845398,5.1539
1968,i17.bmp,i17_10_4.bmp,0.732572615146637,3.425
1969,i17.bmp,i17_10_5.bmp,0.699999213218689,2.25
1970,i17.bmp,i17_11_1.bmp,0.8590823411941528,5.5641
1971,i17.bmp,i17_11_2.bmp,0.8052137494087219,5.4359
1972,i17.bmp,i17_11_3.bmp,0.7336616516113281,3.8462
1973,i17.bmp,i17_11_4.bmp,0.6969965100288391,2.7692
1974,i17.bmp,i17_11_5.bmp,0.6812440156936646,1.025
1975,i17.bmp,i17_12_1.bmp,0.9300676584243774,5.875
1976,i17.bmp,i17_12_2.bmp,0.896650493144989,5.9231
1977,i17.bmp,i17_12_3.bmp,0.8743124008178711,5.0769
1978,i17.bmp,i17_12_4.bmp,0.8083869218826294,3.925
1979,i17.bmp,i17_12_5.bmp,0.6850188374519348,2.4872
1980,i17.bmp,i17_13_1.bmp,0.8618873953819275,5.15
1981,i17.bmp,i17_13_2.bmp,0.8269749879837036,4.45
1982,i17.bmp,i17_13_3.bmp,0.7546320557594299,3.2632
1983,i17.bmp,i17_13_4.bmp,0.7257489562034607,2.425
1984,i17.bmp,i17_13_5.bmp,0.7203012108802795,2.3684
1985,i17.bmp,i17_14_1.bmp,0.9314119219779968,5.875
1986,i17.bmp,i17_14_2.bmp,0.9624325633049011,5.7949
1987,i17.bmp,i17_14_3.bmp,0.9342767596244812,5.5263
1988,i17.bmp,i17_14_4.bmp,0.9102509617805481,4.359
1989,i17.bmp,i17_14_5.bmp,0.8839055299758911,3.525
1990,i17.bmp,i17_15_1.bmp,0.9236295819282532,3.55
1991,i17.bmp,i17_15_2.bmp,0.9334436655044556,3.4103
1992,i17.bmp,i17_15_3.bmp,0.9446491599082947,3.2564
1993,i17.bmp,i17_15_4.bmp,0.9566078186035156,3.625
1994,i17.bmp,i17_15_5.bmp,0.9761815071105957,4.0
1995,i17.bmp,i17_16_1.bmp,0.9851003885269165,5.925
1996,i17.bmp,i17_16_2.bmp,0.9768615961074829,6.025
1997,i17.bmp,i17_16_3.bmp,0.9336715936660767,5.5789
1998,i17.bmp,i17_16_4.bmp,0.9427782297134399,5.1579
1999,i17.bmp,i17_16_5.bmp,0.8887621760368347,4.1795
2000,i17.bmp,i17_17_1.bmp,0.9712875485420227,5.575
2001,i17.bmp,i17_17_2.bmp,0.9483330845832825,6.625
2002,i17.bmp,i17_17_3.bmp,0.9358426928520203,4.4872
2003,i17.bmp,i17_17_4.bmp,0.900373637676239,7.1
2004,i17.bmp,i17_17_5.bmp,0.8673385977745056,3.3684
2005,i17.bmp,i17_18_1.bmp,0.9102484583854675,4.55
2006,i17.bmp,i17_18_2.bmp,0.8801323175430298,4.0769
2007,i17.bmp,i17_18_3.bmp,0.8604667782783508,4.1282
2008,i17.bmp,i17_18_4.bmp,0.8445725440979004,3.8205
2009,i17.bmp,i17_18_5.bmp,0.8422390222549438,3.718
2010,i17.bmp,i17_19_1.bmp,0.898066520690918,5.725
2011,i17.bmp,i17_19_2.bmp,0.8702526092529297,5.3333
2012,i17.bmp,i17_19_3.bmp,0.8395906686782837,4.7692
2013,i17.bmp,i17_19_4.bmp,0.8066186308860779,4.3077
2014,i17.bmp,i17_19_5.bmp,0.7710596919059753,3.9231
2015,i17.bmp,i17_20_1.bmp,0.9048630595207214,5.75
2016,i17.bmp,i17_20_2.bmp,0.847456157207489,5.45
2017,i17.bmp,i17_20_3.bmp,0.7821034789085388,4.8684
2018,i17.bmp,i17_20_4.bmp,0.7223727107048035,4.3684
2019,i17.bmp,i17_20_5.bmp,0.6810861825942993,2.8649
2020,i17.bmp,i17_21_1.bmp,0.8441791534423828,5.425
2021,i17.bmp,i17_21_2.bmp,0.8020281791687012,4.7949
2022,i17.bmp,i17_21_3.bmp,0.761070191860199,4.25
2023,i17.bmp,i17_21_4.bmp,0.7242637276649475,3.3846
2024,i17.bmp,i17_21_5.bmp,0.689062774181366,2.5263
2025,i17.bmp,i17_22_1.bmp,0.8999552726745605,5.975
2026,i17.bmp,i17_22_2.bmp,0.8725444674491882,5.6154
2027,i17.bmp,i17_22_3.bmp,0.8212148547172546,4.3421
2028,i17.bmp,i17_22_4.bmp,0.7724135518074036,3.5897
2029,i17.bmp,i17_22_5.bmp,0.733524739742279,2.8974
2030,i17.bmp,i17_23_1.bmp,0.9171059727668762,5.9
2031,i17.bmp,i17_23_2.bmp,0.8735123872756958,5.9
2032,i17.bmp,i17_23_3.bmp,0.7824745774269104,4.5641
2033,i17.bmp,i17_23_4.bmp,0.7251040935516357,3.1538
2034,i17.bmp,i17_23_5.bmp,0.6842256784439087,1.9231
2035,i17.bmp,i17_24_1.bmp,0.8416848182678223,6.05
2036,i17.bmp,i17_24_2.bmp,0.7998102307319641,5.525
2037,i17.bmp,i17_24_3.bmp,0.7421249747276306,3.9737
2038,i17.bmp,i17_24_4.bmp,0.6944395899772644,2.0256
2039,i17.bmp,i17_24_5.bmp,0.6807597875595093,0.34211
2040,i18.bmp,i18_01_1.bmp,0.9194286465644836,5.6905
2041,i18.bmp,i18_01_2.bmp,0.8932964205741882,5.4146
2042,i18.bmp,i18_01_3.bmp,0.8620523810386658,4.85
2043,i18.bmp,i18_01_4.bmp,0.8285157084465027,4.4634
2044,i18.bmp,i18_01_5.bmp,0.793363630771637,4.0
2045,i18.bmp,i18_02_1.bmp,0.9384124875068665,5.9512
2046,i18.bmp,i18_02_2.bmp,0.9168931245803833,5.881
2047,i18.bmp,i18_02_3.bmp,0.8913823962211609,5.7381
2048,i18.bmp,i18_02_4.bmp,0.8602200746536255,4.6341
2049,i18.bmp,i18_02_5.bmp,0.8271467089653015,4.2439
2050,i18.bmp,i18_03_1.bmp,0.8635299801826477,4.9762
2051,i18.bmp,i18_03_2.bmp,0.8307027220726013,4.55
2052,i18.bmp,i18_03_3.bmp,0.7942115068435669,3.7381
2053,i18.bmp,i18_03_4.bmp,0.7605786919593811,3.1191
2054,i18.bmp,i18_03_5.bmp,0.7298539876937866,2.5476
2055,i18.bmp,i18_04_1.bmp,0.9783287048339844,6.175
2056,i18.bmp,i18_04_2.bmp,0.9720840454101562,5.881
2057,i18.bmp,i18_04_3.bmp,0.9624316096305847,5.878
2058,i18.bmp,i18_04_4.bmp,0.9473274350166321,5.3171
2059,i18.bmp,i18_04_5.bmp,0.9249326586723328,4.3415
2060,i18.bmp,i18_05_1.bmp,0.9505530595779419,6.2439
2061,i18.bmp,i18_05_2.bmp,0.931659996509552,5.6098
2062,i18.bmp,i18_05_3.bmp,0.8879885077476501,5.1707
2063,i18.bmp,i18_05_4.bmp,0.8320881128311157,4.0
2064,i18.bmp,i18_05_5.bmp,0.7677409052848816,3.125
2065,i18.bmp,i18_06_1.bmp,0.9218347668647766,4.5714
2066,i18.bmp,i18_06_2.bmp,0.8960182070732117,4.15
2067,i18.bmp,i18_06_3.bmp,0.8578896522521973,3.8095
2068,i18.bmp,i18_06_4.bmp,0.8143731951713562,3.7317
2069,i18.bmp,i18_06_5.bmp,0.7752642035484314,3.1951
2070,i18.bmp,i18_07_1.bmp,0.9014695286750793,5.5714
2071,i18.bmp,i18_07_2.bmp,0.8677433133125305,4.9286
2072,i18.bmp,i18_07_3.bmp,0.8303517699241638,4.2143
2073,i18.bmp,i18_07_4.bmp,0.8002371788024902,3.4048
2074,i18.bmp,i18_07_5.bmp,0.7748023867607117,3.0
2075,i18.bmp,i18_08_1.bmp,0.9614314436912537,5.6905
2076,i18.bmp,i18_08_2.bmp,0.9315521121025085,4.6585
2077,i18.bmp,i18_08_3.bmp,0.8756513595581055,4.1429
2078,i18.bmp,i18_08_4.bmp,0.80164635181427,3.0476
2079,i18.bmp,i18_08_5.bmp,0.7316964268684387,2.0488
2080,i18.bmp,i18_09_1.bmp,0.8938924074172974,6.0244
2081,i18.bmp,i18_09_2.bmp,0.8646184802055359,5.881
2082,i18.bmp,i18_09_3.bmp,0.8140379786491394,4.2619
2083,i18.bmp,i18_09_4.bmp,0.7474967837333679,3.0244
2084,i18.bmp,i18_09_5.bmp,0.7010068893432617,1.7073
2085,i18.bmp,i18_10_1.bmp,0.9192596673965454,6.0732
2086,i18.bmp,i18_10_2.bmp,0.8884889483451843,5.7805
2087,i18.bmp,i18_10_3.bmp,0.8235587477684021,4.675
2088,i18.bmp,i18_10_4.bmp,0.7475512027740479,3.5
2089,i18.bmp,i18_10_5.bmp,0.7070040702819824,2.1707
2090,i18.bmp,i18_11_1.bmp,0.9219607710838318,5.8049
2091,i18.bmp,i18_11_2.bmp,0.8840155601501465,5.5
2092,i18.bmp,i18_11_3.bmp,0.8186936378479004,4.5122
2093,i18.bmp,i18_11_4.bmp,0.7373030781745911,3.0714
2094,i18.bmp,i18_11_5.bmp,0.6877164840698242,1.0
2095,i18.bmp,i18_12_1.bmp,0.937023937702179,6.3571
2096,i18.bmp,i18_12_2.bmp,0.9280328750610352,5.3659
2097,i18.bmp,i18_12_3.bmp,0.8694568872451782,5.561
2098,i18.bmp,i18_12_4.bmp,0.853693962097168,4.925
2099,i18.bmp,i18_12_5.bmp,0.764535129070282,2.6585
2100,i18.bmp,i18_13_1.bmp,0.8693658113479614,4.1463
2101,i18.bmp,i18_13_2.bmp,0.8473825454711914,4.3571
2102,i18.bmp,i18_13_3.bmp,0.8358796238899231,3.8809
2103,i18.bmp,i18_13_4.bmp,0.7632265090942383,2.9024
2104,i18.bmp,i18_13_5.bmp,0.7192062735557556,2.4634
2105,i18.bmp,i18_14_1.bmp,0.9651948809623718,4.9512
2106,i18.bmp,i18_14_2.bmp,0.980153501033783,6.0
2107,i18.bmp,i18_14_3.bmp,0.9430162310600281,4.1951
2108,i18.bmp,i18_14_4.bmp,0.9386423230171204,4.1667
2109,i18.bmp,i18_14_5.bmp,0.9041708111763,3.3415
2110,i18.bmp,i18_15_1.bmp,0.9311936497688293,3.2195
2111,i18.bmp,i18_15_2.bmp,0.9430966377258301,3.3415
2112,i18.bmp,i18_15_3.bmp,0.953941822052002,3.2
2113,i18.bmp,i18_15_4.bmp,0.9630363583564758,3.525
2114,i18.bmp,i18_15_5.bmp,0.9796127676963806,3.9524
2115,i18.bmp,i18_16_1.bmp,0.9842762351036072,6.4146
2116,i18.bmp,i18_16_2.bmp,0.9745850563049316,5.9524
2117,i18.bmp,i18_16_3.bmp,0.9440097212791443,5.6905
2118,i18.bmp,i18_16_4.bmp,0.9379904866218567,5.0
2119,i18.bmp,i18_16_5.bmp,0.8756972551345825,4.2564
2120,i18.bmp,i18_17_1.bmp,0.9767770767211914,5.9286
2121,i18.bmp,i18_17_2.bmp,0.9596485495567322,6.0976
2122,i18.bmp,i18_17_3.bmp,0.9447294473648071,4.4146
2123,i18.bmp,i18_17_4.bmp,0.9207406044006348,5.9048
2124,i18.bmp,i18_17_5.bmp,0.8784815669059753,3.4878
2125,i18.bmp,i18_18_1.bmp,0.9601485133171082,5.0244
2126,i18.bmp,i18_18_2.bmp,0.9477855563163757,4.8
2127,i18.bmp,i18_18_3.bmp,0.9243966937065125,4.3571
2128,i18.bmp,i18_18_4.bmp,0.8900246024131775,4.0714
2129,i18.bmp,i18_18_5.bmp,0.8399521112442017,4.0952
2130,i18.bmp,i18_19_1.bmp,0.9293619394302368,5.1429
2131,i18.bmp,i18_19_2.bmp,0.9042651057243347,5.0714
2132,i18.bmp,i18_19_3.bmp,0.8741181492805481,4.375
2133,i18.bmp,i18_19_4.bmp,0.8403940200805664,3.8537
2134,i18.bmp,i18_19_5.bmp,0.8055174946784973,3.7073
2135,i18.bmp,i18_20_1.bmp,0.9461495280265808,6.1667
2136,i18.bmp,i18_20_2.bmp,0.919590175151825,5.5714
2137,i18.bmp,i18_20_3.bmp,0.8755397796630859,5.3659
2138,i18.bmp,i18_20_4.bmp,0.8129743933677673,4.3659
2139,i18.bmp,i18_20_5.bmp,0.7388654351234436,3.325
2140,i18.bmp,i18_21_1.bmp,0.8931909799575806,5.5238
2141,i18.bmp,i18_21_2.bmp,0.853388786315918,5.3415
2142,i18.bmp,i18_21_3.bmp,0.8102318048477173,4.5
2143,i18.bmp,i18_21_4.bmp,0.7571190595626831,3.2619
2144,i18.bmp,i18_21_5.bmp,0.7089933156967163,2.3171
2145,i18.bmp,i18_22_1.bmp,0.9359993934631348,5.7143
2146,i18.bmp,i18_22_2.bmp,0.9008182883262634,4.4048
2147,i18.bmp,i18_22_3.bmp,0.8542953729629517,3.6829
2148,i18.bmp,i18_22_4.bmp,0.7962700724601746,2.9524
2149,i18.bmp,i18_22_5.bmp,0.7508444786071777,2.3333
2150,i18.bmp,i18_23_1.bmp,0.9471756815910339,6.3095
2151,i18.bmp,i18_23_2.bmp,0.9127193689346313,6.1905
2152,i18.bmp,i18_23_3.bmp,0.886924684047699,6.075
2153,i18.bmp,i18_23_4.bmp,0.844207763671875,5.9286
2154,i18.bmp,i18_23_5.bmp,0.7763394713401794,4.0
2155,i18.bmp,i18_24_1.bmp,0.9050408601760864,5.9024
2156,i18.bmp,i18_24_2.bmp,0.8625540137290955,5.5952
2157,i18.bmp,i18_24_3.bmp,0.8057493567466736,4.5854
2158,i18.bmp,i18_24_4.bmp,0.7425987720489502,3.2195
2159,i18.bmp,i18_24_5.bmp,0.6837415099143982,1.0238
2160,i19.bmp,i19_01_1.bmp,0.9189470410346985,5.7297
2161,i19.bmp,i19_01_2.bmp,0.894994854927063,5.1081
2162,i19.bmp,i19_01_3.bmp,0.8652376532554626,4.6053
2163,i19.bmp,i19_01_4.bmp,0.8345045447349548,4.1351
2164,i19.bmp,i19_01_5.bmp,0.8044270873069763,3.5676
2165,i19.bmp,i19_02_1.bmp,0.9359714388847351,6.0811
2166,i19.bmp,i19_02_2.bmp,0.9149553179740906,5.6486
2167,i19.bmp,i19_02_3.bmp,0.8901371359825134,5.5789
2168,i19.bmp,i19_02_4.bmp,0.8633173108100891,5.0
2169,i19.bmp,i19_02_5.bmp,0.8348429799079895,4.4722
2170,i19.bmp,i19_03_1.bmp,0.864644467830658,4.6667
2171,i19.bmp,i19_03_2.bmp,0.8362879753112793,4.0541
2172,i19.bmp,i19_03_3.bmp,0.8048281073570251,3.6316
2173,i19.bmp,i19_03_4.bmp,0.7753066420555115,3.0
2174,i19.bmp,i19_03_5.bmp,0.7476344108581543,2.5263
2175,i19.bmp,i19_04_1.bmp,0.9777604937553406,5.8947
2176,i19.bmp,i19_04_2.bmp,0.9690312743186951,5.9459
2177,i19.bmp,i19_04_3.bmp,0.9584168791770935,5.8947
2178,i19.bmp,i19_04_4.bmp,0.9460014700889587,5.2432
2179,i19.bmp,i19_04_5.bmp,0.9175748825073242,4.4865
2180,i19.bmp,i19_05_1.bmp,0.9474088549613953,5.9737
2181,i19.bmp,i19_05_2.bmp,0.9291672110557556,5.5
2182,i19.bmp,i19_05_3.bmp,0.8896259665489197,5.0789
2183,i19.bmp,i19_05_4.bmp,0.8401954770088196,4.0
2184,i19.bmp,i19_05_5.bmp,0.7852066159248352,3.1842
2185,i19.bmp,i19_06_1.bmp,0.9294395446777344,4.7368
2186,i19.bmp,i19_06_2.bmp,0.8986255526542664,4.6486
2187,i19.bmp,i19_06_3.bmp,0.8654261827468872,3.8684
2188,i19.bmp,i19_06_4.bmp,0.8332595825195312,3.5676
2189,i19.bmp,i19_06_5.bmp,0.797368049621582,3.1892
2190,i19.bmp,i19_07_1.bmp,0.9052173495292664,5.3784
2191,i19.bmp,i19_07_2.bmp,0.8771228194236755,4.6757
2192,i19.bmp,i19_07_3.bmp,0.8462892770767212,3.8889
2193,i19.bmp,i19_07_4.bmp,0.8191679120063782,3.1944
2194,i19.bmp,i19_07_5.bmp,0.7914642095565796,2.6053
2195,i19.bmp,i19_08_1.bmp,0.9594058990478516,5.3514
2196,i19.bmp,i19_08_2.bmp,0.9285818338394165,4.7027
2197,i19.bmp,i19_08_3.bmp,0.8740526437759399,3.7632
2198,i19.bmp,i19_08_4.bmp,0.8011587262153625,2.8919
2199,i19.bmp,i19_08_5.bmp,0.7373397350311279,2.2703
2200,i19.bmp,i19_09_1.bmp,0.8982154726982117,6.0811
2201,i19.bmp,i19_09_2.bmp,0.8746601939201355,5.8947
2202,i19.bmp,i19_09_3.bmp,0.8353905081748962,4.8684
2203,i19.bmp,i19_09_4.bmp,0.7842509150505066,3.2703
2204,i19.bmp,i19_09_5.bmp,0.7338324785232544,1.8649
2205,i19.bmp,i19_10_1.bmp,0.9236695170402527,5.7368
2206,i19.bmp,i19_10_2.bmp,0.8976266980171204,5.4722
2207,i19.bmp,i19_10_3.bmp,0.844410240650177,4.8611
2208,i19.bmp,i19_10_4.bmp,0.7788506150245667,3.0
2209,i19.bmp,i19_10_5.bmp,0.734726071357727,1.6579
2210,i19.bmp,i19_11_1.bmp,0.9022882580757141,5.5263
2211,i19.bmp,i19_11_2.bmp,0.867911159992218,4.9737
2212,i19.bmp,i19_11_3.bmp,0.8297765851020813,4.5263
2213,i19.bmp,i19_11_4.bmp,0.7620765566825867,2.9459
2214,i19.bmp,i19_11_5.bmp,0.7153239846229553,1.2368
2215,i19.bmp,i19_12_1.bmp,0.9546160101890564,6.1316
2216,i19.bmp,i19_12_2.bmp,0.9461841583251953,5.5946
2217,i19.bmp,i19_12_3.bmp,0.885044276714325,5.1842
2218,i19.bmp,i19_12_4.bmp,0.894408643245697,5.0811
2219,i19.bmp,i19_12_5.bmp,0.8556987047195435,4.5278
2220,i19.bmp,i19_13_1.bmp,0.9287115335464478,4.6757
2221,i19.bmp,i19_13_2.bmp,0.870231568813324,4.0526
2222,i19.bmp,i19_13_3.bmp,0.8413569331169128,3.6216
2223,i19.bmp,i19_13_4.bmp,0.7941204905509949,3.0789
2224,i19.bmp,i19_13_5.bmp,0.7541314959526062,1.9474
2225,i19.bmp,i19_14_1.bmp,0.9650499224662781,5.6111
2226,i19.bmp,i19_14_2.bmp,0.9695996642112732,6.0263
2227,i19.bmp,i19_14_3.bmp,0.9508272409439087,5.4595
2228,i19.bmp,i19_14_4.bmp,0.9381135106086731,4.9211
2229,i19.bmp,i19_14_5.bmp,0.9172515869140625,3.6486
2230,i19.bmp,i19_15_1.bmp,0.9547746777534485,2.8889
2231,i19.bmp,i19_15_2.bmp,0.9630102515220642,3.2778
2232,i19.bmp,i19_15_3.bmp,0.9745036959648132,3.5135
2233,i19.bmp,i19_15_4.bmp,0.9749578833580017,3.6842
2234,i19.bmp,i19_15_5.bmp,0.9785200357437134,3.5405
2235,i19.bmp,i19_16_1.bmp,0.9896801114082336,6.1316
2236,i19.bmp,i19_16_2.bmp,0.9808359146118164,6.2632
2237,i19.bmp,i19_16_3.bmp,0.9657039046287537,5.2895
2238,i19.bmp,i19_16_4.bmp,0.9463801383972168,5.8421
2239,i19.bmp,i19_16_5.bmp,0.9344047904014587,4.4167
2240,i19.bmp,i19_17_1.bmp,0.9749143719673157,5.4737
2241,i19.bmp,i19_17_2.bmp,0.9538982510566711,6.1892
2242,i19.bmp,i19_17_3.bmp,0.9433493614196777,4.4324
2243,i19.bmp,i19_17_4.bmp,0.9123308062553406,5.7568
2244,i19.bmp,i19_17_5.bmp,0.883219838142395,3.3421
2245,i19.bmp,i19_18_1.bmp,0.962384045124054,5.1351
2246,i19.bmp,i19_18_2.bmp,0.9502817988395691,4.3889
2247,i19.bmp,i19_18_3.bmp,0.9330876469612122,4.2432
2248,i19.bmp,i19_18_4.bmp,0.904591977596283,4.0811
2249,i19.bmp,i19_18_5.bmp,0.8743273019790649,4.0541
2250,i19.bmp,i19_19_1.bmp,0.9196222424507141,5.5405
2251,i19.bmp,i19_19_2.bmp,0.8947147727012634,4.973
2252,i19.bmp,i19_19_3.bmp,0.8666402101516724,4.5556
2253,i19.bmp,i19_19_4.bmp,0.8347282409667969,4.3143
2254,i19.bmp,i19_19_5.bmp,0.8022769093513489,3.5556
2255,i19.bmp,i19_20_1.bmp,0.9411190152168274,5.7027
2256,i19.bmp,i19_20_2.bmp,0.9071304202079773,5.7105
2257,i19.bmp,i19_20_3.bmp,0.8566582798957825,5.1892
2258,i19.bmp,i19_20_4.bmp,0.7966804504394531,4.1389
2259,i19.bmp,i19_20_5.bmp,0.7420941591262817,3.0526
2260,i19.bmp,i19_21_1.bmp,0.8915594220161438,5.4054
2261,i19.bmp,i19_21_2.bmp,0.8561609387397766,5.1622
2262,i19.bmp,i19_21_3.bmp,0.819669246673584,4.0811
2263,i19.bmp,i19_21_4.bmp,0.780439019203186,3.5676
2264,i19.bmp,i19_21_5.bmp,0.7348753809928894,2.25
2265,i19.bmp,i19_22_1.bmp,0.9340938925743103,5.7368
2266,i19.bmp,i19_22_2.bmp,0.9062632918357849,5.3243
2267,i19.bmp,i19_22_3.bmp,0.879498302936554,4.4
2268,i19.bmp,i19_22_4.bmp,0.8432850241661072,3.9474
2269,i19.bmp,i19_22_5.bmp,0.779030442237854,2.7568
2270,i19.bmp,i19_23_1.bmp,0.9528519511222839,5.8684
2271,i19.bmp,i19_23_2.bmp,0.9242469072341919,6.2895
2272,i19.bmp,i19_23_3.bmp,0.9031187295913696,5.7568
2273,i19.bmp,i19_23_4.bmp,0.8826445937156677,5.7632
2274,i19.bmp,i19_23_5.bmp,0.845988929271698,5.2162
2275,i19.bmp,i19_24_1.bmp,0.8892256021499634,5.4595
2276,i19.bmp,i19_24_2.bmp,0.8490566611289978,4.7027
2277,i19.bmp,i19_24_3.bmp,0.8023270964622498,3.6389
2278,i19.bmp,i19_24_4.bmp,0.7579321265220642,2.5
2279,i19.bmp,i19_24_5.bmp,0.7214351892471313,0.77778
2280,i20.bmp,i20_01_1.bmp,0.8770729899406433,5.7692
2281,i20.bmp,i20_01_2.bmp,0.8508683443069458,5.5128
2282,i20.bmp,i20_01_3.bmp,0.8246465921401978,4.9211
2283,i20.bmp,i20_01_4.bmp,0.7983917593955994,4.4359
2284,i20.bmp,i20_01_5.bmp,0.774793803691864,3.7838
2285,i20.bmp,i20_02_1.bmp,0.8997679948806763,5.8421
2286,i20.bmp,i20_02_2.bmp,0.8760955929756165,5.7949
2287,i20.bmp,i20_02_3.bmp,0.8512930870056152,5.5135
2288,i20.bmp,i20_02_4.bmp,0.8272579312324524,5.282
2289,i20.bmp,i20_02_5.bmp,0.7996717095375061,4.4872
2290,i20.bmp,i20_03_1.bmp,0.825120747089386,4.9474
2291,i20.bmp,i20_03_2.bmp,0.7988936305046082,4.2105
2292,i20.bmp,i20_03_3.bmp,0.7734343409538269,3.8108
2293,i20.bmp,i20_03_4.bmp,0.7492784857749939,3.1282
2294,i20.bmp,i20_03_5.bmp,0.7278388142585754,2.6579
2295,i20.bmp,i20_04_1.bmp,0.966679573059082,5.7105
2296,i20.bmp,i20_04_2.bmp,0.9558233618736267,5.4737
2297,i20.bmp,i20_04_3.bmp,0.939253032207489,5.1579
2298,i20.bmp,i20_04_4.bmp,0.915665328502655,4.7297
2299,i20.bmp,i20_04_5.bmp,0.8840215802192688,4.0541
2300,i20.bmp,i20_05_1.bmp,0.9064486622810364,6.0263
2301,i20.bmp,i20_05_2.bmp,0.882100522518158,5.7632
2302,i20.bmp,i20_05_3.bmp,0.8396018147468567,5.3947
2303,i20.bmp,i20_05_4.bmp,0.7976124286651611,4.2308
2304,i20.bmp,i20_05_5.bmp,0.7566784024238586,2.9211
2305,i20.bmp,i20_06_1.bmp,0.8706884384155273,4.9737
2306,i20.bmp,i20_06_2.bmp,0.845393180847168,4.1389
2307,i20.bmp,i20_06_3.bmp,0.8101550936698914,3.9474
2308,i20.bmp,i20_06_4.bmp,0.7783897519111633,3.4359
2309,i20.bmp,i20_06_5.bmp,0.7494993805885315,3.1026
2310,i20.bmp,i20_07_1.bmp,0.8800585865974426,5.282
2311,i20.bmp,i20_07_2.bmp,0.8487896919250488,4.7297
2312,i20.bmp,i20_07_3.bmp,0.8281645178794861,4.4737
2313,i20.bmp,i20_07_4.bmp,0.8114146590232849,3.7368
2314,i20.bmp,i20_07_5.bmp,0.7992371916770935,3.282
2315,i20.bmp,i20_08_1.bmp,0.9628216624259949,5.6579
2316,i20.bmp,i20_08_2.bmp,0.9387375116348267,5.2973
2317,i20.bmp,i20_08_3.bmp,0.8956145644187927,4.0278
2318,i20.bmp,i20_08_4.bmp,0.8321758508682251,3.4211
2319,i20.bmp,i20_08_5.bmp,0.776146411895752,2.5897
2320,i20.bmp,i20_09_1.bmp,0.8875772356987,6.2632
2321,i20.bmp,i20_09_2.bmp,0.8678092360496521,6.1316
2322,i20.bmp,i20_09_3.bmp,0.8363049626350403,5.3333
2323,i20.bmp,i20_09_4.bmp,0.7877871990203857,3.7568
2324,i20.bmp,i20_09_5.bmp,0.7364298105239868,2.2162
2325,i20.bmp,i20_10_1.bmp,0.896100640296936,6.1316
2326,i20.bmp,i20_10_2.bmp,0.8733100891113281,5.7368
2327,i20.bmp,i20_10_3.bmp,0.8309036493301392,4.9444
2328,i20.bmp,i20_10_4.bmp,0.7841193079948425,3.5789
2329,i20.bmp,i20_10_5.bmp,0.7590709328651428,2.7436
2330,i20.bmp,i20_11_1.bmp,0.8646520972251892,5.5789
2331,i20.bmp,i20_11_2.bmp,0.8354217410087585,4.8421
2332,i20.bmp,i20_11_3.bmp,0.7800106406211853,3.4324
2333,i20.bmp,i20_11_4.bmp,0.7482332587242126,2.0526
2334,i20.bmp,i20_11_5.bmp,0.7355850338935852,0.74359
2335,i20.bmp,i20_12_1.bmp,0.935172975063324,6.1282
2336,i20.bmp,i20_12_2.bmp,0.8844630122184753,5.3077
2337,i20.bmp,i20_12_3.bmp,0.8619877099990845,4.4474
2338,i20.bmp,i20_12_4.bmp,0.8259925842285156,4.2564
2339,i20.bmp,i20_12_5.bmp,0.7579052448272705,2.5789
2340,i20.bmp,i20_13_1.bmp,0.8461889624595642,5.1539
2341,i20.bmp,i20_13_2.bmp,0.804107129573822,3.7895
2342,i20.bmp,i20_13_3.bmp,0.8663280606269836,3.8205
2343,i20.bmp,i20_13_4.bmp,0.7554879784584045,2.8919
2344,i20.bmp,i20_13_5.bmp,0.7188591361045837,2.027
2345,i20.bmp,i20_14_1.bmp,0.9646355509757996,6.0263
2346,i20.bmp,i20_14_2.bmp,0.9697399139404297,5.8421
2347,i20.bmp,i20_14_3.bmp,0.9412684440612793,4.5526
2348,i20.bmp,i20_14_4.bmp,0.913338303565979,4.1282
2349,i20.bmp,i20_14_5.bmp,0.8993310928344727,3.3684
2350,i20.bmp,i20_15_1.bmp,0.9362428784370422,3.2308
2351,i20.bmp,i20_15_2.bmp,0.9436596035957336,3.3421
2352,i20.bmp,i20_15_3.bmp,0.9549789428710938,3.6923
2353,i20.bmp,i20_15_4.bmp,0.9657832384109497,3.8974
2354,i20.bmp,i20_15_5.bmp,0.9793069958686829,4.0513
2355,i20.bmp,i20_16_1.bmp,0.982241153717041,6.0513
2356,i20.bmp,i20_16_2.bmp,0.9553869366645813,6.0541
2357,i20.bmp,i20_16_3.bmp,0.9439076781272888,5.4054
2358,i20.bmp,i20_16_4.bmp,0.9056240916252136,5.1351
2359,i20.bmp,i20_16_5.bmp,0.8948971629142761,4.718
2360,i20.bmp,i20_17_1.bmp,0.9640280604362488,5.6154
2361,i20.bmp,i20_17_2.bmp,0.9180303812026978,6.3333
2362,i20.bmp,i20_17_3.bmp,0.9204728007316589,4.3243
2363,i20.bmp,i20_17_4.bmp,0.865354061126709,5.8718
2364,i20.bmp,i20_17_5.bmp,0.8623348474502563,3.5385
2365,i20.bmp,i20_18_1.bmp,0.9433801770210266,5.6154
2366,i20.bmp,i20_18_2.bmp,0.9336200952529907,5.2368
2367,i20.bmp,i20_18_3.bmp,0.9166772961616516,4.5
2368,i20.bmp,i20_18_4.bmp,0.8855772018432617,4.1351
2369,i20.bmp,i20_18_5.bmp,0.8606447577476501,4.1053
2370,i20.bmp,i20_19_1.bmp,0.8838222622871399,5.8205
2371,i20.bmp,i20_19_2.bmp,0.8636377453804016,5.1795
2372,i20.bmp,i20_19_3.bmp,0.8406630754470825,4.7949
2373,i20.bmp,i20_19_4.bmp,0.8173885345458984,4.0
2374,i20.bmp,i20_19_5.bmp,0.7929753065109253,3.4615
2375,i20.bmp,i20_20_1.bmp,0.8860457539558411,6.1579
2376,i20.bmp,i20_20_2.bmp,0.8395413756370544,5.4615
2377,i20.bmp,i20_20_3.bmp,0.8011404871940613,4.7895
2378,i20.bmp,i20_20_4.bmp,0.7583980560302734,3.5263
2379,i20.bmp,i20_20_5.bmp,0.7234889268875122,2.718
2380,i20.bmp,i20_21_1.bmp,0.8575122952461243,5.5526
2381,i20.bmp,i20_21_2.bmp,0.8270274996757507,4.7632
2382,i20.bmp,i20_21_3.bmp,0.8020150065422058,4.0
2383,i20.bmp,i20_21_4.bmp,0.7759300470352173,3.2432
2384,i20.bmp,i20_21_5.bmp,0.7412866950035095,2.5789
2385,i20.bmp,i20_22_1.bmp,0.9046661257743835,6.0
2386,i20.bmp,i20_22_2.bmp,0.8787022829055786,5.1053
2387,i20.bmp,i20_22_3.bmp,0.8452946543693542,4.5263
2388,i20.bmp,i20_22_4.bmp,0.8181602358818054,4.1081
2389,i20.bmp,i20_22_5.bmp,0.7860633730888367,3.7297
2390,i20.bmp,i20_23_1.bmp,0.9442869424819946,5.9487
2391,i20.bmp,i20_23_2.bmp,0.9135332107543945,6.2564
2392,i20.bmp,i20_23_3.bmp,0.8692415356636047,5.8205
2393,i20.bmp,i20_23_4.bmp,0.8232221603393555,4.7297
2394,i20.bmp,i20_23_5.bmp,0.7685534358024597,3.1538
2395,i20.bmp,i20_24_1.bmp,0.8599339723587036,6.1842
2396,i20.bmp,i20_24_2.bmp,0.8201102614402771,5.0789
2397,i20.bmp,i20_24_3.bmp,0.7759268879890442,3.4324
2398,i20.bmp,i20_24_4.bmp,0.7311014533042908,1.9744
2399,i20.bmp,i20_24_5.bmp,0.713752806186676,0.84211
2400,i21.bmp,i21_01_1.bmp,0.909167468547821,5.5116
2401,i21.bmp,i21_01_2.bmp,0.8856657147407532,5.0698
2402,i21.bmp,i21_01_3.bmp,0.8596903681755066,4.4884
2403,i21.bmp,i21_01_4.bmp,0.8298248648643494,3.907
2404,i21.bmp,i21_01_5.bmp,0.8033400774002075,3.4884
2405,i21.bmp,i21_02_1.bmp,0.9283105731010437,5.8095
2406,i21.bmp,i21_02_2.bmp,0.9076910018920898,5.5349
2407,i21.bmp,i21_02_3.bmp,0.8825405240058899,5.4419
2408,i21.bmp,i21_02_4.bmp,0.855524480342865,4.814
2409,i21.bmp,i21_02_5.bmp,0.8273456692695618,4.15
2410,i21.bmp,i21_03_1.bmp,0.8566141128540039,4.3953
2411,i21.bmp,i21_03_2.bmp,0.8295254111289978,3.9268
2412,i21.bmp,i21_03_3.bmp,0.7999319434165955,3.1667
2413,i21.bmp,i21_03_4.bmp,0.7744050025939941,3.0698
2414,i21.bmp,i21_03_5.bmp,0.7436488270759583,2.5581
2415,i21.bmp,i21_04_1.bmp,0.9739769101142883,5.9302
2416,i21.bmp,i21_04_2.bmp,0.9669857025146484,6.0233
2417,i21.bmp,i21_04_3.bmp,0.9569730758666992,5.4634
2418,i21.bmp,i21_04_4.bmp,0.9417209029197693,5.3333
2419,i21.bmp,i21_04_5.bmp,0.9210378527641296,4.65
2420,i21.bmp,i21_05_1.bmp,0.9393467307090759,5.6977
2421,i21.bmp,i21_05_2.bmp,0.9206485152244568,5.907
2422,i21.bmp,i21_05_3.bmp,0.882123589515686,5.1163
2423,i21.bmp,i21_05_4.bmp,0.8369113802909851,3.9286
2424,i21.bmp,i21_05_5.bmp,0.785467803478241,3.0
2425,i21.bmp,i21_06_1.bmp,0.9226080179214478,4.9268
2426,i21.bmp,i21_06_2.bmp,0.8917495012283325,4.381
2427,i21.bmp,i21_06_3.bmp,0.8613835573196411,4.0244
2428,i21.bmp,i21_06_4.bmp,0.8277593851089478,3.5
2429,i21.bmp,i21_06_5.bmp,0.7984243631362915,3.0476
2430,i21.bmp,i21_07_1.bmp,0.9017750024795532,5.0244
2431,i21.bmp,i21_07_2.bmp,0.8775663375854492,4.45
2432,i21.bmp,i21_07_3.bmp,0.8479653596878052,4.1667
2433,i21.bmp,i21_07_4.bmp,0.8222600817680359,3.5952
2434,i21.bmp,i21_07_5.bmp,0.7906162142753601,3.1667
2435,i21.bmp,i21_08_1.bmp,0.957836925983429,5.5
2436,i21.bmp,i21_08_2.bmp,0.9307343363761902,4.8571
2437,i21.bmp,i21_08_3.bmp,0.8798360824584961,4.1163
2438,i21.bmp,i21_08_4.bmp,0.8106126189231873,3.2326
2439,i21.bmp,i21_08_5.bmp,0.7500069737434387,2.1628
2440,i21.bmp,i21_09_1.bmp,0.894610583782196,6.075
2441,i21.bmp,i21_09_2.bmp,0.869983971118927,6.1905
2442,i21.bmp,i21_09_3.bmp,0.8285843133926392,5.3095
2443,i21.bmp,i21_09_4.bmp,0.7762633562088013,3.7674
2444,i21.bmp,i21_09_5.bmp,0.7191454768180847,2.093
2445,i21.bmp,i21_10_1.bmp,0.9118801951408386,6.3095
2446,i21.bmp,i21_10_2.bmp,0.8817169070243835,5.881
2447,i21.bmp,i21_10_3.bmp,0.8328059315681458,5.1395
2448,i21.bmp,i21_10_4.bmp,0.7741794586181641,3.2619
2449,i21.bmp,i21_10_5.bmp,0.7307847738265991,1.9268
2450,i21.bmp,i21_11_1.bmp,0.8982329368591309,6.122
2451,i21.bmp,i21_11_2.bmp,0.8687760233879089,5.3953
2452,i21.bmp,i21_11_3.bmp,0.8296131491661072,4.6905
2453,i21.bmp,i21_11_4.bmp,0.7576896548271179,3.0
2454,i21.bmp,i21_11_5.bmp,0.705466091632843,1.0465
2455,i21.bmp,i21_12_1.bmp,0.9625940322875977,5.7907
2456,i21.bmp,i21_12_2.bmp,0.8996282815933228,4.7674
2457,i21.bmp,i21_12_3.bmp,0.9349819421768188,6.0
2458,i21.bmp,i21_12_4.bmp,0.8885223269462585,5.619
2459,i21.bmp,i21_12_5.bmp,0.7755712270736694,2.0238
2460,i21.bmp,i21_13_1.bmp,0.8885096907615662,4.4524
2461,i21.bmp,i21_13_2.bmp,0.8564667105674744,3.6905
2462,i21.bmp,i21_13_3.bmp,0.8154533505439758,3.1707
2463,i21.bmp,i21_13_4.bmp,0.7704782485961914,2.3488
2464,i21.bmp,i21_13_5.bmp,0.760661780834198,2.5581
2465,i21.bmp,i21_14_1.bmp,0.9703409075737,5.907
2466,i21.bmp,i21_14_2.bmp,0.9759497046470642,6.1707
2467,i21.bmp,i21_14_3.bmp,0.9506158232688904,5.9524
2468,i21.bmp,i21_14_4.bmp,0.926846981048584,4.3333
2469,i21.bmp,i21_14_5.bmp,0.8986744284629822,3.6512
2470,i21.bmp,i21_15_1.bmp,0.9427217841148376,2.8537
2471,i21.bmp,i21_15_2.bmp,0.9512829780578613,3.2683
2472,i21.bmp,i21_15_3.bmp,0.9616069793701172,3.5714
2473,i21.bmp,i21_15_4.bmp,0.9678630828857422,3.7619
2474,i21.bmp,i21_15_5.bmp,0.97882080078125,3.7143
2475,i21.bmp,i21_16_1.bmp,0.9894960522651672,6.122
2476,i21.bmp,i21_16_2.bmp,0.9818777441978455,5.9302
2477,i21.bmp,i21_16_3.bmp,0.9650543332099915,5.7143
2478,i21.bmp,i21_16_4.bmp,0.9522280693054199,5.1667
2479,i21.bmp,i21_16_5.bmp,0.9332383275032043,4.6744
2480,i21.bmp,i21_17_1.bmp,0.9725799560546875,5.3415
2481,i21.bmp,i21_17_2.bmp,0.9557437896728516,6.2619
2482,i21.bmp,i21_17_3.bmp,0.940041184425354,4.3571
2483,i21.bmp,i21_17_4.bmp,0.9202424883842468,6.3023
2484,i21.bmp,i21_17_5.bmp,0.8805258870124817,3.55
2485,i21.bmp,i21_18_1.bmp,0.952815055847168,4.8571
2486,i21.bmp,i21_18_2.bmp,0.9375953674316406,4.3171
2487,i21.bmp,i21_18_3.bmp,0.9125151038169861,4.119
2488,i21.bmp,i21_18_4.bmp,0.8740019202232361,3.6098
2489,i21.bmp,i21_18_5.bmp,0.8416358828544617,3.7857
2490,i21.bmp,i21_19_1.bmp,0.9067198038101196,5.381
2491,i21.bmp,i21_19_2.bmp,0.8860112428665161,4.7907
2492,i21.bmp,i21_19_3.bmp,0.8610160946846008,4.0714
2493,i21.bmp,i21_19_4.bmp,0.8356682062149048,3.6429
2494,i21.bmp,i21_19_5.bmp,0.8092048764228821,3.4186
2495,i21.bmp,i21_20_1.bmp,0.9368783831596375,5.975
2496,i21.bmp,i21_20_2.bmp,0.9111416935920715,5.6744
2497,i21.bmp,i21_20_3.bmp,0.871727466583252,5.6905
2498,i21.bmp,i21_20_4.bmp,0.816513180732727,4.8837
2499,i21.bmp,i21_20_5.bmp,0.7577835321426392,3.8372
2500,i21.bmp,i21_21_1.bmp,0.8859877586364746,5.5349
2501,i21.bmp,i21_21_2.bmp,0.856768786907196,5.1429
2502,i21.bmp,i21_21_3.bmp,0.8203632235527039,4.3095
2503,i21.bmp,i21_21_4.bmp,0.7832967638969421,3.6191
2504,i21.bmp,i21_21_5.bmp,0.7369696497917175,2.7317
2505,i21.bmp,i21_22_1.bmp,0.9147769808769226,5.3571
2506,i21.bmp,i21_22_2.bmp,0.8851467370986938,5.4762
2507,i21.bmp,i21_22_3.bmp,0.857761561870575,4.4419
2508,i21.bmp,i21_22_4.bmp,0.8305615782737732,3.3721
2509,i21.bmp,i21_22_5.bmp,0.7961353659629822,3.0
2510,i21.bmp,i21_23_1.bmp,0.9427668452262878,6.1163
2511,i21.bmp,i21_23_2.bmp,0.9094343185424805,5.9048
2512,i21.bmp,i21_23_3.bmp,0.869600772857666,5.6744
2513,i21.bmp,i21_23_4.bmp,0.8354632258415222,5.2381
2514,i21.bmp,i21_23_5.bmp,0.7574405074119568,2.8571
2515,i21.bmp,i21_24_1.bmp,0.8929088711738586,5.8837
2516,i21.bmp,i21_24_2.bmp,0.8573686480522156,5.7209
2517,i21.bmp,i21_24_3.bmp,0.8092905282974243,5.0
2518,i21.bmp,i21_24_4.bmp,0.7516812682151794,3.0732
2519,i21.bmp,i21_24_5.bmp,0.699900209903717,0.52381
2520,i22.bmp,i22_01_1.bmp,0.9171460270881653,5.8158
2521,i22.bmp,i22_01_2.bmp,0.8897171020507812,5.2368
2522,i22.bmp,i22_01_3.bmp,0.8573371171951294,4.8461
2523,i22.bmp,i22_01_4.bmp,0.825800359249115,4.1579
2524,i22.bmp,i22_01_5.bmp,0.7929286360740662,3.718
2525,i22.bmp,i22_02_1.bmp,0.9383853077888489,5.6053
2526,i22.bmp,i22_02_2.bmp,0.9170573353767395,5.8205
2527,i22.bmp,i22_02_3.bmp,0.8895899057388306,5.4737
2528,i22.bmp,i22_02_4.bmp,0.857083261013031,5.1316
2529,i22.bmp,i22_02_5.bmp,0.825249969959259,4.5789
2530,i22.bmp,i22_03_1.bmp,0.8597505688667297,4.7949
2531,i22.bmp,i22_03_2.bmp,0.8258849382400513,4.3421
2532,i22.bmp,i22_03_3.bmp,0.7925997376441956,3.6842
2533,i22.bmp,i22_03_4.bmp,0.763237476348877,3.0769
2534,i22.bmp,i22_03_5.bmp,0.7300032377243042,2.7027
2535,i22.bmp,i22_04_1.bmp,0.9736526608467102,5.7692
2536,i22.bmp,i22_04_2.bmp,0.9662674069404602,5.718
2537,i22.bmp,i22_04_3.bmp,0.9532697796821594,5.4359
2538,i22.bmp,i22_04_4.bmp,0.9338437914848328,5.0
2539,i22.bmp,i22_04_5.bmp,0.9067344665527344,4.3077
2540,i22.bmp,i22_05_1.bmp,0.9467024207115173,5.8684
2541,i22.bmp,i22_05_2.bmp,0.9271785616874695,5.6842
2542,i22.bmp,i22_05_3.bmp,0.8831167221069336,4.8718
2543,i22.bmp,i22_05_4.bmp,0.8298937082290649,4.1842
2544,i22.bmp,i22_05_5.bmp,0.7740318179130554,3.1842
2545,i22.bmp,i22_06_1.bmp,0.9264155626296997,4.7027
2546,i22.bmp,i22_06_2.bmp,0.8984975814819336,4.2432
2547,i22.bmp,i22_06_3.bmp,0.8623290061950684,3.7632
2548,i22.bmp,i22_06_4.bmp,0.8228859305381775,3.5676
2549,i22.bmp,i22_06_5.bmp,0.7834264039993286,3.2432
2550,i22.bmp,i22_07_1.bmp,0.9071678519248962,5.5897
2551,i22.bmp,i22_07_2.bmp,0.8734779357910156,5.0811
2552,i22.bmp,i22_07_3.bmp,0.8389545679092407,4.5789
2553,i22.bmp,i22_07_4.bmp,0.8063964247703552,3.8947
2554,i22.bmp,i22_07_5.bmp,0.7608810067176819,2.7436
2555,i22.bmp,i22_08_1.bmp,0.9614688754081726,5.4474
2556,i22.bmp,i22_08_2.bmp,0.9310426712036133,4.6316
2557,i22.bmp,i22_08_3.bmp,0.8749555945396423,3.7838
2558,i22.bmp,i22_08_4.bmp,0.7975416779518127,3.1282
2559,i22.bmp,i22_08_5.bmp,0.7337844371795654,2.5385
2560,i22.bmp,i22_09_1.bmp,0.8889613151550293,5.8461
2561,i22.bmp,i22_09_2.bmp,0.85569828748703,5.5263
2562,i22.bmp,i22_09_3.bmp,0.8086838126182556,4.6216
2563,i22.bmp,i22_09_4.bmp,0.758151113986969,3.3333
2564,i22.bmp,i22_09_5.bmp,0.711458146572113,2.0513
2565,i22.bmp,i22_10_1.bmp,0.9176809191703796,5.8378
2566,i22.bmp,i22_10_2.bmp,0.886762797832489,5.5897
2567,i22.bmp,i22_10_3.bmp,0.822148323059082,5.0
2568,i22.bmp,i22_10_4.bmp,0.7437925338745117,3.5897
2569,i22.bmp,i22_10_5.bmp,0.7116391062736511,2.0789
2570,i22.bmp,i22_11_1.bmp,0.9094600677490234,5.359
2571,i22.bmp,i22_11_2.bmp,0.8596506118774414,5.5128
2572,i22.bmp,i22_11_3.bmp,0.778785228729248,4.2632
2573,i22.bmp,i22_11_4.bmp,0.7090781927108765,2.6316
2574,i22.bmp,i22_11_5.bmp,0.686418354511261,0.86842
2575,i22.bmp,i22_12_1.bmp,0.9075973629951477,5.2632
2576,i22.bmp,i22_12_2.bmp,0.9206683039665222,5.7692
2577,i22.bmp,i22_12_3.bmp,0.8970136642456055,5.7436
2578,i22.bmp,i22_12_4.bmp,0.8213130831718445,4.3684
2579,i22.bmp,i22_12_5.bmp,0.7393104434013367,2.7632
2580,i22.bmp,i22_13_1.bmp,0.9081962704658508,5.2564
2581,i22.bmp,i22_13_2.bmp,0.8395477533340454,4.4359
2582,i22.bmp,i22_13_3.bmp,0.8071746826171875,3.6842
2583,i22.bmp,i22_13_4.bmp,0.7587221264839172,2.8718
2584,i22.bmp,i22_13_5.bmp,0.7365841269493103,2.5128
2585,i22.bmp,i22_14_1.bmp,0.9593219757080078,5.7692
2586,i22.bmp,i22_14_2.bmp,0.9744798541069031,5.8611
2587,i22.bmp,i22_14_3.bmp,0.9533777236938477,5.7632
2588,i22.bmp,i22_14_4.bmp,0.922354519367218,4.6216
2589,i22.bmp,i22_14_5.bmp,0.8985363245010376,4.1026
2590,i22.bmp,i22_15_1.bmp,0.9381846785545349,3.0526
2591,i22.bmp,i22_15_2.bmp,0.9476666450500488,3.0263
2592,i22.bmp,i22_15_3.bmp,0.9549798965454102,3.2162
2593,i22.bmp,i22_15_4.bmp,0.9661140441894531,3.3947
2594,i22.bmp,i22_15_5.bmp,0.9789943099021912,3.7368
2595,i22.bmp,i22_16_1.bmp,0.988068699836731,5.8649
2596,i22.bmp,i22_16_2.bmp,0.9801950454711914,5.4103
2597,i22.bmp,i22_16_3.bmp,0.9593000411987305,6.0513
2598,i22.bmp,i22_16_4.bmp,0.9460539817810059,4.6053
2599,i22.bmp,i22_16_5.bmp,0.9187518358230591,5.2564
2600,i22.bmp,i22_17_1.bmp,0.9741339683532715,5.3333
2601,i22.bmp,i22_17_2.bmp,0.9524540305137634,6.0
2602,i22.bmp,i22_17_3.bmp,0.9397684335708618,4.2222
2603,i22.bmp,i22_17_4.bmp,0.9102632403373718,6.2308
2604,i22.bmp,i22_17_5.bmp,0.8731099367141724,3.3784
2605,i22.bmp,i22_18_1.bmp,0.9601559638977051,5.1539
2606,i22.bmp,i22_18_2.bmp,0.9471094012260437,4.6842
2607,i22.bmp,i22_18_3.bmp,0.9259065985679626,4.2368
2608,i22.bmp,i22_18_4.bmp,0.8918466567993164,3.7632
2609,i22.bmp,i22_18_5.bmp,0.839047372341156,3.25
2610,i22.bmp,i22_19_1.bmp,0.9249610900878906,5.1316
2611,i22.bmp,i22_19_2.bmp,0.9027706384658813,5.1316
2612,i22.bmp,i22_19_3.bmp,0.8735610842704773,4.6667
2613,i22.bmp,i22_19_4.bmp,0.8398014903068542,4.0
2614,i22.bmp,i22_19_5.bmp,0.8072695136070251,3.5897
2615,i22.bmp,i22_20_1.bmp,0.9424287676811218,5.7105
2616,i22.bmp,i22_20_2.bmp,0.9157487154006958,5.7368
2617,i22.bmp,i22_20_3.bmp,0.8645915985107422,5.5526
2618,i22.bmp,i22_20_4.bmp,0.7933637499809265,4.8974
2619,i22.bmp,i22_20_5.bmp,0.7256048321723938,3.6486
2620,i22.bmp,i22_21_1.bmp,0.887879490852356,5.5789
2621,i22.bmp,i22_21_2.bmp,0.8456102609634399,5.0263
2622,i22.bmp,i22_21_3.bmp,0.8043761253356934,4.6579
2623,i22.bmp,i22_21_4.bmp,0.7605752348899841,3.5641
2624,i22.bmp,i22_21_5.bmp,0.7087734341621399,2.6316
2625,i22.bmp,i22_22_1.bmp,0.9320501685142517,5.9231
2626,i22.bmp,i22_22_2.bmp,0.9013661742210388,5.3514
2627,i22.bmp,i22_22_3.bmp,0.8679766654968262,4.8974
2628,i22.bmp,i22_22_4.bmp,0.8222103118896484,4.4474
2629,i22.bmp,i22_22_5.bmp,0.7710702419281006,2.8947
2630,i22.bmp,i22_23_1.bmp,0.9487707018852234,6.3243
2631,i22.bmp,i22_23_2.bmp,0.9139063954353333,6.1316
2632,i22.bmp,i22_23_3.bmp,0.8616399765014648,5.2105
2633,i22.bmp,i22_23_4.bmp,0.8043994903564453,4.4359
2634,i22.bmp,i22_23_5.bmp,0.71014404296875,2.1026
2635,i22.bmp,i22_24_1.bmp,0.8941437005996704,5.8205
2636,i22.bmp,i22_24_2.bmp,0.8452936410903931,5.4211
2637,i22.bmp,i22_24_3.bmp,0.7806956171989441,4.2162
2638,i22.bmp,i22_24_4.bmp,0.7167072892189026,2.2564
2639,i22.bmp,i22_24_5.bmp,0.6839624643325806,0.36842
2640,i23.bmp,i23_01_1.bmp,0.878887951374054,5.6857
2641,i23.bmp,i23_01_2.bmp,0.8495280146598816,5.0571
2642,i23.bmp,i23_01_3.bmp,0.8198320269584656,4.7647
2643,i23.bmp,i23_01_4.bmp,0.7904837727546692,4.0857
2644,i23.bmp,i23_01_5.bmp,0.7634599804878235,3.7353
2645,i23.bmp,i23_02_1.bmp,0.9087408185005188,6.1471
2646,i23.bmp,i23_02_2.bmp,0.8837975859642029,5.8485
2647,i23.bmp,i23_02_3.bmp,0.8538219332695007,5.4571
2648,i23.bmp,i23_02_4.bmp,0.8230614066123962,5.0286
2649,i23.bmp,i23_02_5.bmp,0.7958008646965027,4.3235
2650,i23.bmp,i23_03_1.bmp,0.822411060333252,4.6177
2651,i23.bmp,i23_03_2.bmp,0.7918270230293274,4.1714
2652,i23.bmp,i23_03_3.bmp,0.7630358934402466,3.5588
2653,i23.bmp,i23_03_4.bmp,0.7387067675590515,3.2647
2654,i23.bmp,i23_03_5.bmp,0.7167229652404785,2.6765
2655,i23.bmp,i23_04_1.bmp,0.966941773891449,5.6177
2656,i23.bmp,i23_04_2.bmp,0.9588489532470703,5.6471
2657,i23.bmp,i23_04_3.bmp,0.9459311366081238,5.3235
2658,i23.bmp,i23_04_4.bmp,0.9265193939208984,4.7941
2659,i23.bmp,i23_04_5.bmp,0.8991201519966125,4.5294
2660,i23.bmp,i23_05_1.bmp,0.9163891077041626,6.0571
2661,i23.bmp,i23_05_2.bmp,0.891697347164154,5.5
2662,i23.bmp,i23_05_3.bmp,0.8445844054222107,5.0909
2663,i23.bmp,i23_05_4.bmp,0.7968992590904236,4.3143
2664,i23.bmp,i23_05_5.bmp,0.75300532579422,3.3529
2665,i23.bmp,i23_06_1.bmp,0.8735538721084595,4.6177
2666,i23.bmp,i23_06_2.bmp,0.8368812799453735,4.3529
2667,i23.bmp,i23_06_3.bmp,0.8077648282051086,4.0294
2668,i23.bmp,i23_06_4.bmp,0.7775392532348633,3.6176
2669,i23.bmp,i23_06_5.bmp,0.7541152834892273,3.2941
2670,i23.bmp,i23_07_1.bmp,0.848651111125946,4.9706
2671,i23.bmp,i23_07_2.bmp,0.8107642531394958,3.8485
2672,i23.bmp,i23_07_3.bmp,0.7828276753425598,3.6857
2673,i23.bmp,i23_07_4.bmp,0.7630719542503357,3.4412
2674,i23.bmp,i23_07_5.bmp,0.7435356974601746,2.7879
2675,i23.bmp,i23_08_1.bmp,0.9599481821060181,5.9429
2676,i23.bmp,i23_08_2.bmp,0.9401752352714539,5.5294
2677,i23.bmp,i23_08_3.bmp,0.9027641415596008,4.6765
2678,i23.bmp,i23_08_4.bmp,0.8478999137878418,3.9412
2679,i23.bmp,i23_08_5.bmp,0.7967639565467834,2.7714
2680,i23.bmp,i23_09_1.bmp,0.8772000670433044,6.697
2681,i23.bmp,i23_09_2.bmp,0.8551006317138672,6.0571
2682,i23.bmp,i23_09_3.bmp,0.8235222101211548,5.7059
2683,i23.bmp,i23_09_4.bmp,0.7872372269630432,4.2647
2684,i23.bmp,i23_09_5.bmp,0.7441223859786987,2.6471
2685,i23.bmp,i23_10_1.bmp,0.9095011949539185,5.9714
2686,i23.bmp,i23_10_2.bmp,0.8785247802734375,5.7941
2687,i23.bmp,i23_10_3.bmp,0.8192599415779114,5.0294
2688,i23.bmp,i23_10_4.bmp,0.7491607069969177,3.6471
2689,i23.bmp,i23_10_5.bmp,0.7195044159889221,2.4
2690,i23.bmp,i23_11_1.bmp,0.8481037020683289,5.2571
2691,i23.bmp,i23_11_2.bmp,0.8013029098510742,4.5714
2692,i23.bmp,i23_11_3.bmp,0.7632071375846863,3.1176
2693,i23.bmp,i23_11_4.bmp,0.7426874041557312,2.2424
2694,i23.bmp,i23_11_5.bmp,0.7249137759208679,0.82353
2695,i23.bmp,i23_12_1.bmp,0.9052318930625916,5.9697
2696,i23.bmp,i23_12_2.bmp,0.8834468722343445,5.7429
2697,i23.bmp,i23_12_3.bmp,0.8543925285339355,3.8
2698,i23.bmp,i23_12_4.bmp,0.8038983345031738,2.8857
2699,i23.bmp,i23_12_5.bmp,0.73499995470047,1.8571
2700,i23.bmp,i23_13_1.bmp,0.8816692233085632,4.5429
2701,i23.bmp,i23_13_2.bmp,0.8044301867485046,4.1515
2702,i23.bmp,i23_13_3.bmp,0.7670242786407471,3.3429
2703,i23.bmp,i23_13_4.bmp,0.7379627227783203,2.4706
2704,i23.bmp,i23_13_5.bmp,0.7328230738639832,2.5882
2705,i23.bmp,i23_14_1.bmp,0.9413564801216125,6.0857
2706,i23.bmp,i23_14_2.bmp,0.9763254523277283,6.2941
2707,i23.bmp,i23_14_3.bmp,0.9614011645317078,5.0588
2708,i23.bmp,i23_14_4.bmp,0.9312728047370911,5.0588
2709,i23.bmp,i23_14_5.bmp,0.9031471610069275,3.6
2710,i23.bmp,i23_15_1.bmp,0.9283702969551086,2.9429
2711,i23.bmp,i23_15_2.bmp,0.9384798407554626,2.9714
2712,i23.bmp,i23_15_3.bmp,0.9479431509971619,3.2571
2713,i23.bmp,i23_15_4.bmp,0.9668981432914734,3.4118
2714,i23.bmp,i23_15_5.bmp,0.9814794659614563,3.6286
2715,i23.bmp,i23_16_1.bmp,0.9880539178848267,6.3333
2716,i23.bmp,i23_16_2.bmp,0.9765254259109497,5.8286
2717,i23.bmp,i23_16_3.bmp,0.9622675776481628,5.8235
2718,i23.bmp,i23_16_4.bmp,0.9361544847488403,5.2
2719,i23.bmp,i23_16_5.bmp,0.9287202954292297,5.7143
2720,i23.bmp,i23_17_1.bmp,0.9683038592338562,5.6667
2721,i23.bmp,i23_17_2.bmp,0.9397259950637817,6.8
2722,i23.bmp,i23_17_3.bmp,0.9321666955947876,4.8286
2723,i23.bmp,i23_17_4.bmp,0.8940532803535461,6.6857
2724,i23.bmp,i23_17_5.bmp,0.8706855773925781,3.8824
2725,i23.bmp,i23_18_1.bmp,0.9585890173912048,5.7647
2726,i23.bmp,i23_18_2.bmp,0.9502729773521423,5.6471
2727,i23.bmp,i23_18_3.bmp,0.9388858675956726,5.4412
2728,i23.bmp,i23_18_4.bmp,0.9206574559211731,5.0571
2729,i23.bmp,i23_18_5.bmp,0.8919607400894165,4.3823
2730,i23.bmp,i23_19_1.bmp,0.8710950016975403,5.7143
2731,i23.bmp,i23_19_2.bmp,0.8405091166496277,4.9714
2732,i23.bmp,i23_19_3.bmp,0.8106233477592468,4.6177
2733,i23.bmp,i23_19_4.bmp,0.7824156880378723,3.8857
2734,i23.bmp,i23_19_5.bmp,0.7546873092651367,3.4286
2735,i23.bmp,i23_20_1.bmp,0.8801107406616211,5.6
2736,i23.bmp,i23_20_2.bmp,0.8262919783592224,5.0882
2737,i23.bmp,i23_20_3.bmp,0.7775401473045349,4.0938
2738,i23.bmp,i23_20_4.bmp,0.7392115592956543,3.3429
2739,i23.bmp,i23_20_5.bmp,0.7097060084342957,2.6571
2740,i23.bmp,i23_21_1.bmp,0.8427150845527649,5.6
2741,i23.bmp,i23_21_2.bmp,0.8134177327156067,4.7941
2742,i23.bmp,i23_21_3.bmp,0.7787625789642334,4.1212
2743,i23.bmp,i23_21_4.bmp,0.7492969632148743,3.5143
2744,i23.bmp,i23_21_5.bmp,0.7145500183105469,2.4118
2745,i23.bmp,i23_22_1.bmp,0.9076657295227051,6.1765
2746,i23.bmp,i23_22_2.bmp,0.8766655325889587,5.8857
2747,i23.bmp,i23_22_3.bmp,0.8478323221206665,5.0294
2748,i23.bmp,i23_22_4.bmp,0.8145505785942078,4.6471
2749,i23.bmp,i23_22_5.bmp,0.7768585085868835,4.0
2750,i23.bmp,i23_23_1.bmp,0.9381565451622009,6.303
2751,i23.bmp,i23_23_2.bmp,0.898004949092865,5.9118
2752,i23.bmp,i23_23_3.bmp,0.8464537858963013,5.1714
2753,i23.bmp,i23_23_4.bmp,0.803571879863739,3.7576
2754,i23.bmp,i23_23_5.bmp,0.7619466185569763,3.0
2755,i23.bmp,i23_24_1.bmp,0.848193347454071,5.8529
2756,i23.bmp,i23_24_2.bmp,0.8051488995552063,4.7353
2757,i23.bmp,i23_24_3.bmp,0.7608435750007629,3.6765
2758,i23.bmp,i23_24_4.bmp,0.7277681231498718,1.7273
2759,i23.bmp,i23_24_5.bmp,0.7192290425300598,0.78788
2760,i24.bmp,i24_01_1.bmp,0.8984328508377075,5.8857
2761,i24.bmp,i24_01_2.bmp,0.8670838475227356,5.0556
2762,i24.bmp,i24_01_3.bmp,0.8286787271499634,4.7222
2763,i24.bmp,i24_01_4.bmp,0.7954667210578918,4.1429
2764,i24.bmp,i24_01_5.bmp,0.7594467401504517,3.5833
2765,i24.bmp,i24_02_1.bmp,0.9228202700614929,6.4444
2766,i24.bmp,i24_02_2.bmp,0.8977128267288208,5.9118
2767,i24.bmp,i24_02_3.bmp,0.866010308265686,5.1389
2768,i24.bmp,i24_02_4.bmp,0.8315587043762207,5.0857
2769,i24.bmp,i24_02_5.bmp,0.797599732875824,4.5278
2770,i24.bmp,i24_03_1.bmp,0.8347326517105103,4.8
2771,i24.bmp,i24_03_2.bmp,0.7999454736709595,4.2571
2772,i24.bmp,i24_03_3.bmp,0.7643293738365173,3.8286
2773,i24.bmp,i24_03_4.bmp,0.7306216955184937,3.2857
2774,i24.bmp,i24_03_5.bmp,0.7008899450302124,2.6944
2775,i24.bmp,i24_04_1.bmp,0.9753407835960388,5.8571
2776,i24.bmp,i24_04_2.bmp,0.9689432978630066,5.8333
2777,i24.bmp,i24_04_3.bmp,0.9584359526634216,5.5294
2778,i24.bmp,i24_04_4.bmp,0.9414896368980408,5.1667
2779,i24.bmp,i24_04_5.bmp,0.9160763025283813,4.5714
2780,i24.bmp,i24_05_1.bmp,0.9353874325752258,5.8056
2781,i24.bmp,i24_05_2.bmp,0.9110364317893982,5.3333
2782,i24.bmp,i24_05_3.bmp,0.8588164448738098,5.1389
2783,i24.bmp,i24_05_4.bmp,0.7998313307762146,4.0286
2784,i24.bmp,i24_05_5.bmp,0.7408440709114075,3.25
2785,i24.bmp,i24_06_1.bmp,0.9192544221878052,4.6471
2786,i24.bmp,i24_06_2.bmp,0.8930818438529968,4.3714
2787,i24.bmp,i24_06_3.bmp,0.850496768951416,3.9714
2788,i24.bmp,i24_06_4.bmp,0.8069494366645813,3.6667
2789,i24.bmp,i24_06_5.bmp,0.7638335227966309,3.2857
2790,i24.bmp,i24_07_1.bmp,0.881801426410675,5.5278
2791,i24.bmp,i24_07_2.bmp,0.8466408848762512,4.5714
2792,i24.bmp,i24_07_3.bmp,0.8114086985588074,4.0882
2793,i24.bmp,i24_07_4.bmp,0.7755267024040222,2.8857
2794,i24.bmp,i24_07_5.bmp,0.7512845396995544,2.4444
2795,i24.bmp,i24_08_1.bmp,0.9605613946914673,5.9444
2796,i24.bmp,i24_08_2.bmp,0.930525004863739,4.9714
2797,i24.bmp,i24_08_3.bmp,0.8718826174736023,4.0571
2798,i24.bmp,i24_08_4.bmp,0.7901672720909119,3.1765
2799,i24.bmp,i24_08_5.bmp,0.7209489941596985,2.6176
2800,i24.bmp,i24_09_1.bmp,0.8877354860305786,6.0
2801,i24.bmp,i24_09_2.bmp,0.8555482029914856,5.2941
2802,i24.bmp,i24_09_3.bmp,0.8021130561828613,4.5278
2803,i24.bmp,i24_09_4.bmp,0.7413731217384338,3.3889
2804,i24.bmp,i24_09_5.bmp,0.6916148066520691,2.0
2805,i24.bmp,i24_10_1.bmp,0.9102001190185547,5.8857
2806,i24.bmp,i24_10_2.bmp,0.8777313232421875,5.8286
2807,i24.bmp,i24_10_3.bmp,0.8175722360610962,4.6571
2808,i24.bmp,i24_10_4.bmp,0.7408649325370789,3.2778
2809,i24.bmp,i24_10_5.bmp,0.7102369070053101,1.8529
2810,i24.bmp,i24_11_1.bmp,0.8962110877037048,5.4
2811,i24.bmp,i24_11_2.bmp,0.8506103754043579,4.697
2812,i24.bmp,i24_11_3.bmp,0.7859545350074768,4.0294
2813,i24.bmp,i24_11_4.bmp,0.7013387084007263,2.5714
2814,i24.bmp,i24_11_5.bmp,0.6718046069145203,0.91667
2815,i24.bmp,i24_12_1.bmp,0.8835145235061646,5.6857
2816,i24.bmp,i24_12_2.bmp,0.9596870541572571,6.0857
2817,i24.bmp,i24_12_3.bmp,0.9037696123123169,5.4848
2818,i24.bmp,i24_12_4.bmp,0.7898326516151428,3.5
2819,i24.bmp,i24_12_5.bmp,0.7242218255996704,2.5833
2820,i24.bmp,i24_13_1.bmp,0.9046656489372253,4.0588
2821,i24.bmp,i24_13_2.bmp,0.8125211596488953,3.7429
2822,i24.bmp,i24_13_3.bmp,0.7734149098396301,3.3143
2823,i24.bmp,i24_13_4.bmp,0.716513454914093,2.8889
2824,i24.bmp,i24_13_5.bmp,0.7510221600532532,2.5
2825,i24.bmp,i24_14_1.bmp,0.951894223690033,6.0
2826,i24.bmp,i24_14_2.bmp,0.9826475977897644,5.9714
2827,i24.bmp,i24_14_3.bmp,0.9601244330406189,5.3429
2828,i24.bmp,i24_14_4.bmp,0.9341989755630493,5.1389
2829,i24.bmp,i24_14_5.bmp,0.9098620414733887,4.6389
2830,i24.bmp,i24_15_1.bmp,0.9417201280593872,4.0278
2831,i24.bmp,i24_15_2.bmp,0.9543480277061462,4.4
2832,i24.bmp,i24_15_3.bmp,0.9557626843452454,3.8857
2833,i24.bmp,i24_15_4.bmp,0.9677174687385559,3.6667
2834,i24.bmp,i24_15_5.bmp,0.9781336188316345,3.3889
2835,i24.bmp,i24_16_1.bmp,0.9901054501533508,5.9714
2836,i24.bmp,i24_16_2.bmp,0.9850445985794067,6.1111
2837,i24.bmp,i24_16_3.bmp,0.965070903301239,5.4571
2838,i24.bmp,i24_16_4.bmp,0.9613531231880188,5.6111
2839,i24.bmp,i24_16_5.bmp,0.926389217376709,4.8857
2840,i24.bmp,i24_17_1.bmp,0.9760681390762329,5.75
2841,i24.bmp,i24_17_2.bmp,0.9635469317436218,6.4722
2842,i24.bmp,i24_17_3.bmp,0.9452242851257324,4.8056
2843,i24.bmp,i24_17_4.bmp,0.9304668307304382,6.7222
2844,i24.bmp,i24_17_5.bmp,0.8799733519554138,3.6
2845,i24.bmp,i24_18_1.bmp,0.9372381567955017,4.8
2846,i24.bmp,i24_18_2.bmp,0.9118790626525879,4.3939
2847,i24.bmp,i24_18_3.bmp,0.8782938122749329,3.9118
2848,i24.bmp,i24_18_4.bmp,0.8547626733779907,4.1143
2849,i24.bmp,i24_18_5.bmp,0.838840126991272,3.7941
2850,i24.bmp,i24_19_1.bmp,0.9016728401184082,5.5714
2851,i24.bmp,i24_19_2.bmp,0.8709290623664856,5.1765
2852,i24.bmp,i24_19_3.bmp,0.8366649746894836,4.7778
2853,i24.bmp,i24_19_4.bmp,0.8021785020828247,4.0882
2854,i24.bmp,i24_19_5.bmp,0.7645366787910461,3.8571
2855,i24.bmp,i24_20_1.bmp,0.9264141321182251,6.1429
2856,i24.bmp,i24_20_2.bmp,0.8888050317764282,5.6111
2857,i24.bmp,i24_20_3.bmp,0.8353504538536072,5.1714
2858,i24.bmp,i24_20_4.bmp,0.7686097621917725,4.0286
2859,i24.bmp,i24_20_5.bmp,0.7124688029289246,3.5143
2860,i24.bmp,i24_21_1.bmp,0.8642513155937195,5.7778
2861,i24.bmp,i24_21_2.bmp,0.8190428614616394,4.8286
2862,i24.bmp,i24_21_3.bmp,0.7759148478507996,4.1429
2863,i24.bmp,i24_21_4.bmp,0.7339655160903931,3.3611
2864,i24.bmp,i24_21_5.bmp,0.6937689185142517,2.6857
2865,i24.bmp,i24_22_1.bmp,0.9216495752334595,5.7714
2866,i24.bmp,i24_22_2.bmp,0.8908724784851074,5.0294
2867,i24.bmp,i24_22_3.bmp,0.8426126837730408,4.6177
2868,i24.bmp,i24_22_4.bmp,0.7730428576469421,3.3333
2869,i24.bmp,i24_22_5.bmp,0.7377201914787292,2.7429
2870,i24.bmp,i24_23_1.bmp,0.9354833960533142,5.8
2871,i24.bmp,i24_23_2.bmp,0.8974566459655762,6.0278
2872,i24.bmp,i24_23_3.bmp,0.8557525873184204,5.6857
2873,i24.bmp,i24_23_4.bmp,0.8162687420845032,5.0882
2874,i24.bmp,i24_23_5.bmp,0.7075687050819397,2.2941
2875,i24.bmp,i24_24_1.bmp,0.8796928524971008,5.7059
2876,i24.bmp,i24_24_2.bmp,0.8265385031700134,5.3429
2877,i24.bmp,i24_24_3.bmp,0.772763729095459,4.3429
2878,i24.bmp,i24_24_4.bmp,0.7144803404808044,2.7429
2879,i24.bmp,i24_24_5.bmp,0.680641770362854,0.41667
2880,i25.bmp,i25_01_1.bmp,0.9220577478408813,5.1429
2881,i25.bmp,i25_01_2.bmp,0.905965268611908,4.6765
2882,i25.bmp,i25_01_3.bmp,0.8867326974868774,4.4
2883,i25.bmp,i25_01_4.bmp,0.8660953640937805,3.8857
2884,i25.bmp,i25_01_5.bmp,0.843450665473938,3.4444
2885,i25.bmp,i25_02_1.bmp,0.9391045570373535,5.5429
2886,i25.bmp,i25_02_2.bmp,0.924395740032196,5.2778
2887,i25.bmp,i25_02_3.bmp,0.9072710275650024,5.25
2888,i25.bmp,i25_02_4.bmp,0.8881460428237915,4.4571
2889,i25.bmp,i25_02_5.bmp,0.8663337826728821,3.7714
2890,i25.bmp,i25_03_1.bmp,0.8891410827636719,4.0
2891,i25.bmp,i25_03_2.bmp,0.8701799511909485,3.5833
2892,i25.bmp,i25_03_3.bmp,0.8475616574287415,3.25
2893,i25.bmp,i25_03_4.bmp,0.8247177004814148,2.9143
2894,i25.bmp,i25_03_5.bmp,0.7984113097190857,2.4167
2895,i25.bmp,i25_04_1.bmp,0.9683850407600403,6.3939
2896,i25.bmp,i25_04_2.bmp,0.9635996222496033,6.1667
2897,i25.bmp,i25_04_3.bmp,0.954730212688446,5.8889
2898,i25.bmp,i25_04_4.bmp,0.9411361813545227,5.5
2899,i25.bmp,i25_04_5.bmp,0.9207879900932312,5.2353
2900,i25.bmp,i25_05_1.bmp,0.9412757158279419,5.3333
2901,i25.bmp,i25_05_2.bmp,0.9274466633796692,5.2571
2902,i25.bmp,i25_05_3.bmp,0.8998528718948364,4.6111
2903,i25.bmp,i25_05_4.bmp,0.8647651672363281,3.8571
2904,i25.bmp,i25_05_5.bmp,0.8205479979515076,2.75
2905,i25.bmp,i25_06_1.bmp,0.9236238598823547,4.4
2906,i25.bmp,i25_06_2.bmp,0.89886474609375,4.2857
2907,i25.bmp,i25_06_3.bmp,0.8745883107185364,3.7059
2908,i25.bmp,i25_06_4.bmp,0.8489593863487244,3.4722
2909,i25.bmp,i25_06_5.bmp,0.820779025554657,3.0278
2910,i25.bmp,i25_07_1.bmp,0.9196323752403259,3.5
2911,i25.bmp,i25_07_2.bmp,0.9268841743469238,3.1429
2912,i25.bmp,i25_07_3.bmp,0.929408073425293,3.0303
2913,i25.bmp,i25_07_4.bmp,0.8842491507530212,2.7143
2914,i25.bmp,i25_07_5.bmp,0.8833566904067993,2.7429
2915,i25.bmp,i25_08_1.bmp,0.9453517198562622,5.5294
2916,i25.bmp,i25_08_2.bmp,0.9167858362197876,5.0556
2917,i25.bmp,i25_08_3.bmp,0.8682741522789001,4.2941
2918,i25.bmp,i25_08_4.bmp,0.815106987953186,3.1765
2919,i25.bmp,i25_08_5.bmp,0.7789244651794434,1.9444
2920,i25.bmp,i25_09_1.bmp,0.9615182280540466,5.8333
2921,i25.bmp,i25_09_2.bmp,0.9482528567314148,5.2
2922,i25.bmp,i25_09_3.bmp,0.9220531582832336,4.2286
2923,i25.bmp,i25_09_4.bmp,0.8834617733955383,3.1176
2924,i25.bmp,i25_09_5.bmp,0.8214619755744934,1.3333
2925,i25.bmp,i25_10_1.bmp,0.9355457425117493,5.8571
2926,i25.bmp,i25_10_2.bmp,0.9247555136680603,5.5714
2927,i25.bmp,i25_10_3.bmp,0.9049823880195618,4.2571
2928,i25.bmp,i25_10_4.bmp,0.8571556210517883,2.1471
2929,i25.bmp,i25_10_5.bmp,0.7995575070381165,1.4722
2930,i25.bmp,i25_11_1.bmp,0.9619399309158325,6.0857
2931,i25.bmp,i25_11_2.bmp,0.9512829780578613,5.8611
2932,i25.bmp,i25_11_3.bmp,0.9316453337669373,5.3611
2933,i25.bmp,i25_11_4.bmp,0.9130765795707703,4.9722
2934,i25.bmp,i25_11_5.bmp,0.8788337111473083,4.6
2935,i25.bmp,i25_12_1.bmp,0.9423923492431641,6.0278
2936,i25.bmp,i25_12_2.bmp,0.9433390498161316,5.8
2937,i25.bmp,i25_12_3.bmp,0.9245573282241821,4.8333
2938,i25.bmp,i25_12_4.bmp,0.9230358004570007,5.0303
2939,i25.bmp,i25_12_5.bmp,0.9040312767028809,4.6667
2940,i25.bmp,i25_13_1.bmp,0.9189029932022095,4.8286
2941,i25.bmp,i25_13_2.bmp,0.9228349924087524,5.7143
2942,i25.bmp,i25_13_3.bmp,0.8660508990287781,3.6857
2943,i25.bmp,i25_13_4.bmp,0.9045646786689758,4.5714
2944,i25.bmp,i25_13_5.bmp,0.8866350054740906,3.0286
2945,i25.bmp,i25_14_1.bmp,0.9677319526672363,5.7143
2946,i25.bmp,i25_14_2.bmp,0.9526966214179993,5.1429
2947,i25.bmp,i25_14_3.bmp,0.9443348050117493,5.0882
2948,i25.bmp,i25_14_4.bmp,0.9207620620727539,3.8286
2949,i25.bmp,i25_14_5.bmp,0.9079319834709167,3.1111
2950,i25.bmp,i25_15_1.bmp,0.927960216999054,3.2778
2951,i25.bmp,i25_15_2.bmp,0.9284655451774597,2.9394
2952,i25.bmp,i25_15_3.bmp,0.9418300986289978,3.5278
2953,i25.bmp,i25_15_4.bmp,0.9468993544578552,3.9706
2954,i25.bmp,i25_15_5.bmp,0.9553712010383606,4.1429
2955,i25.bmp,i25_16_1.bmp,0.9806135296821594,5.9167
2956,i25.bmp,i25_16_2.bmp,0.9772050976753235,6.4167
2957,i25.bmp,i25_16_3.bmp,0.9449335932731628,5.7714
2958,i25.bmp,i25_16_4.bmp,0.9319323897361755,5.5556
2959,i25.bmp,i25_16_5.bmp,0.8893170356750488,4.4706
2960,i25.bmp,i25_17_1.bmp,0.9481531381607056,5.6111
2961,i25.bmp,i25_17_2.bmp,0.9699713587760925,6.8571
2962,i25.bmp,i25_17_3.bmp,0.9453231692314148,4.4857
2963,i25.bmp,i25_17_4.bmp,0.9249040484428406,6.3889
2964,i25.bmp,i25_17_5.bmp,0.8928508162498474,3.2857
2965,i25.bmp,i25_18_1.bmp,0.9615039229393005,5.6111
2966,i25.bmp,i25_18_2.bmp,0.9619598388671875,5.0588
2967,i25.bmp,i25_18_3.bmp,0.9448561072349548,4.4444
2968,i25.bmp,i25_18_4.bmp,0.927359402179718,4.0
2969,i25.bmp,i25_18_5.bmp,0.9022380709648132,2.6765
2970,i25.bmp,i25_19_1.bmp,0.9269638061523438,5.1667
2971,i25.bmp,i25_19_2.bmp,0.910528302192688,4.2857
2972,i25.bmp,i25_19_3.bmp,0.8912801146507263,3.8333
2973,i25.bmp,i25_19_4.bmp,0.8707087635993958,3.7941
2974,i25.bmp,i25_19_5.bmp,0.8459779620170593,3.3429
2975,i25.bmp,i25_20_1.bmp,0.95965975522995,5.6765
2976,i25.bmp,i25_20_2.bmp,0.9512052536010742,5.5429
2977,i25.bmp,i25_20_3.bmp,0.9405891299247742,5.0
2978,i25.bmp,i25_20_4.bmp,0.9282228350639343,4.9722
2979,i25.bmp,i25_20_5.bmp,0.9044672250747681,4.0571
2980,i25.bmp,i25_21_1.bmp,0.9268078207969666,5.1714
2981,i25.bmp,i25_21_2.bmp,0.9055194854736328,4.4571
2982,i25.bmp,i25_21_3.bmp,0.9110811352729797,4.8857
2983,i25.bmp,i25_21_4.bmp,0.8547109961509705,3.4286
2984,i25.bmp,i25_21_5.bmp,0.8314491510391235,2.9143
2985,i25.bmp,i25_22_1.bmp,0.9410520792007446,4.8056
2986,i25.bmp,i25_22_2.bmp,0.9309665560722351,4.25
2987,i25.bmp,i25_22_3.bmp,0.9107391238212585,3.7941
2988,i25.bmp,i25_22_4.bmp,0.8967509269714355,3.4
2989,i25.bmp,i25_22_5.bmp,0.8818973898887634,2.7941
2990,i25.bmp,i25_23_1.bmp,0.9610277414321899,6.3056
2991,i25.bmp,i25_23_2.bmp,0.9528276324272156,6.2778
2992,i25.bmp,i25_23_3.bmp,0.9427629709243774,6.1714
2993,i25.bmp,i25_23_4.bmp,0.9348995089530945,6.1429
2994,i25.bmp,i25_23_5.bmp,0.9265150427818298,5.9714
2995,i25.bmp,i25_24_1.bmp,0.9423102736473083,5.6571
2996,i25.bmp,i25_24_2.bmp,0.927844226360321,5.4444
2997,i25.bmp,i25_24_3.bmp,0.9068052172660828,4.6286
2998,i25.bmp,i25_24_4.bmp,0.8797786831855774,4.0278
2999,i25.bmp,i25_24_5.bmp,0.8394977450370789,2.7714
