idx,ref_img_path,dis_img_path,score,mos_label
0,i01.bmp,i01_01_1.bmp,0.8246533870697021,5.5143
1,i01.bmp,i01_01_2.bmp,0.7747775316238403,5.5676
2,i01.bmp,i01_01_3.bmp,0.7329175472259521,4.9444
3,i01.bmp,i01_01_4.bmp,0.7002403736114502,4.3784
4,i01.bmp,i01_01_5.bmp,0.6714994311332703,3.8649
5,i01.bmp,i01_02_1.bmp,0.8397516012191772,6.0286
6,i01.bmp,i01_02_2.bmp,0.7974745035171509,6.1081
7,i01.bmp,i01_02_3.bmp,0.7614918947219849,5.3889
8,i01.bmp,i01_02_4.bmp,0.719280481338501,4.7143
9,i01.bmp,i01_02_5.bmp,0.6880128979682922,4.3611
10,i01.bmp,i01_03_1.bmp,0.7201248407363892,4.7714
11,i01.bmp,i01_03_2.bmp,0.6879563927650452,4.2703
12,i01.bmp,i01_03_3.bmp,0.6597728729248047,3.7027
13,i01.bmp,i01_03_4.bmp,0.6177850961685181,3.1944
14,i01.bmp,i01_03_5.bmp,0.5881173610687256,2.7143
15,i01.bmp,i01_04_1.bmp,0.9583524465560913,5.9714
16,i01.bmp,i01_04_2.bmp,0.9386962652206421,5.7568
17,i01.bmp,i01_04_3.bmp,0.9058818817138672,5.2703
18,i01.bmp,i01_04_4.bmp,0.868148922920227,5.2432
19,i01.bmp,i01_04_5.bmp,0.8169516324996948,4.7143
20,i01.bmp,i01_05_1.bmp,0.8928018808364868,5.9189
21,i01.bmp,i01_05_2.bmp,0.8507691621780396,5.7027
22,i01.bmp,i01_05_3.bmp,0.7732468843460083,5.0833
23,i01.bmp,i01_05_4.bmp,0.7055793404579163,4.1389
24,i01.bmp,i01_05_5.bmp,0.6472501754760742,3.1389
25,i01.bmp,i01_06_1.bmp,0.836084246635437,4.0
26,i01.bmp,i01_06_2.bmp,0.779416561126709,3.8919
27,i01.bmp,i01_06_3.bmp,0.739566445350647,3.7297
28,i01.bmp,i01_06_4.bmp,0.6971546411514282,3.4857
29,i01.bmp,i01_06_5.bmp,0.6593191623687744,2.9444
30,i01.bmp,i01_07_1.bmp,0.8384487628936768,5.0833
31,i01.bmp,i01_07_2.bmp,0.7810992002487183,4.75
32,i01.bmp,i01_07_3.bmp,0.7377864122390747,4.0
33,i01.bmp,i01_07_4.bmp,0.6997894048690796,3.2222
34,i01.bmp,i01_07_5.bmp,0.6470426321029663,2.1944
35,i01.bmp,i01_08_1.bmp,0.9137714505195618,5.1892
36,i01.bmp,i01_08_2.bmp,0.8548835515975952,4.4722
37,i01.bmp,i01_08_3.bmp,0.7694219946861267,3.4865
38,i01.bmp,i01_08_4.bmp,0.6582436561584473,3.0
39,i01.bmp,i01_08_5.bmp,0.5684975981712341,2.1111
40,i01.bmp,i01_09_1.bmp,0.7853164672851562,6.0833
41,i01.bmp,i01_09_2.bmp,0.7362446784973145,5.1667
42,i01.bmp,i01_09_3.bmp,0.6619082093238831,4.4286
43,i01.bmp,i01_09_4.bmp,0.5913552045822144,2.8108
44,i01.bmp,i01_09_5.bmp,0.5470842123031616,1.5405
45,i01.bmp,i01_10_1.bmp,0.8213670253753662,5.973
46,i01.bmp,i01_10_2.bmp,0.7633254528045654,5.9459
47,i01.bmp,i01_10_3.bmp,0.6793836355209351,4.9167
48,i01.bmp,i01_10_4.bmp,0.6024396419525146,3.2162
49,i01.bmp,i01_10_5.bmp,0.5574333071708679,2.0811
50,i01.bmp,i01_11_1.bmp,0.830871045589447,5.9143
51,i01.bmp,i01_11_2.bmp,0.7682790756225586,5.6757
52,i01.bmp,i01_11_3.bmp,0.7059308886528015,4.6944
53,i01.bmp,i01_11_4.bmp,0.600374162197113,3.6757
54,i01.bmp,i01_11_5.bmp,0.5420780181884766,1.4595
55,i01.bmp,i01_12_1.bmp,0.890644907951355,5.9459
56,i01.bmp,i01_12_2.bmp,0.9070765376091003,5.8649
57,i01.bmp,i01_12_3.bmp,0.7909579873085022,4.2162
58,i01.bmp,i01_12_4.bmp,0.7283212542533875,3.8333
59,i01.bmp,i01_12_5.bmp,0.6498231887817383,3.4324
60,i01.bmp,i01_13_1.bmp,0.8841307759284973,5.4595
61,i01.bmp,i01_13_2.bmp,0.7827833890914917,3.9143
62,i01.bmp,i01_13_3.bmp,0.6996970176696777,3.2778
63,i01.bmp,i01_13_4.bmp,0.6758407354354858,3.1667
64,i01.bmp,i01_13_5.bmp,0.6686944365501404,3.1081
65,i01.bmp,i01_14_1.bmp,0.9478206634521484,5.6944
66,i01.bmp,i01_14_2.bmp,0.9611880779266357,6.0541
67,i01.bmp,i01_14_3.bmp,0.9051612019538879,5.7568
68,i01.bmp,i01_14_4.bmp,0.8757790327072144,5.5556
69,i01.bmp,i01_14_5.bmp,0.8085846304893494,4.4706
70,i01.bmp,i01_15_1.bmp,0.850794792175293,2.8333
71,i01.bmp,i01_15_2.bmp,0.8716474771499634,2.8286
72,i01.bmp,i01_15_3.bmp,0.8817155361175537,3.1081
73,i01.bmp,i01_15_4.bmp,0.8996657729148865,3.5833
74,i01.bmp,i01_15_5.bmp,0.9353874325752258,3.8919
75,i01.bmp,i01_16_1.bmp,0.9870830178260803,5.8056
76,i01.bmp,i01_16_2.bmp,0.9807614088058472,6.0541
77,i01.bmp,i01_16_3.bmp,0.9473752379417419,4.8889
78,i01.bmp,i01_16_4.bmp,0.9476915597915649,5.0278
79,i01.bmp,i01_16_5.bmp,0.8778898119926453,4.1944
80,i01.bmp,i01_17_1.bmp,0.9716542959213257,5.3514
81,i01.bmp,i01_17_2.bmp,0.9506677389144897,6.6216
82,i01.bmp,i01_17_3.bmp,0.9423362016677856,4.0811
83,i01.bmp,i01_17_4.bmp,0.8971453309059143,6.2432
84,i01.bmp,i01_17_5.bmp,0.8832554817199707,2.9714
85,i01.bmp,i01_18_1.bmp,0.9308685660362244,4.6216
86,i01.bmp,i01_18_2.bmp,0.908521294593811,4.2222
87,i01.bmp,i01_18_3.bmp,0.8641659021377563,3.7714
88,i01.bmp,i01_18_4.bmp,0.7663265466690063,3.4722
89,i01.bmp,i01_18_5.bmp,0.7499167323112488,3.4167
90,i01.bmp,i01_19_1.bmp,0.8423947095870972,5.9444
91,i01.bmp,i01_19_2.bmp,0.8015211820602417,5.4722
92,i01.bmp,i01_19_3.bmp,0.7527923583984375,5.0811
93,i01.bmp,i01_19_4.bmp,0.7070319652557373,4.5278
94,i01.bmp,i01_19_5.bmp,0.6707974672317505,3.9444
95,i01.bmp,i01_20_1.bmp,0.9144719243049622,5.8571
96,i01.bmp,i01_20_2.bmp,0.871083676815033,5.8333
97,i01.bmp,i01_20_3.bmp,0.8040821552276611,6.0278
98,i01.bmp,i01_20_4.bmp,0.7159609198570251,5.0833
99,i01.bmp,i01_20_5.bmp,0.6474534273147583,4.3333
100,i01.bmp,i01_21_1.bmp,0.8125267028808594,5.7027
101,i01.bmp,i01_21_2.bmp,0.7588757276535034,5.2778
102,i01.bmp,i01_21_3.bmp,0.695380449295044,4.6757
103,i01.bmp,i01_21_4.bmp,0.6319501399993896,4.0571
104,i01.bmp,i01_21_5.bmp,0.5761556625366211,3.0541
105,i01.bmp,i01_22_1.bmp,0.8321604132652283,5.5556
106,i01.bmp,i01_22_2.bmp,0.7739416360855103,5.1892
107,i01.bmp,i01_22_3.bmp,0.7336696982383728,4.3056
108,i01.bmp,i01_22_4.bmp,0.6791201829910278,3.1622
109,i01.bmp,i01_22_5.bmp,0.5993926525115967,2.1944
110,i01.bmp,i01_23_1.bmp,0.8636735081672668,6.2857
111,i01.bmp,i01_23_2.bmp,0.7833008766174316,5.6111
112,i01.bmp,i01_23_3.bmp,0.7337312698364258,5.7778
113,i01.bmp,i01_23_4.bmp,0.6587788462638855,4.8056
114,i01.bmp,i01_23_5.bmp,0.5646501779556274,2.4054
115,i01.bmp,i01_24_1.bmp,0.807086706161499,5.7027
116,i01.bmp,i01_24_2.bmp,0.7412433624267578,5.5833
117,i01.bmp,i01_24_3.bmp,0.6674350500106812,5.1081
118,i01.bmp,i01_24_4.bmp,0.5903826355934143,3.0811
119,i01.bmp,i01_24_5.bmp,0.5390487909317017,0.45946
120,i02.bmp,i02_01_1.bmp,0.8222021460533142,5.7429
121,i02.bmp,i02_01_2.bmp,0.7760794162750244,5.3429
122,i02.bmp,i02_01_3.bmp,0.7170754671096802,5.2222
123,i02.bmp,i02_01_4.bmp,0.6707282662391663,4.1944
124,i02.bmp,i02_01_5.bmp,0.6246599555015564,3.973
125,i02.bmp,i02_02_1.bmp,0.8501752614974976,6.0556
126,i02.bmp,i02_02_2.bmp,0.8046246767044067,6.0541
127,i02.bmp,i02_02_3.bmp,0.7586491703987122,5.8889
128,i02.bmp,i02_02_4.bmp,0.7125046849250793,5.2973
129,i02.bmp,i02_02_5.bmp,0.6688224077224731,4.3889
130,i02.bmp,i02_03_1.bmp,0.7092337608337402,4.8
131,i02.bmp,i02_03_2.bmp,0.6561346054077148,4.4324
132,i02.bmp,i02_03_3.bmp,0.613455593585968,3.8378
133,i02.bmp,i02_03_4.bmp,0.5775048732757568,3.5278
134,i02.bmp,i02_03_5.bmp,0.5616823434829712,2.9189
135,i02.bmp,i02_04_1.bmp,0.943501889705658,6.2857
136,i02.bmp,i02_04_2.bmp,0.9173988699913025,6.1622
137,i02.bmp,i02_04_3.bmp,0.8781888484954834,5.1944
138,i02.bmp,i02_04_4.bmp,0.8262544870376587,4.7429
139,i02.bmp,i02_04_5.bmp,0.7625950574874878,4.2857
140,i02.bmp,i02_05_1.bmp,0.8869374990463257,6.1177
141,i02.bmp,i02_05_2.bmp,0.845746636390686,6.1111
142,i02.bmp,i02_05_3.bmp,0.7652992010116577,5.4324
143,i02.bmp,i02_05_4.bmp,0.6780747175216675,4.3784
144,i02.bmp,i02_05_5.bmp,0.6066452264785767,3.4167
145,i02.bmp,i02_06_1.bmp,0.8202192783355713,4.5556
146,i02.bmp,i02_06_2.bmp,0.7736843824386597,4.2778
147,i02.bmp,i02_06_3.bmp,0.7193871736526489,3.7297
148,i02.bmp,i02_06_4.bmp,0.6644700169563293,3.4857
149,i02.bmp,i02_06_5.bmp,0.615115225315094,3.1081
150,i02.bmp,i02_07_1.bmp,0.8082360029220581,5.9143
151,i02.bmp,i02_07_2.bmp,0.7706316709518433,5.5833
152,i02.bmp,i02_07_3.bmp,0.7055158019065857,3.7647
153,i02.bmp,i02_07_4.bmp,0.6804356575012207,3.7568
154,i02.bmp,i02_07_5.bmp,0.6245720386505127,2.8571
155,i02.bmp,i02_08_1.bmp,0.931442141532898,6.1081
156,i02.bmp,i02_08_2.bmp,0.8766865730285645,5.1667
157,i02.bmp,i02_08_3.bmp,0.7936813235282898,4.5429
158,i02.bmp,i02_08_4.bmp,0.6874343156814575,3.8378
159,i02.bmp,i02_08_5.bmp,0.5929732322692871,3.027
160,i02.bmp,i02_09_1.bmp,0.753391444683075,6.0
161,i02.bmp,i02_09_2.bmp,0.6956525444984436,5.5143
162,i02.bmp,i02_09_3.bmp,0.6375316977500916,4.5278
163,i02.bmp,i02_09_4.bmp,0.5809118151664734,3.6486
164,i02.bmp,i02_09_5.bmp,0.5452367663383484,2.4167
165,i02.bmp,i02_10_1.bmp,0.8201112747192383,6.0
166,i02.bmp,i02_10_2.bmp,0.7614128589630127,5.9722
167,i02.bmp,i02_10_3.bmp,0.6609821319580078,5.4324
168,i02.bmp,i02_10_4.bmp,0.5704189538955688,3.5
169,i02.bmp,i02_10_5.bmp,0.5464341640472412,2.7143
170,i02.bmp,i02_11_1.bmp,0.7564133405685425,5.9167
171,i02.bmp,i02_11_2.bmp,0.6404670476913452,4.8056
172,i02.bmp,i02_11_3.bmp,0.5581718683242798,2.973
173,i02.bmp,i02_11_4.bmp,0.5359604358673096,1.9189
174,i02.bmp,i02_11_5.bmp,0.5272639989852905,1.2778
175,i02.bmp,i02_12_1.bmp,0.8065911531448364,5.3056
176,i02.bmp,i02_12_2.bmp,0.769245982170105,4.4324
177,i02.bmp,i02_12_3.bmp,0.6710488796234131,3.0811
178,i02.bmp,i02_12_4.bmp,0.5694730281829834,2.6757
179,i02.bmp,i02_12_5.bmp,0.5402250289916992,2.3714
180,i02.bmp,i02_13_1.bmp,0.7188018560409546,4.4722
181,i02.bmp,i02_13_2.bmp,0.7223806977272034,4.0
182,i02.bmp,i02_13_3.bmp,0.6289560794830322,3.3889
183,i02.bmp,i02_13_4.bmp,0.5678220391273499,2.8919
184,i02.bmp,i02_13_5.bmp,0.6952865719795227,3.6111
185,i02.bmp,i02_14_1.bmp,0.8790911436080933,5.75
186,i02.bmp,i02_14_2.bmp,0.9429723024368286,6.0811
187,i02.bmp,i02_14_3.bmp,0.8787770867347717,5.1143
188,i02.bmp,i02_14_4.bmp,0.8514596223831177,5.3143
189,i02.bmp,i02_14_5.bmp,0.795529842376709,4.2162
190,i02.bmp,i02_15_1.bmp,0.8388957977294922,3.4
191,i02.bmp,i02_15_2.bmp,0.8536019325256348,3.6216
192,i02.bmp,i02_15_3.bmp,0.8630601167678833,3.8333
193,i02.bmp,i02_15_4.bmp,0.8899828195571899,3.8378
194,i02.bmp,i02_15_5.bmp,0.9187121391296387,4.2
195,i02.bmp,i02_16_1.bmp,0.9823615550994873,5.9459
196,i02.bmp,i02_16_2.bmp,0.9722952842712402,6.0833
197,i02.bmp,i02_16_3.bmp,0.9271019101142883,5.3243
198,i02.bmp,i02_16_4.bmp,0.9320842027664185,5.1389
199,i02.bmp,i02_16_5.bmp,0.8193120360374451,4.5676
200,i02.bmp,i02_17_1.bmp,0.9672133922576904,5.9167
201,i02.bmp,i02_17_2.bmp,0.9432945251464844,5.6857
202,i02.bmp,i02_17_3.bmp,0.9366769790649414,4.8378
203,i02.bmp,i02_17_4.bmp,0.8921299576759338,4.7714
204,i02.bmp,i02_17_5.bmp,0.8839582204818726,3.9167
205,i02.bmp,i02_18_1.bmp,0.9551895260810852,5.9722
206,i02.bmp,i02_18_2.bmp,0.9483047127723694,5.5946
207,i02.bmp,i02_18_3.bmp,0.9333691596984863,4.8286
208,i02.bmp,i02_18_4.bmp,0.9164694547653198,4.9189
209,i02.bmp,i02_18_5.bmp,0.8902862071990967,4.5429
210,i02.bmp,i02_19_1.bmp,0.8375433683395386,5.7778
211,i02.bmp,i02_19_2.bmp,0.78590989112854,5.4324
212,i02.bmp,i02_19_3.bmp,0.7325549721717834,4.8333
213,i02.bmp,i02_19_4.bmp,0.6797218322753906,4.2222
214,i02.bmp,i02_19_5.bmp,0.6324951648712158,3.7568
215,i02.bmp,i02_20_1.bmp,0.8566089868545532,6.0541
216,i02.bmp,i02_20_2.bmp,0.779147744178772,6.1714
217,i02.bmp,i02_20_3.bmp,0.6932382583618164,5.3056
218,i02.bmp,i02_20_4.bmp,0.63191157579422,4.0
219,i02.bmp,i02_20_5.bmp,0.5917322039604187,2.8056
220,i02.bmp,i02_21_1.bmp,0.7637353539466858,5.973
221,i02.bmp,i02_21_2.bmp,0.6996597051620483,5.2973
222,i02.bmp,i02_21_3.bmp,0.6292834281921387,4.6
223,i02.bmp,i02_21_4.bmp,0.5746285915374756,3.2778
224,i02.bmp,i02_21_5.bmp,0.5350366830825806,2.3611
225,i02.bmp,i02_22_1.bmp,0.8380826711654663,5.5135
226,i02.bmp,i02_22_2.bmp,0.763579785823822,5.2432
227,i02.bmp,i02_22_3.bmp,0.7138250470161438,4.4857
228,i02.bmp,i02_22_4.bmp,0.6586359739303589,3.8056
229,i02.bmp,i02_22_5.bmp,0.548302948474884,2.2222
230,i02.bmp,i02_23_1.bmp,0.8589458465576172,6.7778
231,i02.bmp,i02_23_2.bmp,0.729622483253479,5.5405
232,i02.bmp,i02_23_3.bmp,0.5931129455566406,3.4444
233,i02.bmp,i02_23_4.bmp,0.5392986536026001,2.1622
234,i02.bmp,i02_23_5.bmp,0.5332034826278687,0.81081
235,i02.bmp,i02_24_1.bmp,0.7283991575241089,6.0811
236,i02.bmp,i02_24_2.bmp,0.6276798248291016,4.9167
237,i02.bmp,i02_24_3.bmp,0.561219334602356,3.0
238,i02.bmp,i02_24_4.bmp,0.5351923108100891,2.1111
239,i02.bmp,i02_24_5.bmp,0.5277940034866333,0.89189
240,i03.bmp,i03_01_1.bmp,0.7428796291351318,5.7692
241,i03.bmp,i03_01_2.bmp,0.7053670883178711,5.1053
242,i03.bmp,i03_01_3.bmp,0.6696592569351196,4.6842
243,i03.bmp,i03_01_4.bmp,0.6336631774902344,4.25
244,i03.bmp,i03_01_5.bmp,0.61017906665802,3.925
245,i03.bmp,i03_02_1.bmp,0.784965991973877,6.1842
246,i03.bmp,i03_02_2.bmp,0.7458528280258179,6.282
247,i03.bmp,i03_02_3.bmp,0.7065090537071228,5.25
248,i03.bmp,i03_02_4.bmp,0.6707344055175781,5.0
249,i03.bmp,i03_02_5.bmp,0.6413078904151917,4.6
250,i03.bmp,i03_03_1.bmp,0.6584120988845825,4.65
251,i03.bmp,i03_03_2.bmp,0.6328956484794617,4.0769
252,i03.bmp,i03_03_3.bmp,0.6097307801246643,3.85
253,i03.bmp,i03_03_4.bmp,0.5809553861618042,3.282
254,i03.bmp,i03_03_5.bmp,0.5584757328033447,2.8947
255,i03.bmp,i03_04_1.bmp,0.9092227220535278,6.3846
256,i03.bmp,i03_04_2.bmp,0.8703815937042236,5.6579
257,i03.bmp,i03_04_3.bmp,0.8280200362205505,5.225
258,i03.bmp,i03_04_4.bmp,0.7724626660346985,4.6
259,i03.bmp,i03_04_5.bmp,0.7164552211761475,3.575
260,i03.bmp,i03_05_1.bmp,0.8098135590553284,6.5
261,i03.bmp,i03_05_2.bmp,0.7662336230278015,5.6316
262,i03.bmp,i03_05_3.bmp,0.7022831439971924,5.3
263,i03.bmp,i03_05_4.bmp,0.6492315530776978,4.3077
264,i03.bmp,i03_05_5.bmp,0.6025764346122742,3.4737
265,i03.bmp,i03_06_1.bmp,0.7341487407684326,4.8158
266,i03.bmp,i03_06_2.bmp,0.7033243775367737,4.5385
267,i03.bmp,i03_06_3.bmp,0.6603550910949707,4.1
268,i03.bmp,i03_06_4.bmp,0.6242811679840088,3.75
269,i03.bmp,i03_06_5.bmp,0.5942081212997437,3.5
270,i03.bmp,i03_07_1.bmp,0.6992174386978149,4.9744
271,i03.bmp,i03_07_2.bmp,0.6636295318603516,4.1
272,i03.bmp,i03_07_3.bmp,0.6450177431106567,3.8462
273,i03.bmp,i03_07_4.bmp,0.641384482383728,3.825
274,i03.bmp,i03_07_5.bmp,0.6251513957977295,3.6154
275,i03.bmp,i03_08_1.bmp,0.9143010377883911,6.3421
276,i03.bmp,i03_08_2.bmp,0.8628342151641846,5.6
277,i03.bmp,i03_08_3.bmp,0.7838110327720642,4.4737
278,i03.bmp,i03_08_4.bmp,0.6882491111755371,3.75
279,i03.bmp,i03_08_5.bmp,0.6089811325073242,2.95
280,i03.bmp,i03_09_1.bmp,0.7516037225723267,6.65
281,i03.bmp,i03_09_2.bmp,0.7095624208450317,6.2564
282,i03.bmp,i03_09_3.bmp,0.6556538343429565,5.475
283,i03.bmp,i03_09_4.bmp,0.5852386951446533,3.7436
284,i03.bmp,i03_09_5.bmp,0.5524726510047913,2.4737
285,i03.bmp,i03_10_1.bmp,0.7741281986236572,6.2368
286,i03.bmp,i03_10_2.bmp,0.7257314920425415,5.6667
287,i03.bmp,i03_10_3.bmp,0.642727792263031,5.0513
288,i03.bmp,i03_10_4.bmp,0.5758863091468811,3.3
289,i03.bmp,i03_10_5.bmp,0.5457445383071899,2.4872
290,i03.bmp,i03_11_1.bmp,0.6805803775787354,5.3684
291,i03.bmp,i03_11_2.bmp,0.5996648073196411,4.0769
292,i03.bmp,i03_11_3.bmp,0.5570237636566162,2.8462
293,i03.bmp,i03_11_4.bmp,0.5315866470336914,1.8205
294,i03.bmp,i03_11_5.bmp,0.5200008153915405,0.7
295,i03.bmp,i03_12_1.bmp,0.7537469267845154,5.4103
296,i03.bmp,i03_12_2.bmp,0.7123263478279114,4.0789
297,i03.bmp,i03_12_3.bmp,0.6327756643295288,2.8421
298,i03.bmp,i03_12_4.bmp,0.5947089791297913,3.1
299,i03.bmp,i03_12_5.bmp,0.5482509136199951,2.4
300,i03.bmp,i03_13_1.bmp,0.7141042351722717,5.1282
301,i03.bmp,i03_13_2.bmp,0.6019467711448669,3.641
302,i03.bmp,i03_13_3.bmp,0.6026458740234375,3.925
303,i03.bmp,i03_13_4.bmp,0.5722953677177429,2.925
304,i03.bmp,i03_13_5.bmp,0.5518295764923096,2.4211
305,i03.bmp,i03_14_1.bmp,0.8504476547241211,5.0769
306,i03.bmp,i03_14_2.bmp,0.9428268074989319,6.0
307,i03.bmp,i03_14_3.bmp,0.9207107424736023,4.85
308,i03.bmp,i03_14_4.bmp,0.8580349683761597,4.4615
309,i03.bmp,i03_14_5.bmp,0.8106553554534912,3.5
310,i03.bmp,i03_15_1.bmp,0.8048616647720337,3.725
311,i03.bmp,i03_15_2.bmp,0.835250973701477,4.05
312,i03.bmp,i03_15_3.bmp,0.8583264350891113,4.025
313,i03.bmp,i03_15_4.bmp,0.8916837573051453,4.282
314,i03.bmp,i03_15_5.bmp,0.9268085956573486,4.7949
315,i03.bmp,i03_16_1.bmp,0.9807546138763428,6.8205
316,i03.bmp,i03_16_2.bmp,0.9688730239868164,6.525
317,i03.bmp,i03_16_3.bmp,0.9320652484893799,5.975
318,i03.bmp,i03_16_4.bmp,0.9163831472396851,6.075
319,i03.bmp,i03_16_5.bmp,0.8524572849273682,5.0256
320,i03.bmp,i03_17_1.bmp,0.9476044178009033,6.282
321,i03.bmp,i03_17_2.bmp,0.9064004421234131,6.75
322,i03.bmp,i03_17_3.bmp,0.8996363878250122,5.2
323,i03.bmp,i03_17_4.bmp,0.8446465134620667,6.575
324,i03.bmp,i03_17_5.bmp,0.8444617986679077,3.7949
325,i03.bmp,i03_18_1.bmp,0.905821681022644,5.7692
326,i03.bmp,i03_18_2.bmp,0.9066094756126404,5.718
327,i03.bmp,i03_18_3.bmp,0.8928346037864685,5.5641
328,i03.bmp,i03_18_4.bmp,0.8665421009063721,5.0
329,i03.bmp,i03_18_5.bmp,0.8412979245185852,4.6579
330,i03.bmp,i03_19_1.bmp,0.750086784362793,5.5128
331,i03.bmp,i03_19_2.bmp,0.7009333372116089,5.0256
332,i03.bmp,i03_19_3.bmp,0.6675778031349182,4.7
333,i03.bmp,i03_19_4.bmp,0.6347721815109253,4.3077
334,i03.bmp,i03_19_5.bmp,0.6137955188751221,3.6923
335,i03.bmp,i03_20_1.bmp,0.7442384958267212,5.8421
336,i03.bmp,i03_20_2.bmp,0.679280161857605,5.4615
337,i03.bmp,i03_20_3.bmp,0.6246969699859619,4.1579
338,i03.bmp,i03_20_4.bmp,0.5882800221443176,3.1795
339,i03.bmp,i03_20_5.bmp,0.5645202398300171,2.825
340,i03.bmp,i03_21_1.bmp,0.6876891851425171,5.2368
341,i03.bmp,i03_21_2.bmp,0.6387622356414795,4.4359
342,i03.bmp,i03_21_3.bmp,0.603795051574707,3.8974
343,i03.bmp,i03_21_4.bmp,0.568000316619873,3.1795
344,i03.bmp,i03_21_5.bmp,0.536013662815094,2.1
345,i03.bmp,i03_22_1.bmp,0.7923924326896667,5.9744
346,i03.bmp,i03_22_2.bmp,0.7471907138824463,5.359
347,i03.bmp,i03_22_3.bmp,0.684710681438446,5.2308
348,i03.bmp,i03_22_4.bmp,0.6227970123291016,4.359
349,i03.bmp,i03_22_5.bmp,0.5896904468536377,3.9211
350,i03.bmp,i03_23_1.bmp,0.8395689725875854,6.718
351,i03.bmp,i03_23_2.bmp,0.7339795827865601,5.8461
352,i03.bmp,i03_23_3.bmp,0.6039237976074219,3.9
353,i03.bmp,i03_23_4.bmp,0.5552119016647339,2.6579
354,i03.bmp,i03_23_5.bmp,0.5375503301620483,1.975
355,i03.bmp,i03_24_1.bmp,0.6760137677192688,5.7436
356,i03.bmp,i03_24_2.bmp,0.6012332439422607,4.2051
357,i03.bmp,i03_24_3.bmp,0.5557462573051453,2.825
358,i03.bmp,i03_24_4.bmp,0.5287577509880066,1.8158
359,i03.bmp,i03_24_5.bmp,0.5217949748039246,0.42105
360,i04.bmp,i04_01_1.bmp,0.7938939929008484,5.7619
361,i04.bmp,i04_01_2.bmp,0.7494825124740601,5.4762
362,i04.bmp,i04_01_3.bmp,0.7087079286575317,4.9286
363,i04.bmp,i04_01_4.bmp,0.665440559387207,4.2683
364,i04.bmp,i04_01_5.bmp,0.6294775009155273,4.0
365,i04.bmp,i04_02_1.bmp,0.8102551102638245,6.275
366,i04.bmp,i04_02_2.bmp,0.7733221054077148,6.1539
367,i04.bmp,i04_02_3.bmp,0.7379823327064514,5.6829
368,i04.bmp,i04_02_4.bmp,0.6984589695930481,5.3095
369,i04.bmp,i04_02_5.bmp,0.6569652557373047,4.5366
370,i04.bmp,i04_03_1.bmp,0.6906645894050598,4.7805
371,i04.bmp,i04_03_2.bmp,0.65181565284729,4.2143
372,i04.bmp,i04_03_3.bmp,0.6143814325332642,3.9
373,i04.bmp,i04_03_4.bmp,0.5867917537689209,3.425
374,i04.bmp,i04_03_5.bmp,0.5652440786361694,3.0238
375,i04.bmp,i04_04_1.bmp,0.9282245635986328,6.125
376,i04.bmp,i04_04_2.bmp,0.9009146690368652,6.2683
377,i04.bmp,i04_04_3.bmp,0.8640434145927429,6.15
378,i04.bmp,i04_04_4.bmp,0.8123756647109985,5.4762
379,i04.bmp,i04_04_5.bmp,0.750963032245636,4.8095
380,i04.bmp,i04_05_1.bmp,0.849585771560669,6.3095
381,i04.bmp,i04_05_2.bmp,0.8096286058425903,5.9024
382,i04.bmp,i04_05_3.bmp,0.743671178817749,5.325
383,i04.bmp,i04_05_4.bmp,0.6760646104812622,4.4762
384,i04.bmp,i04_05_5.bmp,0.6118055582046509,3.7073
385,i04.bmp,i04_06_1.bmp,0.7834799885749817,5.0238
386,i04.bmp,i04_06_2.bmp,0.7295025587081909,4.561
387,i04.bmp,i04_06_3.bmp,0.6680439710617065,4.2619
388,i04.bmp,i04_06_4.bmp,0.6460415720939636,4.1951
389,i04.bmp,i04_06_5.bmp,0.6089456081390381,3.45
390,i04.bmp,i04_07_1.bmp,0.7237296104431152,4.6905
391,i04.bmp,i04_07_2.bmp,0.6852823495864868,4.075
392,i04.bmp,i04_07_3.bmp,0.646453320980072,3.5238
393,i04.bmp,i04_07_4.bmp,0.6283620595932007,3.1429
394,i04.bmp,i04_07_5.bmp,0.5945088267326355,2.9524
395,i04.bmp,i04_08_1.bmp,0.9262169599533081,6.3095
396,i04.bmp,i04_08_2.bmp,0.8829424381256104,5.9268
397,i04.bmp,i04_08_3.bmp,0.8083366751670837,5.381
398,i04.bmp,i04_08_4.bmp,0.7042420506477356,4.375
399,i04.bmp,i04_08_5.bmp,0.6157604455947876,3.6667
400,i04.bmp,i04_09_1.bmp,0.7405349016189575,6.381
401,i04.bmp,i04_09_2.bmp,0.6994032263755798,5.8049
402,i04.bmp,i04_09_3.bmp,0.6408365964889526,5.0488
403,i04.bmp,i04_09_4.bmp,0.5893702507019043,3.7805
404,i04.bmp,i04_09_5.bmp,0.5489277839660645,2.5
405,i04.bmp,i04_10_1.bmp,0.7883870601654053,6.0714
406,i04.bmp,i04_10_2.bmp,0.7333774566650391,5.9756
407,i04.bmp,i04_10_3.bmp,0.6510666608810425,5.0714
408,i04.bmp,i04_10_4.bmp,0.5756154656410217,3.2619
409,i04.bmp,i04_10_5.bmp,0.5402133464813232,2.1905
410,i04.bmp,i04_11_1.bmp,0.6565943360328674,5.3
411,i04.bmp,i04_11_2.bmp,0.5905717611312866,4.0
412,i04.bmp,i04_11_3.bmp,0.5639208555221558,2.9024
413,i04.bmp,i04_11_4.bmp,0.5361912846565247,2.0
414,i04.bmp,i04_11_5.bmp,0.5296367406845093,0.88095
415,i04.bmp,i04_12_1.bmp,0.8399735689163208,6.05
416,i04.bmp,i04_12_2.bmp,0.7374850511550903,4.6429
417,i04.bmp,i04_12_3.bmp,0.634797215461731,3.9286
418,i04.bmp,i04_12_4.bmp,0.61492919921875,2.9048
419,i04.bmp,i04_12_5.bmp,0.558954119682312,2.6585
420,i04.bmp,i04_13_1.bmp,0.7007365822792053,4.6667
421,i04.bmp,i04_13_2.bmp,0.6302952170372009,3.8462
422,i04.bmp,i04_13_3.bmp,0.6050384044647217,3.3571
423,i04.bmp,i04_13_4.bmp,0.6025370955467224,3.4634
424,i04.bmp,i04_13_5.bmp,0.5556713342666626,2.3809
425,i04.bmp,i04_14_1.bmp,0.8184168338775635,5.0714
426,i04.bmp,i04_14_2.bmp,0.9565091133117676,6.4048
427,i04.bmp,i04_14_3.bmp,0.9116275906562805,6.0
428,i04.bmp,i04_14_4.bmp,0.8871725797653198,4.4048
429,i04.bmp,i04_14_5.bmp,0.8209184408187866,3.6098
430,i04.bmp,i04_15_1.bmp,0.8572628498077393,3.3809
431,i04.bmp,i04_15_2.bmp,0.8527894616127014,3.4048
432,i04.bmp,i04_15_3.bmp,0.8525097370147705,3.5
433,i04.bmp,i04_15_4.bmp,0.8766076564788818,3.7561
434,i04.bmp,i04_15_5.bmp,0.9263792037963867,4.0513
435,i04.bmp,i04_16_1.bmp,0.9875503778457642,6.2857
436,i04.bmp,i04_16_2.bmp,0.9812937378883362,6.6429
437,i04.bmp,i04_16_3.bmp,0.950432538986206,6.0952
438,i04.bmp,i04_16_4.bmp,0.9485535621643066,5.6667
439,i04.bmp,i04_16_5.bmp,0.8861665725708008,5.1539
440,i04.bmp,i04_17_1.bmp,0.9626010060310364,6.0
441,i04.bmp,i04_17_2.bmp,0.9457269906997681,6.6667
442,i04.bmp,i04_17_3.bmp,0.9327651262283325,4.7805
443,i04.bmp,i04_17_4.bmp,0.9008298516273499,7.2143
444,i04.bmp,i04_17_5.bmp,0.8813565969467163,3.925
445,i04.bmp,i04_18_1.bmp,0.9310789108276367,5.4146
446,i04.bmp,i04_18_2.bmp,0.9082499742507935,5.0244
447,i04.bmp,i04_18_3.bmp,0.8918238282203674,4.6667
448,i04.bmp,i04_18_4.bmp,0.8535295724868774,4.2381
449,i04.bmp,i04_18_5.bmp,0.7709195613861084,3.9268
450,i04.bmp,i04_19_1.bmp,0.7968275547027588,5.4524
451,i04.bmp,i04_19_2.bmp,0.756348729133606,5.3571
452,i04.bmp,i04_19_3.bmp,0.7163131237030029,4.9024
453,i04.bmp,i04_19_4.bmp,0.6803925037384033,4.425
454,i04.bmp,i04_19_5.bmp,0.6301425695419312,4.1667
455,i04.bmp,i04_20_1.bmp,0.7959686517715454,6.4524
456,i04.bmp,i04_20_2.bmp,0.7099257111549377,5.225
457,i04.bmp,i04_20_3.bmp,0.623869776725769,4.1905
458,i04.bmp,i04_20_4.bmp,0.5836812853813171,3.1191
459,i04.bmp,i04_20_5.bmp,0.5696896910667419,2.4146
460,i04.bmp,i04_21_1.bmp,0.7141138315200806,5.1463
461,i04.bmp,i04_21_2.bmp,0.6525347232818604,4.7317
462,i04.bmp,i04_21_3.bmp,0.5933414101600647,3.8095
463,i04.bmp,i04_21_4.bmp,0.566029965877533,3.2195
464,i04.bmp,i04_21_5.bmp,0.5331733822822571,2.0
465,i04.bmp,i04_22_1.bmp,0.8068093657493591,6.0244
466,i04.bmp,i04_22_2.bmp,0.7550240159034729,5.7857
467,i04.bmp,i04_22_3.bmp,0.7029404640197754,4.4286
468,i04.bmp,i04_22_4.bmp,0.6507695913314819,4.122
469,i04.bmp,i04_22_5.bmp,0.5595261454582214,2.9048
470,i04.bmp,i04_23_1.bmp,0.7678816318511963,6.425
471,i04.bmp,i04_23_2.bmp,0.6592791080474854,5.4048
472,i04.bmp,i04_23_3.bmp,0.5845758318901062,3.878
473,i04.bmp,i04_23_4.bmp,0.5567776560783386,2.9512
474,i04.bmp,i04_23_5.bmp,0.5303412079811096,1.4762
475,i04.bmp,i04_24_1.bmp,0.6667357683181763,5.5476
476,i04.bmp,i04_24_2.bmp,0.5890282392501831,3.7619
477,i04.bmp,i04_24_3.bmp,0.5509386658668518,2.5854
478,i04.bmp,i04_24_4.bmp,0.5310602188110352,1.9048
479,i04.bmp,i04_24_5.bmp,0.5265017747879028,0.58537
480,i05.bmp,i05_01_1.bmp,0.8957253098487854,5.525
481,i05.bmp,i05_01_2.bmp,0.8524116277694702,5.5
482,i05.bmp,i05_01_3.bmp,0.8101310133934021,4.8461
483,i05.bmp,i05_01_4.bmp,0.7553949356079102,4.0513
484,i05.bmp,i05_01_5.bmp,0.7138661742210388,3.561
485,i05.bmp,i05_02_1.bmp,0.906289279460907,5.8293
486,i05.bmp,i05_02_2.bmp,0.8698157072067261,5.6829
487,i05.bmp,i05_02_3.bmp,0.8324538469314575,5.325
488,i05.bmp,i05_02_4.bmp,0.7844648957252502,5.0976
489,i05.bmp,i05_02_5.bmp,0.7422358989715576,4.2564
490,i05.bmp,i05_03_1.bmp,0.827481210231781,5.0976
491,i05.bmp,i05_03_2.bmp,0.7673966884613037,4.4878
492,i05.bmp,i05_03_3.bmp,0.7249744534492493,3.675
493,i05.bmp,i05_03_4.bmp,0.6708543300628662,3.0732
494,i05.bmp,i05_03_5.bmp,0.6220693588256836,2.375
495,i05.bmp,i05_04_1.bmp,0.975128173828125,5.6341
496,i05.bmp,i05_04_2.bmp,0.9627510905265808,5.75
497,i05.bmp,i05_04_3.bmp,0.9398206472396851,5.575
498,i05.bmp,i05_04_4.bmp,0.9037003517150879,4.9268
499,i05.bmp,i05_04_5.bmp,0.8521431088447571,4.4
500,i05.bmp,i05_05_1.bmp,0.9330826997756958,5.625
501,i05.bmp,i05_05_2.bmp,0.899467945098877,5.3902
502,i05.bmp,i05_05_3.bmp,0.8305048942565918,4.7
503,i05.bmp,i05_05_4.bmp,0.7502847909927368,3.8158
504,i05.bmp,i05_05_5.bmp,0.6608769297599792,2.9231
505,i05.bmp,i05_06_1.bmp,0.9051856398582458,4.375
506,i05.bmp,i05_06_2.bmp,0.8579890727996826,3.9231
507,i05.bmp,i05_06_3.bmp,0.8033910989761353,3.5
508,i05.bmp,i05_06_4.bmp,0.7453959584236145,3.3171
509,i05.bmp,i05_06_5.bmp,0.6822290420532227,2.5128
510,i05.bmp,i05_07_1.bmp,0.8925668597221375,5.275
511,i05.bmp,i05_07_2.bmp,0.8339617252349854,5.2683
512,i05.bmp,i05_07_3.bmp,0.7660263776779175,4.5385
513,i05.bmp,i05_07_4.bmp,0.7232159376144409,4.0513
514,i05.bmp,i05_07_5.bmp,0.6816585063934326,3.1463
515,i05.bmp,i05_08_1.bmp,0.9312111735343933,5.4
516,i05.bmp,i05_08_2.bmp,0.8836886882781982,4.6667
517,i05.bmp,i05_08_3.bmp,0.8026440739631653,3.6585
518,i05.bmp,i05_08_4.bmp,0.679072916507721,2.7805
519,i05.bmp,i05_08_5.bmp,0.5680114030838013,1.25
520,i05.bmp,i05_09_1.bmp,0.8788944482803345,5.825
521,i05.bmp,i05_09_2.bmp,0.8303272724151611,5.825
522,i05.bmp,i05_09_3.bmp,0.7409687042236328,5.325
523,i05.bmp,i05_09_4.bmp,0.6342501640319824,3.5
524,i05.bmp,i05_09_5.bmp,0.5560222864151001,1.3659
525,i05.bmp,i05_10_1.bmp,0.8723187446594238,5.7317
526,i05.bmp,i05_10_2.bmp,0.8241983652114868,5.1539
527,i05.bmp,i05_10_3.bmp,0.7374570369720459,4.7073
528,i05.bmp,i05_10_4.bmp,0.6196466684341431,3.439
529,i05.bmp,i05_10_5.bmp,0.566309928894043,1.878
530,i05.bmp,i05_11_1.bmp,0.9035990238189697,5.7561
531,i05.bmp,i05_11_2.bmp,0.841760516166687,5.4
532,i05.bmp,i05_11_3.bmp,0.7718183994293213,4.5
533,i05.bmp,i05_11_4.bmp,0.6774990558624268,3.6667
534,i05.bmp,i05_11_5.bmp,0.5748434066772461,2.25
535,i05.bmp,i05_12_1.bmp,0.9557157754898071,5.6829
536,i05.bmp,i05_12_2.bmp,0.9607832431793213,5.775
537,i05.bmp,i05_12_3.bmp,0.9157741069793701,5.35
538,i05.bmp,i05_12_4.bmp,0.7988864779472351,3.8
539,i05.bmp,i05_12_5.bmp,0.6542584896087646,2.725
540,i05.bmp,i05_13_1.bmp,0.84892737865448,5.4634
541,i05.bmp,i05_13_2.bmp,0.7968907952308655,4.9024
542,i05.bmp,i05_13_3.bmp,0.7482108473777771,3.475
543,i05.bmp,i05_13_4.bmp,0.7011551856994629,2.9756
544,i05.bmp,i05_13_5.bmp,0.5988215804100037,1.9737
545,i05.bmp,i05_14_1.bmp,0.9592437148094177,5.9268
546,i05.bmp,i05_14_2.bmp,0.9508180618286133,5.5366
547,i05.bmp,i05_14_3.bmp,0.9064606428146362,5.6098
548,i05.bmp,i05_14_4.bmp,0.8668315410614014,5.225
549,i05.bmp,i05_14_5.bmp,0.784874439239502,4.3171
550,i05.bmp,i05_15_1.bmp,0.8662336468696594,3.05
551,i05.bmp,i05_15_2.bmp,0.8845231533050537,3.1
552,i05.bmp,i05_15_3.bmp,0.9109849333763123,3.3171
553,i05.bmp,i05_15_4.bmp,0.938727855682373,3.9
554,i05.bmp,i05_15_5.bmp,0.9696822166442871,3.8462
555,i05.bmp,i05_16_1.bmp,0.981407880783081,6.15
556,i05.bmp,i05_16_2.bmp,0.9725239276885986,5.95
557,i05.bmp,i05_16_3.bmp,0.9303927421569824,5.5854
558,i05.bmp,i05_16_4.bmp,0.9296450018882751,5.0976
559,i05.bmp,i05_16_5.bmp,0.8422822952270508,4.25
560,i05.bmp,i05_17_1.bmp,0.9704967737197876,5.3
561,i05.bmp,i05_17_2.bmp,0.9432672262191772,6.8293
562,i05.bmp,i05_17_3.bmp,0.9306352138519287,4.025
563,i05.bmp,i05_17_4.bmp,0.885221004486084,6.561
564,i05.bmp,i05_17_5.bmp,0.8880491256713867,2.8
565,i05.bmp,i05_18_1.bmp,0.9523674249649048,4.775
566,i05.bmp,i05_18_2.bmp,0.9322303533554077,4.2051
567,i05.bmp,i05_18_3.bmp,0.8997159600257874,3.7436
568,i05.bmp,i05_18_4.bmp,0.8335792422294617,3.5385
569,i05.bmp,i05_18_5.bmp,0.723960816860199,3.15
570,i05.bmp,i05_19_1.bmp,0.9091792106628418,5.175
571,i05.bmp,i05_19_2.bmp,0.8736648559570312,4.8049
572,i05.bmp,i05_19_3.bmp,0.8258543014526367,4.225
573,i05.bmp,i05_19_4.bmp,0.7714879512786865,3.65
574,i05.bmp,i05_19_5.bmp,0.7156050205230713,3.3659
575,i05.bmp,i05_20_1.bmp,0.9314501881599426,5.6829
576,i05.bmp,i05_20_2.bmp,0.8875319957733154,5.561
577,i05.bmp,i05_20_3.bmp,0.839324951171875,5.0244
578,i05.bmp,i05_20_4.bmp,0.7561653852462769,4.475
579,i05.bmp,i05_20_5.bmp,0.676145076751709,3.282
580,i05.bmp,i05_21_1.bmp,0.8723344802856445,5.6
581,i05.bmp,i05_21_2.bmp,0.8153194189071655,4.925
582,i05.bmp,i05_21_3.bmp,0.7517613172531128,4.3659
583,i05.bmp,i05_21_4.bmp,0.6816952228546143,3.35
584,i05.bmp,i05_21_5.bmp,0.5926685333251953,2.475
585,i05.bmp,i05_22_1.bmp,0.933658242225647,5.275
586,i05.bmp,i05_22_2.bmp,0.8912100791931152,5.25
587,i05.bmp,i05_22_3.bmp,0.843539834022522,4.7561
588,i05.bmp,i05_22_4.bmp,0.7463290691375732,4.1
589,i05.bmp,i05_22_5.bmp,0.6686989068984985,3.1707
590,i05.bmp,i05_23_1.bmp,0.9088564515113831,5.7317
591,i05.bmp,i05_23_2.bmp,0.8312187194824219,5.575
592,i05.bmp,i05_23_3.bmp,0.7830833196640015,5.6341
593,i05.bmp,i05_23_4.bmp,0.7482563257217407,5.7561
594,i05.bmp,i05_23_5.bmp,0.6971189975738525,5.439
595,i05.bmp,i05_24_1.bmp,0.8843671083450317,5.525
596,i05.bmp,i05_24_2.bmp,0.8320528268814087,5.6098
597,i05.bmp,i05_24_3.bmp,0.7465506792068481,5.2
598,i05.bmp,i05_24_4.bmp,0.6492682099342346,3.9512
599,i05.bmp,i05_24_5.bmp,0.5721912384033203,2.6098
600,i06.bmp,i06_01_1.bmp,0.848703145980835,5.7568
601,i06.bmp,i06_01_2.bmp,0.800348699092865,5.1667
602,i06.bmp,i06_01_3.bmp,0.7588054537773132,5.027
603,i06.bmp,i06_01_4.bmp,0.7181012630462646,4.3143
604,i06.bmp,i06_01_5.bmp,0.6733474731445312,3.6111
605,i06.bmp,i06_02_1.bmp,0.8597393035888672,6.1622
606,i06.bmp,i06_02_2.bmp,0.8194769620895386,5.7838
607,i06.bmp,i06_02_3.bmp,0.7781072854995728,5.4595
608,i06.bmp,i06_02_4.bmp,0.7397904396057129,4.8333
609,i06.bmp,i06_02_5.bmp,0.7004715204238892,4.3889
610,i06.bmp,i06_03_1.bmp,0.7560863494873047,4.5833
611,i06.bmp,i06_03_2.bmp,0.704435408115387,4.0571
612,i06.bmp,i06_03_3.bmp,0.6633302569389343,3.4722
613,i06.bmp,i06_03_4.bmp,0.6215976476669312,2.9459
614,i06.bmp,i06_03_5.bmp,0.5975918173789978,2.5
615,i06.bmp,i06_04_1.bmp,0.9588078260421753,5.8333
616,i06.bmp,i06_04_2.bmp,0.9394170045852661,5.8611
617,i06.bmp,i06_04_3.bmp,0.9104724526405334,5.6944
618,i06.bmp,i06_04_4.bmp,0.8667093515396118,5.0811
619,i06.bmp,i06_04_5.bmp,0.8131351470947266,4.5833
620,i06.bmp,i06_05_1.bmp,0.8952287435531616,5.9189
621,i06.bmp,i06_05_2.bmp,0.8550140857696533,5.7143
622,i06.bmp,i06_05_3.bmp,0.7855066061019897,4.973
623,i06.bmp,i06_05_4.bmp,0.7139062285423279,4.0286
624,i06.bmp,i06_05_5.bmp,0.6447489857673645,2.9459
625,i06.bmp,i06_06_1.bmp,0.8343535661697388,4.6111
626,i06.bmp,i06_06_2.bmp,0.7814651131629944,4.3889
627,i06.bmp,i06_06_3.bmp,0.7227317690849304,3.7778
628,i06.bmp,i06_06_4.bmp,0.6777218580245972,3.5278
629,i06.bmp,i06_06_5.bmp,0.6301812529563904,3.0541
630,i06.bmp,i06_07_1.bmp,0.8163601756095886,5.3243
631,i06.bmp,i06_07_2.bmp,0.7610569596290588,5.1143
632,i06.bmp,i06_07_3.bmp,0.7192404270172119,4.4054
633,i06.bmp,i06_07_4.bmp,0.6621648073196411,3.1429
634,i06.bmp,i06_07_5.bmp,0.6321433782577515,2.6857
635,i06.bmp,i06_08_1.bmp,0.9117198586463928,5.1892
636,i06.bmp,i06_08_2.bmp,0.8585549592971802,4.5833
637,i06.bmp,i06_08_3.bmp,0.7803866863250732,3.4857
638,i06.bmp,i06_08_4.bmp,0.6777836680412292,2.7027
639,i06.bmp,i06_08_5.bmp,0.5877274870872498,2.0541
640,i06.bmp,i06_09_1.bmp,0.7980438470840454,6.0541
641,i06.bmp,i06_09_2.bmp,0.7480090260505676,5.8649
642,i06.bmp,i06_09_3.bmp,0.6578936576843262,4.8649
643,i06.bmp,i06_09_4.bmp,0.5827190279960632,3.0
644,i06.bmp,i06_09_5.bmp,0.5388403534889221,1.6571
645,i06.bmp,i06_10_1.bmp,0.8256747126579285,5.8378
646,i06.bmp,i06_10_2.bmp,0.779391884803772,5.6286
647,i06.bmp,i06_10_3.bmp,0.6909404397010803,5.4286
648,i06.bmp,i06_10_4.bmp,0.5994380116462708,3.1622
649,i06.bmp,i06_10_5.bmp,0.5591422915458679,1.7778
650,i06.bmp,i06_11_1.bmp,0.8299705982208252,5.5405
651,i06.bmp,i06_11_2.bmp,0.7678951621055603,5.1944
652,i06.bmp,i06_11_3.bmp,0.7068538665771484,4.5
653,i06.bmp,i06_11_4.bmp,0.600858211517334,3.0811
654,i06.bmp,i06_11_5.bmp,0.5315964221954346,0.75676
655,i06.bmp,i06_12_1.bmp,0.8966558575630188,5.8611
656,i06.bmp,i06_12_2.bmp,0.8771325945854187,4.75
657,i06.bmp,i06_12_3.bmp,0.8467435836791992,4.3514
658,i06.bmp,i06_12_4.bmp,0.766584038734436,3.6286
659,i06.bmp,i06_12_5.bmp,0.7058871984481812,3.8378
660,i06.bmp,i06_13_1.bmp,0.8245457410812378,4.6757
661,i06.bmp,i06_13_2.bmp,0.8283976316452026,4.8286
662,i06.bmp,i06_13_3.bmp,0.7178412675857544,4.1714
663,i06.bmp,i06_13_4.bmp,0.6454373002052307,3.1944
664,i06.bmp,i06_13_5.bmp,0.6110591888427734,2.7027
665,i06.bmp,i06_14_1.bmp,0.9530909061431885,6.0
666,i06.bmp,i06_14_2.bmp,0.944682240486145,6.0
667,i06.bmp,i06_14_3.bmp,0.8857625722885132,4.7714
668,i06.bmp,i06_14_4.bmp,0.8448798656463623,4.3333
669,i06.bmp,i06_14_5.bmp,0.7825967669487,4.3056
670,i06.bmp,i06_15_1.bmp,0.8529893159866333,3.6216
671,i06.bmp,i06_15_2.bmp,0.8662855625152588,3.3243
672,i06.bmp,i06_15_3.bmp,0.8989784717559814,3.75
673,i06.bmp,i06_15_4.bmp,0.924701452255249,4.4054
674,i06.bmp,i06_15_5.bmp,0.9330304861068726,4.8333
675,i06.bmp,i06_16_1.bmp,0.984309196472168,5.5676
676,i06.bmp,i06_16_2.bmp,0.9700046181678772,6.25
677,i06.bmp,i06_16_3.bmp,0.9424839019775391,5.0833
678,i06.bmp,i06_16_4.bmp,0.9111807346343994,5.8378
679,i06.bmp,i06_16_5.bmp,0.8769516944885254,4.1389
680,i06.bmp,i06_17_1.bmp,0.956409215927124,5.5556
681,i06.bmp,i06_17_2.bmp,0.913737416267395,6.0811
682,i06.bmp,i06_17_3.bmp,0.9212008714675903,4.0556
683,i06.bmp,i06_17_4.bmp,0.8558511137962341,5.8378
684,i06.bmp,i06_17_5.bmp,0.873150646686554,3.3784
685,i06.bmp,i06_18_1.bmp,0.9335427284240723,5.2
686,i06.bmp,i06_18_2.bmp,0.9080039858818054,4.3611
687,i06.bmp,i06_18_3.bmp,0.8658219575881958,3.8889
688,i06.bmp,i06_18_4.bmp,0.7890225052833557,3.7297
689,i06.bmp,i06_18_5.bmp,0.7068315744400024,3.7838
690,i06.bmp,i06_19_1.bmp,0.8593471050262451,5.3333
691,i06.bmp,i06_19_2.bmp,0.8219629526138306,5.2703
692,i06.bmp,i06_19_3.bmp,0.782889723777771,4.9459
693,i06.bmp,i06_19_4.bmp,0.7400380373001099,4.1944
694,i06.bmp,i06_19_5.bmp,0.6991266012191772,3.5946
695,i06.bmp,i06_20_1.bmp,0.9050672054290771,5.6111
696,i06.bmp,i06_20_2.bmp,0.8602390289306641,5.2778
697,i06.bmp,i06_20_3.bmp,0.8000565767288208,5.5946
698,i06.bmp,i06_20_4.bmp,0.7103927135467529,4.9459
699,i06.bmp,i06_20_5.bmp,0.6334336996078491,3.973
700,i06.bmp,i06_21_1.bmp,0.8054432272911072,5.7027
701,i06.bmp,i06_21_2.bmp,0.7496592402458191,5.1111
702,i06.bmp,i06_21_3.bmp,0.7005854845046997,4.7143
703,i06.bmp,i06_21_4.bmp,0.6237599849700928,3.6389
704,i06.bmp,i06_21_5.bmp,0.5619949102401733,2.8056
705,i06.bmp,i06_22_1.bmp,0.8571138381958008,5.6389
706,i06.bmp,i06_22_2.bmp,0.7915807962417603,5.2778
707,i06.bmp,i06_22_3.bmp,0.7248392105102539,4.1622
708,i06.bmp,i06_22_4.bmp,0.6801300048828125,3.5676
709,i06.bmp,i06_22_5.bmp,0.6428682804107666,2.973
710,i06.bmp,i06_23_1.bmp,0.8564205765724182,5.9143
711,i06.bmp,i06_23_2.bmp,0.7714841365814209,5.8056
712,i06.bmp,i06_23_3.bmp,0.7090153694152832,5.6757
713,i06.bmp,i06_23_4.bmp,0.6620064973831177,5.3243
714,i06.bmp,i06_23_5.bmp,0.5575439929962158,2.3429
715,i06.bmp,i06_24_1.bmp,0.7925034761428833,5.8378
716,i06.bmp,i06_24_2.bmp,0.7323776483535767,5.8
717,i06.bmp,i06_24_3.bmp,0.6541031002998352,4.8108
718,i06.bmp,i06_24_4.bmp,0.5882805585861206,3.2162
719,i06.bmp,i06_24_5.bmp,0.5282283425331116,0.88889
720,i07.bmp,i07_01_1.bmp,0.824622631072998,5.6818
721,i07.bmp,i07_01_2.bmp,0.79042649269104,5.0909
722,i07.bmp,i07_01_3.bmp,0.7474361062049866,4.8
723,i07.bmp,i07_01_4.bmp,0.7022996544837952,4.4546
724,i07.bmp,i07_01_5.bmp,0.6631228923797607,3.9762
725,i07.bmp,i07_02_1.bmp,0.8456880450248718,6.0444
726,i07.bmp,i07_02_2.bmp,0.8119964003562927,5.8636
727,i07.bmp,i07_02_3.bmp,0.7680455446243286,5.5581
728,i07.bmp,i07_02_4.bmp,0.731590747833252,5.2326
729,i07.bmp,i07_02_5.bmp,0.693524181842804,4.7556
730,i07.bmp,i07_03_1.bmp,0.747097373008728,4.9333
731,i07.bmp,i07_03_2.bmp,0.702002227306366,4.2273
732,i07.bmp,i07_03_3.bmp,0.6608003377914429,3.7333
733,i07.bmp,i07_03_4.bmp,0.6205388903617859,3.3111
734,i07.bmp,i07_03_5.bmp,0.5882332921028137,2.7333
735,i07.bmp,i07_04_1.bmp,0.9502125978469849,5.8667
736,i07.bmp,i07_04_2.bmp,0.9244204163551331,6.0
737,i07.bmp,i07_04_3.bmp,0.8867230415344238,5.4222
738,i07.bmp,i07_04_4.bmp,0.8407144546508789,4.9512
739,i07.bmp,i07_04_5.bmp,0.7929591536521912,4.2093
740,i07.bmp,i07_05_1.bmp,0.8693757653236389,6.0444
741,i07.bmp,i07_05_2.bmp,0.8330429792404175,5.8
742,i07.bmp,i07_05_3.bmp,0.7711012363433838,5.1591
743,i07.bmp,i07_05_4.bmp,0.7054666876792908,4.2791
744,i07.bmp,i07_05_5.bmp,0.6375929713249207,3.3182
745,i07.bmp,i07_06_1.bmp,0.8433401584625244,4.8333
746,i07.bmp,i07_06_2.bmp,0.7993346452713013,4.6136
747,i07.bmp,i07_06_3.bmp,0.7533671855926514,4.1591
748,i07.bmp,i07_06_4.bmp,0.7013980150222778,3.75
749,i07.bmp,i07_06_5.bmp,0.6569516658782959,3.3182
750,i07.bmp,i07_07_1.bmp,0.802362322807312,5.5814
751,i07.bmp,i07_07_2.bmp,0.7337007522583008,5.1905
752,i07.bmp,i07_07_3.bmp,0.6969175338745117,4.3182
753,i07.bmp,i07_07_4.bmp,0.655579149723053,3.6222
754,i07.bmp,i07_07_5.bmp,0.6266244053840637,2.8372
755,i07.bmp,i07_08_1.bmp,0.9429865479469299,5.8636
756,i07.bmp,i07_08_2.bmp,0.9036633968353271,5.5333
757,i07.bmp,i07_08_3.bmp,0.8338574171066284,4.5814
758,i07.bmp,i07_08_4.bmp,0.7207620739936829,3.4222
759,i07.bmp,i07_08_5.bmp,0.6084125638008118,2.6364
760,i07.bmp,i07_09_1.bmp,0.8175711631774902,6.4222
761,i07.bmp,i07_09_2.bmp,0.7782300114631653,6.0222
762,i07.bmp,i07_09_3.bmp,0.7134319543838501,5.2273
763,i07.bmp,i07_09_4.bmp,0.6264724731445312,3.9767
764,i07.bmp,i07_09_5.bmp,0.5667536854743958,2.4667
765,i07.bmp,i07_10_1.bmp,0.8253294229507446,6.1333
766,i07.bmp,i07_10_2.bmp,0.7741682529449463,5.8864
767,i07.bmp,i07_10_3.bmp,0.693506121635437,5.0454
768,i07.bmp,i07_10_4.bmp,0.6100347638130188,3.7045
769,i07.bmp,i07_10_5.bmp,0.5607613921165466,2.2273
770,i07.bmp,i07_11_1.bmp,0.7686582803726196,5.4884
771,i07.bmp,i07_11_2.bmp,0.6795821785926819,4.5111
772,i07.bmp,i07_11_3.bmp,0.614712655544281,3.4318
773,i07.bmp,i07_11_4.bmp,0.5702090859413147,2.4222
774,i07.bmp,i07_11_5.bmp,0.5327795743942261,0.97727
775,i07.bmp,i07_12_1.bmp,0.8688872456550598,5.3409
776,i07.bmp,i07_12_2.bmp,0.8176820278167725,4.7273
777,i07.bmp,i07_12_3.bmp,0.7149907350540161,3.5333
778,i07.bmp,i07_12_4.bmp,0.6085008978843689,2.8636
779,i07.bmp,i07_12_5.bmp,0.6127635836601257,2.5111
780,i07.bmp,i07_13_1.bmp,0.7431055903434753,4.5814
781,i07.bmp,i07_13_2.bmp,0.7106558084487915,4.0682
782,i07.bmp,i07_13_3.bmp,0.6565843820571899,3.3721
783,i07.bmp,i07_13_4.bmp,0.6135212779045105,2.7273
784,i07.bmp,i07_13_5.bmp,0.5817856192588806,2.5111
785,i07.bmp,i07_14_1.bmp,0.923658013343811,5.7954
786,i07.bmp,i07_14_2.bmp,0.9559112787246704,6.1591
787,i07.bmp,i07_14_3.bmp,0.9104799032211304,5.7046
788,i07.bmp,i07_14_4.bmp,0.8683578968048096,5.2222
789,i07.bmp,i07_14_5.bmp,0.8240016102790833,4.2046
790,i07.bmp,i07_15_1.bmp,0.888522744178772,3.6364
791,i07.bmp,i07_15_2.bmp,0.8965765237808228,3.2889
792,i07.bmp,i07_15_3.bmp,0.9033881425857544,3.0455
793,i07.bmp,i07_15_4.bmp,0.9169812202453613,3.3409
794,i07.bmp,i07_15_5.bmp,0.9403243064880371,3.6512
795,i07.bmp,i07_16_1.bmp,0.9871296882629395,6.2046
796,i07.bmp,i07_16_2.bmp,0.9793615937232971,6.3488
797,i07.bmp,i07_16_3.bmp,0.9541293382644653,5.9333
798,i07.bmp,i07_16_4.bmp,0.9429888725280762,5.3556
799,i07.bmp,i07_16_5.bmp,0.8976888656616211,4.8182
800,i07.bmp,i07_17_1.bmp,0.9682761430740356,5.5454
801,i07.bmp,i07_17_2.bmp,0.9493304491043091,6.4
802,i07.bmp,i07_17_3.bmp,0.9364144206047058,4.4048
803,i07.bmp,i07_17_4.bmp,0.9029887914657593,6.7273
804,i07.bmp,i07_17_5.bmp,0.8875436186790466,3.3409
805,i07.bmp,i07_18_1.bmp,0.9367725849151611,5.3864
806,i07.bmp,i07_18_2.bmp,0.925432562828064,4.9546
807,i07.bmp,i07_18_3.bmp,0.8923237323760986,4.3778
808,i07.bmp,i07_18_4.bmp,0.8374358415603638,3.8636
809,i07.bmp,i07_18_5.bmp,0.7081307768821716,3.6364
810,i07.bmp,i07_19_1.bmp,0.8250460624694824,5.8667
811,i07.bmp,i07_19_2.bmp,0.7879502773284912,5.4444
812,i07.bmp,i07_19_3.bmp,0.7501887083053589,4.8
813,i07.bmp,i07_19_4.bmp,0.7090129852294922,4.1136
814,i07.bmp,i07_19_5.bmp,0.666955292224884,3.7045
815,i07.bmp,i07_20_1.bmp,0.8513648509979248,5.75
816,i07.bmp,i07_20_2.bmp,0.7776243686676025,5.4222
817,i07.bmp,i07_20_3.bmp,0.6942904591560364,4.4186
818,i07.bmp,i07_20_4.bmp,0.6327735781669617,3.6222
819,i07.bmp,i07_20_5.bmp,0.5822429656982422,2.9302
820,i07.bmp,i07_21_1.bmp,0.7772881984710693,5.6667
821,i07.bmp,i07_21_2.bmp,0.7231765389442444,4.9546
822,i07.bmp,i07_21_3.bmp,0.672268271446228,4.1111
823,i07.bmp,i07_21_4.bmp,0.6118929982185364,3.3864
824,i07.bmp,i07_21_5.bmp,0.5623854398727417,2.3256
825,i07.bmp,i07_22_1.bmp,0.8554598093032837,5.9333
826,i07.bmp,i07_22_2.bmp,0.8139625787734985,5.2326
827,i07.bmp,i07_22_3.bmp,0.737739086151123,4.6512
828,i07.bmp,i07_22_4.bmp,0.6818363070487976,4.1429
829,i07.bmp,i07_22_5.bmp,0.5887638330459595,2.6591
830,i07.bmp,i07_23_1.bmp,0.8616545796394348,6.0222
831,i07.bmp,i07_23_2.bmp,0.7713119983673096,5.7333
832,i07.bmp,i07_23_3.bmp,0.6894725561141968,5.0444
833,i07.bmp,i07_23_4.bmp,0.638475775718689,4.2093
834,i07.bmp,i07_23_5.bmp,0.5747942924499512,2.6444
835,i07.bmp,i07_24_1.bmp,0.7783969044685364,5.7209
836,i07.bmp,i07_24_2.bmp,0.6932367086410522,4.9333
837,i07.bmp,i07_24_3.bmp,0.6258281469345093,3.8636
838,i07.bmp,i07_24_4.bmp,0.5626485347747803,2.25
839,i07.bmp,i07_24_5.bmp,0.5308867692947388,0.47619
840,i08.bmp,i08_01_1.bmp,0.8640539646148682,5.5484
841,i08.bmp,i08_01_2.bmp,0.8251420259475708,4.7097
842,i08.bmp,i08_01_3.bmp,0.7846182584762573,4.8387
843,i08.bmp,i08_01_4.bmp,0.7398700714111328,4.1
844,i08.bmp,i08_01_5.bmp,0.6989976763725281,3.5484
845,i08.bmp,i08_02_1.bmp,0.8738670945167542,5.5938
846,i08.bmp,i08_02_2.bmp,0.8391849398612976,5.5484
847,i08.bmp,i08_02_3.bmp,0.7991527318954468,5.4063
848,i08.bmp,i08_02_4.bmp,0.7586793303489685,5.2258
849,i08.bmp,i08_02_5.bmp,0.7181226015090942,4.6452
850,i08.bmp,i08_03_1.bmp,0.7782509326934814,4.6452
851,i08.bmp,i08_03_2.bmp,0.7360289096832275,4.2903
852,i08.bmp,i08_03_3.bmp,0.6942906379699707,3.4667
853,i08.bmp,i08_03_4.bmp,0.6545606255531311,2.9688
854,i08.bmp,i08_03_5.bmp,0.6135106086730957,2.3438
855,i08.bmp,i08_04_1.bmp,0.9727463722229004,6.0645
856,i08.bmp,i08_04_2.bmp,0.9603090882301331,5.8387
857,i08.bmp,i08_04_3.bmp,0.939465343952179,5.625
858,i08.bmp,i08_04_4.bmp,0.9056371450424194,5.4375
859,i08.bmp,i08_04_5.bmp,0.8585036993026733,4.9677
860,i08.bmp,i08_05_1.bmp,0.9185190796852112,5.3333
861,i08.bmp,i08_05_2.bmp,0.8837637305259705,5.4516
862,i08.bmp,i08_05_3.bmp,0.8136029243469238,4.7188
863,i08.bmp,i08_05_4.bmp,0.7363542318344116,3.9677
864,i08.bmp,i08_05_5.bmp,0.6599411964416504,3.125
865,i08.bmp,i08_06_1.bmp,0.8680581450462341,4.3871
866,i08.bmp,i08_06_2.bmp,0.8271526098251343,4.0938
867,i08.bmp,i08_06_3.bmp,0.7761197090148926,3.9333
868,i08.bmp,i08_06_4.bmp,0.731380820274353,3.6129
869,i08.bmp,i08_06_5.bmp,0.6817963123321533,3.0645
870,i08.bmp,i08_07_1.bmp,0.8565199971199036,5.5
871,i08.bmp,i08_07_2.bmp,0.8136664628982544,4.6452
872,i08.bmp,i08_07_3.bmp,0.7734890580177307,4.1667
873,i08.bmp,i08_07_4.bmp,0.7178757190704346,3.4516
874,i08.bmp,i08_07_5.bmp,0.6567524671554565,2.3871
875,i08.bmp,i08_08_1.bmp,0.9197763204574585,5.2188
876,i08.bmp,i08_08_2.bmp,0.8576586246490479,4.5938
877,i08.bmp,i08_08_3.bmp,0.7754120826721191,3.9032
878,i08.bmp,i08_08_4.bmp,0.6538011431694031,2.871
879,i08.bmp,i08_08_5.bmp,0.5797134637832642,1.9677
880,i08.bmp,i08_09_1.bmp,0.8089203834533691,5.7097
881,i08.bmp,i08_09_2.bmp,0.7629573345184326,5.875
882,i08.bmp,i08_09_3.bmp,0.7011159658432007,5.0313
883,i08.bmp,i08_09_4.bmp,0.6287614107131958,3.5
884,i08.bmp,i08_09_5.bmp,0.5597362518310547,1.75
885,i08.bmp,i08_10_1.bmp,0.8535618782043457,5.9677
886,i08.bmp,i08_10_2.bmp,0.7965770959854126,5.5938
887,i08.bmp,i08_10_3.bmp,0.704918622970581,4.6875
888,i08.bmp,i08_10_4.bmp,0.6185507774353027,3.2188
889,i08.bmp,i08_10_5.bmp,0.5669291615486145,1.3438
890,i08.bmp,i08_11_1.bmp,0.855534017086029,6.0
891,i08.bmp,i08_11_2.bmp,0.7916312217712402,5.25
892,i08.bmp,i08_11_3.bmp,0.7188557386398315,4.5667
893,i08.bmp,i08_11_4.bmp,0.6686296463012695,4.1936
894,i08.bmp,i08_11_5.bmp,0.5715378522872925,2.2667
895,i08.bmp,i08_12_1.bmp,0.9455265998840332,6.1936
896,i08.bmp,i08_12_2.bmp,0.9548821449279785,5.7419
897,i08.bmp,i08_12_3.bmp,0.9022775888442993,5.5
898,i08.bmp,i08_12_4.bmp,0.7386260628700256,4.8125
899,i08.bmp,i08_12_5.bmp,0.8520729541778564,4.25
900,i08.bmp,i08_13_1.bmp,0.912833571434021,5.7813
901,i08.bmp,i08_13_2.bmp,0.7783865928649902,3.2667
902,i08.bmp,i08_13_3.bmp,0.869164764881134,4.3871
903,i08.bmp,i08_13_4.bmp,0.7182155847549438,2.7333
904,i08.bmp,i08_13_5.bmp,0.633727490901947,2.125
905,i08.bmp,i08_14_1.bmp,0.9596935510635376,5.6563
906,i08.bmp,i08_14_2.bmp,0.9601056575775146,5.4375
907,i08.bmp,i08_14_3.bmp,0.9131468534469604,4.871
908,i08.bmp,i08_14_4.bmp,0.867933988571167,4.75
909,i08.bmp,i08_14_5.bmp,0.8131343126296997,4.0
910,i08.bmp,i08_15_1.bmp,0.8948788046836853,3.7742
911,i08.bmp,i08_15_2.bmp,0.9017384052276611,2.9355
912,i08.bmp,i08_15_3.bmp,0.9101169109344482,3.2813
913,i08.bmp,i08_15_4.bmp,0.9291850924491882,3.6875
914,i08.bmp,i08_15_5.bmp,0.9461439847946167,3.5161
915,i08.bmp,i08_16_1.bmp,0.98783278465271,6.0625
916,i08.bmp,i08_16_2.bmp,0.9730264544487,5.75
917,i08.bmp,i08_16_3.bmp,0.9527947306632996,5.871
918,i08.bmp,i08_16_4.bmp,0.9279190301895142,4.9032
919,i08.bmp,i08_16_5.bmp,0.8844324946403503,4.5667
920,i08.bmp,i08_17_1.bmp,0.9738333821296692,5.4063
921,i08.bmp,i08_17_2.bmp,0.9402806758880615,5.5807
922,i08.bmp,i08_17_3.bmp,0.94304358959198,4.1875
923,i08.bmp,i08_17_4.bmp,0.8731126189231873,5.0645
924,i08.bmp,i08_17_5.bmp,0.8905428051948547,3.2581
925,i08.bmp,i08_18_1.bmp,0.931484580039978,4.25
926,i08.bmp,i08_18_2.bmp,0.8921587467193604,3.7419
927,i08.bmp,i08_18_3.bmp,0.8210098743438721,2.9375
928,i08.bmp,i08_18_4.bmp,0.748633086681366,2.8438
929,i08.bmp,i08_18_5.bmp,0.7412048578262329,2.871
930,i08.bmp,i08_19_1.bmp,0.8885689973831177,5.3871
931,i08.bmp,i08_19_2.bmp,0.8496454358100891,4.9355
932,i08.bmp,i08_19_3.bmp,0.8139877319335938,4.6875
933,i08.bmp,i08_19_4.bmp,0.7711787223815918,4.0323
934,i08.bmp,i08_19_5.bmp,0.7181568741798401,3.5938
935,i08.bmp,i08_20_1.bmp,0.9295917749404907,5.871
936,i08.bmp,i08_20_2.bmp,0.8905115127563477,5.9677
937,i08.bmp,i08_20_3.bmp,0.8222029209136963,5.2667
938,i08.bmp,i08_20_4.bmp,0.7429388761520386,4.625
939,i08.bmp,i08_20_5.bmp,0.6632018685340881,3.8125
940,i08.bmp,i08_21_1.bmp,0.8411582708358765,5.6875
941,i08.bmp,i08_21_2.bmp,0.7817246913909912,4.9355
942,i08.bmp,i08_21_3.bmp,0.7205691933631897,4.2903
943,i08.bmp,i08_21_4.bmp,0.6635259389877319,3.8064
944,i08.bmp,i08_21_5.bmp,0.5991560220718384,2.6774
945,i08.bmp,i08_22_1.bmp,0.8864193558692932,5.6129
946,i08.bmp,i08_22_2.bmp,0.8338449001312256,5.4516
947,i08.bmp,i08_22_3.bmp,0.7909576296806335,4.1613
948,i08.bmp,i08_22_4.bmp,0.7210962772369385,3.0625
949,i08.bmp,i08_22_5.bmp,0.6803914308547974,2.375
950,i08.bmp,i08_23_1.bmp,0.9214178323745728,6.0323
951,i08.bmp,i08_23_2.bmp,0.8617118000984192,6.1613
952,i08.bmp,i08_23_3.bmp,0.8158260583877563,5.6774
953,i08.bmp,i08_23_4.bmp,0.785568118095398,5.5
954,i08.bmp,i08_23_5.bmp,0.7492959499359131,5.4375
955,i08.bmp,i08_24_1.bmp,0.8459023833274841,5.9355
956,i08.bmp,i08_24_2.bmp,0.7814500331878662,5.7813
957,i08.bmp,i08_24_3.bmp,0.7059361934661865,5.2903
958,i08.bmp,i08_24_4.bmp,0.6405367255210876,3.9677
959,i08.bmp,i08_24_5.bmp,0.5828317403793335,2.625
960,i09.bmp,i09_01_1.bmp,0.8257294297218323,5.3636
961,i09.bmp,i09_01_2.bmp,0.7809934616088867,5.0
962,i09.bmp,i09_01_3.bmp,0.7345336079597473,4.5454
963,i09.bmp,i09_01_4.bmp,0.7028775215148926,4.0323
964,i09.bmp,i09_01_5.bmp,0.6627683639526367,3.6364
965,i09.bmp,i09_02_1.bmp,0.8456588983535767,5.8788
966,i09.bmp,i09_02_2.bmp,0.8114846348762512,6.0303
967,i09.bmp,i09_02_3.bmp,0.7737510204315186,5.5625
968,i09.bmp,i09_02_4.bmp,0.7324265241622925,4.875
969,i09.bmp,i09_02_5.bmp,0.687260627746582,4.5454
970,i09.bmp,i09_03_1.bmp,0.7195377349853516,4.6061
971,i09.bmp,i09_03_2.bmp,0.6739956140518188,4.0938
972,i09.bmp,i09_03_3.bmp,0.6382744312286377,3.697
973,i09.bmp,i09_03_4.bmp,0.6118760704994202,3.25
974,i09.bmp,i09_03_5.bmp,0.5817447900772095,2.8788
975,i09.bmp,i09_04_1.bmp,0.9467586278915405,5.7419
976,i09.bmp,i09_04_2.bmp,0.9246281385421753,5.5938
977,i09.bmp,i09_04_3.bmp,0.8898226022720337,5.3871
978,i09.bmp,i09_04_4.bmp,0.8426977396011353,4.6774
979,i09.bmp,i09_04_5.bmp,0.7851444482803345,4.2727
980,i09.bmp,i09_05_1.bmp,0.8749840259552002,5.9355
981,i09.bmp,i09_05_2.bmp,0.8396196365356445,5.5
982,i09.bmp,i09_05_3.bmp,0.7734147310256958,4.9688
983,i09.bmp,i09_05_4.bmp,0.7064490914344788,4.0909
984,i09.bmp,i09_05_5.bmp,0.6439730525016785,3.5938
985,i09.bmp,i09_06_1.bmp,0.7889249920845032,5.2188
986,i09.bmp,i09_06_2.bmp,0.7417933344841003,4.3125
987,i09.bmp,i09_06_3.bmp,0.7068430185317993,4.1613
988,i09.bmp,i09_06_4.bmp,0.6690951585769653,3.8125
989,i09.bmp,i09_06_5.bmp,0.6357207298278809,3.3438
990,i09.bmp,i09_07_1.bmp,0.7558319568634033,4.8788
991,i09.bmp,i09_07_2.bmp,0.6995686292648315,4.75
992,i09.bmp,i09_07_3.bmp,0.6539612412452698,4.129
993,i09.bmp,i09_07_4.bmp,0.6382151246070862,3.6667
994,i09.bmp,i09_07_5.bmp,0.6147788166999817,2.7097
995,i09.bmp,i09_08_1.bmp,0.9248970746994019,5.875
996,i09.bmp,i09_08_2.bmp,0.8819921612739563,5.2424
997,i09.bmp,i09_08_3.bmp,0.8076663017272949,4.3438
998,i09.bmp,i09_08_4.bmp,0.6972925066947937,3.4848
999,i09.bmp,i09_08_5.bmp,0.6044114828109741,2.375
1000,i09.bmp,i09_09_1.bmp,0.7474195957183838,6.5454
1001,i09.bmp,i09_09_2.bmp,0.7097047567367554,6.0909
1002,i09.bmp,i09_09_3.bmp,0.66151362657547,5.1515
1003,i09.bmp,i09_09_4.bmp,0.5965014696121216,3.9063
1004,i09.bmp,i09_09_5.bmp,0.5563247203826904,2.5152
1005,i09.bmp,i09_10_1.bmp,0.8256237506866455,6.0
1006,i09.bmp,i09_10_2.bmp,0.7733929753303528,5.6563
1007,i09.bmp,i09_10_3.bmp,0.6962899565696716,4.9063
1008,i09.bmp,i09_10_4.bmp,0.5981355905532837,3.1936
1009,i09.bmp,i09_10_5.bmp,0.5547860860824585,2.3438
1010,i09.bmp,i09_11_1.bmp,0.7343167066574097,5.9063
1011,i09.bmp,i09_11_2.bmp,0.676486611366272,5.1563
1012,i09.bmp,i09_11_3.bmp,0.610468864440918,3.9688
1013,i09.bmp,i09_11_4.bmp,0.5517438650131226,2.4063
1014,i09.bmp,i09_11_5.bmp,0.5285323858261108,0.87879
1015,i09.bmp,i09_12_1.bmp,0.9314340353012085,6.0606
1016,i09.bmp,i09_12_2.bmp,0.9045943021774292,5.9063
1017,i09.bmp,i09_12_3.bmp,0.7340710163116455,4.9063
1018,i09.bmp,i09_12_4.bmp,0.6076330542564392,2.9688
1019,i09.bmp,i09_12_5.bmp,0.5833529233932495,2.8438
1020,i09.bmp,i09_13_1.bmp,0.7440765500068665,4.5152
1021,i09.bmp,i09_13_2.bmp,0.7011046409606934,3.7742
1022,i09.bmp,i09_13_3.bmp,0.6183332204818726,3.3333
1023,i09.bmp,i09_13_4.bmp,0.5838879942893982,2.8182
1024,i09.bmp,i09_13_5.bmp,0.6071412563323975,2.8788
1025,i09.bmp,i09_14_1.bmp,0.8985904455184937,5.8438
1026,i09.bmp,i09_14_2.bmp,0.9597111344337463,5.4848
1027,i09.bmp,i09_14_3.bmp,0.9133492708206177,6.2813
1028,i09.bmp,i09_14_4.bmp,0.8476279973983765,4.4375
1029,i09.bmp,i09_14_5.bmp,0.7853128910064697,3.3125
1030,i09.bmp,i09_15_1.bmp,0.8564526438713074,2.9091
1031,i09.bmp,i09_15_2.bmp,0.8683947324752808,3.0606
1032,i09.bmp,i09_15_3.bmp,0.8799834251403809,3.25
1033,i09.bmp,i09_15_4.bmp,0.9141073226928711,3.5938
1034,i09.bmp,i09_15_5.bmp,0.9601261615753174,5.8485
1035,i09.bmp,i09_16_1.bmp,0.9889625906944275,6.0606
1036,i09.bmp,i09_16_2.bmp,0.9813274145126343,6.303
1037,i09.bmp,i09_16_3.bmp,0.9603506326675415,5.75
1038,i09.bmp,i09_16_4.bmp,0.9420656561851501,5.9032
1039,i09.bmp,i09_16_5.bmp,0.9106411933898926,4.6667
1040,i09.bmp,i09_17_1.bmp,0.9463725090026855,5.8125
1041,i09.bmp,i09_17_2.bmp,0.9405039548873901,6.7879
1042,i09.bmp,i09_17_3.bmp,0.8845505714416504,4.7813
1043,i09.bmp,i09_17_4.bmp,0.8920403122901917,6.3636
1044,i09.bmp,i09_17_5.bmp,0.8575040698051453,3.6061
1045,i09.bmp,i09_18_1.bmp,0.9043838977813721,4.8182
1046,i09.bmp,i09_18_2.bmp,0.8782471418380737,4.303
1047,i09.bmp,i09_18_3.bmp,0.8404492139816284,4.0645
1048,i09.bmp,i09_18_4.bmp,0.7691364884376526,3.3125
1049,i09.bmp,i09_18_5.bmp,0.7091900110244751,3.1563
1050,i09.bmp,i09_19_1.bmp,0.8257839679718018,5.5
1051,i09.bmp,i09_19_2.bmp,0.7857798337936401,4.6774
1052,i09.bmp,i09_19_3.bmp,0.7404720783233643,4.5161
1053,i09.bmp,i09_19_4.bmp,0.70319664478302,4.0625
1054,i09.bmp,i09_19_5.bmp,0.6656452417373657,3.4848
1055,i09.bmp,i09_20_1.bmp,0.8509858846664429,5.8125
1056,i09.bmp,i09_20_2.bmp,0.7828691601753235,5.6667
1057,i09.bmp,i09_20_3.bmp,0.684943675994873,4.5
1058,i09.bmp,i09_20_4.bmp,0.6174311637878418,3.9091
1059,i09.bmp,i09_20_5.bmp,0.580229640007019,2.9091
1060,i09.bmp,i09_21_1.bmp,0.7513153553009033,5.2727
1061,i09.bmp,i09_21_2.bmp,0.6943740844726562,4.8125
1062,i09.bmp,i09_21_3.bmp,0.648853063583374,4.25
1063,i09.bmp,i09_21_4.bmp,0.6028351783752441,3.5
1064,i09.bmp,i09_21_5.bmp,0.5435552597045898,2.1613
1065,i09.bmp,i09_22_1.bmp,0.8217738270759583,5.7188
1066,i09.bmp,i09_22_2.bmp,0.759211003780365,5.7879
1067,i09.bmp,i09_22_3.bmp,0.7027036547660828,5.5
1068,i09.bmp,i09_22_4.bmp,0.6240184903144836,4.0938
1069,i09.bmp,i09_22_5.bmp,0.5895283222198486,2.7188
1070,i09.bmp,i09_23_1.bmp,0.8313422799110413,6.25
1071,i09.bmp,i09_23_2.bmp,0.7514525651931763,6.2813
1072,i09.bmp,i09_23_3.bmp,0.685483992099762,6.0303
1073,i09.bmp,i09_23_4.bmp,0.6396863460540771,4.8125
1074,i09.bmp,i09_23_5.bmp,0.5696840286254883,2.875
1075,i09.bmp,i09_24_1.bmp,0.7691210508346558,5.75
1076,i09.bmp,i09_24_2.bmp,0.6885756850242615,5.0938
1077,i09.bmp,i09_24_3.bmp,0.6147658824920654,3.75
1078,i09.bmp,i09_24_4.bmp,0.5548756122589111,2.0303
1079,i09.bmp,i09_24_5.bmp,0.5305096507072449,0.24242
1080,i10.bmp,i10_01_1.bmp,0.7990391254425049,5.718
1081,i10.bmp,i10_01_2.bmp,0.7567418217658997,5.4324
1082,i10.bmp,i10_01_3.bmp,0.7047052383422852,4.7436
1083,i10.bmp,i10_01_4.bmp,0.6712900400161743,4.5385
1084,i10.bmp,i10_01_5.bmp,0.6239699125289917,3.8158
1085,i10.bmp,i10_02_1.bmp,0.8181875944137573,6.0541
1086,i10.bmp,i10_02_2.bmp,0.7738269567489624,5.8378
1087,i10.bmp,i10_02_3.bmp,0.737721860408783,5.7692
1088,i10.bmp,i10_02_4.bmp,0.6953452825546265,5.5263
1089,i10.bmp,i10_02_5.bmp,0.6570842266082764,4.7297
1090,i10.bmp,i10_03_1.bmp,0.7086904048919678,5.0541
1091,i10.bmp,i10_03_2.bmp,0.6639219522476196,4.3611
1092,i10.bmp,i10_03_3.bmp,0.6208140850067139,4.0256
1093,i10.bmp,i10_03_4.bmp,0.5975713729858398,3.3077
1094,i10.bmp,i10_03_5.bmp,0.5623573660850525,2.9231
1095,i10.bmp,i10_04_1.bmp,0.9346061944961548,6.0769
1096,i10.bmp,i10_04_2.bmp,0.9163530468940735,5.1111
1097,i10.bmp,i10_04_3.bmp,0.8808063268661499,5.1579
1098,i10.bmp,i10_04_4.bmp,0.8266674280166626,4.7692
1099,i10.bmp,i10_04_5.bmp,0.7759353518486023,4.2308
1100,i10.bmp,i10_05_1.bmp,0.8570529222488403,6.0513
1101,i10.bmp,i10_05_2.bmp,0.8166826963424683,5.7949
1102,i10.bmp,i10_05_3.bmp,0.7454580068588257,5.1795
1103,i10.bmp,i10_05_4.bmp,0.6740395426750183,4.3947
1104,i10.bmp,i10_05_5.bmp,0.6042040586471558,3.3421
1105,i10.bmp,i10_06_1.bmp,0.776496946811676,5.1579
1106,i10.bmp,i10_06_2.bmp,0.7319656014442444,4.6486
1107,i10.bmp,i10_06_3.bmp,0.6853722333908081,4.5789
1108,i10.bmp,i10_06_4.bmp,0.6512898206710815,3.8421
1109,i10.bmp,i10_06_5.bmp,0.6104341149330139,3.4054
1110,i10.bmp,i10_07_1.bmp,0.7190358638763428,5.5405
1111,i10.bmp,i10_07_2.bmp,0.6789727807044983,5.0256
1112,i10.bmp,i10_07_3.bmp,0.6329768896102905,4.4615
1113,i10.bmp,i10_07_4.bmp,0.6016870141029358,4.0
1114,i10.bmp,i10_07_5.bmp,0.5912935137748718,3.0526
1115,i10.bmp,i10_08_1.bmp,0.9262887239456177,5.9737
1116,i10.bmp,i10_08_2.bmp,0.882109522819519,5.3077
1117,i10.bmp,i10_08_3.bmp,0.803219199180603,4.3514
1118,i10.bmp,i10_08_4.bmp,0.6819367408752441,3.5
1119,i10.bmp,i10_08_5.bmp,0.5873348712921143,2.7895
1120,i10.bmp,i10_09_1.bmp,0.7494018077850342,5.9744
1121,i10.bmp,i10_09_2.bmp,0.7079635858535767,5.6923
1122,i10.bmp,i10_09_3.bmp,0.6366760730743408,5.1795
1123,i10.bmp,i10_09_4.bmp,0.576414167881012,3.8158
1124,i10.bmp,i10_09_5.bmp,0.5375567078590393,2.282
1125,i10.bmp,i10_10_1.bmp,0.7982290983200073,5.8684
1126,i10.bmp,i10_10_2.bmp,0.7357094287872314,5.8158
1127,i10.bmp,i10_10_3.bmp,0.656118631362915,5.2051
1128,i10.bmp,i10_10_4.bmp,0.5739907026290894,3.641
1129,i10.bmp,i10_10_5.bmp,0.549236536026001,2.4359
1130,i10.bmp,i10_11_1.bmp,0.7230672836303711,5.1539
1131,i10.bmp,i10_11_2.bmp,0.6344941258430481,4.4615
1132,i10.bmp,i10_11_3.bmp,0.5755716562271118,3.6154
1133,i10.bmp,i10_11_4.bmp,0.5370709896087646,2.1842
1134,i10.bmp,i10_11_5.bmp,0.525199294090271,1.2368
1135,i10.bmp,i10_12_1.bmp,0.7893651723861694,4.7692
1136,i10.bmp,i10_12_2.bmp,0.7856816649436951,5.8421
1137,i10.bmp,i10_12_3.bmp,0.7506583333015442,4.9231
1138,i10.bmp,i10_12_4.bmp,0.688620924949646,4.0526
1139,i10.bmp,i10_12_5.bmp,0.5688369274139404,2.6842
1140,i10.bmp,i10_13_1.bmp,0.8634864091873169,5.7895
1141,i10.bmp,i10_13_2.bmp,0.6457131505012512,3.9211
1142,i10.bmp,i10_13_3.bmp,0.604597270488739,3.4211
1143,i10.bmp,i10_13_4.bmp,0.5795788168907166,2.6842
1144,i10.bmp,i10_13_5.bmp,0.5683653354644775,2.8974
1145,i10.bmp,i10_14_1.bmp,0.8822575807571411,5.8205
1146,i10.bmp,i10_14_2.bmp,0.9556020498275757,6.1539
1147,i10.bmp,i10_14_3.bmp,0.9053017497062683,5.5526
1148,i10.bmp,i10_14_4.bmp,0.8252993822097778,4.2703
1149,i10.bmp,i10_14_5.bmp,0.7898393869400024,3.8421
1150,i10.bmp,i10_15_1.bmp,0.8132269978523254,3.0789
1151,i10.bmp,i10_15_2.bmp,0.8630648255348206,3.2308
1152,i10.bmp,i10_15_3.bmp,0.8868122100830078,3.6154
1153,i10.bmp,i10_15_4.bmp,0.9044016599655151,3.3684
1154,i10.bmp,i10_15_5.bmp,0.928178071975708,4.1795
1155,i10.bmp,i10_16_1.bmp,0.9822549819946289,6.1282
1156,i10.bmp,i10_16_2.bmp,0.9669233560562134,6.1026
1157,i10.bmp,i10_16_3.bmp,0.9375314712524414,6.0256
1158,i10.bmp,i10_16_4.bmp,0.9141852855682373,5.5789
1159,i10.bmp,i10_16_5.bmp,0.8781161308288574,5.1282
1160,i10.bmp,i10_17_1.bmp,0.940869927406311,5.7105
1161,i10.bmp,i10_17_2.bmp,0.9135808944702148,6.5897
1162,i10.bmp,i10_17_3.bmp,0.8849892020225525,4.5676
1163,i10.bmp,i10_17_4.bmp,0.8562989234924316,6.5641
1164,i10.bmp,i10_17_5.bmp,0.8418920636177063,3.6923
1165,i10.bmp,i10_18_1.bmp,0.8735948204994202,4.5128
1166,i10.bmp,i10_18_2.bmp,0.8144998550415039,4.0769
1167,i10.bmp,i10_18_3.bmp,0.7365711331367493,3.8205
1168,i10.bmp,i10_18_4.bmp,0.7289692759513855,3.6316
1169,i10.bmp,i10_18_5.bmp,0.7216576933860779,3.3158
1170,i10.bmp,i10_19_1.bmp,0.8115905523300171,5.5789
1171,i10.bmp,i10_19_2.bmp,0.7702889442443848,5.4211
1172,i10.bmp,i10_19_3.bmp,0.7163659930229187,4.6757
1173,i10.bmp,i10_19_4.bmp,0.6826797723770142,4.2162
1174,i10.bmp,i10_19_5.bmp,0.6340728998184204,3.8718
1175,i10.bmp,i10_20_1.bmp,0.8129580020904541,5.8461
1176,i10.bmp,i10_20_2.bmp,0.7240944504737854,5.3846
1177,i10.bmp,i10_20_3.bmp,0.643280029296875,4.4359
1178,i10.bmp,i10_20_4.bmp,0.5925373435020447,3.5789
1179,i10.bmp,i10_20_5.bmp,0.5785465836524963,2.8649
1180,i10.bmp,i10_21_1.bmp,0.7064434289932251,5.5
1181,i10.bmp,i10_21_2.bmp,0.6458458304405212,5.1795
1182,i10.bmp,i10_21_3.bmp,0.6132684350013733,4.2564
1183,i10.bmp,i10_21_4.bmp,0.5792542695999146,3.7692
1184,i10.bmp,i10_21_5.bmp,0.5370489358901978,2.5128
1185,i10.bmp,i10_22_1.bmp,0.7764357328414917,5.9737
1186,i10.bmp,i10_22_2.bmp,0.728050708770752,4.8718
1187,i10.bmp,i10_22_3.bmp,0.6901235580444336,4.4865
1188,i10.bmp,i10_22_4.bmp,0.6509462594985962,4.0278
1189,i10.bmp,i10_22_5.bmp,0.6150788068771362,3.2564
1190,i10.bmp,i10_23_1.bmp,0.8364835381507874,6.1539
1191,i10.bmp,i10_23_2.bmp,0.7352175116539001,5.9487
1192,i10.bmp,i10_23_3.bmp,0.6365407705307007,4.5526
1193,i10.bmp,i10_23_4.bmp,0.5536580681800842,2.6053
1194,i10.bmp,i10_23_5.bmp,0.529557466506958,1.4474
1195,i10.bmp,i10_24_1.bmp,0.7280781269073486,5.4615
1196,i10.bmp,i10_24_2.bmp,0.6570298671722412,4.7895
1197,i10.bmp,i10_24_3.bmp,0.5796142816543579,3.5128
1198,i10.bmp,i10_24_4.bmp,0.5296447277069092,1.8649
1199,i10.bmp,i10_24_5.bmp,0.5222744941711426,0.36842
1200,i11.bmp,i11_01_1.bmp,0.8356390595436096,5.5405
1201,i11.bmp,i11_01_2.bmp,0.796065628528595,5.1622
1202,i11.bmp,i11_01_3.bmp,0.7514562606811523,5.3514
1203,i11.bmp,i11_01_4.bmp,0.7110662460327148,4.2857
1204,i11.bmp,i11_01_5.bmp,0.6673862934112549,3.8611
1205,i11.bmp,i11_02_1.bmp,0.8458234071731567,5.5556
1206,i11.bmp,i11_02_2.bmp,0.8118687868118286,5.8857
1207,i11.bmp,i11_02_3.bmp,0.7723045349121094,5.4444
1208,i11.bmp,i11_02_4.bmp,0.7348676919937134,5.1944
1209,i11.bmp,i11_02_5.bmp,0.6944172978401184,4.75
1210,i11.bmp,i11_03_1.bmp,0.7423201203346252,5.0
1211,i11.bmp,i11_03_2.bmp,0.6967271566390991,4.4324
1212,i11.bmp,i11_03_3.bmp,0.6537882685661316,3.8286
1213,i11.bmp,i11_03_4.bmp,0.6134571433067322,3.2703
1214,i11.bmp,i11_03_5.bmp,0.5796835422515869,2.9167
1215,i11.bmp,i11_04_1.bmp,0.9469245672225952,5.4706
1216,i11.bmp,i11_04_2.bmp,0.9274205565452576,5.6216
1217,i11.bmp,i11_04_3.bmp,0.8899710178375244,5.2857
1218,i11.bmp,i11_04_4.bmp,0.8397948741912842,5.1944
1219,i11.bmp,i11_04_5.bmp,0.7845356464385986,4.6757
1220,i11.bmp,i11_05_1.bmp,0.8800538778305054,6.027
1221,i11.bmp,i11_05_2.bmp,0.846623420715332,5.8056
1222,i11.bmp,i11_05_3.bmp,0.7815432548522949,5.2973
1223,i11.bmp,i11_05_4.bmp,0.7117429971694946,4.1944
1224,i11.bmp,i11_05_5.bmp,0.6331828832626343,3.0556
1225,i11.bmp,i11_06_1.bmp,0.8370219469070435,4.6944
1226,i11.bmp,i11_06_2.bmp,0.7764090895652771,4.3889
1227,i11.bmp,i11_06_3.bmp,0.7409203052520752,3.973
1228,i11.bmp,i11_06_4.bmp,0.6879454851150513,3.5405
1229,i11.bmp,i11_06_5.bmp,0.6390197277069092,3.0286
1230,i11.bmp,i11_07_1.bmp,0.8202219009399414,5.5676
1231,i11.bmp,i11_07_2.bmp,0.7472074031829834,4.8
1232,i11.bmp,i11_07_3.bmp,0.6933231353759766,4.5278
1233,i11.bmp,i11_07_4.bmp,0.6463596820831299,3.9412
1234,i11.bmp,i11_07_5.bmp,0.6238084435462952,2.7568
1235,i11.bmp,i11_08_1.bmp,0.9125134944915771,4.9429
1236,i11.bmp,i11_08_2.bmp,0.8617966175079346,4.5714
1237,i11.bmp,i11_08_3.bmp,0.7836282253265381,3.7568
1238,i11.bmp,i11_08_4.bmp,0.6682907342910767,2.8571
1239,i11.bmp,i11_08_5.bmp,0.5792561769485474,2.3333
1240,i11.bmp,i11_09_1.bmp,0.7739455699920654,5.8108
1241,i11.bmp,i11_09_2.bmp,0.7283115386962891,5.8649
1242,i11.bmp,i11_09_3.bmp,0.6604946851730347,4.6667
1243,i11.bmp,i11_09_4.bmp,0.5878934860229492,3.3333
1244,i11.bmp,i11_09_5.bmp,0.5437828302383423,1.9722
1245,i11.bmp,i11_10_1.bmp,0.8236371278762817,5.8108
1246,i11.bmp,i11_10_2.bmp,0.7751688361167908,5.6486
1247,i11.bmp,i11_10_3.bmp,0.6992786526679993,5.0278
1248,i11.bmp,i11_10_4.bmp,0.5970344543457031,3.4865
1249,i11.bmp,i11_10_5.bmp,0.5455660820007324,2.2703
1250,i11.bmp,i11_11_1.bmp,0.8064882755279541,5.8611
1251,i11.bmp,i11_11_2.bmp,0.756871223449707,5.4286
1252,i11.bmp,i11_11_3.bmp,0.6845763325691223,4.4722
1253,i11.bmp,i11_11_4.bmp,0.5745560526847839,2.9143
1254,i11.bmp,i11_11_5.bmp,0.5312089920043945,0.97222
1255,i11.bmp,i11_12_1.bmp,0.8981643915176392,5.6111
1256,i11.bmp,i11_12_2.bmp,0.9187924861907959,5.9722
1257,i11.bmp,i11_12_3.bmp,0.8012223243713379,4.6216
1258,i11.bmp,i11_12_4.bmp,0.6923277974128723,3.7778
1259,i11.bmp,i11_12_5.bmp,0.5783792734146118,2.0278
1260,i11.bmp,i11_13_1.bmp,0.7834622859954834,4.0833
1261,i11.bmp,i11_13_2.bmp,0.7291189432144165,4.5405
1262,i11.bmp,i11_13_3.bmp,0.6522596478462219,3.25
1263,i11.bmp,i11_13_4.bmp,0.6087726354598999,2.75
1264,i11.bmp,i11_13_5.bmp,0.5760498046875,2.2778
1265,i11.bmp,i11_14_1.bmp,0.9321923851966858,5.8333
1266,i11.bmp,i11_14_2.bmp,0.9417860507965088,5.4571
1267,i11.bmp,i11_14_3.bmp,0.8659008145332336,5.2973
1268,i11.bmp,i11_14_4.bmp,0.8178150653839111,5.1667
1269,i11.bmp,i11_14_5.bmp,0.7777693271636963,4.3889
1270,i11.bmp,i11_15_1.bmp,0.8527063131332397,3.1892
1271,i11.bmp,i11_15_2.bmp,0.8583770990371704,3.3889
1272,i11.bmp,i11_15_3.bmp,0.8834706544876099,3.5
1273,i11.bmp,i11_15_4.bmp,0.9069182872772217,3.6757
1274,i11.bmp,i11_15_5.bmp,0.9313305020332336,3.5
1275,i11.bmp,i11_16_1.bmp,0.9789900183677673,6.1081
1276,i11.bmp,i11_16_2.bmp,0.9709070920944214,5.9189
1277,i11.bmp,i11_16_3.bmp,0.8911308646202087,5.6944
1278,i11.bmp,i11_16_4.bmp,0.9259130954742432,4.9459
1279,i11.bmp,i11_16_5.bmp,0.8101174831390381,4.5676
1280,i11.bmp,i11_17_1.bmp,0.9600799083709717,5.5946
1281,i11.bmp,i11_17_2.bmp,0.9150656461715698,6.75
1282,i11.bmp,i11_17_3.bmp,0.9227052927017212,4.3429
1283,i11.bmp,i11_17_4.bmp,0.8503662347793579,6.8378
1284,i11.bmp,i11_17_5.bmp,0.8673244714736938,3.2162
1285,i11.bmp,i11_18_1.bmp,0.9114205837249756,4.5556
1286,i11.bmp,i11_18_2.bmp,0.8802931308746338,4.2703
1287,i11.bmp,i11_18_3.bmp,0.8222618103027344,3.5833
1288,i11.bmp,i11_18_4.bmp,0.7136976718902588,3.4412
1289,i11.bmp,i11_18_5.bmp,0.7039952278137207,3.5135
1290,i11.bmp,i11_19_1.bmp,0.8612586855888367,5.6486
1291,i11.bmp,i11_19_2.bmp,0.8143624067306519,5.1111
1292,i11.bmp,i11_19_3.bmp,0.7701554894447327,4.6486
1293,i11.bmp,i11_19_4.bmp,0.7177246809005737,3.9714
1294,i11.bmp,i11_19_5.bmp,0.6716248989105225,3.6216
1295,i11.bmp,i11_20_1.bmp,0.8813680410385132,6.0286
1296,i11.bmp,i11_20_2.bmp,0.8361351490020752,5.5946
1297,i11.bmp,i11_20_3.bmp,0.7748094201087952,5.3514
1298,i11.bmp,i11_20_4.bmp,0.6915496587753296,4.8889
1299,i11.bmp,i11_20_5.bmp,0.6102719902992249,3.6389
1300,i11.bmp,i11_21_1.bmp,0.8020741939544678,5.7027
1301,i11.bmp,i11_21_2.bmp,0.7461519241333008,5.4167
1302,i11.bmp,i11_21_3.bmp,0.6855794787406921,4.4054
1303,i11.bmp,i11_21_4.bmp,0.6175079345703125,3.8611
1304,i11.bmp,i11_21_5.bmp,0.5585877895355225,2.6486
1305,i11.bmp,i11_22_1.bmp,0.850429117679596,5.5676
1306,i11.bmp,i11_22_2.bmp,0.802904486656189,5.4054
1307,i11.bmp,i11_22_3.bmp,0.7332746386528015,4.8919
1308,i11.bmp,i11_22_4.bmp,0.66649329662323,3.6486
1309,i11.bmp,i11_22_5.bmp,0.6023403406143188,2.5278
1310,i11.bmp,i11_23_1.bmp,0.8559584617614746,5.8649
1311,i11.bmp,i11_23_2.bmp,0.7740380764007568,5.8378
1312,i11.bmp,i11_23_3.bmp,0.7273974418640137,5.9459
1313,i11.bmp,i11_23_4.bmp,0.6635122299194336,5.2703
1314,i11.bmp,i11_23_5.bmp,0.5700750350952148,2.7568
1315,i11.bmp,i11_24_1.bmp,0.807548999786377,5.9189
1316,i11.bmp,i11_24_2.bmp,0.7390297651290894,5.4722
1317,i11.bmp,i11_24_3.bmp,0.6560866832733154,4.6286
1318,i11.bmp,i11_24_4.bmp,0.5682169198989868,2.8857
1319,i11.bmp,i11_24_5.bmp,0.5232967138290405,0.58333
1320,i12.bmp,i12_01_1.bmp,0.8078435659408569,5.9459
1321,i12.bmp,i12_01_2.bmp,0.7679363489151001,4.9722
1322,i12.bmp,i12_01_3.bmp,0.725721001625061,4.7895
1323,i12.bmp,i12_01_4.bmp,0.676560640335083,4.1389
1324,i12.bmp,i12_01_5.bmp,0.6475094556808472,3.7632
1325,i12.bmp,i12_02_1.bmp,0.8366162776947021,6.0811
1326,i12.bmp,i12_02_2.bmp,0.7951942682266235,5.973
1327,i12.bmp,i12_02_3.bmp,0.7527611255645752,5.5263
1328,i12.bmp,i12_02_4.bmp,0.7111259698867798,5.0526
1329,i12.bmp,i12_02_5.bmp,0.6710246801376343,4.5405
1330,i12.bmp,i12_03_1.bmp,0.7142891883850098,4.5676
1331,i12.bmp,i12_03_2.bmp,0.6736533641815186,4.1622
1332,i12.bmp,i12_03_3.bmp,0.6308620572090149,3.7568
1333,i12.bmp,i12_03_4.bmp,0.6034181714057922,3.1053
1334,i12.bmp,i12_03_5.bmp,0.574431836605072,2.7105
1335,i12.bmp,i12_04_1.bmp,0.9273225665092468,5.9189
1336,i12.bmp,i12_04_2.bmp,0.8968796730041504,5.5263
1337,i12.bmp,i12_04_3.bmp,0.8555067777633667,5.2105
1338,i12.bmp,i12_04_4.bmp,0.8120790719985962,4.7027
1339,i12.bmp,i12_04_5.bmp,0.7617638111114502,3.7838
1340,i12.bmp,i12_05_1.bmp,0.8590455055236816,5.6486
1341,i12.bmp,i12_05_2.bmp,0.8171939253807068,5.8108
1342,i12.bmp,i12_05_3.bmp,0.7495990991592407,5.2105
1343,i12.bmp,i12_05_4.bmp,0.6834398508071899,4.3514
1344,i12.bmp,i12_05_5.bmp,0.6251440644264221,3.6579
1345,i12.bmp,i12_06_1.bmp,0.801280677318573,5.0811
1346,i12.bmp,i12_06_2.bmp,0.728892982006073,4.8158
1347,i12.bmp,i12_06_3.bmp,0.6871790289878845,4.4595
1348,i12.bmp,i12_06_4.bmp,0.6507890224456787,4.0811
1349,i12.bmp,i12_06_5.bmp,0.6140193939208984,3.75
1350,i12.bmp,i12_07_1.bmp,0.7710142731666565,4.6944
1351,i12.bmp,i12_07_2.bmp,0.7108333110809326,4.3947
1352,i12.bmp,i12_07_3.bmp,0.6664563417434692,4.1842
1353,i12.bmp,i12_07_4.bmp,0.6456728577613831,3.1892
1354,i12.bmp,i12_07_5.bmp,0.6147432923316956,3.0278
1355,i12.bmp,i12_08_1.bmp,0.9227022528648376,6.1842
1356,i12.bmp,i12_08_2.bmp,0.870825469493866,5.4737
1357,i12.bmp,i12_08_3.bmp,0.7888144254684448,4.5263
1358,i12.bmp,i12_08_4.bmp,0.6834536790847778,3.6053
1359,i12.bmp,i12_08_5.bmp,0.5958743095397949,2.7778
1360,i12.bmp,i12_09_1.bmp,0.7660777568817139,6.3158
1361,i12.bmp,i12_09_2.bmp,0.7230594754219055,5.5278
1362,i12.bmp,i12_09_3.bmp,0.6556148529052734,4.7368
1363,i12.bmp,i12_09_4.bmp,0.5911204218864441,3.4324
1364,i12.bmp,i12_09_5.bmp,0.5479860305786133,2.2571
1365,i12.bmp,i12_10_1.bmp,0.8155500888824463,6.0811
1366,i12.bmp,i12_10_2.bmp,0.7616752982139587,5.8947
1367,i12.bmp,i12_10_3.bmp,0.6808720827102661,5.1053
1368,i12.bmp,i12_10_4.bmp,0.5915762186050415,3.1053
1369,i12.bmp,i12_10_5.bmp,0.5455760955810547,2.2368
1370,i12.bmp,i12_11_1.bmp,0.7466492652893066,5.4054
1371,i12.bmp,i12_11_2.bmp,0.6530963182449341,4.6757
1372,i12.bmp,i12_11_3.bmp,0.566774845123291,2.7778
1373,i12.bmp,i12_11_4.bmp,0.5333921909332275,1.9474
1374,i12.bmp,i12_11_5.bmp,0.5244537591934204,0.81579
1375,i12.bmp,i12_12_1.bmp,0.8109315633773804,5.5
1376,i12.bmp,i12_12_2.bmp,0.7545117139816284,5.0526
1377,i12.bmp,i12_12_3.bmp,0.6634095311164856,3.6486
1378,i12.bmp,i12_12_4.bmp,0.632476806640625,3.0789
1379,i12.bmp,i12_12_5.bmp,0.5954404473304749,3.0811
1380,i12.bmp,i12_13_1.bmp,0.7984535098075867,5.3784
1381,i12.bmp,i12_13_2.bmp,0.737554669380188,4.5676
1382,i12.bmp,i12_13_3.bmp,0.6263962984085083,3.2368
1383,i12.bmp,i12_13_4.bmp,0.600494921207428,2.8333
1384,i12.bmp,i12_13_5.bmp,0.7384836673736572,4.0
1385,i12.bmp,i12_14_1.bmp,0.869322657585144,5.5526
1386,i12.bmp,i12_14_2.bmp,0.9484777450561523,6.1579
1387,i12.bmp,i12_14_3.bmp,0.8960589170455933,4.5405
1388,i12.bmp,i12_14_4.bmp,0.8464691638946533,4.4737
1389,i12.bmp,i12_14_5.bmp,0.7900534272193909,3.5676
1390,i12.bmp,i12_15_1.bmp,0.8178979158401489,3.5
1391,i12.bmp,i12_15_2.bmp,0.8392056226730347,3.5143
1392,i12.bmp,i12_15_3.bmp,0.8604001402854919,3.6579
1393,i12.bmp,i12_15_4.bmp,0.886932373046875,4.0789
1394,i12.bmp,i12_15_5.bmp,0.9483895897865295,4.5429
1395,i12.bmp,i12_16_1.bmp,0.9885427951812744,6.5263
1396,i12.bmp,i12_16_2.bmp,0.9777894616127014,6.2973
1397,i12.bmp,i12_16_3.bmp,0.9597775936126709,6.0526
1398,i12.bmp,i12_16_4.bmp,0.9214825630187988,6.1111
1399,i12.bmp,i12_16_5.bmp,0.9113485813140869,5.6757
1400,i12.bmp,i12_17_1.bmp,0.9649437665939331,6.2632
1401,i12.bmp,i12_17_2.bmp,0.9388895630836487,6.8158
1402,i12.bmp,i12_17_3.bmp,0.9360179901123047,4.8108
1403,i12.bmp,i12_17_4.bmp,0.8764041662216187,6.2632
1404,i12.bmp,i12_17_5.bmp,0.8816283941268921,4.0263
1405,i12.bmp,i12_18_1.bmp,0.9246766567230225,5.6486
1406,i12.bmp,i12_18_2.bmp,0.9063115119934082,5.3514
1407,i12.bmp,i12_18_3.bmp,0.8775132894515991,5.0
1408,i12.bmp,i12_18_4.bmp,0.818421483039856,4.4865
1409,i12.bmp,i12_18_5.bmp,0.717638373374939,4.2973
1410,i12.bmp,i12_19_1.bmp,0.8279113173484802,5.7297
1411,i12.bmp,i12_19_2.bmp,0.7850415110588074,5.5135
1412,i12.bmp,i12_19_3.bmp,0.7443662881851196,5.2973
1413,i12.bmp,i12_19_4.bmp,0.6922292113304138,4.7105
1414,i12.bmp,i12_19_5.bmp,0.6642173528671265,4.0263
1415,i12.bmp,i12_20_1.bmp,0.8347526788711548,5.5833
1416,i12.bmp,i12_20_2.bmp,0.7533804178237915,5.2778
1417,i12.bmp,i12_20_3.bmp,0.6767972707748413,4.4324
1418,i12.bmp,i12_20_4.bmp,0.6151071786880493,3.6053
1419,i12.bmp,i12_20_5.bmp,0.5783619284629822,2.8056
1420,i12.bmp,i12_21_1.bmp,0.7558116912841797,5.1579
1421,i12.bmp,i12_21_2.bmp,0.6886443495750427,4.9459
1422,i12.bmp,i12_21_3.bmp,0.6324322819709778,4.0263
1423,i12.bmp,i12_21_4.bmp,0.5794317722320557,3.0278
1424,i12.bmp,i12_21_5.bmp,0.5314250588417053,2.0
1425,i12.bmp,i12_22_1.bmp,0.8291953206062317,5.25
1426,i12.bmp,i12_22_2.bmp,0.7792922258377075,5.1316
1427,i12.bmp,i12_22_3.bmp,0.6983820796012878,4.5676
1428,i12.bmp,i12_22_4.bmp,0.6263120174407959,3.5
1429,i12.bmp,i12_22_5.bmp,0.5878922343254089,2.6216
1430,i12.bmp,i12_23_1.bmp,0.8378163576126099,6.0541
1431,i12.bmp,i12_23_2.bmp,0.7364189624786377,6.1842
1432,i12.bmp,i12_23_3.bmp,0.6573113799095154,4.8947
1433,i12.bmp,i12_23_4.bmp,0.5813162326812744,3.1892
1434,i12.bmp,i12_23_5.bmp,0.5371400713920593,2.2105
1435,i12.bmp,i12_24_1.bmp,0.7319837808609009,5.8649
1436,i12.bmp,i12_24_2.bmp,0.6481239795684814,4.3784
1437,i12.bmp,i12_24_3.bmp,0.5697941780090332,3.0789
1438,i12.bmp,i12_24_4.bmp,0.5322205424308777,1.9737
1439,i12.bmp,i12_24_5.bmp,0.5229787230491638,0.40541
1440,i13.bmp,i13_01_1.bmp,0.8875360488891602,5.5349
1441,i13.bmp,i13_01_2.bmp,0.8468302488327026,5.425
1442,i13.bmp,i13_01_3.bmp,0.8011259436607361,5.0698
1443,i13.bmp,i13_01_4.bmp,0.7542353272438049,4.7907
1444,i13.bmp,i13_01_5.bmp,0.7091197967529297,4.0238
1445,i13.bmp,i13_02_1.bmp,0.889510989189148,5.3095
1446,i13.bmp,i13_02_2.bmp,0.8481625318527222,5.5366
1447,i13.bmp,i13_02_3.bmp,0.8068535327911377,5.6279
1448,i13.bmp,i13_02_4.bmp,0.7630802392959595,5.4048
1449,i13.bmp,i13_02_5.bmp,0.7197121381759644,4.6667
1450,i13.bmp,i13_03_1.bmp,0.7834665775299072,5.1429
1451,i13.bmp,i13_03_2.bmp,0.7363791465759277,5.0714
1452,i13.bmp,i13_03_3.bmp,0.6854636073112488,4.1667
1453,i13.bmp,i13_03_4.bmp,0.6397606134414673,3.6667
1454,i13.bmp,i13_03_5.bmp,0.605099081993103,2.7619
1455,i13.bmp,i13_04_1.bmp,0.9718261361122131,5.7317
1456,i13.bmp,i13_04_2.bmp,0.9615309238433838,5.475
1457,i13.bmp,i13_04_3.bmp,0.9411444664001465,5.5581
1458,i13.bmp,i13_04_4.bmp,0.9101963043212891,5.439
1459,i13.bmp,i13_04_5.bmp,0.8591829538345337,4.9286
1460,i13.bmp,i13_05_1.bmp,0.9380869269371033,5.3571
1461,i13.bmp,i13_05_2.bmp,0.9066290855407715,5.0476
1462,i13.bmp,i13_05_3.bmp,0.8339135050773621,5.5116
1463,i13.bmp,i13_05_4.bmp,0.7548257112503052,4.1667
1464,i13.bmp,i13_05_5.bmp,0.6700865030288696,3.0952
1465,i13.bmp,i13_06_1.bmp,0.8726789355278015,4.55
1466,i13.bmp,i13_06_2.bmp,0.8221004009246826,4.2558
1467,i13.bmp,i13_06_3.bmp,0.7764475345611572,3.6667
1468,i13.bmp,i13_06_4.bmp,0.7358981966972351,3.4419
1469,i13.bmp,i13_06_5.bmp,0.6770219206809998,3.0952
1470,i13.bmp,i13_07_1.bmp,0.8893991112709045,5.725
1471,i13.bmp,i13_07_2.bmp,0.8459096550941467,5.3171
1472,i13.bmp,i13_07_3.bmp,0.7725403308868408,4.6429
1473,i13.bmp,i13_07_4.bmp,0.6899108290672302,3.4146
1474,i13.bmp,i13_07_5.bmp,0.6157596707344055,2.8293
1475,i13.bmp,i13_08_1.bmp,0.9113050699234009,4.8095
1476,i13.bmp,i13_08_2.bmp,0.8505574464797974,3.9524
1477,i13.bmp,i13_08_3.bmp,0.7651774883270264,3.122
1478,i13.bmp,i13_08_4.bmp,0.6615405082702637,2.5814
1479,i13.bmp,i13_08_5.bmp,0.5829346179962158,1.7381
1480,i13.bmp,i13_09_1.bmp,0.8368273377418518,5.0732
1481,i13.bmp,i13_09_2.bmp,0.7588948011398315,4.7674
1482,i13.bmp,i13_09_3.bmp,0.6555473208427429,3.186
1483,i13.bmp,i13_09_4.bmp,0.5730829238891602,2.1667
1484,i13.bmp,i13_09_5.bmp,0.5362255573272705,0.4878
1485,i13.bmp,i13_10_1.bmp,0.8494154214859009,5.4884
1486,i13.bmp,i13_10_2.bmp,0.7945902347564697,5.4651
1487,i13.bmp,i13_10_3.bmp,0.705950140953064,4.475
1488,i13.bmp,i13_10_4.bmp,0.6170798540115356,3.2558
1489,i13.bmp,i13_10_5.bmp,0.5581599473953247,1.1628
1490,i13.bmp,i13_11_1.bmp,0.8994044661521912,5.3256
1491,i13.bmp,i13_11_2.bmp,0.8573399782180786,5.3256
1492,i13.bmp,i13_11_3.bmp,0.7916596531867981,4.6905
1493,i13.bmp,i13_11_4.bmp,0.6988803148269653,4.3488
1494,i13.bmp,i13_11_5.bmp,0.5827709436416626,2.3809
1495,i13.bmp,i13_12_1.bmp,0.9479773044586182,5.2326
1496,i13.bmp,i13_12_2.bmp,0.9419335126876831,5.4419
1497,i13.bmp,i13_12_3.bmp,0.8730478286743164,5.1163
1498,i13.bmp,i13_12_4.bmp,0.876603364944458,5.2619
1499,i13.bmp,i13_12_5.bmp,0.8258063793182373,5.0476
1500,i13.bmp,i13_13_1.bmp,0.9389010667800903,5.4186
1501,i13.bmp,i13_13_2.bmp,0.8998019695281982,4.9286
1502,i13.bmp,i13_13_3.bmp,0.7864099144935608,4.7907
1503,i13.bmp,i13_13_4.bmp,0.7318934202194214,3.6341
1504,i13.bmp,i13_13_5.bmp,0.6364939212799072,2.4048
1505,i13.bmp,i13_14_1.bmp,0.968101978302002,5.6429
1506,i13.bmp,i13_14_2.bmp,0.9491304755210876,5.4048
1507,i13.bmp,i13_14_3.bmp,0.8967769742012024,5.7381
1508,i13.bmp,i13_14_4.bmp,0.8549236059188843,5.0233
1509,i13.bmp,i13_14_5.bmp,0.783958911895752,3.9762
1510,i13.bmp,i13_15_1.bmp,0.8406683206558228,2.7317
1511,i13.bmp,i13_15_2.bmp,0.8571059107780457,2.878
1512,i13.bmp,i13_15_3.bmp,0.8885915279388428,3.0476
1513,i13.bmp,i13_15_4.bmp,0.9150916337966919,3.5714
1514,i13.bmp,i13_15_5.bmp,0.9497210383415222,3.7073
1515,i13.bmp,i13_16_1.bmp,0.9835282564163208,5.6047
1516,i13.bmp,i13_16_2.bmp,0.9731327295303345,5.2791
1517,i13.bmp,i13_16_3.bmp,0.9385553598403931,5.439
1518,i13.bmp,i13_16_4.bmp,0.9278290271759033,4.2927
1519,i13.bmp,i13_16_5.bmp,0.8659601211547852,4.4419
1520,i13.bmp,i13_17_1.bmp,0.9697391986846924,4.4884
1521,i13.bmp,i13_17_2.bmp,0.9421330690383911,6.6279
1522,i13.bmp,i13_17_3.bmp,0.9342682957649231,3.7209
1523,i13.bmp,i13_17_4.bmp,0.8830560445785522,6.4884
1524,i13.bmp,i13_17_5.bmp,0.8826874494552612,2.5854
1525,i13.bmp,i13_18_1.bmp,0.9310315847396851,3.9512
1526,i13.bmp,i13_18_2.bmp,0.8996723890304565,3.7442
1527,i13.bmp,i13_18_3.bmp,0.8527942895889282,3.1429
1528,i13.bmp,i13_18_4.bmp,0.7609881162643433,2.8462
1529,i13.bmp,i13_18_5.bmp,0.6945720314979553,2.7317
1530,i13.bmp,i13_19_1.bmp,0.898698091506958,5.2439
1531,i13.bmp,i13_19_2.bmp,0.862644612789154,5.2619
1532,i13.bmp,i13_19_3.bmp,0.8098396062850952,5.3256
1533,i13.bmp,i13_19_4.bmp,0.7620686292648315,4.5122
1534,i13.bmp,i13_19_5.bmp,0.7080879211425781,4.1628
1535,i13.bmp,i13_20_1.bmp,0.9464619159698486,5.6744
1536,i13.bmp,i13_20_2.bmp,0.9254195690155029,5.0952
1537,i13.bmp,i13_20_3.bmp,0.8879849910736084,5.5238
1538,i13.bmp,i13_20_4.bmp,0.8179843425750732,5.2857
1539,i13.bmp,i13_20_5.bmp,0.7205069065093994,5.2326
1540,i13.bmp,i13_21_1.bmp,0.8713622093200684,5.6512
1541,i13.bmp,i13_21_2.bmp,0.818854570388794,5.5476
1542,i13.bmp,i13_21_3.bmp,0.7606284618377686,5.0952
1543,i13.bmp,i13_21_4.bmp,0.6822383403778076,4.7209
1544,i13.bmp,i13_21_5.bmp,0.606797456741333,3.4762
1545,i13.bmp,i13_22_1.bmp,0.8937273621559143,5.4286
1546,i13.bmp,i13_22_2.bmp,0.8367639780044556,4.7805
1547,i13.bmp,i13_22_3.bmp,0.7387188673019409,3.9767
1548,i13.bmp,i13_22_4.bmp,0.6676061749458313,2.9302
1549,i13.bmp,i13_22_5.bmp,0.6033769845962524,2.4186
1550,i13.bmp,i13_23_1.bmp,0.9045627117156982,5.6512
1551,i13.bmp,i13_23_2.bmp,0.8119654059410095,5.3953
1552,i13.bmp,i13_23_3.bmp,0.7560505867004395,5.45
1553,i13.bmp,i13_23_4.bmp,0.7234020233154297,5.0465
1554,i13.bmp,i13_23_5.bmp,0.6629130244255066,5.2093
1555,i13.bmp,i13_24_1.bmp,0.8347815871238708,5.4419
1556,i13.bmp,i13_24_2.bmp,0.7863026857376099,5.1905
1557,i13.bmp,i13_24_3.bmp,0.7327261567115784,4.3953
1558,i13.bmp,i13_24_4.bmp,0.6714288592338562,3.8605
1559,i13.bmp,i13_24_5.bmp,0.5934864282608032,2.8809
1560,i14.bmp,i14_01_1.bmp,0.8837878704071045,5.8919
1561,i14.bmp,i14_01_2.bmp,0.848181962966919,5.6944
1562,i14.bmp,i14_01_3.bmp,0.8079468011856079,4.7778
1563,i14.bmp,i14_01_4.bmp,0.762723445892334,4.3143
1564,i14.bmp,i14_01_5.bmp,0.7139106392860413,3.75
1565,i14.bmp,i14_02_1.bmp,0.8962867856025696,5.973
1566,i14.bmp,i14_02_2.bmp,0.8638449907302856,5.9167
1567,i14.bmp,i14_02_3.bmp,0.8287538290023804,5.7714
1568,i14.bmp,i14_02_4.bmp,0.7902095317840576,5.1389
1569,i14.bmp,i14_02_5.bmp,0.7492284774780273,4.5278
1570,i14.bmp,i14_03_1.bmp,0.8075898885726929,5.1944
1571,i14.bmp,i14_03_2.bmp,0.7587230205535889,4.4324
1572,i14.bmp,i14_03_3.bmp,0.7070358991622925,3.7778
1573,i14.bmp,i14_03_4.bmp,0.6593102812767029,3.0833
1574,i14.bmp,i14_03_5.bmp,0.6166123151779175,2.5946
1575,i14.bmp,i14_04_1.bmp,0.969219446182251,6.0286
1576,i14.bmp,i14_04_2.bmp,0.9556249380111694,5.6389
1577,i14.bmp,i14_04_3.bmp,0.9316338300704956,5.5
1578,i14.bmp,i14_04_4.bmp,0.8947174549102783,4.6571
1579,i14.bmp,i14_04_5.bmp,0.847068190574646,4.0278
1580,i14.bmp,i14_05_1.bmp,0.9232378005981445,6.0541
1581,i14.bmp,i14_05_2.bmp,0.890410304069519,5.5946
1582,i14.bmp,i14_05_3.bmp,0.8277169466018677,4.9722
1583,i14.bmp,i14_05_4.bmp,0.7587061524391174,4.1622
1584,i14.bmp,i14_05_5.bmp,0.6814831495285034,3.027
1585,i14.bmp,i14_06_1.bmp,0.8808221220970154,5.0833
1586,i14.bmp,i14_06_2.bmp,0.8407989144325256,4.3333
1587,i14.bmp,i14_06_3.bmp,0.7892229557037354,4.0278
1588,i14.bmp,i14_06_4.bmp,0.7413208484649658,3.7778
1589,i14.bmp,i14_06_5.bmp,0.6848857402801514,3.1667
1590,i14.bmp,i14_07_1.bmp,0.8687241673469543,5.7222
1591,i14.bmp,i14_07_2.bmp,0.812745213508606,5.4444
1592,i14.bmp,i14_07_3.bmp,0.7635524272918701,4.2778
1593,i14.bmp,i14_07_4.bmp,0.7079741358757019,3.6111
1594,i14.bmp,i14_07_5.bmp,0.6525171399116516,2.9189
1595,i14.bmp,i14_08_1.bmp,0.940177321434021,5.4324
1596,i14.bmp,i14_08_2.bmp,0.8988776206970215,4.5556
1597,i14.bmp,i14_08_3.bmp,0.8293997049331665,3.4865
1598,i14.bmp,i14_08_4.bmp,0.7187452912330627,2.8378
1599,i14.bmp,i14_08_5.bmp,0.6144554018974304,1.5946
1600,i14.bmp,i14_09_1.bmp,0.8417937755584717,6.0541
1601,i14.bmp,i14_09_2.bmp,0.7964402437210083,5.8919
1602,i14.bmp,i14_09_3.bmp,0.7261365652084351,4.5
1603,i14.bmp,i14_09_4.bmp,0.6311481595039368,2.8919
1604,i14.bmp,i14_09_5.bmp,0.5708756446838379,1.75
1605,i14.bmp,i14_10_1.bmp,0.8605556488037109,5.7778
1606,i14.bmp,i14_10_2.bmp,0.8116635084152222,5.1667
1607,i14.bmp,i14_10_3.bmp,0.7297868728637695,4.25
1608,i14.bmp,i14_10_4.bmp,0.6390263438224792,3.0556
1609,i14.bmp,i14_10_5.bmp,0.5713830590248108,1.8611
1610,i14.bmp,i14_11_1.bmp,0.88581383228302,5.973
1611,i14.bmp,i14_11_2.bmp,0.8260145783424377,5.4722
1612,i14.bmp,i14_11_3.bmp,0.7408773303031921,4.2432
1613,i14.bmp,i14_11_4.bmp,0.6407773494720459,3.0833
1614,i14.bmp,i14_11_5.bmp,0.5692096948623657,1.2857
1615,i14.bmp,i14_12_1.bmp,0.933645486831665,5.8108
1616,i14.bmp,i14_12_2.bmp,0.8719994425773621,5.6471
1617,i14.bmp,i14_12_3.bmp,0.7541241645812988,4.0571
1618,i14.bmp,i14_12_4.bmp,0.8100361824035645,4.1351
1619,i14.bmp,i14_12_5.bmp,0.7529404163360596,3.1892
1620,i14.bmp,i14_13_1.bmp,0.8687436580657959,5.027
1621,i14.bmp,i14_13_2.bmp,0.8278490304946899,4.5278
1622,i14.bmp,i14_13_3.bmp,0.7465999722480774,3.6216
1623,i14.bmp,i14_13_4.bmp,0.671544075012207,3.0833
1624,i14.bmp,i14_13_5.bmp,0.6090734601020813,1.9167
1625,i14.bmp,i14_14_1.bmp,0.9492294788360596,6.0541
1626,i14.bmp,i14_14_2.bmp,0.9573559761047363,5.7027
1627,i14.bmp,i14_14_3.bmp,0.9086942076683044,4.6944
1628,i14.bmp,i14_14_4.bmp,0.8387091159820557,4.1667
1629,i14.bmp,i14_14_5.bmp,0.7795801162719727,3.3714
1630,i14.bmp,i14_15_1.bmp,0.8879668712615967,2.9459
1631,i14.bmp,i14_15_2.bmp,0.9019821882247925,3.3514
1632,i14.bmp,i14_15_3.bmp,0.9141258001327515,3.5294
1633,i14.bmp,i14_15_4.bmp,0.9405534863471985,3.6216
1634,i14.bmp,i14_15_5.bmp,0.9675584435462952,3.973
1635,i14.bmp,i14_16_1.bmp,0.9860650300979614,5.7714
1636,i14.bmp,i14_16_2.bmp,0.9788146018981934,5.973
1637,i14.bmp,i14_16_3.bmp,0.9483418464660645,5.3056
1638,i14.bmp,i14_16_4.bmp,0.9380054473876953,5.1714
1639,i14.bmp,i14_16_5.bmp,0.8777379989624023,4.0286
1640,i14.bmp,i14_17_1.bmp,0.9719607830047607,5.4054
1641,i14.bmp,i14_17_2.bmp,0.9516398310661316,6.4324
1642,i14.bmp,i14_17_3.bmp,0.9388434290885925,4.1389
1643,i14.bmp,i14_17_4.bmp,0.8966443538665771,5.9189
1644,i14.bmp,i14_17_5.bmp,0.896976888179779,3.2432
1645,i14.bmp,i14_18_1.bmp,0.9609631299972534,5.3714
1646,i14.bmp,i14_18_2.bmp,0.9514226913452148,5.1389
1647,i14.bmp,i14_18_3.bmp,0.9352076053619385,4.6667
1648,i14.bmp,i14_18_4.bmp,0.9117188453674316,4.1471
1649,i14.bmp,i14_18_5.bmp,0.8736677169799805,3.75
1650,i14.bmp,i14_19_1.bmp,0.8807183504104614,5.3714
1651,i14.bmp,i14_19_2.bmp,0.847467839717865,5.1111
1652,i14.bmp,i14_19_3.bmp,0.8043009638786316,4.9722
1653,i14.bmp,i14_19_4.bmp,0.7585197687149048,3.9143
1654,i14.bmp,i14_19_5.bmp,0.712470293045044,3.2286
1655,i14.bmp,i14_20_1.bmp,0.9302467703819275,5.7222
1656,i14.bmp,i14_20_2.bmp,0.8911236524581909,5.5946
1657,i14.bmp,i14_20_3.bmp,0.8319433331489563,5.4167
1658,i14.bmp,i14_20_4.bmp,0.749665379524231,4.1944
1659,i14.bmp,i14_20_5.bmp,0.6552219390869141,3.2703
1660,i14.bmp,i14_21_1.bmp,0.8644626140594482,5.2973
1661,i14.bmp,i14_21_2.bmp,0.8075625896453857,5.1667
1662,i14.bmp,i14_21_3.bmp,0.7411432266235352,4.5405
1663,i14.bmp,i14_21_4.bmp,0.662287712097168,3.75
1664,i14.bmp,i14_21_5.bmp,0.5933735966682434,2.6486
1665,i14.bmp,i14_22_1.bmp,0.9143683910369873,5.4054
1666,i14.bmp,i14_22_2.bmp,0.8665244579315186,5.3714
1667,i14.bmp,i14_22_3.bmp,0.8174753785133362,5.0556
1668,i14.bmp,i14_22_4.bmp,0.710675835609436,3.9714
1669,i14.bmp,i14_22_5.bmp,0.652344286441803,3.2778
1670,i14.bmp,i14_23_1.bmp,0.9011467695236206,6.0278
1671,i14.bmp,i14_23_2.bmp,0.816238284111023,6.027
1672,i14.bmp,i14_23_3.bmp,0.7483522891998291,5.6111
1673,i14.bmp,i14_23_4.bmp,0.7037139534950256,5.0
1674,i14.bmp,i14_23_5.bmp,0.6098804473876953,2.7778
1675,i14.bmp,i14_24_1.bmp,0.8795422315597534,6.1351
1676,i14.bmp,i14_24_2.bmp,0.8174121379852295,5.5833
1677,i14.bmp,i14_24_3.bmp,0.730556309223175,4.4444
1678,i14.bmp,i14_24_4.bmp,0.6388473510742188,3.1892
1679,i14.bmp,i14_24_5.bmp,0.5457056164741516,0.91892
1680,i15.bmp,i15_01_1.bmp,0.790928840637207,5.8222
1681,i15.bmp,i15_01_2.bmp,0.7476158142089844,5.0682
1682,i15.bmp,i15_01_3.bmp,0.7027515769004822,4.9556
1683,i15.bmp,i15_01_4.bmp,0.6611128449440002,4.2791
1684,i15.bmp,i15_01_5.bmp,0.6229274272918701,3.9111
1685,i15.bmp,i15_02_1.bmp,0.8144689798355103,6.0909
1686,i15.bmp,i15_02_2.bmp,0.7740299701690674,5.8182
1687,i15.bmp,i15_02_3.bmp,0.7334471940994263,5.6364
1688,i15.bmp,i15_02_4.bmp,0.6859570741653442,4.8864
1689,i15.bmp,i15_02_5.bmp,0.6485165357589722,4.6364
1690,i15.bmp,i15_03_1.bmp,0.6970120668411255,4.3256
1691,i15.bmp,i15_03_2.bmp,0.6482460498809814,3.814
1692,i15.bmp,i15_03_3.bmp,0.6103365421295166,3.6136
1693,i15.bmp,i15_03_4.bmp,0.5890266299247742,3.1778
1694,i15.bmp,i15_03_5.bmp,0.5633483529090881,2.6279
1695,i15.bmp,i15_04_1.bmp,0.9303128123283386,6.0227
1696,i15.bmp,i15_04_2.bmp,0.9092549085617065,6.0444
1697,i15.bmp,i15_04_3.bmp,0.8764239549636841,5.8372
1698,i15.bmp,i15_04_4.bmp,0.8360151052474976,5.7778
1699,i15.bmp,i15_04_5.bmp,0.7892051935195923,4.9773
1700,i15.bmp,i15_05_1.bmp,0.8458459377288818,5.7857
1701,i15.bmp,i15_05_2.bmp,0.8054965138435364,5.6512
1702,i15.bmp,i15_05_3.bmp,0.7348507046699524,5.1136
1703,i15.bmp,i15_05_4.bmp,0.663424015045166,4.0682
1704,i15.bmp,i15_05_5.bmp,0.6028968691825867,3.3182
1705,i15.bmp,i15_06_1.bmp,0.7259071469306946,4.4318
1706,i15.bmp,i15_06_2.bmp,0.6846356391906738,4.1778
1707,i15.bmp,i15_06_3.bmp,0.6762059926986694,3.9767
1708,i15.bmp,i15_06_4.bmp,0.644042432308197,3.3636
1709,i15.bmp,i15_06_5.bmp,0.6057415008544922,3.1778
1710,i15.bmp,i15_07_1.bmp,0.7383062839508057,4.814
1711,i15.bmp,i15_07_2.bmp,0.6594417095184326,3.9302
1712,i15.bmp,i15_07_3.bmp,0.6435356736183167,3.6136
1713,i15.bmp,i15_07_4.bmp,0.6077483892440796,2.9111
1714,i15.bmp,i15_07_5.bmp,0.6019545793533325,2.4444
1715,i15.bmp,i15_08_1.bmp,0.9247937202453613,5.9556
1716,i15.bmp,i15_08_2.bmp,0.8779079914093018,6.0667
1717,i15.bmp,i15_08_3.bmp,0.7972965240478516,5.1364
1718,i15.bmp,i15_08_4.bmp,0.6938793659210205,3.9318
1719,i15.bmp,i15_08_5.bmp,0.619565486907959,3.3636
1720,i15.bmp,i15_09_1.bmp,0.7347185611724854,5.9302
1721,i15.bmp,i15_09_2.bmp,0.6971621513366699,5.5454
1722,i15.bmp,i15_09_3.bmp,0.6470222473144531,4.6977
1723,i15.bmp,i15_09_4.bmp,0.5902925729751587,3.7442
1724,i15.bmp,i15_09_5.bmp,0.5541993379592896,2.5
1725,i15.bmp,i15_10_1.bmp,0.7938429117202759,5.7778
1726,i15.bmp,i15_10_2.bmp,0.7383356094360352,5.7046
1727,i15.bmp,i15_10_3.bmp,0.6516895890235901,4.6
1728,i15.bmp,i15_10_4.bmp,0.5689268708229065,3.1778
1729,i15.bmp,i15_10_5.bmp,0.5393288731575012,1.8667
1730,i15.bmp,i15_11_1.bmp,0.7090122699737549,5.8444
1731,i15.bmp,i15_11_2.bmp,0.6200377941131592,4.4
1732,i15.bmp,i15_11_3.bmp,0.5682593584060669,3.0488
1733,i15.bmp,i15_11_4.bmp,0.5395368337631226,2.0
1734,i15.bmp,i15_11_5.bmp,0.5246031284332275,0.65116
1735,i15.bmp,i15_12_1.bmp,0.8486409783363342,5.6667
1736,i15.bmp,i15_12_2.bmp,0.8083047866821289,5.4091
1737,i15.bmp,i15_12_3.bmp,0.6578832268714905,4.2222
1738,i15.bmp,i15_12_4.bmp,0.5823743343353271,3.2
1739,i15.bmp,i15_12_5.bmp,0.5474147200584412,2.5682
1740,i15.bmp,i15_13_1.bmp,0.7525275945663452,4.8409
1741,i15.bmp,i15_13_2.bmp,0.6365358829498291,3.7674
1742,i15.bmp,i15_13_3.bmp,0.6171448230743408,3.3488
1743,i15.bmp,i15_13_4.bmp,0.5981284379959106,2.8636
1744,i15.bmp,i15_13_5.bmp,0.5508333444595337,2.1136
1745,i15.bmp,i15_14_1.bmp,0.8831843733787537,5.5909
1746,i15.bmp,i15_14_2.bmp,0.9570956826210022,6.1556
1747,i15.bmp,i15_14_3.bmp,0.9244197607040405,5.9556
1748,i15.bmp,i15_14_4.bmp,0.8728499412536621,5.0238
1749,i15.bmp,i15_14_5.bmp,0.8125934600830078,3.7955
1750,i15.bmp,i15_15_1.bmp,0.8620794415473938,3.8864
1751,i15.bmp,i15_15_2.bmp,0.8658701777458191,4.0227
1752,i15.bmp,i15_15_3.bmp,0.8804910182952881,3.9545
1753,i15.bmp,i15_15_4.bmp,0.8884202241897583,4.1364
1754,i15.bmp,i15_15_5.bmp,0.9364460706710815,4.9546
1755,i15.bmp,i15_16_1.bmp,0.9809553623199463,6.2273
1756,i15.bmp,i15_16_2.bmp,0.9752628207206726,5.907
1757,i15.bmp,i15_16_3.bmp,0.9089757800102234,5.4222
1758,i15.bmp,i15_16_4.bmp,0.9380849599838257,5.3864
1759,i15.bmp,i15_16_5.bmp,0.7893970608711243,4.0233
1760,i15.bmp,i15_17_1.bmp,0.9585806131362915,5.9318
1761,i15.bmp,i15_17_2.bmp,0.9231586456298828,6.6667
1762,i15.bmp,i15_17_3.bmp,0.9243086576461792,5.0
1763,i15.bmp,i15_17_4.bmp,0.8669517040252686,6.3111
1764,i15.bmp,i15_17_5.bmp,0.8668856620788574,3.8222
1765,i15.bmp,i15_18_1.bmp,0.9118676781654358,5.1556
1766,i15.bmp,i15_18_2.bmp,0.8945406675338745,4.814
1767,i15.bmp,i15_18_3.bmp,0.8649232983589172,4.3721
1768,i15.bmp,i15_18_4.bmp,0.8036900758743286,4.0909
1769,i15.bmp,i15_18_5.bmp,0.6948109865188599,3.7674
1770,i15.bmp,i15_19_1.bmp,0.8275125026702881,5.9091
1771,i15.bmp,i15_19_2.bmp,0.7956874966621399,5.3333
1772,i15.bmp,i15_19_3.bmp,0.7446863055229187,4.7209
1773,i15.bmp,i15_19_4.bmp,0.6979309916496277,4.3721
1774,i15.bmp,i15_19_5.bmp,0.6463171243667603,3.9111
1775,i15.bmp,i15_20_1.bmp,0.8233875036239624,6.3256
1776,i15.bmp,i15_20_2.bmp,0.7543313503265381,5.6444
1777,i15.bmp,i15_20_3.bmp,0.67880779504776,4.7442
1778,i15.bmp,i15_20_4.bmp,0.586525559425354,3.1333
1779,i15.bmp,i15_20_5.bmp,0.5636566877365112,2.4444
1780,i15.bmp,i15_21_1.bmp,0.7224025726318359,5.2273
1781,i15.bmp,i15_21_2.bmp,0.6640950441360474,4.5556
1782,i15.bmp,i15_21_3.bmp,0.6069996356964111,3.9111
1783,i15.bmp,i15_21_4.bmp,0.5618305802345276,3.1136
1784,i15.bmp,i15_21_5.bmp,0.5386554002761841,2.3023
1785,i15.bmp,i15_22_1.bmp,0.8415210247039795,6.3333
1786,i15.bmp,i15_22_2.bmp,0.7834281921386719,5.8
1787,i15.bmp,i15_22_3.bmp,0.7194774150848389,5.3864
1788,i15.bmp,i15_22_4.bmp,0.6681697368621826,4.4889
1789,i15.bmp,i15_22_5.bmp,0.6115221977233887,3.7111
1790,i15.bmp,i15_23_1.bmp,0.8407762050628662,5.9091
1791,i15.bmp,i15_23_2.bmp,0.7412025928497314,5.9091
1792,i15.bmp,i15_23_3.bmp,0.6535366773605347,5.3636
1793,i15.bmp,i15_23_4.bmp,0.619210958480835,4.4773
1794,i15.bmp,i15_23_5.bmp,0.5799188613891602,3.3721
1795,i15.bmp,i15_24_1.bmp,0.7267672419548035,5.7727
1796,i15.bmp,i15_24_2.bmp,0.6380690336227417,4.814
1797,i15.bmp,i15_24_3.bmp,0.5657970905303955,3.2273
1798,i15.bmp,i15_24_4.bmp,0.5325541496276855,1.8864
1799,i15.bmp,i15_24_5.bmp,0.5244843363761902,0.72727
1800,i16.bmp,i16_01_1.bmp,0.7705119848251343,5.6154
1801,i16.bmp,i16_01_2.bmp,0.727983832359314,5.65
1802,i16.bmp,i16_01_3.bmp,0.684372067451477,5.0263
1803,i16.bmp,i16_01_4.bmp,0.6439284682273865,4.1539
1804,i16.bmp,i16_01_5.bmp,0.6168821454048157,3.9487
1805,i16.bmp,i16_02_1.bmp,0.7863883972167969,5.9
1806,i16.bmp,i16_02_2.bmp,0.750540554523468,6.15
1807,i16.bmp,i16_02_3.bmp,0.7130087018013,5.575
1808,i16.bmp,i16_02_4.bmp,0.6756105422973633,5.2
1809,i16.bmp,i16_02_5.bmp,0.6435107588768005,4.6154
1810,i16.bmp,i16_03_1.bmp,0.6776890158653259,4.7436
1811,i16.bmp,i16_03_2.bmp,0.6413866281509399,4.0789
1812,i16.bmp,i16_03_3.bmp,0.6095573902130127,3.6923
1813,i16.bmp,i16_03_4.bmp,0.5777729749679565,3.2368
1814,i16.bmp,i16_03_5.bmp,0.563525378704071,2.7949
1815,i16.bmp,i16_04_1.bmp,0.9082626104354858,5.825
1816,i16.bmp,i16_04_2.bmp,0.8822817802429199,5.8205
1817,i16.bmp,i16_04_3.bmp,0.8338857889175415,5.75
1818,i16.bmp,i16_04_4.bmp,0.7945034503936768,5.1282
1819,i16.bmp,i16_04_5.bmp,0.7359248399734497,4.6154
1820,i16.bmp,i16_05_1.bmp,0.8218938708305359,5.8
1821,i16.bmp,i16_05_2.bmp,0.7822624444961548,5.6154
1822,i16.bmp,i16_05_3.bmp,0.7151275873184204,5.2308
1823,i16.bmp,i16_05_4.bmp,0.6518266201019287,4.35
1824,i16.bmp,i16_05_5.bmp,0.5952377915382385,3.3947
1825,i16.bmp,i16_06_1.bmp,0.7559794187545776,5.282
1826,i16.bmp,i16_06_2.bmp,0.6973892450332642,4.8205
1827,i16.bmp,i16_06_3.bmp,0.6676815152168274,4.5385
1828,i16.bmp,i16_06_4.bmp,0.6337769627571106,3.9737
1829,i16.bmp,i16_06_5.bmp,0.5984631776809692,3.5897
1830,i16.bmp,i16_07_1.bmp,0.6882458329200745,5.475
1831,i16.bmp,i16_07_2.bmp,0.6486243605613708,4.75
1832,i16.bmp,i16_07_3.bmp,0.6362802982330322,4.35
1833,i16.bmp,i16_07_4.bmp,0.6057400107383728,3.6667
1834,i16.bmp,i16_07_5.bmp,0.5864203572273254,3.1026
1835,i16.bmp,i16_08_1.bmp,0.896279513835907,5.8205
1836,i16.bmp,i16_08_2.bmp,0.8431368470191956,5.225
1837,i16.bmp,i16_08_3.bmp,0.7552770376205444,4.275
1838,i16.bmp,i16_08_4.bmp,0.647039532661438,3.6154
1839,i16.bmp,i16_08_5.bmp,0.5870060324668884,2.925
1840,i16.bmp,i16_09_1.bmp,0.7039887309074402,6.0256
1841,i16.bmp,i16_09_2.bmp,0.6634508967399597,5.7692
1842,i16.bmp,i16_09_3.bmp,0.6138969659805298,4.5897
1843,i16.bmp,i16_09_4.bmp,0.5509378910064697,3.1282
1844,i16.bmp,i16_09_5.bmp,0.533394992351532,2.3421
1845,i16.bmp,i16_10_1.bmp,0.7531540393829346,5.9
1846,i16.bmp,i16_10_2.bmp,0.7070744633674622,5.7692
1847,i16.bmp,i16_10_3.bmp,0.6259757280349731,5.2564
1848,i16.bmp,i16_10_4.bmp,0.566920280456543,3.6154
1849,i16.bmp,i16_10_5.bmp,0.5412870049476624,2.4615
1850,i16.bmp,i16_11_1.bmp,0.672860860824585,5.875
1851,i16.bmp,i16_11_2.bmp,0.6071145534515381,5.075
1852,i16.bmp,i16_11_3.bmp,0.5468822717666626,2.8974
1853,i16.bmp,i16_11_4.bmp,0.5242456197738647,2.075
1854,i16.bmp,i16_11_5.bmp,0.52578204870224,0.95
1855,i16.bmp,i16_12_1.bmp,0.7585353851318359,5.875
1856,i16.bmp,i16_12_2.bmp,0.7838788032531738,5.575
1857,i16.bmp,i16_12_3.bmp,0.7010183334350586,4.925
1858,i16.bmp,i16_12_4.bmp,0.6169260740280151,3.282
1859,i16.bmp,i16_12_5.bmp,0.5452607870101929,2.6
1860,i16.bmp,i16_13_1.bmp,0.6954032182693481,4.6
1861,i16.bmp,i16_13_2.bmp,0.614227294921875,3.8158
1862,i16.bmp,i16_13_3.bmp,0.6104905605316162,4.4615
1863,i16.bmp,i16_13_4.bmp,0.5617702007293701,3.0513
1864,i16.bmp,i16_13_5.bmp,0.5818716287612915,3.625
1865,i16.bmp,i16_14_1.bmp,0.8772097826004028,5.7692
1866,i16.bmp,i16_14_2.bmp,0.9582005739212036,6.1316
1867,i16.bmp,i16_14_3.bmp,0.9167823791503906,5.6154
1868,i16.bmp,i16_14_4.bmp,0.8629003167152405,5.5263
1869,i16.bmp,i16_14_5.bmp,0.8075574040412903,4.575
1870,i16.bmp,i16_15_1.bmp,0.8311846256256104,3.4103
1871,i16.bmp,i16_15_2.bmp,0.8443289995193481,3.5385
1872,i16.bmp,i16_15_3.bmp,0.8614422082901001,3.475
1873,i16.bmp,i16_15_4.bmp,0.8692455887794495,3.65
1874,i16.bmp,i16_15_5.bmp,0.9121691584587097,4.0263
1875,i16.bmp,i16_16_1.bmp,0.9868011474609375,5.9231
1876,i16.bmp,i16_16_2.bmp,0.9780799746513367,6.275
1877,i16.bmp,i16_16_3.bmp,0.954325795173645,5.6842
1878,i16.bmp,i16_16_4.bmp,0.9331618547439575,5.75
1879,i16.bmp,i16_16_5.bmp,0.9030193090438843,4.6154
1880,i16.bmp,i16_17_1.bmp,0.951902449131012,5.825
1881,i16.bmp,i16_17_2.bmp,0.927606999874115,7.1
1882,i16.bmp,i16_17_3.bmp,0.9192704558372498,4.75
1883,i16.bmp,i16_17_4.bmp,0.8764739632606506,6.65
1884,i16.bmp,i16_17_5.bmp,0.8576673269271851,3.359
1885,i16.bmp,i16_18_1.bmp,0.8690769672393799,4.6
1886,i16.bmp,i16_18_2.bmp,0.8238850235939026,4.3947
1887,i16.bmp,i16_18_3.bmp,0.7389732003211975,4.05
1888,i16.bmp,i16_18_4.bmp,0.6892366409301758,3.9231
1889,i16.bmp,i16_18_5.bmp,0.6886246800422668,3.9474
1890,i16.bmp,i16_19_1.bmp,0.7672215700149536,5.575
1891,i16.bmp,i16_19_2.bmp,0.7294907569885254,5.375
1892,i16.bmp,i16_19_3.bmp,0.6929394006729126,4.6154
1893,i16.bmp,i16_19_4.bmp,0.6502963304519653,4.1539
1894,i16.bmp,i16_19_5.bmp,0.6166932582855225,3.6667
1895,i16.bmp,i16_20_1.bmp,0.780951738357544,6.0769
1896,i16.bmp,i16_20_2.bmp,0.7159756422042847,5.7436
1897,i16.bmp,i16_20_3.bmp,0.6305005550384521,5.1842
1898,i16.bmp,i16_20_4.bmp,0.5839042663574219,4.125
1899,i16.bmp,i16_20_5.bmp,0.5695490837097168,3.5897
1900,i16.bmp,i16_21_1.bmp,0.6975012421607971,5.825
1901,i16.bmp,i16_21_2.bmp,0.6489558219909668,5.4615
1902,i16.bmp,i16_21_3.bmp,0.601609468460083,4.2564
1903,i16.bmp,i16_21_4.bmp,0.5719256401062012,3.7692
1904,i16.bmp,i16_21_5.bmp,0.5243985652923584,1.8461
1905,i16.bmp,i16_22_1.bmp,0.7168616056442261,5.6154
1906,i16.bmp,i16_22_2.bmp,0.6925753355026245,5.35
1907,i16.bmp,i16_22_3.bmp,0.6395686864852905,4.9459
1908,i16.bmp,i16_22_4.bmp,0.5935415029525757,3.9737
1909,i16.bmp,i16_22_5.bmp,0.5631955862045288,2.775
1910,i16.bmp,i16_23_1.bmp,0.7860970497131348,6.125
1911,i16.bmp,i16_23_2.bmp,0.6432169675827026,4.825
1912,i16.bmp,i16_23_3.bmp,0.5528981685638428,2.7
1913,i16.bmp,i16_23_4.bmp,0.5386220812797546,2.1579
1914,i16.bmp,i16_23_5.bmp,0.5276952981948853,1.5263
1915,i16.bmp,i16_24_1.bmp,0.6731029152870178,5.3684
1916,i16.bmp,i16_24_2.bmp,0.5894091725349426,4.0526
1917,i16.bmp,i16_24_3.bmp,0.5341867804527283,2.641
1918,i16.bmp,i16_24_4.bmp,0.5251315236091614,1.8421
1919,i16.bmp,i16_24_5.bmp,0.5226393342018127,0.97436
1920,i17.bmp,i17_01_1.bmp,0.8031182885169983,5.8919
1921,i17.bmp,i17_01_2.bmp,0.7532035112380981,5.2105
1922,i17.bmp,i17_01_3.bmp,0.7114225029945374,5.0513
1923,i17.bmp,i17_01_4.bmp,0.668857991695404,4.3846
1924,i17.bmp,i17_01_5.bmp,0.6357136964797974,3.8718
1925,i17.bmp,i17_02_1.bmp,0.817439615726471,5.75
1926,i17.bmp,i17_02_2.bmp,0.7776727676391602,6.0
1927,i17.bmp,i17_02_3.bmp,0.7356005907058716,5.825
1928,i17.bmp,i17_02_4.bmp,0.695173978805542,5.275
1929,i17.bmp,i17_02_5.bmp,0.6583133339881897,4.4872
1930,i17.bmp,i17_03_1.bmp,0.7132598161697388,4.9737
1931,i17.bmp,i17_03_2.bmp,0.6714084148406982,4.4359
1932,i17.bmp,i17_03_3.bmp,0.6256855726242065,3.8205
1933,i17.bmp,i17_03_4.bmp,0.5946566462516785,3.35
1934,i17.bmp,i17_03_5.bmp,0.5697898864746094,2.8974
1935,i17.bmp,i17_04_1.bmp,0.9359405636787415,5.7692
1936,i17.bmp,i17_04_2.bmp,0.9137235283851624,5.9737
1937,i17.bmp,i17_04_3.bmp,0.8760232925415039,5.3333
1938,i17.bmp,i17_04_4.bmp,0.8264440894126892,5.2368
1939,i17.bmp,i17_04_5.bmp,0.7716571092605591,4.7368
1940,i17.bmp,i17_05_1.bmp,0.8605740070343018,5.825
1941,i17.bmp,i17_05_2.bmp,0.8195210695266724,5.925
1942,i17.bmp,i17_05_3.bmp,0.7450814247131348,5.2368
1943,i17.bmp,i17_05_4.bmp,0.6697313189506531,4.1795
1944,i17.bmp,i17_05_5.bmp,0.6052199602127075,3.3421
1945,i17.bmp,i17_06_1.bmp,0.7843241095542908,4.2368
1946,i17.bmp,i17_06_2.bmp,0.7425814270973206,4.4324
1947,i17.bmp,i17_06_3.bmp,0.7011969685554504,4.0
1948,i17.bmp,i17_06_4.bmp,0.6654467582702637,3.55
1949,i17.bmp,i17_06_5.bmp,0.6242668628692627,3.3077
1950,i17.bmp,i17_07_1.bmp,0.7657293081283569,5.718
1951,i17.bmp,i17_07_2.bmp,0.6810185313224792,4.6579
1952,i17.bmp,i17_07_3.bmp,0.6305482387542725,3.8974
1953,i17.bmp,i17_07_4.bmp,0.6032127141952515,3.2051
1954,i17.bmp,i17_07_5.bmp,0.5761099457740784,2.4737
1955,i17.bmp,i17_08_1.bmp,0.9179655313491821,5.7436
1956,i17.bmp,i17_08_2.bmp,0.8685261011123657,5.225
1957,i17.bmp,i17_08_3.bmp,0.7877322435379028,4.575
1958,i17.bmp,i17_08_4.bmp,0.6734832525253296,3.718
1959,i17.bmp,i17_08_5.bmp,0.5836168527603149,2.95
1960,i17.bmp,i17_09_1.bmp,0.7413264513015747,6.025
1961,i17.bmp,i17_09_2.bmp,0.7006332874298096,6.1053
1962,i17.bmp,i17_09_3.bmp,0.6444735527038574,5.025
1963,i17.bmp,i17_09_4.bmp,0.579001784324646,3.8205
1964,i17.bmp,i17_09_5.bmp,0.544455885887146,2.4595
1965,i17.bmp,i17_10_1.bmp,0.7967260479927063,6.0513
1966,i17.bmp,i17_10_2.bmp,0.7403221726417542,5.925
1967,i17.bmp,i17_10_3.bmp,0.6568601131439209,5.1539
1968,i17.bmp,i17_10_4.bmp,0.5802749395370483,3.425
1969,i17.bmp,i17_10_5.bmp,0.5469046235084534,2.25
1970,i17.bmp,i17_11_1.bmp,0.7187598943710327,5.5641
1971,i17.bmp,i17_11_2.bmp,0.6462099552154541,5.4359
1972,i17.bmp,i17_11_3.bmp,0.5776416063308716,3.8462
1973,i17.bmp,i17_11_4.bmp,0.5433686971664429,2.7692
1974,i17.bmp,i17_11_5.bmp,0.5222257375717163,1.025
1975,i17.bmp,i17_12_1.bmp,0.8654661178588867,5.875
1976,i17.bmp,i17_12_2.bmp,0.8159308433532715,5.9231
1977,i17.bmp,i17_12_3.bmp,0.7761641144752502,5.0769
1978,i17.bmp,i17_12_4.bmp,0.6974161863327026,3.925
1979,i17.bmp,i17_12_5.bmp,0.538619875907898,2.4872
1980,i17.bmp,i17_13_1.bmp,0.7567601799964905,5.15
1981,i17.bmp,i17_13_2.bmp,0.6974844932556152,4.45
1982,i17.bmp,i17_13_3.bmp,0.6179971694946289,3.2632
1983,i17.bmp,i17_13_4.bmp,0.5772077441215515,2.425
1984,i17.bmp,i17_13_5.bmp,0.5832616090774536,2.3684
1985,i17.bmp,i17_14_1.bmp,0.8936800956726074,5.875
1986,i17.bmp,i17_14_2.bmp,0.9383935928344727,5.7949
1987,i17.bmp,i17_14_3.bmp,0.8815453052520752,5.5263
1988,i17.bmp,i17_14_4.bmp,0.839648962020874,4.359
1989,i17.bmp,i17_14_5.bmp,0.7938148975372314,3.525
1990,i17.bmp,i17_15_1.bmp,0.8558317422866821,3.55
1991,i17.bmp,i17_15_2.bmp,0.857940673828125,3.4103
1992,i17.bmp,i17_15_3.bmp,0.8829395771026611,3.2564
1993,i17.bmp,i17_15_4.bmp,0.8916907906532288,3.625
1994,i17.bmp,i17_15_5.bmp,0.9547404050827026,4.0
1995,i17.bmp,i17_16_1.bmp,0.9798169136047363,5.925
1996,i17.bmp,i17_16_2.bmp,0.9703133702278137,6.025
1997,i17.bmp,i17_16_3.bmp,0.8964335918426514,5.5789
1998,i17.bmp,i17_16_4.bmp,0.9291524291038513,5.1579
1999,i17.bmp,i17_16_5.bmp,0.8236231207847595,4.1795
2000,i17.bmp,i17_17_1.bmp,0.9589618444442749,5.575
2001,i17.bmp,i17_17_2.bmp,0.9222170114517212,6.625
2002,i17.bmp,i17_17_3.bmp,0.9219329953193665,4.4872
2003,i17.bmp,i17_17_4.bmp,0.8585532903671265,7.1
2004,i17.bmp,i17_17_5.bmp,0.8707553744316101,3.3684
2005,i17.bmp,i17_18_1.bmp,0.834030032157898,4.55
2006,i17.bmp,i17_18_2.bmp,0.7420064806938171,4.0769
2007,i17.bmp,i17_18_3.bmp,0.7211135625839233,4.1282
2008,i17.bmp,i17_18_4.bmp,0.7242997884750366,3.8205
2009,i17.bmp,i17_18_5.bmp,0.7229230403900146,3.718
2010,i17.bmp,i17_19_1.bmp,0.8181362152099609,5.725
2011,i17.bmp,i17_19_2.bmp,0.7792559862136841,5.3333
2012,i17.bmp,i17_19_3.bmp,0.7371950149536133,4.7692
2013,i17.bmp,i17_19_4.bmp,0.6995423436164856,4.3077
2014,i17.bmp,i17_19_5.bmp,0.6610872149467468,3.9231
2015,i17.bmp,i17_20_1.bmp,0.8288265466690063,5.75
2016,i17.bmp,i17_20_2.bmp,0.7441565990447998,5.45
2017,i17.bmp,i17_20_3.bmp,0.6576331853866577,4.8684
2018,i17.bmp,i17_20_4.bmp,0.5903554558753967,4.3684
2019,i17.bmp,i17_20_5.bmp,0.5662268400192261,2.8649
2020,i17.bmp,i17_21_1.bmp,0.7370544672012329,5.425
2021,i17.bmp,i17_21_2.bmp,0.6702053546905518,4.7949
2022,i17.bmp,i17_21_3.bmp,0.6048513650894165,4.25
2023,i17.bmp,i17_21_4.bmp,0.5696171522140503,3.3846
2024,i17.bmp,i17_21_5.bmp,0.5440009832382202,2.5263
2025,i17.bmp,i17_22_1.bmp,0.7708938121795654,5.975
2026,i17.bmp,i17_22_2.bmp,0.723776638507843,5.6154
2027,i17.bmp,i17_22_3.bmp,0.6611310243606567,4.3421
2028,i17.bmp,i17_22_4.bmp,0.6188753843307495,3.5897
2029,i17.bmp,i17_22_5.bmp,0.5801302790641785,2.8974
2030,i17.bmp,i17_23_1.bmp,0.8130803108215332,5.9
2031,i17.bmp,i17_23_2.bmp,0.735626220703125,5.9
2032,i17.bmp,i17_23_3.bmp,0.6276520490646362,4.5641
2033,i17.bmp,i17_23_4.bmp,0.5690739154815674,3.1538
2034,i17.bmp,i17_23_5.bmp,0.5287973880767822,1.9231
2035,i17.bmp,i17_24_1.bmp,0.7037040591239929,6.05
2036,i17.bmp,i17_24_2.bmp,0.6553930044174194,5.525
2037,i17.bmp,i17_24_3.bmp,0.5896846055984497,3.9737
2038,i17.bmp,i17_24_4.bmp,0.5324817895889282,2.0256
2039,i17.bmp,i17_24_5.bmp,0.5214753746986389,0.34211
2040,i18.bmp,i18_01_1.bmp,0.8655489683151245,5.6905
2041,i18.bmp,i18_01_2.bmp,0.816253125667572,5.4146
2042,i18.bmp,i18_01_3.bmp,0.7657759785652161,4.85
2043,i18.bmp,i18_01_4.bmp,0.71328204870224,4.4634
2044,i18.bmp,i18_01_5.bmp,0.6769576668739319,4.0
2045,i18.bmp,i18_02_1.bmp,0.881127119064331,5.9512
2046,i18.bmp,i18_02_2.bmp,0.8413829803466797,5.881
2047,i18.bmp,i18_02_3.bmp,0.8020694851875305,5.7381
2048,i18.bmp,i18_02_4.bmp,0.7509734630584717,4.6341
2049,i18.bmp,i18_02_5.bmp,0.7090510129928589,4.2439
2050,i18.bmp,i18_03_1.bmp,0.7576018571853638,4.9762
2051,i18.bmp,i18_03_2.bmp,0.7135826349258423,4.55
2052,i18.bmp,i18_03_3.bmp,0.6659865379333496,3.7381
2053,i18.bmp,i18_03_4.bmp,0.6228663325309753,3.1191
2054,i18.bmp,i18_03_5.bmp,0.5842485427856445,2.5476
2055,i18.bmp,i18_04_1.bmp,0.9600011110305786,6.175
2056,i18.bmp,i18_04_2.bmp,0.9451067447662354,5.881
2057,i18.bmp,i18_04_3.bmp,0.9208561182022095,5.878
2058,i18.bmp,i18_04_4.bmp,0.8838235139846802,5.3171
2059,i18.bmp,i18_04_5.bmp,0.8346424698829651,4.3415
2060,i18.bmp,i18_05_1.bmp,0.9132529497146606,6.2439
2061,i18.bmp,i18_05_2.bmp,0.8788166642189026,5.6098
2062,i18.bmp,i18_05_3.bmp,0.8023660182952881,5.1707
2063,i18.bmp,i18_05_4.bmp,0.7148857116699219,4.0
2064,i18.bmp,i18_05_5.bmp,0.6300942897796631,3.125
2065,i18.bmp,i18_06_1.bmp,0.8451061248779297,4.5714
2066,i18.bmp,i18_06_2.bmp,0.7944175004959106,4.15
2067,i18.bmp,i18_06_3.bmp,0.7275309562683105,3.8095
2068,i18.bmp,i18_06_4.bmp,0.6791009902954102,3.7317
2069,i18.bmp,i18_06_5.bmp,0.6175757050514221,3.1951
2070,i18.bmp,i18_07_1.bmp,0.8231965899467468,5.5714
2071,i18.bmp,i18_07_2.bmp,0.7681662440299988,4.9286
2072,i18.bmp,i18_07_3.bmp,0.6896229982376099,4.2143
2073,i18.bmp,i18_07_4.bmp,0.6510754227638245,3.4048
2074,i18.bmp,i18_07_5.bmp,0.6295625567436218,3.0
2075,i18.bmp,i18_08_1.bmp,0.9247004985809326,5.6905
2076,i18.bmp,i18_08_2.bmp,0.873138964176178,4.6585
2077,i18.bmp,i18_08_3.bmp,0.7885702252388,4.1429
2078,i18.bmp,i18_08_4.bmp,0.6835793256759644,3.0476
2079,i18.bmp,i18_08_5.bmp,0.5914824604988098,2.0488
2080,i18.bmp,i18_09_1.bmp,0.7884308695793152,6.0244
2081,i18.bmp,i18_09_2.bmp,0.7417168021202087,5.881
2082,i18.bmp,i18_09_3.bmp,0.6705108284950256,4.2619
2083,i18.bmp,i18_09_4.bmp,0.5899927616119385,3.0244
2084,i18.bmp,i18_09_5.bmp,0.5418359041213989,1.7073
2085,i18.bmp,i18_10_1.bmp,0.8306402564048767,6.0732
2086,i18.bmp,i18_10_2.bmp,0.7743490934371948,5.7805
2087,i18.bmp,i18_10_3.bmp,0.6885507106781006,4.675
2088,i18.bmp,i18_10_4.bmp,0.5900632739067078,3.5
2089,i18.bmp,i18_10_5.bmp,0.5438743233680725,2.1707
2090,i18.bmp,i18_11_1.bmp,0.8379393815994263,5.8049
2091,i18.bmp,i18_11_2.bmp,0.7781152129173279,5.5
2092,i18.bmp,i18_11_3.bmp,0.6812553405761719,4.5122
2093,i18.bmp,i18_11_4.bmp,0.5865762233734131,3.0714
2094,i18.bmp,i18_11_5.bmp,0.5321817398071289,1.0
2095,i18.bmp,i18_12_1.bmp,0.8876322507858276,6.3571
2096,i18.bmp,i18_12_2.bmp,0.8722832202911377,5.3659
2097,i18.bmp,i18_12_3.bmp,0.7674261331558228,5.561
2098,i18.bmp,i18_12_4.bmp,0.7544665932655334,4.925
2099,i18.bmp,i18_12_5.bmp,0.631004273891449,2.6585
2100,i18.bmp,i18_13_1.bmp,0.7928203344345093,4.1463
2101,i18.bmp,i18_13_2.bmp,0.7217242121696472,4.3571
2102,i18.bmp,i18_13_3.bmp,0.710943341255188,3.8809
2103,i18.bmp,i18_13_4.bmp,0.627829909324646,2.9024
2104,i18.bmp,i18_13_5.bmp,0.578881025314331,2.4634
2105,i18.bmp,i18_14_1.bmp,0.9416899681091309,4.9512
2106,i18.bmp,i18_14_2.bmp,0.9660392999649048,6.0
2107,i18.bmp,i18_14_3.bmp,0.9007159471511841,4.1951
2108,i18.bmp,i18_14_4.bmp,0.8947077989578247,4.1667
2109,i18.bmp,i18_14_5.bmp,0.8278789520263672,3.3415
2110,i18.bmp,i18_15_1.bmp,0.8679745197296143,3.2195
2111,i18.bmp,i18_15_2.bmp,0.8851858973503113,3.3415
2112,i18.bmp,i18_15_3.bmp,0.9036960601806641,3.2
2113,i18.bmp,i18_15_4.bmp,0.9220984578132629,3.525
2114,i18.bmp,i18_15_5.bmp,0.9508195519447327,3.9524
2115,i18.bmp,i18_16_1.bmp,0.9798569679260254,6.4146
2116,i18.bmp,i18_16_2.bmp,0.9681839942932129,5.9524
2117,i18.bmp,i18_16_3.bmp,0.9225399494171143,5.6905
2118,i18.bmp,i18_16_4.bmp,0.9215790629386902,5.0
2119,i18.bmp,i18_16_5.bmp,0.8150018453598022,4.2564
2120,i18.bmp,i18_17_1.bmp,0.9648541212081909,5.9286
2121,i18.bmp,i18_17_2.bmp,0.9380379319190979,6.0976
2122,i18.bmp,i18_17_3.bmp,0.9281312227249146,4.4146
2123,i18.bmp,i18_17_4.bmp,0.8844669461250305,5.9048
2124,i18.bmp,i18_17_5.bmp,0.8775083422660828,3.4878
2125,i18.bmp,i18_18_1.bmp,0.9307830929756165,5.0244
2126,i18.bmp,i18_18_2.bmp,0.9148516654968262,4.8
2127,i18.bmp,i18_18_3.bmp,0.8779953122138977,4.3571
2128,i18.bmp,i18_18_4.bmp,0.8249995708465576,4.0714
2129,i18.bmp,i18_18_5.bmp,0.6962862610816956,4.0952
2130,i18.bmp,i18_19_1.bmp,0.8762680292129517,5.1429
2131,i18.bmp,i18_19_2.bmp,0.8393590450286865,5.0714
2132,i18.bmp,i18_19_3.bmp,0.7840383648872375,4.375
2133,i18.bmp,i18_19_4.bmp,0.725210964679718,3.8537
2134,i18.bmp,i18_19_5.bmp,0.6763103008270264,3.7073
2135,i18.bmp,i18_20_1.bmp,0.9022871255874634,6.1667
2136,i18.bmp,i18_20_2.bmp,0.8512153625488281,5.5714
2137,i18.bmp,i18_20_3.bmp,0.787871241569519,5.3659
2138,i18.bmp,i18_20_4.bmp,0.6966262459754944,4.3659
2139,i18.bmp,i18_20_5.bmp,0.6093674898147583,3.325
2140,i18.bmp,i18_21_1.bmp,0.8161371946334839,5.5238
2141,i18.bmp,i18_21_2.bmp,0.759878396987915,5.3415
2142,i18.bmp,i18_21_3.bmp,0.6897984743118286,4.5
2143,i18.bmp,i18_21_4.bmp,0.6113473176956177,3.2619
2144,i18.bmp,i18_21_5.bmp,0.5575714707374573,2.3171
2145,i18.bmp,i18_22_1.bmp,0.8535788059234619,5.7143
2146,i18.bmp,i18_22_2.bmp,0.791908323764801,4.4048
2147,i18.bmp,i18_22_3.bmp,0.704454779624939,3.6829
2148,i18.bmp,i18_22_4.bmp,0.6235485076904297,2.9524
2149,i18.bmp,i18_22_5.bmp,0.5806993246078491,2.3333
2150,i18.bmp,i18_23_1.bmp,0.8945508003234863,6.3095
2151,i18.bmp,i18_23_2.bmp,0.8185727596282959,6.1905
2152,i18.bmp,i18_23_3.bmp,0.7664409875869751,6.075
2153,i18.bmp,i18_23_4.bmp,0.6972430944442749,5.9286
2154,i18.bmp,i18_23_5.bmp,0.616429328918457,4.0
2155,i18.bmp,i18_24_1.bmp,0.8268117308616638,5.9024
2156,i18.bmp,i18_24_2.bmp,0.7580934166908264,5.5952
2157,i18.bmp,i18_24_3.bmp,0.6686311364173889,4.5854
2158,i18.bmp,i18_24_4.bmp,0.5895371437072754,3.2195
2159,i18.bmp,i18_24_5.bmp,0.5283843278884888,1.0238
2160,i19.bmp,i19_01_1.bmp,0.8735915422439575,5.7297
2161,i19.bmp,i19_01_2.bmp,0.8429210782051086,5.1081
2162,i19.bmp,i19_01_3.bmp,0.7974668741226196,4.6053
2163,i19.bmp,i19_01_4.bmp,0.7567309141159058,4.1351
2164,i19.bmp,i19_01_5.bmp,0.7057716846466064,3.5676
2165,i19.bmp,i19_02_1.bmp,0.8851217031478882,6.0811
2166,i19.bmp,i19_02_2.bmp,0.8513000011444092,5.6486
2167,i19.bmp,i19_02_3.bmp,0.8196922540664673,5.5789
2168,i19.bmp,i19_02_4.bmp,0.7863963842391968,5.0
2169,i19.bmp,i19_02_5.bmp,0.7469198107719421,4.4722
2170,i19.bmp,i19_03_1.bmp,0.7931323051452637,4.6667
2171,i19.bmp,i19_03_2.bmp,0.7404970526695251,4.0541
2172,i19.bmp,i19_03_3.bmp,0.6864422559738159,3.6316
2173,i19.bmp,i19_03_4.bmp,0.6468569040298462,3.0
2174,i19.bmp,i19_03_5.bmp,0.6219759583473206,2.5263
2175,i19.bmp,i19_04_1.bmp,0.9658441543579102,5.8947
2176,i19.bmp,i19_04_2.bmp,0.9478511810302734,5.9459
2177,i19.bmp,i19_04_3.bmp,0.9247241020202637,5.8947
2178,i19.bmp,i19_04_4.bmp,0.899278998374939,5.2432
2179,i19.bmp,i19_04_5.bmp,0.8467894792556763,4.4865
2180,i19.bmp,i19_05_1.bmp,0.9102871417999268,5.9737
2181,i19.bmp,i19_05_2.bmp,0.8793495893478394,5.5
2182,i19.bmp,i19_05_3.bmp,0.8204068541526794,5.0789
2183,i19.bmp,i19_05_4.bmp,0.7537464499473572,4.0
2184,i19.bmp,i19_05_5.bmp,0.6806524991989136,3.1842
2185,i19.bmp,i19_06_1.bmp,0.86440110206604,4.7368
2186,i19.bmp,i19_06_2.bmp,0.811073899269104,4.6486
2187,i19.bmp,i19_06_3.bmp,0.7729535102844238,3.8684
2188,i19.bmp,i19_06_4.bmp,0.7331802248954773,3.5676
2189,i19.bmp,i19_06_5.bmp,0.6817457675933838,3.1892
2190,i19.bmp,i19_07_1.bmp,0.8161838054656982,5.3784
2191,i19.bmp,i19_07_2.bmp,0.7708662748336792,4.6757
2192,i19.bmp,i19_07_3.bmp,0.7315956354141235,3.8889
2193,i19.bmp,i19_07_4.bmp,0.6844282150268555,3.1944
2194,i19.bmp,i19_07_5.bmp,0.6537234783172607,2.6053
2195,i19.bmp,i19_08_1.bmp,0.9307258725166321,5.3514
2196,i19.bmp,i19_08_2.bmp,0.8819966316223145,4.7027
2197,i19.bmp,i19_08_3.bmp,0.8079501986503601,3.7632
2198,i19.bmp,i19_08_4.bmp,0.7014899849891663,2.8919
2199,i19.bmp,i19_08_5.bmp,0.6150065660476685,2.2703
2200,i19.bmp,i19_09_1.bmp,0.8052684664726257,6.0811
2201,i19.bmp,i19_09_2.bmp,0.7619773149490356,5.8947
2202,i19.bmp,i19_09_3.bmp,0.7034629583358765,4.8684
2203,i19.bmp,i19_09_4.bmp,0.6184088587760925,3.2703
2204,i19.bmp,i19_09_5.bmp,0.5711268782615662,1.8649
2205,i19.bmp,i19_10_1.bmp,0.8554297089576721,5.7368
2206,i19.bmp,i19_10_2.bmp,0.8043273687362671,5.4722
2207,i19.bmp,i19_10_3.bmp,0.7250274419784546,4.8611
2208,i19.bmp,i19_10_4.bmp,0.6422997713088989,3.0
2209,i19.bmp,i19_10_5.bmp,0.5781124830245972,1.6579
2210,i19.bmp,i19_11_1.bmp,0.8097892999649048,5.5263
2211,i19.bmp,i19_11_2.bmp,0.7363190054893494,4.9737
2212,i19.bmp,i19_11_3.bmp,0.6742543578147888,4.5263
2213,i19.bmp,i19_11_4.bmp,0.6141378283500671,2.9459
2214,i19.bmp,i19_11_5.bmp,0.553877592086792,1.2368
2215,i19.bmp,i19_12_1.bmp,0.9354315996170044,6.1316
2216,i19.bmp,i19_12_2.bmp,0.9192529916763306,5.5946
2217,i19.bmp,i19_12_3.bmp,0.7937643527984619,5.1842
2218,i19.bmp,i19_12_4.bmp,0.8220037221908569,5.0811
2219,i19.bmp,i19_12_5.bmp,0.772051215171814,4.5278
2220,i19.bmp,i19_13_1.bmp,0.8805404901504517,4.6757
2221,i19.bmp,i19_13_2.bmp,0.7962205410003662,4.0526
2222,i19.bmp,i19_13_3.bmp,0.7492470741271973,3.6216
2223,i19.bmp,i19_13_4.bmp,0.6765105724334717,3.0789
2224,i19.bmp,i19_13_5.bmp,0.5955380797386169,1.9474
2225,i19.bmp,i19_14_1.bmp,0.9477262496948242,5.6111
2226,i19.bmp,i19_14_2.bmp,0.9459720849990845,6.0263
2227,i19.bmp,i19_14_3.bmp,0.9242401123046875,5.4595
2228,i19.bmp,i19_14_4.bmp,0.8915605545043945,4.9211
2229,i19.bmp,i19_14_5.bmp,0.8526696562767029,3.6486
2230,i19.bmp,i19_15_1.bmp,0.9268129467964172,2.8889
2231,i19.bmp,i19_15_2.bmp,0.9307317733764648,3.2778
2232,i19.bmp,i19_15_3.bmp,0.954142153263092,3.5135
2233,i19.bmp,i19_15_4.bmp,0.9512636661529541,3.6842
2234,i19.bmp,i19_15_5.bmp,0.9637193083763123,3.5405
2235,i19.bmp,i19_16_1.bmp,0.9883203506469727,6.1316
2236,i19.bmp,i19_16_2.bmp,0.9763567447662354,6.2632
2237,i19.bmp,i19_16_3.bmp,0.959719181060791,5.2895
2238,i19.bmp,i19_16_4.bmp,0.9310867786407471,5.8421
2239,i19.bmp,i19_16_5.bmp,0.9080649614334106,4.4167
2240,i19.bmp,i19_17_1.bmp,0.9667736291885376,5.4737
2241,i19.bmp,i19_17_2.bmp,0.9419167041778564,6.1892
2242,i19.bmp,i19_17_3.bmp,0.9297577142715454,4.4324
2243,i19.bmp,i19_17_4.bmp,0.8854026794433594,5.7568
2244,i19.bmp,i19_17_5.bmp,0.8884456753730774,3.3421
2245,i19.bmp,i19_18_1.bmp,0.9432791471481323,5.1351
2246,i19.bmp,i19_18_2.bmp,0.9265183210372925,4.3889
2247,i19.bmp,i19_18_3.bmp,0.8996724486351013,4.2432
2248,i19.bmp,i19_18_4.bmp,0.8484514355659485,4.0811
2249,i19.bmp,i19_18_5.bmp,0.7732418775558472,4.0541
2250,i19.bmp,i19_19_1.bmp,0.8793926239013672,5.5405
2251,i19.bmp,i19_19_2.bmp,0.8436818718910217,4.973
2252,i19.bmp,i19_19_3.bmp,0.8023732900619507,4.5556
2253,i19.bmp,i19_19_4.bmp,0.7582345008850098,4.3143
2254,i19.bmp,i19_19_5.bmp,0.7067700624465942,3.5556
2255,i19.bmp,i19_20_1.bmp,0.9079656600952148,5.7027
2256,i19.bmp,i19_20_2.bmp,0.8617663383483887,5.7105
2257,i19.bmp,i19_20_3.bmp,0.7818677425384521,5.1892
2258,i19.bmp,i19_20_4.bmp,0.6815049648284912,4.1389
2259,i19.bmp,i19_20_5.bmp,0.617854118347168,3.0526
2260,i19.bmp,i19_21_1.bmp,0.8332619667053223,5.4054
2261,i19.bmp,i19_21_2.bmp,0.7666520476341248,5.1622
2262,i19.bmp,i19_21_3.bmp,0.7023031711578369,4.0811
2263,i19.bmp,i19_21_4.bmp,0.6339395642280579,3.5676
2264,i19.bmp,i19_21_5.bmp,0.5850386619567871,2.25
2265,i19.bmp,i19_22_1.bmp,0.8663063645362854,5.7368
2266,i19.bmp,i19_22_2.bmp,0.7929975390434265,5.3243
2267,i19.bmp,i19_22_3.bmp,0.7620763778686523,4.4
2268,i19.bmp,i19_22_4.bmp,0.6976610422134399,3.9474
2269,i19.bmp,i19_22_5.bmp,0.6342247724533081,2.7568
2270,i19.bmp,i19_23_1.bmp,0.9198384284973145,5.8684
2271,i19.bmp,i19_23_2.bmp,0.8594684600830078,6.2895
2272,i19.bmp,i19_23_3.bmp,0.8133634328842163,5.7568
2273,i19.bmp,i19_23_4.bmp,0.7688038349151611,5.7632
2274,i19.bmp,i19_23_5.bmp,0.7061420679092407,5.2162
2275,i19.bmp,i19_24_1.bmp,0.8156013488769531,5.4595
2276,i19.bmp,i19_24_2.bmp,0.7510260343551636,4.7027
2277,i19.bmp,i19_24_3.bmp,0.6729923486709595,3.6389
2278,i19.bmp,i19_24_4.bmp,0.5946837663650513,2.5
2279,i19.bmp,i19_24_5.bmp,0.5501884818077087,0.77778
2280,i20.bmp,i20_01_1.bmp,0.773432731628418,5.7692
2281,i20.bmp,i20_01_2.bmp,0.7332738637924194,5.5128
2282,i20.bmp,i20_01_3.bmp,0.7069934606552124,4.9211
2283,i20.bmp,i20_01_4.bmp,0.6812273859977722,4.4359
2284,i20.bmp,i20_01_5.bmp,0.654802680015564,3.7838
2285,i20.bmp,i20_02_1.bmp,0.8027499318122864,5.8421
2286,i20.bmp,i20_02_2.bmp,0.7659465074539185,5.7949
2287,i20.bmp,i20_02_3.bmp,0.7306814193725586,5.5135
2288,i20.bmp,i20_02_4.bmp,0.7027387022972107,5.282
2289,i20.bmp,i20_02_5.bmp,0.6631728410720825,4.4872
2290,i20.bmp,i20_03_1.bmp,0.7015219926834106,4.9474
2291,i20.bmp,i20_03_2.bmp,0.6677445769309998,4.2105
2292,i20.bmp,i20_03_3.bmp,0.646238386631012,3.8108
2293,i20.bmp,i20_03_4.bmp,0.6117623448371887,3.1282
2294,i20.bmp,i20_03_5.bmp,0.5988125801086426,2.6579
2295,i20.bmp,i20_04_1.bmp,0.929541289806366,5.7105
2296,i20.bmp,i20_04_2.bmp,0.9009711742401123,5.4737
2297,i20.bmp,i20_04_3.bmp,0.8584276437759399,5.1579
2298,i20.bmp,i20_04_4.bmp,0.8132441639900208,4.7297
2299,i20.bmp,i20_04_5.bmp,0.7639979720115662,4.0541
2300,i20.bmp,i20_05_1.bmp,0.8140221834182739,6.0263
2301,i20.bmp,i20_05_2.bmp,0.7775304317474365,5.7632
2302,i20.bmp,i20_05_3.bmp,0.7244129180908203,5.3947
2303,i20.bmp,i20_05_4.bmp,0.6784424185752869,4.2308
2304,i20.bmp,i20_05_5.bmp,0.6378980278968811,2.9211
2305,i20.bmp,i20_06_1.bmp,0.754023551940918,4.9737
2306,i20.bmp,i20_06_2.bmp,0.705426812171936,4.1389
2307,i20.bmp,i20_06_3.bmp,0.6775368452072144,3.9474
2308,i20.bmp,i20_06_4.bmp,0.6444923281669617,3.4359
2309,i20.bmp,i20_06_5.bmp,0.615885853767395,3.1026
2310,i20.bmp,i20_07_1.bmp,0.7684664726257324,5.282
2311,i20.bmp,i20_07_2.bmp,0.7207505702972412,4.7297
2312,i20.bmp,i20_07_3.bmp,0.6792265176773071,4.4737
2313,i20.bmp,i20_07_4.bmp,0.6672987937927246,3.7368
2314,i20.bmp,i20_07_5.bmp,0.6345516443252563,3.282
2315,i20.bmp,i20_08_1.bmp,0.9217829704284668,5.6579
2316,i20.bmp,i20_08_2.bmp,0.8766970634460449,5.2973
2317,i20.bmp,i20_08_3.bmp,0.8050823211669922,4.0278
2318,i20.bmp,i20_08_4.bmp,0.7019438743591309,3.4211
2319,i20.bmp,i20_08_5.bmp,0.6110924482345581,2.5897
2320,i20.bmp,i20_09_1.bmp,0.7582420706748962,6.2632
2321,i20.bmp,i20_09_2.bmp,0.7338374853134155,6.1316
2322,i20.bmp,i20_09_3.bmp,0.686569333076477,5.3333
2323,i20.bmp,i20_09_4.bmp,0.6137138605117798,3.7568
2324,i20.bmp,i20_09_5.bmp,0.5629183053970337,2.2162
2325,i20.bmp,i20_10_1.bmp,0.7803802490234375,6.1316
2326,i20.bmp,i20_10_2.bmp,0.7394183874130249,5.7368
2327,i20.bmp,i20_10_3.bmp,0.6763932704925537,4.9444
2328,i20.bmp,i20_10_4.bmp,0.6118000745773315,3.5789
2329,i20.bmp,i20_10_5.bmp,0.5763932466506958,2.7436
2330,i20.bmp,i20_11_1.bmp,0.7312933206558228,5.5789
2331,i20.bmp,i20_11_2.bmp,0.6881245374679565,4.8421
2332,i20.bmp,i20_11_3.bmp,0.6169522404670715,3.4324
2333,i20.bmp,i20_11_4.bmp,0.5738710761070251,2.0526
2334,i20.bmp,i20_11_5.bmp,0.5494809746742249,0.74359
2335,i20.bmp,i20_12_1.bmp,0.8600918650627136,6.1282
2336,i20.bmp,i20_12_2.bmp,0.7519904375076294,5.3077
2337,i20.bmp,i20_12_3.bmp,0.7475683689117432,4.4474
2338,i20.bmp,i20_12_4.bmp,0.688102126121521,4.2564
2339,i20.bmp,i20_12_5.bmp,0.583805501461029,2.5789
2340,i20.bmp,i20_13_1.bmp,0.7048666477203369,5.1539
2341,i20.bmp,i20_13_2.bmp,0.6561858654022217,3.7895
2342,i20.bmp,i20_13_3.bmp,0.7385845184326172,3.8205
2343,i20.bmp,i20_13_4.bmp,0.5904170274734497,2.8919
2344,i20.bmp,i20_13_5.bmp,0.5637374520301819,2.027
2345,i20.bmp,i20_14_1.bmp,0.9292242527008057,6.0263
2346,i20.bmp,i20_14_2.bmp,0.9462100267410278,5.8421
2347,i20.bmp,i20_14_3.bmp,0.8831258416175842,4.5526
2348,i20.bmp,i20_14_4.bmp,0.827350378036499,4.1282
2349,i20.bmp,i20_14_5.bmp,0.8072719573974609,3.3684
2350,i20.bmp,i20_15_1.bmp,0.8561666011810303,3.2308
2351,i20.bmp,i20_15_2.bmp,0.8660125136375427,3.3421
2352,i20.bmp,i20_15_3.bmp,0.8951507806777954,3.6923
2353,i20.bmp,i20_15_4.bmp,0.915535569190979,3.8974
2354,i20.bmp,i20_15_5.bmp,0.9508061408996582,4.0513
2355,i20.bmp,i20_16_1.bmp,0.9751557111740112,6.0513
2356,i20.bmp,i20_16_2.bmp,0.9178741574287415,6.0541
2357,i20.bmp,i20_16_3.bmp,0.914254903793335,5.4054
2358,i20.bmp,i20_16_4.bmp,0.8229498863220215,5.1351
2359,i20.bmp,i20_16_5.bmp,0.8366983532905579,4.718
2360,i20.bmp,i20_17_1.bmp,0.9489919543266296,5.6154
2361,i20.bmp,i20_17_2.bmp,0.8507963418960571,6.3333
2362,i20.bmp,i20_17_3.bmp,0.8987894058227539,4.3243
2363,i20.bmp,i20_17_4.bmp,0.7591270804405212,5.8718
2364,i20.bmp,i20_17_5.bmp,0.8347439169883728,3.5385
2365,i20.bmp,i20_18_1.bmp,0.8905377388000488,5.6154
2366,i20.bmp,i20_18_2.bmp,0.8760836124420166,5.2368
2367,i20.bmp,i20_18_3.bmp,0.8462181091308594,4.5
2368,i20.bmp,i20_18_4.bmp,0.7836436033248901,4.1351
2369,i20.bmp,i20_18_5.bmp,0.725119411945343,4.1053
2370,i20.bmp,i20_19_1.bmp,0.8025940656661987,5.8205
2371,i20.bmp,i20_19_2.bmp,0.7758862376213074,5.1795
2372,i20.bmp,i20_19_3.bmp,0.7448388934135437,4.7949
2373,i20.bmp,i20_19_4.bmp,0.7124427556991577,4.0
2374,i20.bmp,i20_19_5.bmp,0.6837946176528931,3.4615
2375,i20.bmp,i20_20_1.bmp,0.7803703546524048,6.1579
2376,i20.bmp,i20_20_2.bmp,0.7372341156005859,5.4615
2377,i20.bmp,i20_20_3.bmp,0.6933420300483704,4.7895
2378,i20.bmp,i20_20_4.bmp,0.629999041557312,3.5263
2379,i20.bmp,i20_20_5.bmp,0.5797955989837646,2.718
2380,i20.bmp,i20_21_1.bmp,0.7251384258270264,5.5526
2381,i20.bmp,i20_21_2.bmp,0.6674032211303711,4.7632
2382,i20.bmp,i20_21_3.bmp,0.6442502737045288,4.0
2383,i20.bmp,i20_21_4.bmp,0.5996366739273071,3.2432
2384,i20.bmp,i20_21_5.bmp,0.5669786930084229,2.5789
2385,i20.bmp,i20_22_1.bmp,0.7875775694847107,6.0
2386,i20.bmp,i20_22_2.bmp,0.7384183406829834,5.1053
2387,i20.bmp,i20_22_3.bmp,0.6869645118713379,4.5263
2388,i20.bmp,i20_22_4.bmp,0.6505533456802368,4.1081
2389,i20.bmp,i20_22_5.bmp,0.6220231652259827,3.7297
2390,i20.bmp,i20_23_1.bmp,0.8662974834442139,5.9487
2391,i20.bmp,i20_23_2.bmp,0.7949271202087402,6.2564
2392,i20.bmp,i20_23_3.bmp,0.7222915887832642,5.8205
2393,i20.bmp,i20_23_4.bmp,0.6672853231430054,4.7297
2394,i20.bmp,i20_23_5.bmp,0.5921508073806763,3.1538
2395,i20.bmp,i20_24_1.bmp,0.7414543628692627,6.1842
2396,i20.bmp,i20_24_2.bmp,0.6848228573799133,5.0789
2397,i20.bmp,i20_24_3.bmp,0.6160709857940674,3.4324
2398,i20.bmp,i20_24_4.bmp,0.5561081171035767,1.9744
2399,i20.bmp,i20_24_5.bmp,0.5312217473983765,0.84211
2400,i21.bmp,i21_01_1.bmp,0.845565915107727,5.5116
2401,i21.bmp,i21_01_2.bmp,0.8081800937652588,5.0698
2402,i21.bmp,i21_01_3.bmp,0.7698836326599121,4.4884
2403,i21.bmp,i21_01_4.bmp,0.7178812026977539,3.907
2404,i21.bmp,i21_01_5.bmp,0.6826722621917725,3.4884
2405,i21.bmp,i21_02_1.bmp,0.8566644787788391,5.8095
2406,i21.bmp,i21_02_2.bmp,0.8261655569076538,5.5349
2407,i21.bmp,i21_02_3.bmp,0.7886947393417358,5.4419
2408,i21.bmp,i21_02_4.bmp,0.7541288137435913,4.814
2409,i21.bmp,i21_02_5.bmp,0.716381311416626,4.15
2410,i21.bmp,i21_03_1.bmp,0.756321907043457,4.3953
2411,i21.bmp,i21_03_2.bmp,0.7089970111846924,3.9268
2412,i21.bmp,i21_03_3.bmp,0.6732845306396484,3.1667
2413,i21.bmp,i21_03_4.bmp,0.6386110782623291,3.0698
2414,i21.bmp,i21_03_5.bmp,0.6054736375808716,2.5581
2415,i21.bmp,i21_04_1.bmp,0.9525140523910522,5.9302
2416,i21.bmp,i21_04_2.bmp,0.9366260766983032,6.0233
2417,i21.bmp,i21_04_3.bmp,0.9092817306518555,5.4634
2418,i21.bmp,i21_04_4.bmp,0.8706918954849243,5.3333
2419,i21.bmp,i21_04_5.bmp,0.8288761377334595,4.65
2420,i21.bmp,i21_05_1.bmp,0.8903392553329468,5.6977
2421,i21.bmp,i21_05_2.bmp,0.8575407266616821,5.907
2422,i21.bmp,i21_05_3.bmp,0.7981282472610474,5.1163
2423,i21.bmp,i21_05_4.bmp,0.7350543737411499,3.9286
2424,i21.bmp,i21_05_5.bmp,0.6654665470123291,3.0
2425,i21.bmp,i21_06_1.bmp,0.8332602381706238,4.9268
2426,i21.bmp,i21_06_2.bmp,0.7839449644088745,4.381
2427,i21.bmp,i21_06_3.bmp,0.7556941509246826,4.0244
2428,i21.bmp,i21_06_4.bmp,0.7094824314117432,3.5
2429,i21.bmp,i21_06_5.bmp,0.6663339138031006,3.0476
2430,i21.bmp,i21_07_1.bmp,0.805691659450531,5.0244
2431,i21.bmp,i21_07_2.bmp,0.7734997868537903,4.45
2432,i21.bmp,i21_07_3.bmp,0.7174981832504272,4.1667
2433,i21.bmp,i21_07_4.bmp,0.6864416599273682,3.5952
2434,i21.bmp,i21_07_5.bmp,0.6380635499954224,3.1667
2435,i21.bmp,i21_08_1.bmp,0.924369215965271,5.5
2436,i21.bmp,i21_08_2.bmp,0.8807504177093506,4.8571
2437,i21.bmp,i21_08_3.bmp,0.8032151460647583,4.1163
2438,i21.bmp,i21_08_4.bmp,0.6971465349197388,3.2326
2439,i21.bmp,i21_08_5.bmp,0.6165574193000793,2.1628
2440,i21.bmp,i21_09_1.bmp,0.7867752313613892,6.075
2441,i21.bmp,i21_09_2.bmp,0.75275719165802,6.1905
2442,i21.bmp,i21_09_3.bmp,0.6866961717605591,5.3095
2443,i21.bmp,i21_09_4.bmp,0.6185470223426819,3.7674
2444,i21.bmp,i21_09_5.bmp,0.5660344362258911,2.093
2445,i21.bmp,i21_10_1.bmp,0.8296386003494263,6.3095
2446,i21.bmp,i21_10_2.bmp,0.7814112901687622,5.881
2447,i21.bmp,i21_10_3.bmp,0.7109976410865784,5.1395
2448,i21.bmp,i21_10_4.bmp,0.6329444646835327,3.2619
2449,i21.bmp,i21_10_5.bmp,0.5873034596443176,1.9268
2450,i21.bmp,i21_11_1.bmp,0.8072798252105713,6.122
2451,i21.bmp,i21_11_2.bmp,0.7567097544670105,5.3953
2452,i21.bmp,i21_11_3.bmp,0.6945000886917114,4.6905
2453,i21.bmp,i21_11_4.bmp,0.6107906103134155,3.0
2454,i21.bmp,i21_11_5.bmp,0.550357460975647,1.0465
2455,i21.bmp,i21_12_1.bmp,0.9332835674285889,5.7907
2456,i21.bmp,i21_12_2.bmp,0.782487154006958,4.7674
2457,i21.bmp,i21_12_3.bmp,0.8772032856941223,6.0
2458,i21.bmp,i21_12_4.bmp,0.8127495050430298,5.619
2459,i21.bmp,i21_12_5.bmp,0.6136046648025513,2.0238
2460,i21.bmp,i21_13_1.bmp,0.8050457239151001,4.4524
2461,i21.bmp,i21_13_2.bmp,0.7428662776947021,3.6905
2462,i21.bmp,i21_13_3.bmp,0.6816508173942566,3.1707
2463,i21.bmp,i21_13_4.bmp,0.615357518196106,2.3488
2464,i21.bmp,i21_13_5.bmp,0.6200579404830933,2.5581
2465,i21.bmp,i21_14_1.bmp,0.9445153474807739,5.907
2466,i21.bmp,i21_14_2.bmp,0.9609655141830444,6.1707
2467,i21.bmp,i21_14_3.bmp,0.9190949201583862,5.9524
2468,i21.bmp,i21_14_4.bmp,0.8707071542739868,4.3333
2469,i21.bmp,i21_14_5.bmp,0.8071177005767822,3.6512
2470,i21.bmp,i21_15_1.bmp,0.8885765075683594,2.8537
2471,i21.bmp,i21_15_2.bmp,0.8938848972320557,3.2683
2472,i21.bmp,i21_15_3.bmp,0.9129270911216736,3.5714
2473,i21.bmp,i21_15_4.bmp,0.9319573044776917,3.7619
2474,i21.bmp,i21_15_5.bmp,0.9407317042350769,3.7143
2475,i21.bmp,i21_16_1.bmp,0.9861370325088501,6.122
2476,i21.bmp,i21_16_2.bmp,0.9739369750022888,5.9302
2477,i21.bmp,i21_16_3.bmp,0.9511930346488953,5.7143
2478,i21.bmp,i21_16_4.bmp,0.9310539960861206,5.1667
2479,i21.bmp,i21_16_5.bmp,0.8963094353675842,4.6744
2480,i21.bmp,i21_17_1.bmp,0.9478012323379517,5.3415
2481,i21.bmp,i21_17_2.bmp,0.929221510887146,6.2619
2482,i21.bmp,i21_17_3.bmp,0.9007090330123901,4.3571
2483,i21.bmp,i21_17_4.bmp,0.8826045393943787,6.3023
2484,i21.bmp,i21_17_5.bmp,0.874179482460022,3.55
2485,i21.bmp,i21_18_1.bmp,0.9174354672431946,4.8571
2486,i21.bmp,i21_18_2.bmp,0.895530641078949,4.3171
2487,i21.bmp,i21_18_3.bmp,0.8534864187240601,4.119
2488,i21.bmp,i21_18_4.bmp,0.7664813995361328,3.6098
2489,i21.bmp,i21_18_5.bmp,0.7140653133392334,3.7857
2490,i21.bmp,i21_19_1.bmp,0.8439602851867676,5.381
2491,i21.bmp,i21_19_2.bmp,0.8109593391418457,4.7907
2492,i21.bmp,i21_19_3.bmp,0.7691733837127686,4.0714
2493,i21.bmp,i21_19_4.bmp,0.7268720269203186,3.6429
2494,i21.bmp,i21_19_5.bmp,0.6984554529190063,3.4186
2495,i21.bmp,i21_20_1.bmp,0.8904359340667725,5.975
2496,i21.bmp,i21_20_2.bmp,0.8429180979728699,5.6744
2497,i21.bmp,i21_20_3.bmp,0.7878987789154053,5.6905
2498,i21.bmp,i21_20_4.bmp,0.6979356408119202,4.8837
2499,i21.bmp,i21_20_5.bmp,0.6211346387863159,3.8372
2500,i21.bmp,i21_21_1.bmp,0.8057198524475098,5.5349
2501,i21.bmp,i21_21_2.bmp,0.7602080702781677,5.1429
2502,i21.bmp,i21_21_3.bmp,0.700934648513794,4.3095
2503,i21.bmp,i21_21_4.bmp,0.6368916034698486,3.6191
2504,i21.bmp,i21_21_5.bmp,0.5792176127433777,2.7317
2505,i21.bmp,i21_22_1.bmp,0.8173312544822693,5.3571
2506,i21.bmp,i21_22_2.bmp,0.7422475218772888,5.4762
2507,i21.bmp,i21_22_3.bmp,0.709703803062439,4.4419
2508,i21.bmp,i21_22_4.bmp,0.6705906391143799,3.3721
2509,i21.bmp,i21_22_5.bmp,0.6293735504150391,3.0
2510,i21.bmp,i21_23_1.bmp,0.8636233806610107,6.1163
2511,i21.bmp,i21_23_2.bmp,0.7923264503479004,5.9048
2512,i21.bmp,i21_23_3.bmp,0.7449685335159302,5.6744
2513,i21.bmp,i21_23_4.bmp,0.6988091468811035,5.2381
2514,i21.bmp,i21_23_5.bmp,0.6099327802658081,2.8571
2515,i21.bmp,i21_24_1.bmp,0.8009281754493713,5.8837
2516,i21.bmp,i21_24_2.bmp,0.7602140307426453,5.7209
2517,i21.bmp,i21_24_3.bmp,0.6983602046966553,5.0
2518,i21.bmp,i21_24_4.bmp,0.6238585710525513,3.0732
2519,i21.bmp,i21_24_5.bmp,0.5336722135543823,0.52381
2520,i22.bmp,i22_01_1.bmp,0.8634598255157471,5.8158
2521,i22.bmp,i22_01_2.bmp,0.8134409189224243,5.2368
2522,i22.bmp,i22_01_3.bmp,0.7664062976837158,4.8461
2523,i22.bmp,i22_01_4.bmp,0.7179235219955444,4.1579
2524,i22.bmp,i22_01_5.bmp,0.6677228808403015,3.718
2525,i22.bmp,i22_02_1.bmp,0.8837850093841553,5.6053
2526,i22.bmp,i22_02_2.bmp,0.8434951305389404,5.8205
2527,i22.bmp,i22_02_3.bmp,0.8008623123168945,5.4737
2528,i22.bmp,i22_02_4.bmp,0.7480425834655762,5.1316
2529,i22.bmp,i22_02_5.bmp,0.7036135196685791,4.5789
2530,i22.bmp,i22_03_1.bmp,0.7615842819213867,4.7949
2531,i22.bmp,i22_03_2.bmp,0.7088731527328491,4.3421
2532,i22.bmp,i22_03_3.bmp,0.6486234664916992,3.6842
2533,i22.bmp,i22_03_4.bmp,0.6059672832489014,3.0769
2534,i22.bmp,i22_03_5.bmp,0.5729732513427734,2.7027
2535,i22.bmp,i22_04_1.bmp,0.9533758163452148,5.7692
2536,i22.bmp,i22_04_2.bmp,0.9343212842941284,5.718
2537,i22.bmp,i22_04_3.bmp,0.9026418328285217,5.4359
2538,i22.bmp,i22_04_4.bmp,0.8601093292236328,5.0
2539,i22.bmp,i22_04_5.bmp,0.8083842992782593,4.3077
2540,i22.bmp,i22_05_1.bmp,0.9012688994407654,5.8684
2541,i22.bmp,i22_05_2.bmp,0.8653808832168579,5.6842
2542,i22.bmp,i22_05_3.bmp,0.7957955598831177,4.8718
2543,i22.bmp,i22_05_4.bmp,0.7141174077987671,4.1842
2544,i22.bmp,i22_05_5.bmp,0.6304059028625488,3.1842
2545,i22.bmp,i22_06_1.bmp,0.8571428060531616,4.7027
2546,i22.bmp,i22_06_2.bmp,0.7935693860054016,4.2432
2547,i22.bmp,i22_06_3.bmp,0.7403872609138489,3.7632
2548,i22.bmp,i22_06_4.bmp,0.6784354448318481,3.5676
2549,i22.bmp,i22_06_5.bmp,0.6292497515678406,3.2432
2550,i22.bmp,i22_07_1.bmp,0.844017505645752,5.5897
2551,i22.bmp,i22_07_2.bmp,0.7656875252723694,5.0811
2552,i22.bmp,i22_07_3.bmp,0.6773805022239685,4.5789
2553,i22.bmp,i22_07_4.bmp,0.6466363668441772,3.8947
2554,i22.bmp,i22_07_5.bmp,0.6025863885879517,2.7436
2555,i22.bmp,i22_08_1.bmp,0.9279197454452515,5.4474
2556,i22.bmp,i22_08_2.bmp,0.879565417766571,4.6316
2557,i22.bmp,i22_08_3.bmp,0.7999818325042725,3.7838
2558,i22.bmp,i22_08_4.bmp,0.6869266033172607,3.1282
2559,i22.bmp,i22_08_5.bmp,0.5861986875534058,2.5385
2560,i22.bmp,i22_09_1.bmp,0.7965010404586792,5.8461
2561,i22.bmp,i22_09_2.bmp,0.7474284172058105,5.5263
2562,i22.bmp,i22_09_3.bmp,0.671358585357666,4.6216
2563,i22.bmp,i22_09_4.bmp,0.5876648426055908,3.3333
2564,i22.bmp,i22_09_5.bmp,0.5508947372436523,2.0513
2565,i22.bmp,i22_10_1.bmp,0.8342847228050232,5.8378
2566,i22.bmp,i22_10_2.bmp,0.7771697640419006,5.5897
2567,i22.bmp,i22_10_3.bmp,0.6820652484893799,5.0
2568,i22.bmp,i22_10_4.bmp,0.5728665590286255,3.5897
2569,i22.bmp,i22_10_5.bmp,0.5432640910148621,2.0789
2570,i22.bmp,i22_11_1.bmp,0.8225046396255493,5.359
2571,i22.bmp,i22_11_2.bmp,0.7404615879058838,5.5128
2572,i22.bmp,i22_11_3.bmp,0.6289781332015991,4.2632
2573,i22.bmp,i22_11_4.bmp,0.5469996929168701,2.6316
2574,i22.bmp,i22_11_5.bmp,0.5259525179862976,0.86842
2575,i22.bmp,i22_12_1.bmp,0.8058964014053345,5.2632
2576,i22.bmp,i22_12_2.bmp,0.8634657859802246,5.7692
2577,i22.bmp,i22_12_3.bmp,0.8340086340904236,5.7436
2578,i22.bmp,i22_12_4.bmp,0.6950187683105469,4.3684
2579,i22.bmp,i22_12_5.bmp,0.5852831602096558,2.7632
2580,i22.bmp,i22_13_1.bmp,0.8438012003898621,5.2564
2581,i22.bmp,i22_13_2.bmp,0.7335301041603088,4.4359
2582,i22.bmp,i22_13_3.bmp,0.6578097343444824,3.6842
2583,i22.bmp,i22_13_4.bmp,0.6089722514152527,2.8718
2584,i22.bmp,i22_13_5.bmp,0.577276349067688,2.5128
2585,i22.bmp,i22_14_1.bmp,0.9374123215675354,5.7692
2586,i22.bmp,i22_14_2.bmp,0.9568854570388794,5.8611
2587,i22.bmp,i22_14_3.bmp,0.917643129825592,5.7632
2588,i22.bmp,i22_14_4.bmp,0.8459040522575378,4.6216
2589,i22.bmp,i22_14_5.bmp,0.8123404383659363,4.1026
2590,i22.bmp,i22_15_1.bmp,0.8438754081726074,3.0526
2591,i22.bmp,i22_15_2.bmp,0.8710119128227234,3.0263
2592,i22.bmp,i22_15_3.bmp,0.8877846598625183,3.2162
2593,i22.bmp,i22_15_4.bmp,0.9157175421714783,3.3947
2594,i22.bmp,i22_15_5.bmp,0.944232165813446,3.7368
2595,i22.bmp,i22_16_1.bmp,0.9882501363754272,5.8649
2596,i22.bmp,i22_16_2.bmp,0.9795105457305908,5.4103
2597,i22.bmp,i22_16_3.bmp,0.9561232328414917,6.0513
2598,i22.bmp,i22_16_4.bmp,0.9352375268936157,4.6053
2599,i22.bmp,i22_16_5.bmp,0.8998659253120422,5.2564
2600,i22.bmp,i22_17_1.bmp,0.9691535234451294,5.3333
2601,i22.bmp,i22_17_2.bmp,0.9461732506752014,6.0
2602,i22.bmp,i22_17_3.bmp,0.9325498342514038,4.2222
2603,i22.bmp,i22_17_4.bmp,0.8923380970954895,6.2308
2604,i22.bmp,i22_17_5.bmp,0.8869652152061462,3.3784
2605,i22.bmp,i22_18_1.bmp,0.9448550939559937,5.1539
2606,i22.bmp,i22_18_2.bmp,0.9308726787567139,4.6842
2607,i22.bmp,i22_18_3.bmp,0.9046605825424194,4.2368
2608,i22.bmp,i22_18_4.bmp,0.8568198084831238,3.7632
2609,i22.bmp,i22_18_5.bmp,0.72752845287323,3.25
2610,i22.bmp,i22_19_1.bmp,0.8852332830429077,5.1316
2611,i22.bmp,i22_19_2.bmp,0.8462821245193481,5.1316
2612,i22.bmp,i22_19_3.bmp,0.8042081594467163,4.6667
2613,i22.bmp,i22_19_4.bmp,0.7488600015640259,4.0
2614,i22.bmp,i22_19_5.bmp,0.6955280303955078,3.5897
2615,i22.bmp,i22_20_1.bmp,0.9060811996459961,5.7105
2616,i22.bmp,i22_20_2.bmp,0.85789954662323,5.7368
2617,i22.bmp,i22_20_3.bmp,0.7803195714950562,5.5526
2618,i22.bmp,i22_20_4.bmp,0.684044361114502,4.8974
2619,i22.bmp,i22_20_5.bmp,0.6010098457336426,3.6486
2620,i22.bmp,i22_21_1.bmp,0.8234339952468872,5.5789
2621,i22.bmp,i22_21_2.bmp,0.7631229758262634,5.0263
2622,i22.bmp,i22_21_3.bmp,0.6955984234809875,4.6579
2623,i22.bmp,i22_21_4.bmp,0.6084084510803223,3.5641
2624,i22.bmp,i22_21_5.bmp,0.5563583374023438,2.6316
2625,i22.bmp,i22_22_1.bmp,0.8683430552482605,5.9231
2626,i22.bmp,i22_22_2.bmp,0.8071562051773071,5.3514
2627,i22.bmp,i22_22_3.bmp,0.7325918078422546,4.8974
2628,i22.bmp,i22_22_4.bmp,0.6459318399429321,4.4474
2629,i22.bmp,i22_22_5.bmp,0.5984158515930176,2.8947
2630,i22.bmp,i22_23_1.bmp,0.9031463265419006,6.3243
2631,i22.bmp,i22_23_2.bmp,0.8206661939620972,6.1316
2632,i22.bmp,i22_23_3.bmp,0.7266556024551392,5.2105
2633,i22.bmp,i22_23_4.bmp,0.6594969034194946,4.4359
2634,i22.bmp,i22_23_5.bmp,0.5552005171775818,2.1026
2635,i22.bmp,i22_24_1.bmp,0.8176417946815491,5.8205
2636,i22.bmp,i22_24_2.bmp,0.7336655855178833,5.4211
2637,i22.bmp,i22_24_3.bmp,0.6431764960289001,4.2162
2638,i22.bmp,i22_24_4.bmp,0.5572702288627625,2.2564
2639,i22.bmp,i22_24_5.bmp,0.5242189168930054,0.36842
2640,i23.bmp,i23_01_1.bmp,0.8335521221160889,5.6857
2641,i23.bmp,i23_01_2.bmp,0.7960284352302551,5.0571
2642,i23.bmp,i23_01_3.bmp,0.7603853940963745,4.7647
2643,i23.bmp,i23_01_4.bmp,0.7225912809371948,4.0857
2644,i23.bmp,i23_01_5.bmp,0.6894923448562622,3.7353
2645,i23.bmp,i23_02_1.bmp,0.8572543859481812,6.1471
2646,i23.bmp,i23_02_2.bmp,0.8236075639724731,5.8485
2647,i23.bmp,i23_02_3.bmp,0.7871400117874146,5.4571
2648,i23.bmp,i23_02_4.bmp,0.7490614652633667,5.0286
2649,i23.bmp,i23_02_5.bmp,0.7177976965904236,4.3235
2650,i23.bmp,i23_03_1.bmp,0.7533551454544067,4.6177
2651,i23.bmp,i23_03_2.bmp,0.7174234986305237,4.1714
2652,i23.bmp,i23_03_3.bmp,0.6854511499404907,3.5588
2653,i23.bmp,i23_03_4.bmp,0.655490517616272,3.2647
2654,i23.bmp,i23_03_5.bmp,0.6316367983818054,2.6765
2655,i23.bmp,i23_04_1.bmp,0.9528390169143677,5.6177
2656,i23.bmp,i23_04_2.bmp,0.935928463935852,5.6471
2657,i23.bmp,i23_04_3.bmp,0.9097024202346802,5.3235
2658,i23.bmp,i23_04_4.bmp,0.8747309446334839,4.7941
2659,i23.bmp,i23_04_5.bmp,0.8321913480758667,4.5294
2660,i23.bmp,i23_05_1.bmp,0.8778443336486816,6.0571
2661,i23.bmp,i23_05_2.bmp,0.846048891544342,5.5
2662,i23.bmp,i23_05_3.bmp,0.7893024682998657,5.0909
2663,i23.bmp,i23_05_4.bmp,0.7329167723655701,4.3143
2664,i23.bmp,i23_05_5.bmp,0.6804998517036438,3.3529
2665,i23.bmp,i23_06_1.bmp,0.7770614624023438,4.6177
2666,i23.bmp,i23_06_2.bmp,0.7475574612617493,4.3529
2667,i23.bmp,i23_06_3.bmp,0.7264052033424377,4.0294
2668,i23.bmp,i23_06_4.bmp,0.6990764141082764,3.6176
2669,i23.bmp,i23_06_5.bmp,0.6639264822006226,3.2941
2670,i23.bmp,i23_07_1.bmp,0.7601975798606873,4.9706
2671,i23.bmp,i23_07_2.bmp,0.7472161650657654,3.8485
2672,i23.bmp,i23_07_3.bmp,0.7110243439674377,3.6857
2673,i23.bmp,i23_07_4.bmp,0.6773725748062134,3.4412
2674,i23.bmp,i23_07_5.bmp,0.6567001342773438,2.7879
2675,i23.bmp,i23_08_1.bmp,0.9405297636985779,5.9429
2676,i23.bmp,i23_08_2.bmp,0.9072675108909607,5.5294
2677,i23.bmp,i23_08_3.bmp,0.8434486389160156,4.6765
2678,i23.bmp,i23_08_4.bmp,0.756513237953186,3.9412
2679,i23.bmp,i23_08_5.bmp,0.6729201674461365,2.7714
2680,i23.bmp,i23_09_1.bmp,0.8134108781814575,6.697
2681,i23.bmp,i23_09_2.bmp,0.7815525531768799,6.0571
2682,i23.bmp,i23_09_3.bmp,0.7255650758743286,5.7059
2683,i23.bmp,i23_09_4.bmp,0.6582579612731934,4.2647
2684,i23.bmp,i23_09_5.bmp,0.6013986468315125,2.6471
2685,i23.bmp,i23_10_1.bmp,0.8458205461502075,5.9714
2686,i23.bmp,i23_10_2.bmp,0.7930634021759033,5.7941
2687,i23.bmp,i23_10_3.bmp,0.722994327545166,5.0294
2688,i23.bmp,i23_10_4.bmp,0.6470978260040283,3.6471
2689,i23.bmp,i23_10_5.bmp,0.5968668460845947,2.4
2690,i23.bmp,i23_11_1.bmp,0.7447614073753357,5.2571
2691,i23.bmp,i23_11_2.bmp,0.6857699155807495,4.5714
2692,i23.bmp,i23_11_3.bmp,0.6361801624298096,3.1176
2693,i23.bmp,i23_11_4.bmp,0.5960422158241272,2.2424
2694,i23.bmp,i23_11_5.bmp,0.5480382442474365,0.82353
2695,i23.bmp,i23_12_1.bmp,0.8475015163421631,5.9697
2696,i23.bmp,i23_12_2.bmp,0.8100332021713257,5.7429
2697,i23.bmp,i23_12_3.bmp,0.7899850010871887,3.8
2698,i23.bmp,i23_12_4.bmp,0.6990189552307129,2.8857
2699,i23.bmp,i23_12_5.bmp,0.5823782682418823,1.8571
2700,i23.bmp,i23_13_1.bmp,0.8313653469085693,4.5429
2701,i23.bmp,i23_13_2.bmp,0.7200130820274353,4.1515
2702,i23.bmp,i23_13_3.bmp,0.6878256797790527,3.3429
2703,i23.bmp,i23_13_4.bmp,0.6324030160903931,2.4706
2704,i23.bmp,i23_13_5.bmp,0.6252079010009766,2.5882
2705,i23.bmp,i23_14_1.bmp,0.9203586578369141,6.0857
2706,i23.bmp,i23_14_2.bmp,0.9670173525810242,6.2941
2707,i23.bmp,i23_14_3.bmp,0.9432286024093628,5.0588
2708,i23.bmp,i23_14_4.bmp,0.8950426578521729,5.0588
2709,i23.bmp,i23_14_5.bmp,0.8423773050308228,3.6
2710,i23.bmp,i23_15_1.bmp,0.8860548734664917,2.9429
2711,i23.bmp,i23_15_2.bmp,0.9060689210891724,2.9714
2712,i23.bmp,i23_15_3.bmp,0.9204856753349304,3.2571
2713,i23.bmp,i23_15_4.bmp,0.9411053657531738,3.4118
2714,i23.bmp,i23_15_5.bmp,0.9697394967079163,3.6286
2715,i23.bmp,i23_16_1.bmp,0.9888516664505005,6.3333
2716,i23.bmp,i23_16_2.bmp,0.9776473045349121,5.8286
2717,i23.bmp,i23_16_3.bmp,0.9616005420684814,5.8235
2718,i23.bmp,i23_16_4.bmp,0.9268001914024353,5.2
2719,i23.bmp,i23_16_5.bmp,0.9192159175872803,5.7143
2720,i23.bmp,i23_17_1.bmp,0.9665172100067139,5.6667
2721,i23.bmp,i23_17_2.bmp,0.9327117204666138,6.8
2722,i23.bmp,i23_17_3.bmp,0.9341977834701538,4.8286
2723,i23.bmp,i23_17_4.bmp,0.8748376369476318,6.6857
2724,i23.bmp,i23_17_5.bmp,0.8859299421310425,3.8824
2725,i23.bmp,i23_18_1.bmp,0.9458891153335571,5.7647
2726,i23.bmp,i23_18_2.bmp,0.9349005222320557,5.6471
2727,i23.bmp,i23_18_3.bmp,0.9214881062507629,5.4412
2728,i23.bmp,i23_18_4.bmp,0.9017631411552429,5.0571
2729,i23.bmp,i23_18_5.bmp,0.8668304681777954,4.3823
2730,i23.bmp,i23_19_1.bmp,0.8280619978904724,5.7143
2731,i23.bmp,i23_19_2.bmp,0.7864274978637695,4.9714
2732,i23.bmp,i23_19_3.bmp,0.7515051364898682,4.6177
2733,i23.bmp,i23_19_4.bmp,0.7092999219894409,3.8857
2734,i23.bmp,i23_19_5.bmp,0.6749383211135864,3.4286
2735,i23.bmp,i23_20_1.bmp,0.8447897434234619,5.6
2736,i23.bmp,i23_20_2.bmp,0.7725270390510559,5.0882
2737,i23.bmp,i23_20_3.bmp,0.7030195593833923,4.0938
2738,i23.bmp,i23_20_4.bmp,0.646591067314148,3.3429
2739,i23.bmp,i23_20_5.bmp,0.600667417049408,2.6571
2740,i23.bmp,i23_21_1.bmp,0.7786705493927002,5.6
2741,i23.bmp,i23_21_2.bmp,0.7326642274856567,4.7941
2742,i23.bmp,i23_21_3.bmp,0.6622534394264221,4.1212
2743,i23.bmp,i23_21_4.bmp,0.6311948299407959,3.5143
2744,i23.bmp,i23_21_5.bmp,0.5731070041656494,2.4118
2745,i23.bmp,i23_22_1.bmp,0.8606482744216919,6.1765
2746,i23.bmp,i23_22_2.bmp,0.8121613264083862,5.8857
2747,i23.bmp,i23_22_3.bmp,0.7726199626922607,5.0294
2748,i23.bmp,i23_22_4.bmp,0.7140909433364868,4.6471
2749,i23.bmp,i23_22_5.bmp,0.6490612030029297,4.0
2750,i23.bmp,i23_23_1.bmp,0.892890214920044,6.303
2751,i23.bmp,i23_23_2.bmp,0.8183579444885254,5.9118
2752,i23.bmp,i23_23_3.bmp,0.7395832538604736,5.1714
2753,i23.bmp,i23_23_4.bmp,0.6686896681785583,3.7576
2754,i23.bmp,i23_23_5.bmp,0.6002609729766846,3.0
2755,i23.bmp,i23_24_1.bmp,0.7764273881912231,5.8529
2756,i23.bmp,i23_24_2.bmp,0.7116400599479675,4.7353
2757,i23.bmp,i23_24_3.bmp,0.6569584012031555,3.6765
2758,i23.bmp,i23_24_4.bmp,0.5702892541885376,1.7273
2759,i23.bmp,i23_24_5.bmp,0.5489362478256226,0.78788
2760,i24.bmp,i24_01_1.bmp,0.8059121370315552,5.8857
2761,i24.bmp,i24_01_2.bmp,0.7616736888885498,5.0556
2762,i24.bmp,i24_01_3.bmp,0.7051114439964294,4.7222
2763,i24.bmp,i24_01_4.bmp,0.6564563512802124,4.1429
2764,i24.bmp,i24_01_5.bmp,0.6121962070465088,3.5833
2765,i24.bmp,i24_02_1.bmp,0.8278234601020813,6.4444
2766,i24.bmp,i24_02_2.bmp,0.7809246778488159,5.9118
2767,i24.bmp,i24_02_3.bmp,0.7378220558166504,5.1389
2768,i24.bmp,i24_02_4.bmp,0.690489649772644,5.0857
2769,i24.bmp,i24_02_5.bmp,0.6450163125991821,4.5278
2770,i24.bmp,i24_03_1.bmp,0.6989713907241821,4.8
2771,i24.bmp,i24_03_2.bmp,0.6528103351593018,4.2571
2772,i24.bmp,i24_03_3.bmp,0.6031001210212708,3.8286
2773,i24.bmp,i24_03_4.bmp,0.5711812376976013,3.2857
2774,i24.bmp,i24_03_5.bmp,0.5469122529029846,2.6944
2775,i24.bmp,i24_04_1.bmp,0.9503402709960938,5.8571
2776,i24.bmp,i24_04_2.bmp,0.9310750961303711,5.8333
2777,i24.bmp,i24_04_3.bmp,0.8950244784355164,5.5294
2778,i24.bmp,i24_04_4.bmp,0.8488942384719849,5.1667
2779,i24.bmp,i24_04_5.bmp,0.7986794710159302,4.5714
2780,i24.bmp,i24_05_1.bmp,0.8619521260261536,5.8056
2781,i24.bmp,i24_05_2.bmp,0.8193724155426025,5.3333
2782,i24.bmp,i24_05_3.bmp,0.7398800849914551,5.1389
2783,i24.bmp,i24_05_4.bmp,0.6591916084289551,4.0286
2784,i24.bmp,i24_05_5.bmp,0.5887701511383057,3.25
2785,i24.bmp,i24_06_1.bmp,0.8302550315856934,4.6471
2786,i24.bmp,i24_06_2.bmp,0.7648215293884277,4.3714
2787,i24.bmp,i24_06_3.bmp,0.6993951797485352,3.9714
2788,i24.bmp,i24_06_4.bmp,0.6386252641677856,3.6667
2789,i24.bmp,i24_06_5.bmp,0.5918826460838318,3.2857
2790,i24.bmp,i24_07_1.bmp,0.7770723104476929,5.5278
2791,i24.bmp,i24_07_2.bmp,0.7136647701263428,4.5714
2792,i24.bmp,i24_07_3.bmp,0.6504299640655518,4.0882
2793,i24.bmp,i24_07_4.bmp,0.6118478775024414,2.8857
2794,i24.bmp,i24_07_5.bmp,0.5815023183822632,2.4444
2795,i24.bmp,i24_08_1.bmp,0.9224398136138916,5.9444
2796,i24.bmp,i24_08_2.bmp,0.8738154172897339,4.9714
2797,i24.bmp,i24_08_3.bmp,0.7875804901123047,4.0571
2798,i24.bmp,i24_08_4.bmp,0.654289722442627,3.1765
2799,i24.bmp,i24_08_5.bmp,0.5645989179611206,2.6176
2800,i24.bmp,i24_09_1.bmp,0.7696229815483093,6.0
2801,i24.bmp,i24_09_2.bmp,0.7187890410423279,5.2941
2802,i24.bmp,i24_09_3.bmp,0.6374382972717285,4.5278
2803,i24.bmp,i24_09_4.bmp,0.5662049055099487,3.3889
2804,i24.bmp,i24_09_5.bmp,0.5314478874206543,2.0
2805,i24.bmp,i24_10_1.bmp,0.8034244179725647,5.8857
2806,i24.bmp,i24_10_2.bmp,0.7413657903671265,5.8286
2807,i24.bmp,i24_10_3.bmp,0.6434374451637268,4.6571
2808,i24.bmp,i24_10_4.bmp,0.5614725351333618,3.2778
2809,i24.bmp,i24_10_5.bmp,0.5370118618011475,1.8529
2810,i24.bmp,i24_11_1.bmp,0.7772034406661987,5.4
2811,i24.bmp,i24_11_2.bmp,0.6978741884231567,4.697
2812,i24.bmp,i24_11_3.bmp,0.6145221590995789,4.0294
2813,i24.bmp,i24_11_4.bmp,0.5442449450492859,2.5714
2814,i24.bmp,i24_11_5.bmp,0.5214412808418274,0.91667
2815,i24.bmp,i24_12_1.bmp,0.7562728524208069,5.6857
2816,i24.bmp,i24_12_2.bmp,0.9174220561981201,6.0857
2817,i24.bmp,i24_12_3.bmp,0.8320639133453369,5.4848
2818,i24.bmp,i24_12_4.bmp,0.6338871121406555,3.5
2819,i24.bmp,i24_12_5.bmp,0.5782643556594849,2.5833
2820,i24.bmp,i24_13_1.bmp,0.8195830583572388,4.0588
2821,i24.bmp,i24_13_2.bmp,0.6663870811462402,3.7429
2822,i24.bmp,i24_13_3.bmp,0.6181153655052185,3.3143
2823,i24.bmp,i24_13_4.bmp,0.567352294921875,2.8889
2824,i24.bmp,i24_13_5.bmp,0.5949303507804871,2.5
2825,i24.bmp,i24_14_1.bmp,0.9192570447921753,6.0
2826,i24.bmp,i24_14_2.bmp,0.9649400115013123,5.9714
2827,i24.bmp,i24_14_3.bmp,0.9242647886276245,5.3429
2828,i24.bmp,i24_14_4.bmp,0.8697497844696045,5.1389
2829,i24.bmp,i24_14_5.bmp,0.8220528364181519,4.6389
2830,i24.bmp,i24_15_1.bmp,0.8802447319030762,4.0278
2831,i24.bmp,i24_15_2.bmp,0.8973724842071533,4.4
2832,i24.bmp,i24_15_3.bmp,0.898226261138916,3.8857
2833,i24.bmp,i24_15_4.bmp,0.9207030534744263,3.6667
2834,i24.bmp,i24_15_5.bmp,0.9490280151367188,3.3889
2835,i24.bmp,i24_16_1.bmp,0.9902684688568115,5.9714
2836,i24.bmp,i24_16_2.bmp,0.9847228527069092,6.1111
2837,i24.bmp,i24_16_3.bmp,0.9642440676689148,5.4571
2838,i24.bmp,i24_16_4.bmp,0.9565680027008057,5.6111
2839,i24.bmp,i24_16_5.bmp,0.918489933013916,4.8857
2840,i24.bmp,i24_17_1.bmp,0.9703844785690308,5.75
2841,i24.bmp,i24_17_2.bmp,0.9600061178207397,6.4722
2842,i24.bmp,i24_17_3.bmp,0.9455373883247375,4.8056
2843,i24.bmp,i24_17_4.bmp,0.9285780191421509,6.7222
2844,i24.bmp,i24_17_5.bmp,0.8931598663330078,3.6
2845,i24.bmp,i24_18_1.bmp,0.8983129858970642,4.8
2846,i24.bmp,i24_18_2.bmp,0.8530411720275879,4.3939
2847,i24.bmp,i24_18_3.bmp,0.7434252500534058,3.9118
2848,i24.bmp,i24_18_4.bmp,0.7058230638504028,4.1143
2849,i24.bmp,i24_18_5.bmp,0.7042236328125,3.7941
2850,i24.bmp,i24_19_1.bmp,0.8127370476722717,5.5714
2851,i24.bmp,i24_19_2.bmp,0.7651854753494263,5.1765
2852,i24.bmp,i24_19_3.bmp,0.7115318179130554,4.7778
2853,i24.bmp,i24_19_4.bmp,0.6617285013198853,4.0882
2854,i24.bmp,i24_19_5.bmp,0.6099375486373901,3.8571
2855,i24.bmp,i24_20_1.bmp,0.841484546661377,6.1429
2856,i24.bmp,i24_20_2.bmp,0.7704143524169922,5.6111
2857,i24.bmp,i24_20_3.bmp,0.6984866857528687,5.1714
2858,i24.bmp,i24_20_4.bmp,0.6178903579711914,4.0286
2859,i24.bmp,i24_20_5.bmp,0.5814145803451538,3.5143
2860,i24.bmp,i24_21_1.bmp,0.7484394907951355,5.7778
2861,i24.bmp,i24_21_2.bmp,0.680220365524292,4.8286
2862,i24.bmp,i24_21_3.bmp,0.6203628778457642,4.1429
2863,i24.bmp,i24_21_4.bmp,0.5779706239700317,3.3611
2864,i24.bmp,i24_21_5.bmp,0.5404064655303955,2.6857
2865,i24.bmp,i24_22_1.bmp,0.8233869671821594,5.7714
2866,i24.bmp,i24_22_2.bmp,0.7537485957145691,5.0294
2867,i24.bmp,i24_22_3.bmp,0.6711599230766296,4.6177
2868,i24.bmp,i24_22_4.bmp,0.6022664308547974,3.3333
2869,i24.bmp,i24_22_5.bmp,0.569915771484375,2.7429
2870,i24.bmp,i24_23_1.bmp,0.8495110869407654,5.8
2871,i24.bmp,i24_23_2.bmp,0.7592340111732483,6.0278
2872,i24.bmp,i24_23_3.bmp,0.6851897835731506,5.6857
2873,i24.bmp,i24_23_4.bmp,0.6252725720405579,5.0882
2874,i24.bmp,i24_23_5.bmp,0.5415610074996948,2.2941
2875,i24.bmp,i24_24_1.bmp,0.7612722516059875,5.7059
2876,i24.bmp,i24_24_2.bmp,0.6729612350463867,5.3429
2877,i24.bmp,i24_24_3.bmp,0.6094655990600586,4.3429
2878,i24.bmp,i24_24_4.bmp,0.5506267547607422,2.7429
2879,i24.bmp,i24_24_5.bmp,0.5202049016952515,0.41667
2880,i25.bmp,i25_01_1.bmp,0.7804520726203918,5.1429
2881,i25.bmp,i25_01_2.bmp,0.757926344871521,4.6765
2882,i25.bmp,i25_01_3.bmp,0.7298070788383484,4.4
2883,i25.bmp,i25_01_4.bmp,0.7075808048248291,3.8857
2884,i25.bmp,i25_01_5.bmp,0.6830706596374512,3.4444
2885,i25.bmp,i25_02_1.bmp,0.8073219060897827,5.5429
2886,i25.bmp,i25_02_2.bmp,0.7826000452041626,5.2778
2887,i25.bmp,i25_02_3.bmp,0.7511197924613953,5.25
2888,i25.bmp,i25_02_4.bmp,0.7303040027618408,4.4571
2889,i25.bmp,i25_02_5.bmp,0.7052311301231384,3.7714
2890,i25.bmp,i25_03_1.bmp,0.7346283197402954,4.0
2891,i25.bmp,i25_03_2.bmp,0.7101662755012512,3.5833
2892,i25.bmp,i25_03_3.bmp,0.6810212731361389,3.25
2893,i25.bmp,i25_03_4.bmp,0.6629462838172913,2.9143
2894,i25.bmp,i25_03_5.bmp,0.6380882859230042,2.4167
2895,i25.bmp,i25_04_1.bmp,0.9688364267349243,6.3939
2896,i25.bmp,i25_04_2.bmp,0.9490349292755127,6.1667
2897,i25.bmp,i25_04_3.bmp,0.9226628541946411,5.8889
2898,i25.bmp,i25_04_4.bmp,0.8860019445419312,5.5
2899,i25.bmp,i25_04_5.bmp,0.8376489877700806,5.2353
2900,i25.bmp,i25_05_1.bmp,0.8193269968032837,5.3333
2901,i25.bmp,i25_05_2.bmp,0.7902618646621704,5.2571
2902,i25.bmp,i25_05_3.bmp,0.7448686361312866,4.6111
2903,i25.bmp,i25_05_4.bmp,0.703680157661438,3.8571
2904,i25.bmp,i25_05_5.bmp,0.6580919623374939,2.75
2905,i25.bmp,i25_06_1.bmp,0.8321459293365479,4.4
2906,i25.bmp,i25_06_2.bmp,0.7774375677108765,4.2857
2907,i25.bmp,i25_06_3.bmp,0.7215919494628906,3.7059
2908,i25.bmp,i25_06_4.bmp,0.6897507905960083,3.4722
2909,i25.bmp,i25_06_5.bmp,0.6585534811019897,3.0278
2910,i25.bmp,i25_07_1.bmp,0.8891895413398743,3.5
2911,i25.bmp,i25_07_2.bmp,0.8598757982254028,3.1429
2912,i25.bmp,i25_07_3.bmp,0.840491771697998,3.0303
2913,i25.bmp,i25_07_4.bmp,0.8187062740325928,2.7143
2914,i25.bmp,i25_07_5.bmp,0.7673177719116211,2.7429
2915,i25.bmp,i25_08_1.bmp,0.919463574886322,5.5294
2916,i25.bmp,i25_08_2.bmp,0.8410395383834839,5.0556
2917,i25.bmp,i25_08_3.bmp,0.7477794885635376,4.2941
2918,i25.bmp,i25_08_4.bmp,0.6630994081497192,3.1765
2919,i25.bmp,i25_08_5.bmp,0.5978829860687256,1.9444
2920,i25.bmp,i25_09_1.bmp,0.8823995590209961,5.8333
2921,i25.bmp,i25_09_2.bmp,0.8492504358291626,5.2
2922,i25.bmp,i25_09_3.bmp,0.801479697227478,4.2286
2923,i25.bmp,i25_09_4.bmp,0.7346755862236023,3.1176
2924,i25.bmp,i25_09_5.bmp,0.6397523880004883,1.3333
2925,i25.bmp,i25_10_1.bmp,0.8716409802436829,5.8571
2926,i25.bmp,i25_10_2.bmp,0.8493582010269165,5.5714
2927,i25.bmp,i25_10_3.bmp,0.7826404571533203,4.2571
2928,i25.bmp,i25_10_4.bmp,0.7169615030288696,2.1471
2929,i25.bmp,i25_10_5.bmp,0.6544950008392334,1.4722
2930,i25.bmp,i25_11_1.bmp,0.9029497504234314,6.0857
2931,i25.bmp,i25_11_2.bmp,0.8802742958068848,5.8611
2932,i25.bmp,i25_11_3.bmp,0.8212759494781494,5.3611
2933,i25.bmp,i25_11_4.bmp,0.7787454128265381,4.9722
2934,i25.bmp,i25_11_5.bmp,0.718002200126648,4.6
2935,i25.bmp,i25_12_1.bmp,0.8809217214584351,6.0278
2936,i25.bmp,i25_12_2.bmp,0.8824623823165894,5.8
2937,i25.bmp,i25_12_3.bmp,0.835044801235199,4.8333
2938,i25.bmp,i25_12_4.bmp,0.8150493502616882,5.0303
2939,i25.bmp,i25_12_5.bmp,0.823695182800293,4.6667
2940,i25.bmp,i25_13_1.bmp,0.7947173118591309,4.8286
2941,i25.bmp,i25_13_2.bmp,0.7935482859611511,5.7143
2942,i25.bmp,i25_13_3.bmp,0.716331958770752,3.6857
2943,i25.bmp,i25_13_4.bmp,0.7600265741348267,4.5714
2944,i25.bmp,i25_13_5.bmp,0.7578415870666504,3.0286
2945,i25.bmp,i25_14_1.bmp,0.9847040176391602,5.7143
2946,i25.bmp,i25_14_2.bmp,0.9455077648162842,5.1429
2947,i25.bmp,i25_14_3.bmp,0.9306607246398926,5.0882
2948,i25.bmp,i25_14_4.bmp,0.8678944110870361,3.8286
2949,i25.bmp,i25_14_5.bmp,0.8377780914306641,3.1111
2950,i25.bmp,i25_15_1.bmp,0.8872909545898438,3.2778
2951,i25.bmp,i25_15_2.bmp,0.8873461484909058,2.9394
2952,i25.bmp,i25_15_3.bmp,0.9222275018692017,3.5278
2953,i25.bmp,i25_15_4.bmp,0.931515634059906,3.9706
2954,i25.bmp,i25_15_5.bmp,0.9557081460952759,4.1429
2955,i25.bmp,i25_16_1.bmp,0.9881291389465332,5.9167
2956,i25.bmp,i25_16_2.bmp,0.9787574410438538,6.4167
2957,i25.bmp,i25_16_3.bmp,0.9592974185943604,5.7714
2958,i25.bmp,i25_16_4.bmp,0.9317589402198792,5.5556
2959,i25.bmp,i25_16_5.bmp,0.9101127982139587,4.4706
2960,i25.bmp,i25_17_1.bmp,0.9653811454772949,5.6111
2961,i25.bmp,i25_17_2.bmp,0.948777437210083,6.8571
2962,i25.bmp,i25_17_3.bmp,0.9292967319488525,4.4857
2963,i25.bmp,i25_17_4.bmp,0.9106718301773071,6.3889
2964,i25.bmp,i25_17_5.bmp,0.8594854474067688,3.2857
2965,i25.bmp,i25_18_1.bmp,0.936518669128418,5.6111
2966,i25.bmp,i25_18_2.bmp,0.9219149947166443,5.0588
2967,i25.bmp,i25_18_3.bmp,0.9059008359909058,4.4444
2968,i25.bmp,i25_18_4.bmp,0.8700726628303528,4.0
2969,i25.bmp,i25_18_5.bmp,0.8110684156417847,2.6765
2970,i25.bmp,i25_19_1.bmp,0.7911165356636047,5.1667
2971,i25.bmp,i25_19_2.bmp,0.7621205449104309,4.2857
2972,i25.bmp,i25_19_3.bmp,0.7368559837341309,3.8333
2973,i25.bmp,i25_19_4.bmp,0.7134718894958496,3.7941
2974,i25.bmp,i25_19_5.bmp,0.6871262192726135,3.3429
2975,i25.bmp,i25_20_1.bmp,0.9166967272758484,5.6765
2976,i25.bmp,i25_20_2.bmp,0.8958426713943481,5.5429
2977,i25.bmp,i25_20_3.bmp,0.8689103126525879,5.0
2978,i25.bmp,i25_20_4.bmp,0.8395505547523499,4.9722
2979,i25.bmp,i25_20_5.bmp,0.780402660369873,4.0571
2980,i25.bmp,i25_21_1.bmp,0.7942946553230286,5.1714
2981,i25.bmp,i25_21_2.bmp,0.756629228591919,4.4571
2982,i25.bmp,i25_21_3.bmp,0.770326554775238,4.8857
2983,i25.bmp,i25_21_4.bmp,0.681723952293396,3.4286
2984,i25.bmp,i25_21_5.bmp,0.6580686569213867,2.9143
2985,i25.bmp,i25_22_1.bmp,0.8485941886901855,4.8056
2986,i25.bmp,i25_22_2.bmp,0.831619143486023,4.25
2987,i25.bmp,i25_22_3.bmp,0.7949205040931702,3.7941
2988,i25.bmp,i25_22_4.bmp,0.7603480815887451,3.4
2989,i25.bmp,i25_22_5.bmp,0.7407928705215454,2.7941
2990,i25.bmp,i25_23_1.bmp,0.9736151695251465,6.3056
2991,i25.bmp,i25_23_2.bmp,0.9428185820579529,6.2778
2992,i25.bmp,i25_23_3.bmp,0.911697268486023,6.1714
2993,i25.bmp,i25_23_4.bmp,0.8853908777236938,6.1429
2994,i25.bmp,i25_23_5.bmp,0.8509538173675537,5.9714
2995,i25.bmp,i25_24_1.bmp,0.8370336890220642,5.6571
2996,i25.bmp,i25_24_2.bmp,0.8011630773544312,5.4444
2997,i25.bmp,i25_24_3.bmp,0.7620397806167603,4.6286
2998,i25.bmp,i25_24_4.bmp,0.7198832035064697,4.0278
2999,i25.bmp,i25_24_5.bmp,0.6636728644371033,2.7714
